ARM GAS  C:\Users\Lamp\AppData\Local\Temp\ccxPEMG8.s 			page 1


   1              		.cpu cortex-m3
   2              		.arch armv7-m
   3              		.fpu softvfp
   4              		.eabi_attribute 20, 1
   5              		.eabi_attribute 21, 1
   6              		.eabi_attribute 23, 3
   7              		.eabi_attribute 24, 1
   8              		.eabi_attribute 25, 1
   9              		.eabi_attribute 26, 1
  10              		.eabi_attribute 30, 1
  11              		.eabi_attribute 34, 1
  12              		.eabi_attribute 18, 4
  13              		.file	"arm_conv_partial_fast_q15.c"
  14              		.text
  15              	.Ltext0:
  16              		.cfi_sections	.debug_frame
  17              		.file 1 "Drivers/CMSIS/DSP/Source/FilteringFunctions/arm_conv_partial_fast_q15.c"
  18              		.section	.text.arm_conv_partial_fast_q15,"ax",%progbits
  19              		.align	1
  20              		.global	arm_conv_partial_fast_q15
  21              		.syntax unified
  22              		.thumb
  23              		.thumb_func
  25              	arm_conv_partial_fast_q15:
  26              	.LVL0:
  27              	.LFB100:
   1:Drivers/CMSIS/DSP/Source/FilteringFunctions/arm_conv_partial_fast_q15.c **** /* ----------------------------------------------------------------------
   2:Drivers/CMSIS/DSP/Source/FilteringFunctions/arm_conv_partial_fast_q15.c ****  * Project:      CMSIS DSP Library
   3:Drivers/CMSIS/DSP/Source/FilteringFunctions/arm_conv_partial_fast_q15.c ****  * Title:        arm_conv_partial_fast_q15.c
   4:Drivers/CMSIS/DSP/Source/FilteringFunctions/arm_conv_partial_fast_q15.c ****  * Description:  Fast Q15 Partial convolution
   5:Drivers/CMSIS/DSP/Source/FilteringFunctions/arm_conv_partial_fast_q15.c ****  *
   6:Drivers/CMSIS/DSP/Source/FilteringFunctions/arm_conv_partial_fast_q15.c ****  * $Date:        27. January 2017
   7:Drivers/CMSIS/DSP/Source/FilteringFunctions/arm_conv_partial_fast_q15.c ****  * $Revision:    V.1.5.1
   8:Drivers/CMSIS/DSP/Source/FilteringFunctions/arm_conv_partial_fast_q15.c ****  *
   9:Drivers/CMSIS/DSP/Source/FilteringFunctions/arm_conv_partial_fast_q15.c ****  * Target Processor: Cortex-M cores
  10:Drivers/CMSIS/DSP/Source/FilteringFunctions/arm_conv_partial_fast_q15.c ****  * -------------------------------------------------------------------- */
  11:Drivers/CMSIS/DSP/Source/FilteringFunctions/arm_conv_partial_fast_q15.c **** /*
  12:Drivers/CMSIS/DSP/Source/FilteringFunctions/arm_conv_partial_fast_q15.c ****  * Copyright (C) 2010-2017 ARM Limited or its affiliates. All rights reserved.
  13:Drivers/CMSIS/DSP/Source/FilteringFunctions/arm_conv_partial_fast_q15.c ****  *
  14:Drivers/CMSIS/DSP/Source/FilteringFunctions/arm_conv_partial_fast_q15.c ****  * SPDX-License-Identifier: Apache-2.0
  15:Drivers/CMSIS/DSP/Source/FilteringFunctions/arm_conv_partial_fast_q15.c ****  *
  16:Drivers/CMSIS/DSP/Source/FilteringFunctions/arm_conv_partial_fast_q15.c ****  * Licensed under the Apache License, Version 2.0 (the License); you may
  17:Drivers/CMSIS/DSP/Source/FilteringFunctions/arm_conv_partial_fast_q15.c ****  * not use this file except in compliance with the License.
  18:Drivers/CMSIS/DSP/Source/FilteringFunctions/arm_conv_partial_fast_q15.c ****  * You may obtain a copy of the License at
  19:Drivers/CMSIS/DSP/Source/FilteringFunctions/arm_conv_partial_fast_q15.c ****  *
  20:Drivers/CMSIS/DSP/Source/FilteringFunctions/arm_conv_partial_fast_q15.c ****  * www.apache.org/licenses/LICENSE-2.0
  21:Drivers/CMSIS/DSP/Source/FilteringFunctions/arm_conv_partial_fast_q15.c ****  *
  22:Drivers/CMSIS/DSP/Source/FilteringFunctions/arm_conv_partial_fast_q15.c ****  * Unless required by applicable law or agreed to in writing, software
  23:Drivers/CMSIS/DSP/Source/FilteringFunctions/arm_conv_partial_fast_q15.c ****  * distributed under the License is distributed on an AS IS BASIS, WITHOUT
  24:Drivers/CMSIS/DSP/Source/FilteringFunctions/arm_conv_partial_fast_q15.c ****  * WARRANTIES OR CONDITIONS OF ANY KIND, either express or implied.
  25:Drivers/CMSIS/DSP/Source/FilteringFunctions/arm_conv_partial_fast_q15.c ****  * See the License for the specific language governing permissions and
  26:Drivers/CMSIS/DSP/Source/FilteringFunctions/arm_conv_partial_fast_q15.c ****  * limitations under the License.
  27:Drivers/CMSIS/DSP/Source/FilteringFunctions/arm_conv_partial_fast_q15.c ****  */
  28:Drivers/CMSIS/DSP/Source/FilteringFunctions/arm_conv_partial_fast_q15.c **** 
  29:Drivers/CMSIS/DSP/Source/FilteringFunctions/arm_conv_partial_fast_q15.c **** #include "arm_math.h"
  30:Drivers/CMSIS/DSP/Source/FilteringFunctions/arm_conv_partial_fast_q15.c **** 
  31:Drivers/CMSIS/DSP/Source/FilteringFunctions/arm_conv_partial_fast_q15.c **** /**
ARM GAS  C:\Users\Lamp\AppData\Local\Temp\ccxPEMG8.s 			page 2


  32:Drivers/CMSIS/DSP/Source/FilteringFunctions/arm_conv_partial_fast_q15.c ****  * @ingroup groupFilters
  33:Drivers/CMSIS/DSP/Source/FilteringFunctions/arm_conv_partial_fast_q15.c ****  */
  34:Drivers/CMSIS/DSP/Source/FilteringFunctions/arm_conv_partial_fast_q15.c **** 
  35:Drivers/CMSIS/DSP/Source/FilteringFunctions/arm_conv_partial_fast_q15.c **** /**
  36:Drivers/CMSIS/DSP/Source/FilteringFunctions/arm_conv_partial_fast_q15.c ****  * @addtogroup PartialConv
  37:Drivers/CMSIS/DSP/Source/FilteringFunctions/arm_conv_partial_fast_q15.c ****  * @{
  38:Drivers/CMSIS/DSP/Source/FilteringFunctions/arm_conv_partial_fast_q15.c ****  */
  39:Drivers/CMSIS/DSP/Source/FilteringFunctions/arm_conv_partial_fast_q15.c **** 
  40:Drivers/CMSIS/DSP/Source/FilteringFunctions/arm_conv_partial_fast_q15.c **** /**
  41:Drivers/CMSIS/DSP/Source/FilteringFunctions/arm_conv_partial_fast_q15.c ****  * @brief Partial convolution of Q15 sequences (fast version) for Cortex-M3 and Cortex-M4.
  42:Drivers/CMSIS/DSP/Source/FilteringFunctions/arm_conv_partial_fast_q15.c ****  * @param[in]       *pSrcA points to the first input sequence.
  43:Drivers/CMSIS/DSP/Source/FilteringFunctions/arm_conv_partial_fast_q15.c ****  * @param[in]       srcALen length of the first input sequence.
  44:Drivers/CMSIS/DSP/Source/FilteringFunctions/arm_conv_partial_fast_q15.c ****  * @param[in]       *pSrcB points to the second input sequence.
  45:Drivers/CMSIS/DSP/Source/FilteringFunctions/arm_conv_partial_fast_q15.c ****  * @param[in]       srcBLen length of the second input sequence.
  46:Drivers/CMSIS/DSP/Source/FilteringFunctions/arm_conv_partial_fast_q15.c ****  * @param[out]      *pDst points to the location where the output result is written.
  47:Drivers/CMSIS/DSP/Source/FilteringFunctions/arm_conv_partial_fast_q15.c ****  * @param[in]       firstIndex is the first output sample to start with.
  48:Drivers/CMSIS/DSP/Source/FilteringFunctions/arm_conv_partial_fast_q15.c ****  * @param[in]       numPoints is the number of output points to be computed.
  49:Drivers/CMSIS/DSP/Source/FilteringFunctions/arm_conv_partial_fast_q15.c ****  * @return Returns either ARM_MATH_SUCCESS if the function completed correctly or ARM_MATH_ARGUMENT
  50:Drivers/CMSIS/DSP/Source/FilteringFunctions/arm_conv_partial_fast_q15.c ****  *
  51:Drivers/CMSIS/DSP/Source/FilteringFunctions/arm_conv_partial_fast_q15.c ****  * See <code>arm_conv_partial_q15()</code> for a slower implementation of this function which uses 
  52:Drivers/CMSIS/DSP/Source/FilteringFunctions/arm_conv_partial_fast_q15.c ****  */
  53:Drivers/CMSIS/DSP/Source/FilteringFunctions/arm_conv_partial_fast_q15.c **** 
  54:Drivers/CMSIS/DSP/Source/FilteringFunctions/arm_conv_partial_fast_q15.c **** 
  55:Drivers/CMSIS/DSP/Source/FilteringFunctions/arm_conv_partial_fast_q15.c **** arm_status arm_conv_partial_fast_q15(
  56:Drivers/CMSIS/DSP/Source/FilteringFunctions/arm_conv_partial_fast_q15.c ****   q15_t * pSrcA,
  57:Drivers/CMSIS/DSP/Source/FilteringFunctions/arm_conv_partial_fast_q15.c ****   uint32_t srcALen,
  58:Drivers/CMSIS/DSP/Source/FilteringFunctions/arm_conv_partial_fast_q15.c ****   q15_t * pSrcB,
  59:Drivers/CMSIS/DSP/Source/FilteringFunctions/arm_conv_partial_fast_q15.c ****   uint32_t srcBLen,
  60:Drivers/CMSIS/DSP/Source/FilteringFunctions/arm_conv_partial_fast_q15.c ****   q15_t * pDst,
  61:Drivers/CMSIS/DSP/Source/FilteringFunctions/arm_conv_partial_fast_q15.c ****   uint32_t firstIndex,
  62:Drivers/CMSIS/DSP/Source/FilteringFunctions/arm_conv_partial_fast_q15.c ****   uint32_t numPoints)
  63:Drivers/CMSIS/DSP/Source/FilteringFunctions/arm_conv_partial_fast_q15.c **** {
  28              		.loc 1 63 1 view -0
  29              		.cfi_startproc
  30              		@ args = 12, pretend = 0, frame = 56
  31              		@ frame_needed = 0, uses_anonymous_args = 0
  32              		.loc 1 63 1 is_stmt 0 view .LVU1
  33 0000 2DE9F04F 		push	{r4, r5, r6, r7, r8, r9, r10, fp, lr}
  34              	.LCFI0:
  35              		.cfi_def_cfa_offset 36
  36              		.cfi_offset 4, -36
  37              		.cfi_offset 5, -32
  38              		.cfi_offset 6, -28
  39              		.cfi_offset 7, -24
  40              		.cfi_offset 8, -20
  41              		.cfi_offset 9, -16
  42              		.cfi_offset 10, -12
  43              		.cfi_offset 11, -8
  44              		.cfi_offset 14, -4
  45 0004 8FB0     		sub	sp, sp, #60
  46              	.LCFI1:
  47              		.cfi_def_cfa_offset 96
  48 0006 0C46     		mov	r4, r1
  49 0008 0791     		str	r1, [sp, #28]
  50 000a 1546     		mov	r5, r2
  51 000c 0592     		str	r2, [sp, #20]
  52 000e 9846     		mov	r8, r3
ARM GAS  C:\Users\Lamp\AppData\Local\Temp\ccxPEMG8.s 			page 3


  53 0010 199E     		ldr	r6, [sp, #100]
  54 0012 1A9B     		ldr	r3, [sp, #104]
  55              	.LVL1:
  64:Drivers/CMSIS/DSP/Source/FilteringFunctions/arm_conv_partial_fast_q15.c **** #ifndef UNALIGNED_SUPPORT_DISABLE
  65:Drivers/CMSIS/DSP/Source/FilteringFunctions/arm_conv_partial_fast_q15.c **** 
  66:Drivers/CMSIS/DSP/Source/FilteringFunctions/arm_conv_partial_fast_q15.c ****   q15_t *pIn1;                                   /* inputA pointer               */
  56              		.loc 1 66 3 is_stmt 1 view .LVU2
  67:Drivers/CMSIS/DSP/Source/FilteringFunctions/arm_conv_partial_fast_q15.c ****   q15_t *pIn2;                                   /* inputB pointer               */
  57              		.loc 1 67 3 view .LVU3
  68:Drivers/CMSIS/DSP/Source/FilteringFunctions/arm_conv_partial_fast_q15.c ****   q15_t *pOut = pDst;                            /* output pointer               */
  58              		.loc 1 68 3 view .LVU4
  69:Drivers/CMSIS/DSP/Source/FilteringFunctions/arm_conv_partial_fast_q15.c ****   q31_t sum, acc0, acc1, acc2, acc3;             /* Accumulator                  */
  59              		.loc 1 69 3 view .LVU5
  70:Drivers/CMSIS/DSP/Source/FilteringFunctions/arm_conv_partial_fast_q15.c ****   q15_t *px;                                     /* Intermediate inputA pointer  */
  60              		.loc 1 70 3 view .LVU6
  71:Drivers/CMSIS/DSP/Source/FilteringFunctions/arm_conv_partial_fast_q15.c ****   q15_t *py;                                     /* Intermediate inputB pointer  */
  61              		.loc 1 71 3 view .LVU7
  72:Drivers/CMSIS/DSP/Source/FilteringFunctions/arm_conv_partial_fast_q15.c ****   q15_t *pSrc1, *pSrc2;                          /* Intermediate pointers        */
  62              		.loc 1 72 3 view .LVU8
  73:Drivers/CMSIS/DSP/Source/FilteringFunctions/arm_conv_partial_fast_q15.c ****   q31_t x0, x1, x2, x3, c0;
  63              		.loc 1 73 3 view .LVU9
  74:Drivers/CMSIS/DSP/Source/FilteringFunctions/arm_conv_partial_fast_q15.c ****   uint32_t j, k, count, check, blkCnt;
  64              		.loc 1 74 3 view .LVU10
  75:Drivers/CMSIS/DSP/Source/FilteringFunctions/arm_conv_partial_fast_q15.c ****   int32_t blockSize1, blockSize2, blockSize3;    /* loop counters                 */
  65              		.loc 1 75 3 view .LVU11
  76:Drivers/CMSIS/DSP/Source/FilteringFunctions/arm_conv_partial_fast_q15.c ****   arm_status status;                             /* status of Partial convolution */
  66              		.loc 1 76 3 view .LVU12
  77:Drivers/CMSIS/DSP/Source/FilteringFunctions/arm_conv_partial_fast_q15.c **** 
  78:Drivers/CMSIS/DSP/Source/FilteringFunctions/arm_conv_partial_fast_q15.c ****   /* Check for range of output samples to be calculated */
  79:Drivers/CMSIS/DSP/Source/FilteringFunctions/arm_conv_partial_fast_q15.c ****   if ((firstIndex + numPoints) > ((srcALen + (srcBLen - 1U))))
  67              		.loc 1 79 3 view .LVU13
  68              		.loc 1 79 19 is_stmt 0 view .LVU14
  69 0014 F218     		adds	r2, r6, r3
  70              	.LVL2:
  71              		.loc 1 79 44 view .LVU15
  72 0016 4144     		add	r1, r8, r1
  73              	.LVL3:
  74              		.loc 1 79 44 view .LVU16
  75 0018 0139     		subs	r1, r1, #1
  76              		.loc 1 79 6 view .LVU17
  77 001a 8A42     		cmp	r2, r1
  78 001c 00F2E682 		bhi	.L49
  80:Drivers/CMSIS/DSP/Source/FilteringFunctions/arm_conv_partial_fast_q15.c ****   {
  81:Drivers/CMSIS/DSP/Source/FilteringFunctions/arm_conv_partial_fast_q15.c ****     /* Set status as ARM_MATH_ARGUMENT_ERROR */
  82:Drivers/CMSIS/DSP/Source/FilteringFunctions/arm_conv_partial_fast_q15.c ****     status = ARM_MATH_ARGUMENT_ERROR;
  83:Drivers/CMSIS/DSP/Source/FilteringFunctions/arm_conv_partial_fast_q15.c ****   }
  84:Drivers/CMSIS/DSP/Source/FilteringFunctions/arm_conv_partial_fast_q15.c ****   else
  85:Drivers/CMSIS/DSP/Source/FilteringFunctions/arm_conv_partial_fast_q15.c ****   {
  86:Drivers/CMSIS/DSP/Source/FilteringFunctions/arm_conv_partial_fast_q15.c **** 
  87:Drivers/CMSIS/DSP/Source/FilteringFunctions/arm_conv_partial_fast_q15.c ****     /* The algorithm implementation is based on the lengths of the inputs. */
  88:Drivers/CMSIS/DSP/Source/FilteringFunctions/arm_conv_partial_fast_q15.c ****     /* srcB is always made to slide across srcA. */
  89:Drivers/CMSIS/DSP/Source/FilteringFunctions/arm_conv_partial_fast_q15.c ****     /* So srcBLen is always considered as shorter or equal to srcALen */
  90:Drivers/CMSIS/DSP/Source/FilteringFunctions/arm_conv_partial_fast_q15.c ****     if (srcALen >=srcBLen)
  79              		.loc 1 90 5 is_stmt 1 view .LVU18
  80              		.loc 1 90 8 is_stmt 0 view .LVU19
  81 0020 A045     		cmp	r8, r4
  82 0022 04D8     		bhi	.L3
ARM GAS  C:\Users\Lamp\AppData\Local\Temp\ccxPEMG8.s 			page 4


  91:Drivers/CMSIS/DSP/Source/FilteringFunctions/arm_conv_partial_fast_q15.c ****     {
  92:Drivers/CMSIS/DSP/Source/FilteringFunctions/arm_conv_partial_fast_q15.c ****       /* Initialization of inputA pointer */
  93:Drivers/CMSIS/DSP/Source/FilteringFunctions/arm_conv_partial_fast_q15.c ****       pIn1 = pSrcA;
  83              		.loc 1 93 12 view .LVU20
  84 0024 0590     		str	r0, [sp, #20]
  94:Drivers/CMSIS/DSP/Source/FilteringFunctions/arm_conv_partial_fast_q15.c **** 
  95:Drivers/CMSIS/DSP/Source/FilteringFunctions/arm_conv_partial_fast_q15.c ****       /* Initialization of inputB pointer */
  96:Drivers/CMSIS/DSP/Source/FilteringFunctions/arm_conv_partial_fast_q15.c ****       pIn2 = pSrcB;
  85              		.loc 1 96 12 view .LVU21
  86 0026 2846     		mov	r0, r5
  87              	.LVL4:
  90:Drivers/CMSIS/DSP/Source/FilteringFunctions/arm_conv_partial_fast_q15.c ****     {
  88              		.loc 1 90 8 view .LVU22
  89 0028 4146     		mov	r1, r8
  90 002a A046     		mov	r8, r4
  91              	.LVL5:
  90:Drivers/CMSIS/DSP/Source/FilteringFunctions/arm_conv_partial_fast_q15.c ****     {
  92              		.loc 1 90 8 view .LVU23
  93 002c 0791     		str	r1, [sp, #28]
  94              	.LVL6:
  95              	.L3:
  97:Drivers/CMSIS/DSP/Source/FilteringFunctions/arm_conv_partial_fast_q15.c ****     }
  98:Drivers/CMSIS/DSP/Source/FilteringFunctions/arm_conv_partial_fast_q15.c ****     else
  99:Drivers/CMSIS/DSP/Source/FilteringFunctions/arm_conv_partial_fast_q15.c ****     {
 100:Drivers/CMSIS/DSP/Source/FilteringFunctions/arm_conv_partial_fast_q15.c ****       /* Initialization of inputA pointer */
 101:Drivers/CMSIS/DSP/Source/FilteringFunctions/arm_conv_partial_fast_q15.c ****       pIn1 = pSrcB;
 102:Drivers/CMSIS/DSP/Source/FilteringFunctions/arm_conv_partial_fast_q15.c **** 
 103:Drivers/CMSIS/DSP/Source/FilteringFunctions/arm_conv_partial_fast_q15.c ****       /* Initialization of inputB pointer */
 104:Drivers/CMSIS/DSP/Source/FilteringFunctions/arm_conv_partial_fast_q15.c ****       pIn2 = pSrcA;
 105:Drivers/CMSIS/DSP/Source/FilteringFunctions/arm_conv_partial_fast_q15.c **** 
 106:Drivers/CMSIS/DSP/Source/FilteringFunctions/arm_conv_partial_fast_q15.c ****       /* srcBLen is always considered as shorter or equal to srcALen */
 107:Drivers/CMSIS/DSP/Source/FilteringFunctions/arm_conv_partial_fast_q15.c ****       j = srcBLen;
 108:Drivers/CMSIS/DSP/Source/FilteringFunctions/arm_conv_partial_fast_q15.c ****       srcBLen = srcALen;
 109:Drivers/CMSIS/DSP/Source/FilteringFunctions/arm_conv_partial_fast_q15.c ****       srcALen = j;
 110:Drivers/CMSIS/DSP/Source/FilteringFunctions/arm_conv_partial_fast_q15.c ****     }
 111:Drivers/CMSIS/DSP/Source/FilteringFunctions/arm_conv_partial_fast_q15.c **** 
 112:Drivers/CMSIS/DSP/Source/FilteringFunctions/arm_conv_partial_fast_q15.c ****     /* Conditions to check which loopCounter holds
 113:Drivers/CMSIS/DSP/Source/FilteringFunctions/arm_conv_partial_fast_q15.c ****      * the first and last indices of the output samples to be calculated. */
 114:Drivers/CMSIS/DSP/Source/FilteringFunctions/arm_conv_partial_fast_q15.c ****     check = firstIndex + numPoints;
  96              		.loc 1 114 5 is_stmt 1 view .LVU24
 115:Drivers/CMSIS/DSP/Source/FilteringFunctions/arm_conv_partial_fast_q15.c ****     blockSize3 = ((int32_t)check > (int32_t)srcALen) ? (int32_t)check - (int32_t)srcALen : 0;
  97              		.loc 1 115 5 view .LVU25
  98              		.loc 1 115 36 is_stmt 0 view .LVU26
  99 002e 4146     		mov	r1, r8
 100              		.loc 1 115 90 view .LVU27
 101 0030 4245     		cmp	r2, r8
 102 0032 02DD     		ble	.L50
 103              		.loc 1 115 90 discriminator 1 view .LVU28
 104 0034 A2EB0805 		sub	r5, r2, r8
 105              	.LVL7:
 106              		.loc 1 115 90 discriminator 1 view .LVU29
 107 0038 00E0     		b	.L4
 108              	.LVL8:
 109              	.L50:
 110              		.loc 1 115 90 discriminator 2 view .LVU30
 111 003a 0025     		movs	r5, #0
 112              	.LVL9:
ARM GAS  C:\Users\Lamp\AppData\Local\Temp\ccxPEMG8.s 			page 5


 113              	.L4:
 116:Drivers/CMSIS/DSP/Source/FilteringFunctions/arm_conv_partial_fast_q15.c ****     blockSize3 = ((int32_t)firstIndex > (int32_t)srcALen - 1) ? blockSize3 - (int32_t)firstIndex + 
 114              		.loc 1 116 5 is_stmt 1 view .LVU31
 115              		.loc 1 116 117 is_stmt 0 view .LVU32
 116 003c B142     		cmp	r1, r6
 117 003e 01DC     		bgt	.L5
 118              		.loc 1 116 76 discriminator 1 view .LVU33
 119 0040 AC1B     		subs	r4, r5, r6
 120              		.loc 1 116 117 discriminator 1 view .LVU34
 121 0042 0D19     		adds	r5, r1, r4
 122              	.LVL10:
 123              	.L5:
 117:Drivers/CMSIS/DSP/Source/FilteringFunctions/arm_conv_partial_fast_q15.c ****     blockSize1 = (((int32_t) srcBLen - 1) - (int32_t) firstIndex);
 124              		.loc 1 117 5 is_stmt 1 view .LVU35
 125              		.loc 1 117 43 is_stmt 0 view .LVU36
 126 0044 0799     		ldr	r1, [sp, #28]
 127 0046 A1EB060C 		sub	ip, r1, r6
 128 004a 0CF1FF3C 		add	ip, ip, #-1
 129              	.LVL11:
 118:Drivers/CMSIS/DSP/Source/FilteringFunctions/arm_conv_partial_fast_q15.c ****     blockSize1 = (blockSize1 > 0) ? ((check > (srcBLen - 1U)) ? blockSize1 :
 130              		.loc 1 118 5 is_stmt 1 view .LVU37
 119:Drivers/CMSIS/DSP/Source/FilteringFunctions/arm_conv_partial_fast_q15.c ****                                      (int32_t) numPoints) : 0;
 131              		.loc 1 119 59 is_stmt 0 view .LVU38
 132 004e BCF1000F 		cmp	ip, #0
 133 0052 04DD     		ble	.L51
 118:Drivers/CMSIS/DSP/Source/FilteringFunctions/arm_conv_partial_fast_q15.c ****     blockSize1 = (blockSize1 > 0) ? ((check > (srcBLen - 1U)) ? blockSize1 :
 134              		.loc 1 118 56 view .LVU39
 135 0054 0139     		subs	r1, r1, #1
 118:Drivers/CMSIS/DSP/Source/FilteringFunctions/arm_conv_partial_fast_q15.c ****     blockSize1 = (blockSize1 > 0) ? ((check > (srcBLen - 1U)) ? blockSize1 :
 136              		.loc 1 118 76 view .LVU40
 137 0056 8A42     		cmp	r2, r1
 138 0058 03D8     		bhi	.L6
 118:Drivers/CMSIS/DSP/Source/FilteringFunctions/arm_conv_partial_fast_q15.c ****     blockSize1 = (blockSize1 > 0) ? ((check > (srcBLen - 1U)) ? blockSize1 :
 139              		.loc 1 118 76 discriminator 2 view .LVU41
 140 005a 9C46     		mov	ip, r3
 141              	.LVL12:
 118:Drivers/CMSIS/DSP/Source/FilteringFunctions/arm_conv_partial_fast_q15.c ****     blockSize1 = (blockSize1 > 0) ? ((check > (srcBLen - 1U)) ? blockSize1 :
 142              		.loc 1 118 76 discriminator 2 view .LVU42
 143 005c 01E0     		b	.L6
 144              	.LVL13:
 145              	.L51:
 146              		.loc 1 119 59 discriminator 1 view .LVU43
 147 005e 4FF0000C 		mov	ip, #0
 148              	.LVL14:
 149              	.L6:
 120:Drivers/CMSIS/DSP/Source/FilteringFunctions/arm_conv_partial_fast_q15.c ****     blockSize2 = (int32_t) check - ((blockSize3 + blockSize1) +
 150              		.loc 1 120 5 is_stmt 1 view .LVU44
 151              		.loc 1 120 49 is_stmt 0 view .LVU45
 152 0062 05EB0C03 		add	r3, r5, ip
 153              		.loc 1 120 63 view .LVU46
 154 0066 3344     		add	r3, r3, r6
 155              		.loc 1 120 16 view .LVU47
 156 0068 D21A     		subs	r2, r2, r3
 157              	.LVL15:
 121:Drivers/CMSIS/DSP/Source/FilteringFunctions/arm_conv_partial_fast_q15.c ****                                     (int32_t) firstIndex);
 122:Drivers/CMSIS/DSP/Source/FilteringFunctions/arm_conv_partial_fast_q15.c ****     blockSize2 = (blockSize2 > 0) ? blockSize2 : 0;
 158              		.loc 1 122 5 is_stmt 1 view .LVU48
ARM GAS  C:\Users\Lamp\AppData\Local\Temp\ccxPEMG8.s 			page 6


 159              		.loc 1 122 16 is_stmt 0 view .LVU49
 160 006a 22EAE279 		bic	r9, r2, r2, asr #31
 161              	.LVL16:
 123:Drivers/CMSIS/DSP/Source/FilteringFunctions/arm_conv_partial_fast_q15.c **** 
 124:Drivers/CMSIS/DSP/Source/FilteringFunctions/arm_conv_partial_fast_q15.c ****     /* conv(x,y) at n = x[n] * y[0] + x[n-1] * y[1] + x[n-2] * y[2] + ...+ x[n-N+1] * y[N -1] */
 125:Drivers/CMSIS/DSP/Source/FilteringFunctions/arm_conv_partial_fast_q15.c ****     /* The function is internally
 126:Drivers/CMSIS/DSP/Source/FilteringFunctions/arm_conv_partial_fast_q15.c ****      * divided into three stages according to the number of multiplications that has to be
 127:Drivers/CMSIS/DSP/Source/FilteringFunctions/arm_conv_partial_fast_q15.c ****      * taken place between inputA samples and inputB samples. In the first stage of the
 128:Drivers/CMSIS/DSP/Source/FilteringFunctions/arm_conv_partial_fast_q15.c ****      * algorithm, the multiplications increase by one for every iteration.
 129:Drivers/CMSIS/DSP/Source/FilteringFunctions/arm_conv_partial_fast_q15.c ****      * In the second stage of the algorithm, srcBLen number of multiplications are done.
 130:Drivers/CMSIS/DSP/Source/FilteringFunctions/arm_conv_partial_fast_q15.c ****      * In the third stage of the algorithm, the multiplications decrease by one
 131:Drivers/CMSIS/DSP/Source/FilteringFunctions/arm_conv_partial_fast_q15.c ****      * for every iteration. */
 132:Drivers/CMSIS/DSP/Source/FilteringFunctions/arm_conv_partial_fast_q15.c **** 
 133:Drivers/CMSIS/DSP/Source/FilteringFunctions/arm_conv_partial_fast_q15.c ****     /* Set the output pointer to point to the firstIndex
 134:Drivers/CMSIS/DSP/Source/FilteringFunctions/arm_conv_partial_fast_q15.c ****      * of the output sample to be calculated. */
 135:Drivers/CMSIS/DSP/Source/FilteringFunctions/arm_conv_partial_fast_q15.c ****     pOut = pDst + firstIndex;
 162              		.loc 1 135 5 is_stmt 1 view .LVU50
 163              		.loc 1 135 17 is_stmt 0 view .LVU51
 164 006e 189B     		ldr	r3, [sp, #96]
 165 0070 03EB4603 		add	r3, r3, r6, lsl #1
 166 0074 0293     		str	r3, [sp, #8]
 167              	.LVL17:
 136:Drivers/CMSIS/DSP/Source/FilteringFunctions/arm_conv_partial_fast_q15.c **** 
 137:Drivers/CMSIS/DSP/Source/FilteringFunctions/arm_conv_partial_fast_q15.c ****     /* --------------------------
 138:Drivers/CMSIS/DSP/Source/FilteringFunctions/arm_conv_partial_fast_q15.c ****      * Initializations of stage1
 139:Drivers/CMSIS/DSP/Source/FilteringFunctions/arm_conv_partial_fast_q15.c ****      * -------------------------*/
 140:Drivers/CMSIS/DSP/Source/FilteringFunctions/arm_conv_partial_fast_q15.c **** 
 141:Drivers/CMSIS/DSP/Source/FilteringFunctions/arm_conv_partial_fast_q15.c ****     /* sum = x[0] * y[0]
 142:Drivers/CMSIS/DSP/Source/FilteringFunctions/arm_conv_partial_fast_q15.c ****      * sum = x[0] * y[1] + x[1] * y[0]
 143:Drivers/CMSIS/DSP/Source/FilteringFunctions/arm_conv_partial_fast_q15.c ****      * ....
 144:Drivers/CMSIS/DSP/Source/FilteringFunctions/arm_conv_partial_fast_q15.c ****      * sum = x[0] * y[srcBlen - 1] + x[1] * y[srcBlen - 2] +...+ x[srcBLen - 1] * y[0]
 145:Drivers/CMSIS/DSP/Source/FilteringFunctions/arm_conv_partial_fast_q15.c ****      */
 146:Drivers/CMSIS/DSP/Source/FilteringFunctions/arm_conv_partial_fast_q15.c **** 
 147:Drivers/CMSIS/DSP/Source/FilteringFunctions/arm_conv_partial_fast_q15.c ****     /* In this stage the MAC operations are increased by 1 for every iteration.
 148:Drivers/CMSIS/DSP/Source/FilteringFunctions/arm_conv_partial_fast_q15.c ****        The count variable holds the number of MAC operations performed.
 149:Drivers/CMSIS/DSP/Source/FilteringFunctions/arm_conv_partial_fast_q15.c ****        Since the partial convolution starts from firstIndex
 150:Drivers/CMSIS/DSP/Source/FilteringFunctions/arm_conv_partial_fast_q15.c ****        Number of Macs to be performed is firstIndex + 1 */
 151:Drivers/CMSIS/DSP/Source/FilteringFunctions/arm_conv_partial_fast_q15.c ****     count = 1U + firstIndex;
 168              		.loc 1 151 5 is_stmt 1 view .LVU52
 169              		.loc 1 151 11 is_stmt 0 view .LVU53
 170 0076 771C     		adds	r7, r6, #1
 171              	.LVL18:
 152:Drivers/CMSIS/DSP/Source/FilteringFunctions/arm_conv_partial_fast_q15.c **** 
 153:Drivers/CMSIS/DSP/Source/FilteringFunctions/arm_conv_partial_fast_q15.c ****     /* Working pointer of inputA */
 154:Drivers/CMSIS/DSP/Source/FilteringFunctions/arm_conv_partial_fast_q15.c ****     px = pIn1;
 172              		.loc 1 154 5 is_stmt 1 view .LVU54
 155:Drivers/CMSIS/DSP/Source/FilteringFunctions/arm_conv_partial_fast_q15.c **** 
 156:Drivers/CMSIS/DSP/Source/FilteringFunctions/arm_conv_partial_fast_q15.c ****     /* Working pointer of inputB */
 157:Drivers/CMSIS/DSP/Source/FilteringFunctions/arm_conv_partial_fast_q15.c ****     pSrc2 = pIn2 + firstIndex;
 173              		.loc 1 157 5 view .LVU55
 174              		.loc 1 157 11 is_stmt 0 view .LVU56
 175 0078 00EB460E 		add	lr, r0, r6, lsl #1
 176              	.LVL19:
 158:Drivers/CMSIS/DSP/Source/FilteringFunctions/arm_conv_partial_fast_q15.c ****     py = pSrc2;
 177              		.loc 1 158 5 is_stmt 1 view .LVU57
 159:Drivers/CMSIS/DSP/Source/FilteringFunctions/arm_conv_partial_fast_q15.c **** 
 160:Drivers/CMSIS/DSP/Source/FilteringFunctions/arm_conv_partial_fast_q15.c ****     /* ------------------------
ARM GAS  C:\Users\Lamp\AppData\Local\Temp\ccxPEMG8.s 			page 7


 161:Drivers/CMSIS/DSP/Source/FilteringFunctions/arm_conv_partial_fast_q15.c ****      * Stage1 process
 162:Drivers/CMSIS/DSP/Source/FilteringFunctions/arm_conv_partial_fast_q15.c ****      * ----------------------*/
 163:Drivers/CMSIS/DSP/Source/FilteringFunctions/arm_conv_partial_fast_q15.c **** 
 164:Drivers/CMSIS/DSP/Source/FilteringFunctions/arm_conv_partial_fast_q15.c ****     /* For loop unrolling by 4, this stage is divided into two. */
 165:Drivers/CMSIS/DSP/Source/FilteringFunctions/arm_conv_partial_fast_q15.c ****     /* First part of this stage computes the MAC operations less than 4 */
 166:Drivers/CMSIS/DSP/Source/FilteringFunctions/arm_conv_partial_fast_q15.c ****     /* Second part of this stage computes the MAC operations greater than or equal to 4 */
 167:Drivers/CMSIS/DSP/Source/FilteringFunctions/arm_conv_partial_fast_q15.c **** 
 168:Drivers/CMSIS/DSP/Source/FilteringFunctions/arm_conv_partial_fast_q15.c ****     /* The first part of the stage starts here */
 169:Drivers/CMSIS/DSP/Source/FilteringFunctions/arm_conv_partial_fast_q15.c ****     while ((count < 4U) && (blockSize1 > 0))
 178              		.loc 1 169 5 view .LVU58
 179 007c AA46     		mov	r10, r5
 180              		.loc 1 169 11 is_stmt 0 view .LVU59
 181 007e 1CE0     		b	.L7
 182              	.LVL20:
 183              	.L8:
 170:Drivers/CMSIS/DSP/Source/FilteringFunctions/arm_conv_partial_fast_q15.c ****     {
 171:Drivers/CMSIS/DSP/Source/FilteringFunctions/arm_conv_partial_fast_q15.c ****       /* Accumulator is made zero for every iteration */
 172:Drivers/CMSIS/DSP/Source/FilteringFunctions/arm_conv_partial_fast_q15.c ****       sum = 0;
 173:Drivers/CMSIS/DSP/Source/FilteringFunctions/arm_conv_partial_fast_q15.c **** 
 174:Drivers/CMSIS/DSP/Source/FilteringFunctions/arm_conv_partial_fast_q15.c ****       /* Loop over number of MAC operations between
 175:Drivers/CMSIS/DSP/Source/FilteringFunctions/arm_conv_partial_fast_q15.c ****        * inputA samples and inputB samples */
 176:Drivers/CMSIS/DSP/Source/FilteringFunctions/arm_conv_partial_fast_q15.c ****       k = count;
 177:Drivers/CMSIS/DSP/Source/FilteringFunctions/arm_conv_partial_fast_q15.c **** 
 178:Drivers/CMSIS/DSP/Source/FilteringFunctions/arm_conv_partial_fast_q15.c ****       while (k > 0U)
 179:Drivers/CMSIS/DSP/Source/FilteringFunctions/arm_conv_partial_fast_q15.c ****       {
 180:Drivers/CMSIS/DSP/Source/FilteringFunctions/arm_conv_partial_fast_q15.c ****         /* Perform the multiply-accumulates */
 181:Drivers/CMSIS/DSP/Source/FilteringFunctions/arm_conv_partial_fast_q15.c ****         sum = __SMLAD(*px++, *py--, sum);
 184              		.loc 1 181 9 is_stmt 1 view .LVU60
 185              		.loc 1 181 23 is_stmt 0 view .LVU61
 186 0080 33F902EB 		ldrsh	lr, [r3], #2
 187              	.LVL21:
 188              		.loc 1 181 30 view .LVU62
 189 0084 32F90279 		ldrsh	r7, [r2], #-2
 190              	.LVL22:
 191              	.LBB66:
 192              	.LBI66:
 193              		.file 2 "Drivers/CMSIS/DSP/Include/arm_math.h"
   1:Drivers/CMSIS/DSP/Include/arm_math.h **** /******************************************************************************
   2:Drivers/CMSIS/DSP/Include/arm_math.h ****  * @file     arm_math.h
   3:Drivers/CMSIS/DSP/Include/arm_math.h ****  * @brief    Public header file for CMSIS DSP LibraryU
   4:Drivers/CMSIS/DSP/Include/arm_math.h ****  * @version  V1.5.3
   5:Drivers/CMSIS/DSP/Include/arm_math.h ****  * @date     10. January 2018
   6:Drivers/CMSIS/DSP/Include/arm_math.h ****  ******************************************************************************/
   7:Drivers/CMSIS/DSP/Include/arm_math.h **** /*
   8:Drivers/CMSIS/DSP/Include/arm_math.h ****  * Copyright (c) 2010-2018 Arm Limited or its affiliates. All rights reserved.
   9:Drivers/CMSIS/DSP/Include/arm_math.h ****  *
  10:Drivers/CMSIS/DSP/Include/arm_math.h ****  * SPDX-License-Identifier: Apache-2.0
  11:Drivers/CMSIS/DSP/Include/arm_math.h ****  *
  12:Drivers/CMSIS/DSP/Include/arm_math.h ****  * Licensed under the Apache License, Version 2.0 (the License); you may
  13:Drivers/CMSIS/DSP/Include/arm_math.h ****  * not use this file except in compliance with the License.
  14:Drivers/CMSIS/DSP/Include/arm_math.h ****  * You may obtain a copy of the License at
  15:Drivers/CMSIS/DSP/Include/arm_math.h ****  *
  16:Drivers/CMSIS/DSP/Include/arm_math.h ****  * www.apache.org/licenses/LICENSE-2.0
  17:Drivers/CMSIS/DSP/Include/arm_math.h ****  *
  18:Drivers/CMSIS/DSP/Include/arm_math.h ****  * Unless required by applicable law or agreed to in writing, software
  19:Drivers/CMSIS/DSP/Include/arm_math.h ****  * distributed under the License is distributed on an AS IS BASIS, WITHOUT
  20:Drivers/CMSIS/DSP/Include/arm_math.h ****  * WARRANTIES OR CONDITIONS OF ANY KIND, either express or implied.
ARM GAS  C:\Users\Lamp\AppData\Local\Temp\ccxPEMG8.s 			page 8


  21:Drivers/CMSIS/DSP/Include/arm_math.h ****  * See the License for the specific language governing permissions and
  22:Drivers/CMSIS/DSP/Include/arm_math.h ****  * limitations under the License.
  23:Drivers/CMSIS/DSP/Include/arm_math.h ****  */
  24:Drivers/CMSIS/DSP/Include/arm_math.h **** 
  25:Drivers/CMSIS/DSP/Include/arm_math.h **** /**
  26:Drivers/CMSIS/DSP/Include/arm_math.h ****    \mainpage CMSIS DSP Software Library
  27:Drivers/CMSIS/DSP/Include/arm_math.h ****    *
  28:Drivers/CMSIS/DSP/Include/arm_math.h ****    * Introduction
  29:Drivers/CMSIS/DSP/Include/arm_math.h ****    * ------------
  30:Drivers/CMSIS/DSP/Include/arm_math.h ****    *
  31:Drivers/CMSIS/DSP/Include/arm_math.h ****    * This user manual describes the CMSIS DSP software library,
  32:Drivers/CMSIS/DSP/Include/arm_math.h ****    * a suite of common signal processing functions for use on Cortex-M processor based devices.
  33:Drivers/CMSIS/DSP/Include/arm_math.h ****    *
  34:Drivers/CMSIS/DSP/Include/arm_math.h ****    * The library is divided into a number of functions each covering a specific category:
  35:Drivers/CMSIS/DSP/Include/arm_math.h ****    * - Basic math functions
  36:Drivers/CMSIS/DSP/Include/arm_math.h ****    * - Fast math functions
  37:Drivers/CMSIS/DSP/Include/arm_math.h ****    * - Complex math functions
  38:Drivers/CMSIS/DSP/Include/arm_math.h ****    * - Filters
  39:Drivers/CMSIS/DSP/Include/arm_math.h ****    * - Matrix functions
  40:Drivers/CMSIS/DSP/Include/arm_math.h ****    * - Transforms
  41:Drivers/CMSIS/DSP/Include/arm_math.h ****    * - Motor control functions
  42:Drivers/CMSIS/DSP/Include/arm_math.h ****    * - Statistical functions
  43:Drivers/CMSIS/DSP/Include/arm_math.h ****    * - Support functions
  44:Drivers/CMSIS/DSP/Include/arm_math.h ****    * - Interpolation functions
  45:Drivers/CMSIS/DSP/Include/arm_math.h ****    *
  46:Drivers/CMSIS/DSP/Include/arm_math.h ****    * The library has separate functions for operating on 8-bit integers, 16-bit integers,
  47:Drivers/CMSIS/DSP/Include/arm_math.h ****    * 32-bit integer and 32-bit floating-point values.
  48:Drivers/CMSIS/DSP/Include/arm_math.h ****    *
  49:Drivers/CMSIS/DSP/Include/arm_math.h ****    * Using the Library
  50:Drivers/CMSIS/DSP/Include/arm_math.h ****    * ------------
  51:Drivers/CMSIS/DSP/Include/arm_math.h ****    *
  52:Drivers/CMSIS/DSP/Include/arm_math.h ****    * The library installer contains prebuilt versions of the libraries in the <code>Lib</code> fold
  53:Drivers/CMSIS/DSP/Include/arm_math.h ****    * - arm_cortexM7lfdp_math.lib (Cortex-M7, Little endian, Double Precision Floating Point Unit)
  54:Drivers/CMSIS/DSP/Include/arm_math.h ****    * - arm_cortexM7bfdp_math.lib (Cortex-M7, Big endian, Double Precision Floating Point Unit)
  55:Drivers/CMSIS/DSP/Include/arm_math.h ****    * - arm_cortexM7lfsp_math.lib (Cortex-M7, Little endian, Single Precision Floating Point Unit)
  56:Drivers/CMSIS/DSP/Include/arm_math.h ****    * - arm_cortexM7bfsp_math.lib (Cortex-M7, Big endian and Single Precision Floating Point Unit on
  57:Drivers/CMSIS/DSP/Include/arm_math.h ****    * - arm_cortexM7l_math.lib (Cortex-M7, Little endian)
  58:Drivers/CMSIS/DSP/Include/arm_math.h ****    * - arm_cortexM7b_math.lib (Cortex-M7, Big endian)
  59:Drivers/CMSIS/DSP/Include/arm_math.h ****    * - arm_cortexM4lf_math.lib (Cortex-M4, Little endian, Floating Point Unit)
  60:Drivers/CMSIS/DSP/Include/arm_math.h ****    * - arm_cortexM4bf_math.lib (Cortex-M4, Big endian, Floating Point Unit)
  61:Drivers/CMSIS/DSP/Include/arm_math.h ****    * - arm_cortexM4l_math.lib (Cortex-M4, Little endian)
  62:Drivers/CMSIS/DSP/Include/arm_math.h ****    * - arm_cortexM4b_math.lib (Cortex-M4, Big endian)
  63:Drivers/CMSIS/DSP/Include/arm_math.h ****    * - arm_cortexM3l_math.lib (Cortex-M3, Little endian)
  64:Drivers/CMSIS/DSP/Include/arm_math.h ****    * - arm_cortexM3b_math.lib (Cortex-M3, Big endian)
  65:Drivers/CMSIS/DSP/Include/arm_math.h ****    * - arm_cortexM0l_math.lib (Cortex-M0 / Cortex-M0+, Little endian)
  66:Drivers/CMSIS/DSP/Include/arm_math.h ****    * - arm_cortexM0b_math.lib (Cortex-M0 / Cortex-M0+, Big endian)
  67:Drivers/CMSIS/DSP/Include/arm_math.h ****    * - arm_ARMv8MBLl_math.lib (Armv8-M Baseline, Little endian)
  68:Drivers/CMSIS/DSP/Include/arm_math.h ****    * - arm_ARMv8MMLl_math.lib (Armv8-M Mainline, Little endian)
  69:Drivers/CMSIS/DSP/Include/arm_math.h ****    * - arm_ARMv8MMLlfsp_math.lib (Armv8-M Mainline, Little endian, Single Precision Floating Point 
  70:Drivers/CMSIS/DSP/Include/arm_math.h ****    * - arm_ARMv8MMLld_math.lib (Armv8-M Mainline, Little endian, DSP instructions)
  71:Drivers/CMSIS/DSP/Include/arm_math.h ****    * - arm_ARMv8MMLldfsp_math.lib (Armv8-M Mainline, Little endian, DSP instructions, Single Precis
  72:Drivers/CMSIS/DSP/Include/arm_math.h ****    *
  73:Drivers/CMSIS/DSP/Include/arm_math.h ****    * The library functions are declared in the public file <code>arm_math.h</code> which is placed 
  74:Drivers/CMSIS/DSP/Include/arm_math.h ****    * Simply include this file and link the appropriate library in the application and begin calling
  75:Drivers/CMSIS/DSP/Include/arm_math.h ****    * public header file <code> arm_math.h</code> for Cortex-M cores with little endian and big endi
  76:Drivers/CMSIS/DSP/Include/arm_math.h ****    * Define the appropriate preprocessor macro ARM_MATH_CM7 or ARM_MATH_CM4 or ARM_MATH_CM3 or
  77:Drivers/CMSIS/DSP/Include/arm_math.h ****    * ARM_MATH_CM0 or ARM_MATH_CM0PLUS depending on the target processor in the application.
ARM GAS  C:\Users\Lamp\AppData\Local\Temp\ccxPEMG8.s 			page 9


  78:Drivers/CMSIS/DSP/Include/arm_math.h ****    * For Armv8-M cores define preprocessor macro ARM_MATH_ARMV8MBL or ARM_MATH_ARMV8MML.
  79:Drivers/CMSIS/DSP/Include/arm_math.h ****    * Set preprocessor macro __DSP_PRESENT if Armv8-M Mainline core supports DSP instructions.
  80:Drivers/CMSIS/DSP/Include/arm_math.h ****    * 
  81:Drivers/CMSIS/DSP/Include/arm_math.h ****    *
  82:Drivers/CMSIS/DSP/Include/arm_math.h ****    * Examples
  83:Drivers/CMSIS/DSP/Include/arm_math.h ****    * --------
  84:Drivers/CMSIS/DSP/Include/arm_math.h ****    *
  85:Drivers/CMSIS/DSP/Include/arm_math.h ****    * The library ships with a number of examples which demonstrate how to use the library functions
  86:Drivers/CMSIS/DSP/Include/arm_math.h ****    *
  87:Drivers/CMSIS/DSP/Include/arm_math.h ****    * Toolchain Support
  88:Drivers/CMSIS/DSP/Include/arm_math.h ****    * ------------
  89:Drivers/CMSIS/DSP/Include/arm_math.h ****    *
  90:Drivers/CMSIS/DSP/Include/arm_math.h ****    * The library has been developed and tested with MDK version 5.14.0.0
  91:Drivers/CMSIS/DSP/Include/arm_math.h ****    * The library is being tested in GCC and IAR toolchains and updates on this activity will be mad
  92:Drivers/CMSIS/DSP/Include/arm_math.h ****    *
  93:Drivers/CMSIS/DSP/Include/arm_math.h ****    * Building the Library
  94:Drivers/CMSIS/DSP/Include/arm_math.h ****    * ------------
  95:Drivers/CMSIS/DSP/Include/arm_math.h ****    *
  96:Drivers/CMSIS/DSP/Include/arm_math.h ****    * The library installer contains a project file to rebuild libraries on MDK toolchain in the <co
  97:Drivers/CMSIS/DSP/Include/arm_math.h ****    * - arm_cortexM_math.uvprojx
  98:Drivers/CMSIS/DSP/Include/arm_math.h ****    *
  99:Drivers/CMSIS/DSP/Include/arm_math.h ****    *
 100:Drivers/CMSIS/DSP/Include/arm_math.h ****    * The libraries can be built by opening the arm_cortexM_math.uvprojx project in MDK-ARM, selecti
 101:Drivers/CMSIS/DSP/Include/arm_math.h ****    *
 102:Drivers/CMSIS/DSP/Include/arm_math.h ****    * Preprocessor Macros
 103:Drivers/CMSIS/DSP/Include/arm_math.h ****    * ------------
 104:Drivers/CMSIS/DSP/Include/arm_math.h ****    *
 105:Drivers/CMSIS/DSP/Include/arm_math.h ****    * Each library project have different preprocessor macros.
 106:Drivers/CMSIS/DSP/Include/arm_math.h ****    *
 107:Drivers/CMSIS/DSP/Include/arm_math.h ****    * - UNALIGNED_SUPPORT_DISABLE:
 108:Drivers/CMSIS/DSP/Include/arm_math.h ****    *
 109:Drivers/CMSIS/DSP/Include/arm_math.h ****    * Define macro UNALIGNED_SUPPORT_DISABLE, If the silicon does not support unaligned memory acces
 110:Drivers/CMSIS/DSP/Include/arm_math.h ****    *
 111:Drivers/CMSIS/DSP/Include/arm_math.h ****    * - ARM_MATH_BIG_ENDIAN:
 112:Drivers/CMSIS/DSP/Include/arm_math.h ****    *
 113:Drivers/CMSIS/DSP/Include/arm_math.h ****    * Define macro ARM_MATH_BIG_ENDIAN to build the library for big endian targets. By default libra
 114:Drivers/CMSIS/DSP/Include/arm_math.h ****    *
 115:Drivers/CMSIS/DSP/Include/arm_math.h ****    * - ARM_MATH_MATRIX_CHECK:
 116:Drivers/CMSIS/DSP/Include/arm_math.h ****    *
 117:Drivers/CMSIS/DSP/Include/arm_math.h ****    * Define macro ARM_MATH_MATRIX_CHECK for checking on the input and output sizes of matrices
 118:Drivers/CMSIS/DSP/Include/arm_math.h ****    *
 119:Drivers/CMSIS/DSP/Include/arm_math.h ****    * - ARM_MATH_ROUNDING:
 120:Drivers/CMSIS/DSP/Include/arm_math.h ****    *
 121:Drivers/CMSIS/DSP/Include/arm_math.h ****    * Define macro ARM_MATH_ROUNDING for rounding on support functions
 122:Drivers/CMSIS/DSP/Include/arm_math.h ****    *
 123:Drivers/CMSIS/DSP/Include/arm_math.h ****    * - ARM_MATH_CMx:
 124:Drivers/CMSIS/DSP/Include/arm_math.h ****    *
 125:Drivers/CMSIS/DSP/Include/arm_math.h ****    * Define macro ARM_MATH_CM4 for building the library on Cortex-M4 target, ARM_MATH_CM3 for build
 126:Drivers/CMSIS/DSP/Include/arm_math.h ****    * and ARM_MATH_CM0 for building library on Cortex-M0 target, ARM_MATH_CM0PLUS for building libra
 127:Drivers/CMSIS/DSP/Include/arm_math.h ****    * ARM_MATH_CM7 for building the library on cortex-M7.
 128:Drivers/CMSIS/DSP/Include/arm_math.h ****    *
 129:Drivers/CMSIS/DSP/Include/arm_math.h ****    * - ARM_MATH_ARMV8MxL:
 130:Drivers/CMSIS/DSP/Include/arm_math.h ****    *
 131:Drivers/CMSIS/DSP/Include/arm_math.h ****    * Define macro ARM_MATH_ARMV8MBL for building the library on Armv8-M Baseline target, ARM_MATH_A
 132:Drivers/CMSIS/DSP/Include/arm_math.h ****    * on Armv8-M Mainline target.
 133:Drivers/CMSIS/DSP/Include/arm_math.h ****    *
 134:Drivers/CMSIS/DSP/Include/arm_math.h ****    * - __FPU_PRESENT:
ARM GAS  C:\Users\Lamp\AppData\Local\Temp\ccxPEMG8.s 			page 10


 135:Drivers/CMSIS/DSP/Include/arm_math.h ****    *
 136:Drivers/CMSIS/DSP/Include/arm_math.h ****    * Initialize macro __FPU_PRESENT = 1 when building on FPU supported Targets. Enable this macro f
 137:Drivers/CMSIS/DSP/Include/arm_math.h ****    *
 138:Drivers/CMSIS/DSP/Include/arm_math.h ****    * - __DSP_PRESENT:
 139:Drivers/CMSIS/DSP/Include/arm_math.h ****    *
 140:Drivers/CMSIS/DSP/Include/arm_math.h ****    * Initialize macro __DSP_PRESENT = 1 when Armv8-M Mainline core supports DSP instructions.
 141:Drivers/CMSIS/DSP/Include/arm_math.h ****    *
 142:Drivers/CMSIS/DSP/Include/arm_math.h ****    * <hr>
 143:Drivers/CMSIS/DSP/Include/arm_math.h ****    * CMSIS-DSP in ARM::CMSIS Pack
 144:Drivers/CMSIS/DSP/Include/arm_math.h ****    * -----------------------------
 145:Drivers/CMSIS/DSP/Include/arm_math.h ****    *
 146:Drivers/CMSIS/DSP/Include/arm_math.h ****    * The following files relevant to CMSIS-DSP are present in the <b>ARM::CMSIS</b> Pack directorie
 147:Drivers/CMSIS/DSP/Include/arm_math.h ****    * |File/Folder                   |Content                                                       
 148:Drivers/CMSIS/DSP/Include/arm_math.h ****    * |------------------------------|--------------------------------------------------------------
 149:Drivers/CMSIS/DSP/Include/arm_math.h ****    * |\b CMSIS\\Documentation\\DSP  | This documentation                                           
 150:Drivers/CMSIS/DSP/Include/arm_math.h ****    * |\b CMSIS\\DSP_Lib             | Software license agreement (license.txt)                     
 151:Drivers/CMSIS/DSP/Include/arm_math.h ****    * |\b CMSIS\\DSP_Lib\\Examples   | Example projects demonstrating the usage of the library funct
 152:Drivers/CMSIS/DSP/Include/arm_math.h ****    * |\b CMSIS\\DSP_Lib\\Source     | Source files for rebuilding the library                      
 153:Drivers/CMSIS/DSP/Include/arm_math.h ****    *
 154:Drivers/CMSIS/DSP/Include/arm_math.h ****    * <hr>
 155:Drivers/CMSIS/DSP/Include/arm_math.h ****    * Revision History of CMSIS-DSP
 156:Drivers/CMSIS/DSP/Include/arm_math.h ****    * ------------
 157:Drivers/CMSIS/DSP/Include/arm_math.h ****    * Please refer to \ref ChangeLog_pg.
 158:Drivers/CMSIS/DSP/Include/arm_math.h ****    *
 159:Drivers/CMSIS/DSP/Include/arm_math.h ****    * Copyright Notice
 160:Drivers/CMSIS/DSP/Include/arm_math.h ****    * ------------
 161:Drivers/CMSIS/DSP/Include/arm_math.h ****    *
 162:Drivers/CMSIS/DSP/Include/arm_math.h ****    * Copyright (C) 2010-2015 Arm Limited. All rights reserved.
 163:Drivers/CMSIS/DSP/Include/arm_math.h ****    */
 164:Drivers/CMSIS/DSP/Include/arm_math.h **** 
 165:Drivers/CMSIS/DSP/Include/arm_math.h **** 
 166:Drivers/CMSIS/DSP/Include/arm_math.h **** /**
 167:Drivers/CMSIS/DSP/Include/arm_math.h ****  * @defgroup groupMath Basic Math Functions
 168:Drivers/CMSIS/DSP/Include/arm_math.h ****  */
 169:Drivers/CMSIS/DSP/Include/arm_math.h **** 
 170:Drivers/CMSIS/DSP/Include/arm_math.h **** /**
 171:Drivers/CMSIS/DSP/Include/arm_math.h ****  * @defgroup groupFastMath Fast Math Functions
 172:Drivers/CMSIS/DSP/Include/arm_math.h ****  * This set of functions provides a fast approximation to sine, cosine, and square root.
 173:Drivers/CMSIS/DSP/Include/arm_math.h ****  * As compared to most of the other functions in the CMSIS math library, the fast math functions
 174:Drivers/CMSIS/DSP/Include/arm_math.h ****  * operate on individual values and not arrays.
 175:Drivers/CMSIS/DSP/Include/arm_math.h ****  * There are separate functions for Q15, Q31, and floating-point data.
 176:Drivers/CMSIS/DSP/Include/arm_math.h ****  *
 177:Drivers/CMSIS/DSP/Include/arm_math.h ****  */
 178:Drivers/CMSIS/DSP/Include/arm_math.h **** 
 179:Drivers/CMSIS/DSP/Include/arm_math.h **** /**
 180:Drivers/CMSIS/DSP/Include/arm_math.h ****  * @defgroup groupCmplxMath Complex Math Functions
 181:Drivers/CMSIS/DSP/Include/arm_math.h ****  * This set of functions operates on complex data vectors.
 182:Drivers/CMSIS/DSP/Include/arm_math.h ****  * The data in the complex arrays is stored in an interleaved fashion
 183:Drivers/CMSIS/DSP/Include/arm_math.h ****  * (real, imag, real, imag, ...).
 184:Drivers/CMSIS/DSP/Include/arm_math.h ****  * In the API functions, the number of samples in a complex array refers
 185:Drivers/CMSIS/DSP/Include/arm_math.h ****  * to the number of complex values; the array contains twice this number of
 186:Drivers/CMSIS/DSP/Include/arm_math.h ****  * real values.
 187:Drivers/CMSIS/DSP/Include/arm_math.h ****  */
 188:Drivers/CMSIS/DSP/Include/arm_math.h **** 
 189:Drivers/CMSIS/DSP/Include/arm_math.h **** /**
 190:Drivers/CMSIS/DSP/Include/arm_math.h ****  * @defgroup groupFilters Filtering Functions
 191:Drivers/CMSIS/DSP/Include/arm_math.h ****  */
ARM GAS  C:\Users\Lamp\AppData\Local\Temp\ccxPEMG8.s 			page 11


 192:Drivers/CMSIS/DSP/Include/arm_math.h **** 
 193:Drivers/CMSIS/DSP/Include/arm_math.h **** /**
 194:Drivers/CMSIS/DSP/Include/arm_math.h ****  * @defgroup groupMatrix Matrix Functions
 195:Drivers/CMSIS/DSP/Include/arm_math.h ****  *
 196:Drivers/CMSIS/DSP/Include/arm_math.h ****  * This set of functions provides basic matrix math operations.
 197:Drivers/CMSIS/DSP/Include/arm_math.h ****  * The functions operate on matrix data structures.  For example,
 198:Drivers/CMSIS/DSP/Include/arm_math.h ****  * the type
 199:Drivers/CMSIS/DSP/Include/arm_math.h ****  * definition for the floating-point matrix structure is shown
 200:Drivers/CMSIS/DSP/Include/arm_math.h ****  * below:
 201:Drivers/CMSIS/DSP/Include/arm_math.h ****  * <pre>
 202:Drivers/CMSIS/DSP/Include/arm_math.h ****  *     typedef struct
 203:Drivers/CMSIS/DSP/Include/arm_math.h ****  *     {
 204:Drivers/CMSIS/DSP/Include/arm_math.h ****  *       uint16_t numRows;     // number of rows of the matrix.
 205:Drivers/CMSIS/DSP/Include/arm_math.h ****  *       uint16_t numCols;     // number of columns of the matrix.
 206:Drivers/CMSIS/DSP/Include/arm_math.h ****  *       float32_t *pData;     // points to the data of the matrix.
 207:Drivers/CMSIS/DSP/Include/arm_math.h ****  *     } arm_matrix_instance_f32;
 208:Drivers/CMSIS/DSP/Include/arm_math.h ****  * </pre>
 209:Drivers/CMSIS/DSP/Include/arm_math.h ****  * There are similar definitions for Q15 and Q31 data types.
 210:Drivers/CMSIS/DSP/Include/arm_math.h ****  *
 211:Drivers/CMSIS/DSP/Include/arm_math.h ****  * The structure specifies the size of the matrix and then points to
 212:Drivers/CMSIS/DSP/Include/arm_math.h ****  * an array of data.  The array is of size <code>numRows X numCols</code>
 213:Drivers/CMSIS/DSP/Include/arm_math.h ****  * and the values are arranged in row order.  That is, the
 214:Drivers/CMSIS/DSP/Include/arm_math.h ****  * matrix element (i, j) is stored at:
 215:Drivers/CMSIS/DSP/Include/arm_math.h ****  * <pre>
 216:Drivers/CMSIS/DSP/Include/arm_math.h ****  *     pData[i*numCols + j]
 217:Drivers/CMSIS/DSP/Include/arm_math.h ****  * </pre>
 218:Drivers/CMSIS/DSP/Include/arm_math.h ****  *
 219:Drivers/CMSIS/DSP/Include/arm_math.h ****  * \par Init Functions
 220:Drivers/CMSIS/DSP/Include/arm_math.h ****  * There is an associated initialization function for each type of matrix
 221:Drivers/CMSIS/DSP/Include/arm_math.h ****  * data structure.
 222:Drivers/CMSIS/DSP/Include/arm_math.h ****  * The initialization function sets the values of the internal structure fields.
 223:Drivers/CMSIS/DSP/Include/arm_math.h ****  * Refer to the function <code>arm_mat_init_f32()</code>, <code>arm_mat_init_q31()</code>
 224:Drivers/CMSIS/DSP/Include/arm_math.h ****  * and <code>arm_mat_init_q15()</code> for floating-point, Q31 and Q15 types,  respectively.
 225:Drivers/CMSIS/DSP/Include/arm_math.h ****  *
 226:Drivers/CMSIS/DSP/Include/arm_math.h ****  * \par
 227:Drivers/CMSIS/DSP/Include/arm_math.h ****  * Use of the initialization function is optional. However, if initialization function is used
 228:Drivers/CMSIS/DSP/Include/arm_math.h ****  * then the instance structure cannot be placed into a const data section.
 229:Drivers/CMSIS/DSP/Include/arm_math.h ****  * To place the instance structure in a const data
 230:Drivers/CMSIS/DSP/Include/arm_math.h ****  * section, manually initialize the data structure.  For example:
 231:Drivers/CMSIS/DSP/Include/arm_math.h ****  * <pre>
 232:Drivers/CMSIS/DSP/Include/arm_math.h ****  * <code>arm_matrix_instance_f32 S = {nRows, nColumns, pData};</code>
 233:Drivers/CMSIS/DSP/Include/arm_math.h ****  * <code>arm_matrix_instance_q31 S = {nRows, nColumns, pData};</code>
 234:Drivers/CMSIS/DSP/Include/arm_math.h ****  * <code>arm_matrix_instance_q15 S = {nRows, nColumns, pData};</code>
 235:Drivers/CMSIS/DSP/Include/arm_math.h ****  * </pre>
 236:Drivers/CMSIS/DSP/Include/arm_math.h ****  * where <code>nRows</code> specifies the number of rows, <code>nColumns</code>
 237:Drivers/CMSIS/DSP/Include/arm_math.h ****  * specifies the number of columns, and <code>pData</code> points to the
 238:Drivers/CMSIS/DSP/Include/arm_math.h ****  * data array.
 239:Drivers/CMSIS/DSP/Include/arm_math.h ****  *
 240:Drivers/CMSIS/DSP/Include/arm_math.h ****  * \par Size Checking
 241:Drivers/CMSIS/DSP/Include/arm_math.h ****  * By default all of the matrix functions perform size checking on the input and
 242:Drivers/CMSIS/DSP/Include/arm_math.h ****  * output matrices. For example, the matrix addition function verifies that the
 243:Drivers/CMSIS/DSP/Include/arm_math.h ****  * two input matrices and the output matrix all have the same number of rows and
 244:Drivers/CMSIS/DSP/Include/arm_math.h ****  * columns. If the size check fails the functions return:
 245:Drivers/CMSIS/DSP/Include/arm_math.h ****  * <pre>
 246:Drivers/CMSIS/DSP/Include/arm_math.h ****  *     ARM_MATH_SIZE_MISMATCH
 247:Drivers/CMSIS/DSP/Include/arm_math.h ****  * </pre>
 248:Drivers/CMSIS/DSP/Include/arm_math.h ****  * Otherwise the functions return
ARM GAS  C:\Users\Lamp\AppData\Local\Temp\ccxPEMG8.s 			page 12


 249:Drivers/CMSIS/DSP/Include/arm_math.h ****  * <pre>
 250:Drivers/CMSIS/DSP/Include/arm_math.h ****  *     ARM_MATH_SUCCESS
 251:Drivers/CMSIS/DSP/Include/arm_math.h ****  * </pre>
 252:Drivers/CMSIS/DSP/Include/arm_math.h ****  * There is some overhead associated with this matrix size checking.
 253:Drivers/CMSIS/DSP/Include/arm_math.h ****  * The matrix size checking is enabled via the \#define
 254:Drivers/CMSIS/DSP/Include/arm_math.h ****  * <pre>
 255:Drivers/CMSIS/DSP/Include/arm_math.h ****  *     ARM_MATH_MATRIX_CHECK
 256:Drivers/CMSIS/DSP/Include/arm_math.h ****  * </pre>
 257:Drivers/CMSIS/DSP/Include/arm_math.h ****  * within the library project settings.  By default this macro is defined
 258:Drivers/CMSIS/DSP/Include/arm_math.h ****  * and size checking is enabled. By changing the project settings and
 259:Drivers/CMSIS/DSP/Include/arm_math.h ****  * undefining this macro size checking is eliminated and the functions
 260:Drivers/CMSIS/DSP/Include/arm_math.h ****  * run a bit faster. With size checking disabled the functions always
 261:Drivers/CMSIS/DSP/Include/arm_math.h ****  * return <code>ARM_MATH_SUCCESS</code>.
 262:Drivers/CMSIS/DSP/Include/arm_math.h ****  */
 263:Drivers/CMSIS/DSP/Include/arm_math.h **** 
 264:Drivers/CMSIS/DSP/Include/arm_math.h **** /**
 265:Drivers/CMSIS/DSP/Include/arm_math.h ****  * @defgroup groupTransforms Transform Functions
 266:Drivers/CMSIS/DSP/Include/arm_math.h ****  */
 267:Drivers/CMSIS/DSP/Include/arm_math.h **** 
 268:Drivers/CMSIS/DSP/Include/arm_math.h **** /**
 269:Drivers/CMSIS/DSP/Include/arm_math.h ****  * @defgroup groupController Controller Functions
 270:Drivers/CMSIS/DSP/Include/arm_math.h ****  */
 271:Drivers/CMSIS/DSP/Include/arm_math.h **** 
 272:Drivers/CMSIS/DSP/Include/arm_math.h **** /**
 273:Drivers/CMSIS/DSP/Include/arm_math.h ****  * @defgroup groupStats Statistics Functions
 274:Drivers/CMSIS/DSP/Include/arm_math.h ****  */
 275:Drivers/CMSIS/DSP/Include/arm_math.h **** /**
 276:Drivers/CMSIS/DSP/Include/arm_math.h ****  * @defgroup groupSupport Support Functions
 277:Drivers/CMSIS/DSP/Include/arm_math.h ****  */
 278:Drivers/CMSIS/DSP/Include/arm_math.h **** 
 279:Drivers/CMSIS/DSP/Include/arm_math.h **** /**
 280:Drivers/CMSIS/DSP/Include/arm_math.h ****  * @defgroup groupInterpolation Interpolation Functions
 281:Drivers/CMSIS/DSP/Include/arm_math.h ****  * These functions perform 1- and 2-dimensional interpolation of data.
 282:Drivers/CMSIS/DSP/Include/arm_math.h ****  * Linear interpolation is used for 1-dimensional data and
 283:Drivers/CMSIS/DSP/Include/arm_math.h ****  * bilinear interpolation is used for 2-dimensional data.
 284:Drivers/CMSIS/DSP/Include/arm_math.h ****  */
 285:Drivers/CMSIS/DSP/Include/arm_math.h **** 
 286:Drivers/CMSIS/DSP/Include/arm_math.h **** /**
 287:Drivers/CMSIS/DSP/Include/arm_math.h ****  * @defgroup groupExamples Examples
 288:Drivers/CMSIS/DSP/Include/arm_math.h ****  */
 289:Drivers/CMSIS/DSP/Include/arm_math.h **** #ifndef _ARM_MATH_H
 290:Drivers/CMSIS/DSP/Include/arm_math.h **** #define _ARM_MATH_H
 291:Drivers/CMSIS/DSP/Include/arm_math.h **** 
 292:Drivers/CMSIS/DSP/Include/arm_math.h **** /* Compiler specific diagnostic adjustment */
 293:Drivers/CMSIS/DSP/Include/arm_math.h **** #if   defined ( __CC_ARM )
 294:Drivers/CMSIS/DSP/Include/arm_math.h **** 
 295:Drivers/CMSIS/DSP/Include/arm_math.h **** #elif defined ( __ARMCC_VERSION ) && ( __ARMCC_VERSION >= 6010050 )
 296:Drivers/CMSIS/DSP/Include/arm_math.h **** 
 297:Drivers/CMSIS/DSP/Include/arm_math.h **** #elif defined ( __GNUC__ )
 298:Drivers/CMSIS/DSP/Include/arm_math.h **** #pragma GCC diagnostic push
 299:Drivers/CMSIS/DSP/Include/arm_math.h **** #pragma GCC diagnostic ignored "-Wsign-conversion"
 300:Drivers/CMSIS/DSP/Include/arm_math.h **** #pragma GCC diagnostic ignored "-Wconversion"
 301:Drivers/CMSIS/DSP/Include/arm_math.h **** #pragma GCC diagnostic ignored "-Wunused-parameter"
 302:Drivers/CMSIS/DSP/Include/arm_math.h **** 
 303:Drivers/CMSIS/DSP/Include/arm_math.h **** #elif defined ( __ICCARM__ )
 304:Drivers/CMSIS/DSP/Include/arm_math.h **** 
 305:Drivers/CMSIS/DSP/Include/arm_math.h **** #elif defined ( __TI_ARM__ )
ARM GAS  C:\Users\Lamp\AppData\Local\Temp\ccxPEMG8.s 			page 13


 306:Drivers/CMSIS/DSP/Include/arm_math.h **** 
 307:Drivers/CMSIS/DSP/Include/arm_math.h **** #elif defined ( __CSMC__ )
 308:Drivers/CMSIS/DSP/Include/arm_math.h **** 
 309:Drivers/CMSIS/DSP/Include/arm_math.h **** #elif defined ( __TASKING__ )
 310:Drivers/CMSIS/DSP/Include/arm_math.h **** 
 311:Drivers/CMSIS/DSP/Include/arm_math.h **** #else
 312:Drivers/CMSIS/DSP/Include/arm_math.h ****   #error Unknown compiler
 313:Drivers/CMSIS/DSP/Include/arm_math.h **** #endif
 314:Drivers/CMSIS/DSP/Include/arm_math.h **** 
 315:Drivers/CMSIS/DSP/Include/arm_math.h **** 
 316:Drivers/CMSIS/DSP/Include/arm_math.h **** #define __CMSIS_GENERIC         /* disable NVIC and Systick functions */
 317:Drivers/CMSIS/DSP/Include/arm_math.h **** 
 318:Drivers/CMSIS/DSP/Include/arm_math.h **** #if defined(ARM_MATH_CM7)
 319:Drivers/CMSIS/DSP/Include/arm_math.h ****   #include "core_cm7.h"
 320:Drivers/CMSIS/DSP/Include/arm_math.h ****   #define ARM_MATH_DSP
 321:Drivers/CMSIS/DSP/Include/arm_math.h **** #elif defined (ARM_MATH_CM4)
 322:Drivers/CMSIS/DSP/Include/arm_math.h ****   #include "core_cm4.h"
 323:Drivers/CMSIS/DSP/Include/arm_math.h ****   #define ARM_MATH_DSP
 324:Drivers/CMSIS/DSP/Include/arm_math.h **** #elif defined (ARM_MATH_CM3)
 325:Drivers/CMSIS/DSP/Include/arm_math.h ****   #include "core_cm3.h"
 326:Drivers/CMSIS/DSP/Include/arm_math.h **** #elif defined (ARM_MATH_CM0)
 327:Drivers/CMSIS/DSP/Include/arm_math.h ****   #include "core_cm0.h"
 328:Drivers/CMSIS/DSP/Include/arm_math.h ****   #define ARM_MATH_CM0_FAMILY
 329:Drivers/CMSIS/DSP/Include/arm_math.h **** #elif defined (ARM_MATH_CM0PLUS)
 330:Drivers/CMSIS/DSP/Include/arm_math.h ****   #include "core_cm0plus.h"
 331:Drivers/CMSIS/DSP/Include/arm_math.h ****   #define ARM_MATH_CM0_FAMILY
 332:Drivers/CMSIS/DSP/Include/arm_math.h **** #elif defined (ARM_MATH_ARMV8MBL)
 333:Drivers/CMSIS/DSP/Include/arm_math.h ****   #include "core_armv8mbl.h"
 334:Drivers/CMSIS/DSP/Include/arm_math.h ****   #define ARM_MATH_CM0_FAMILY
 335:Drivers/CMSIS/DSP/Include/arm_math.h **** #elif defined (ARM_MATH_ARMV8MML)
 336:Drivers/CMSIS/DSP/Include/arm_math.h ****   #include "core_armv8mml.h"
 337:Drivers/CMSIS/DSP/Include/arm_math.h ****   #if (defined (__DSP_PRESENT) && (__DSP_PRESENT == 1))
 338:Drivers/CMSIS/DSP/Include/arm_math.h ****     #define ARM_MATH_DSP
 339:Drivers/CMSIS/DSP/Include/arm_math.h ****   #endif
 340:Drivers/CMSIS/DSP/Include/arm_math.h **** #else
 341:Drivers/CMSIS/DSP/Include/arm_math.h ****   #error "Define according the used Cortex core ARM_MATH_CM7, ARM_MATH_CM4, ARM_MATH_CM3, ARM_MATH_
 342:Drivers/CMSIS/DSP/Include/arm_math.h **** #endif
 343:Drivers/CMSIS/DSP/Include/arm_math.h **** 
 344:Drivers/CMSIS/DSP/Include/arm_math.h **** #undef  __CMSIS_GENERIC         /* enable NVIC and Systick functions */
 345:Drivers/CMSIS/DSP/Include/arm_math.h **** #include "string.h"
 346:Drivers/CMSIS/DSP/Include/arm_math.h **** #include "math.h"
 347:Drivers/CMSIS/DSP/Include/arm_math.h **** #ifdef   __cplusplus
 348:Drivers/CMSIS/DSP/Include/arm_math.h **** extern "C"
 349:Drivers/CMSIS/DSP/Include/arm_math.h **** {
 350:Drivers/CMSIS/DSP/Include/arm_math.h **** #endif
 351:Drivers/CMSIS/DSP/Include/arm_math.h **** 
 352:Drivers/CMSIS/DSP/Include/arm_math.h **** 
 353:Drivers/CMSIS/DSP/Include/arm_math.h ****   /**
 354:Drivers/CMSIS/DSP/Include/arm_math.h ****    * @brief Macros required for reciprocal calculation in Normalized LMS
 355:Drivers/CMSIS/DSP/Include/arm_math.h ****    */
 356:Drivers/CMSIS/DSP/Include/arm_math.h **** 
 357:Drivers/CMSIS/DSP/Include/arm_math.h **** #define DELTA_Q31          (0x100)
 358:Drivers/CMSIS/DSP/Include/arm_math.h **** #define DELTA_Q15          0x5
 359:Drivers/CMSIS/DSP/Include/arm_math.h **** #define INDEX_MASK         0x0000003F
 360:Drivers/CMSIS/DSP/Include/arm_math.h **** #ifndef PI
 361:Drivers/CMSIS/DSP/Include/arm_math.h ****   #define PI               3.14159265358979f
 362:Drivers/CMSIS/DSP/Include/arm_math.h **** #endif
ARM GAS  C:\Users\Lamp\AppData\Local\Temp\ccxPEMG8.s 			page 14


 363:Drivers/CMSIS/DSP/Include/arm_math.h **** 
 364:Drivers/CMSIS/DSP/Include/arm_math.h ****   /**
 365:Drivers/CMSIS/DSP/Include/arm_math.h ****    * @brief Macros required for SINE and COSINE Fast math approximations
 366:Drivers/CMSIS/DSP/Include/arm_math.h ****    */
 367:Drivers/CMSIS/DSP/Include/arm_math.h **** 
 368:Drivers/CMSIS/DSP/Include/arm_math.h **** #define FAST_MATH_TABLE_SIZE  512
 369:Drivers/CMSIS/DSP/Include/arm_math.h **** #define FAST_MATH_Q31_SHIFT   (32 - 10)
 370:Drivers/CMSIS/DSP/Include/arm_math.h **** #define FAST_MATH_Q15_SHIFT   (16 - 10)
 371:Drivers/CMSIS/DSP/Include/arm_math.h **** #define CONTROLLER_Q31_SHIFT  (32 - 9)
 372:Drivers/CMSIS/DSP/Include/arm_math.h **** #define TABLE_SPACING_Q31     0x400000
 373:Drivers/CMSIS/DSP/Include/arm_math.h **** #define TABLE_SPACING_Q15     0x80
 374:Drivers/CMSIS/DSP/Include/arm_math.h **** 
 375:Drivers/CMSIS/DSP/Include/arm_math.h ****   /**
 376:Drivers/CMSIS/DSP/Include/arm_math.h ****    * @brief Macros required for SINE and COSINE Controller functions
 377:Drivers/CMSIS/DSP/Include/arm_math.h ****    */
 378:Drivers/CMSIS/DSP/Include/arm_math.h ****   /* 1.31(q31) Fixed value of 2/360 */
 379:Drivers/CMSIS/DSP/Include/arm_math.h ****   /* -1 to +1 is divided into 360 values so total spacing is (2/360) */
 380:Drivers/CMSIS/DSP/Include/arm_math.h **** #define INPUT_SPACING         0xB60B61
 381:Drivers/CMSIS/DSP/Include/arm_math.h **** 
 382:Drivers/CMSIS/DSP/Include/arm_math.h ****   /**
 383:Drivers/CMSIS/DSP/Include/arm_math.h ****    * @brief Macro for Unaligned Support
 384:Drivers/CMSIS/DSP/Include/arm_math.h ****    */
 385:Drivers/CMSIS/DSP/Include/arm_math.h **** #ifndef UNALIGNED_SUPPORT_DISABLE
 386:Drivers/CMSIS/DSP/Include/arm_math.h ****     #define ALIGN4
 387:Drivers/CMSIS/DSP/Include/arm_math.h **** #else
 388:Drivers/CMSIS/DSP/Include/arm_math.h ****   #if defined  (__GNUC__)
 389:Drivers/CMSIS/DSP/Include/arm_math.h ****     #define ALIGN4 __attribute__((aligned(4)))
 390:Drivers/CMSIS/DSP/Include/arm_math.h ****   #else
 391:Drivers/CMSIS/DSP/Include/arm_math.h ****     #define ALIGN4 __align(4)
 392:Drivers/CMSIS/DSP/Include/arm_math.h ****   #endif
 393:Drivers/CMSIS/DSP/Include/arm_math.h **** #endif   /* #ifndef UNALIGNED_SUPPORT_DISABLE */
 394:Drivers/CMSIS/DSP/Include/arm_math.h **** 
 395:Drivers/CMSIS/DSP/Include/arm_math.h ****   /**
 396:Drivers/CMSIS/DSP/Include/arm_math.h ****    * @brief Error status returned by some functions in the library.
 397:Drivers/CMSIS/DSP/Include/arm_math.h ****    */
 398:Drivers/CMSIS/DSP/Include/arm_math.h **** 
 399:Drivers/CMSIS/DSP/Include/arm_math.h ****   typedef enum
 400:Drivers/CMSIS/DSP/Include/arm_math.h ****   {
 401:Drivers/CMSIS/DSP/Include/arm_math.h ****     ARM_MATH_SUCCESS = 0,                /**< No error */
 402:Drivers/CMSIS/DSP/Include/arm_math.h ****     ARM_MATH_ARGUMENT_ERROR = -1,        /**< One or more arguments are incorrect */
 403:Drivers/CMSIS/DSP/Include/arm_math.h ****     ARM_MATH_LENGTH_ERROR = -2,          /**< Length of data buffer is incorrect */
 404:Drivers/CMSIS/DSP/Include/arm_math.h ****     ARM_MATH_SIZE_MISMATCH = -3,         /**< Size of matrices is not compatible with the operation
 405:Drivers/CMSIS/DSP/Include/arm_math.h ****     ARM_MATH_NANINF = -4,                /**< Not-a-number (NaN) or infinity is generated */
 406:Drivers/CMSIS/DSP/Include/arm_math.h ****     ARM_MATH_SINGULAR = -5,              /**< Generated by matrix inversion if the input matrix is 
 407:Drivers/CMSIS/DSP/Include/arm_math.h ****     ARM_MATH_TEST_FAILURE = -6           /**< Test Failed  */
 408:Drivers/CMSIS/DSP/Include/arm_math.h ****   } arm_status;
 409:Drivers/CMSIS/DSP/Include/arm_math.h **** 
 410:Drivers/CMSIS/DSP/Include/arm_math.h ****   /**
 411:Drivers/CMSIS/DSP/Include/arm_math.h ****    * @brief 8-bit fractional data type in 1.7 format.
 412:Drivers/CMSIS/DSP/Include/arm_math.h ****    */
 413:Drivers/CMSIS/DSP/Include/arm_math.h ****   typedef int8_t q7_t;
 414:Drivers/CMSIS/DSP/Include/arm_math.h **** 
 415:Drivers/CMSIS/DSP/Include/arm_math.h ****   /**
 416:Drivers/CMSIS/DSP/Include/arm_math.h ****    * @brief 16-bit fractional data type in 1.15 format.
 417:Drivers/CMSIS/DSP/Include/arm_math.h ****    */
 418:Drivers/CMSIS/DSP/Include/arm_math.h ****   typedef int16_t q15_t;
 419:Drivers/CMSIS/DSP/Include/arm_math.h **** 
ARM GAS  C:\Users\Lamp\AppData\Local\Temp\ccxPEMG8.s 			page 15


 420:Drivers/CMSIS/DSP/Include/arm_math.h ****   /**
 421:Drivers/CMSIS/DSP/Include/arm_math.h ****    * @brief 32-bit fractional data type in 1.31 format.
 422:Drivers/CMSIS/DSP/Include/arm_math.h ****    */
 423:Drivers/CMSIS/DSP/Include/arm_math.h ****   typedef int32_t q31_t;
 424:Drivers/CMSIS/DSP/Include/arm_math.h **** 
 425:Drivers/CMSIS/DSP/Include/arm_math.h ****   /**
 426:Drivers/CMSIS/DSP/Include/arm_math.h ****    * @brief 64-bit fractional data type in 1.63 format.
 427:Drivers/CMSIS/DSP/Include/arm_math.h ****    */
 428:Drivers/CMSIS/DSP/Include/arm_math.h ****   typedef int64_t q63_t;
 429:Drivers/CMSIS/DSP/Include/arm_math.h **** 
 430:Drivers/CMSIS/DSP/Include/arm_math.h ****   /**
 431:Drivers/CMSIS/DSP/Include/arm_math.h ****    * @brief 32-bit floating-point type definition.
 432:Drivers/CMSIS/DSP/Include/arm_math.h ****    */
 433:Drivers/CMSIS/DSP/Include/arm_math.h ****   typedef float float32_t;
 434:Drivers/CMSIS/DSP/Include/arm_math.h **** 
 435:Drivers/CMSIS/DSP/Include/arm_math.h ****   /**
 436:Drivers/CMSIS/DSP/Include/arm_math.h ****    * @brief 64-bit floating-point type definition.
 437:Drivers/CMSIS/DSP/Include/arm_math.h ****    */
 438:Drivers/CMSIS/DSP/Include/arm_math.h ****   typedef double float64_t;
 439:Drivers/CMSIS/DSP/Include/arm_math.h **** 
 440:Drivers/CMSIS/DSP/Include/arm_math.h ****   /**
 441:Drivers/CMSIS/DSP/Include/arm_math.h ****    * @brief definition to read/write two 16 bit values.
 442:Drivers/CMSIS/DSP/Include/arm_math.h ****    */
 443:Drivers/CMSIS/DSP/Include/arm_math.h **** #if   defined ( __CC_ARM )
 444:Drivers/CMSIS/DSP/Include/arm_math.h ****   #define __SIMD32_TYPE int32_t __packed
 445:Drivers/CMSIS/DSP/Include/arm_math.h ****   #define CMSIS_UNUSED __attribute__((unused))
 446:Drivers/CMSIS/DSP/Include/arm_math.h ****   #define CMSIS_INLINE __attribute__((always_inline))
 447:Drivers/CMSIS/DSP/Include/arm_math.h **** 
 448:Drivers/CMSIS/DSP/Include/arm_math.h **** #elif defined ( __ARMCC_VERSION ) && ( __ARMCC_VERSION >= 6010050 )
 449:Drivers/CMSIS/DSP/Include/arm_math.h ****   #define __SIMD32_TYPE int32_t
 450:Drivers/CMSIS/DSP/Include/arm_math.h ****   #define CMSIS_UNUSED __attribute__((unused))
 451:Drivers/CMSIS/DSP/Include/arm_math.h ****   #define CMSIS_INLINE __attribute__((always_inline))
 452:Drivers/CMSIS/DSP/Include/arm_math.h **** 
 453:Drivers/CMSIS/DSP/Include/arm_math.h **** #elif defined ( __GNUC__ )
 454:Drivers/CMSIS/DSP/Include/arm_math.h ****   #define __SIMD32_TYPE int32_t
 455:Drivers/CMSIS/DSP/Include/arm_math.h ****   #define CMSIS_UNUSED __attribute__((unused))
 456:Drivers/CMSIS/DSP/Include/arm_math.h ****   #define CMSIS_INLINE __attribute__((always_inline))
 457:Drivers/CMSIS/DSP/Include/arm_math.h **** 
 458:Drivers/CMSIS/DSP/Include/arm_math.h **** #elif defined ( __ICCARM__ )
 459:Drivers/CMSIS/DSP/Include/arm_math.h ****   #define __SIMD32_TYPE int32_t __packed
 460:Drivers/CMSIS/DSP/Include/arm_math.h ****   #define CMSIS_UNUSED
 461:Drivers/CMSIS/DSP/Include/arm_math.h ****   #define CMSIS_INLINE
 462:Drivers/CMSIS/DSP/Include/arm_math.h **** 
 463:Drivers/CMSIS/DSP/Include/arm_math.h **** #elif defined ( __TI_ARM__ )
 464:Drivers/CMSIS/DSP/Include/arm_math.h ****   #define __SIMD32_TYPE int32_t
 465:Drivers/CMSIS/DSP/Include/arm_math.h ****   #define CMSIS_UNUSED __attribute__((unused))
 466:Drivers/CMSIS/DSP/Include/arm_math.h ****   #define CMSIS_INLINE
 467:Drivers/CMSIS/DSP/Include/arm_math.h **** 
 468:Drivers/CMSIS/DSP/Include/arm_math.h **** #elif defined ( __CSMC__ )
 469:Drivers/CMSIS/DSP/Include/arm_math.h ****   #define __SIMD32_TYPE int32_t
 470:Drivers/CMSIS/DSP/Include/arm_math.h ****   #define CMSIS_UNUSED
 471:Drivers/CMSIS/DSP/Include/arm_math.h ****   #define CMSIS_INLINE
 472:Drivers/CMSIS/DSP/Include/arm_math.h **** 
 473:Drivers/CMSIS/DSP/Include/arm_math.h **** #elif defined ( __TASKING__ )
 474:Drivers/CMSIS/DSP/Include/arm_math.h ****   #define __SIMD32_TYPE __unaligned int32_t
 475:Drivers/CMSIS/DSP/Include/arm_math.h ****   #define CMSIS_UNUSED
 476:Drivers/CMSIS/DSP/Include/arm_math.h ****   #define CMSIS_INLINE
ARM GAS  C:\Users\Lamp\AppData\Local\Temp\ccxPEMG8.s 			page 16


 477:Drivers/CMSIS/DSP/Include/arm_math.h **** 
 478:Drivers/CMSIS/DSP/Include/arm_math.h **** #else
 479:Drivers/CMSIS/DSP/Include/arm_math.h ****   #error Unknown compiler
 480:Drivers/CMSIS/DSP/Include/arm_math.h **** #endif
 481:Drivers/CMSIS/DSP/Include/arm_math.h **** 
 482:Drivers/CMSIS/DSP/Include/arm_math.h **** #define __SIMD32(addr)        (*(__SIMD32_TYPE **) & (addr))
 483:Drivers/CMSIS/DSP/Include/arm_math.h **** #define __SIMD32_CONST(addr)  ((__SIMD32_TYPE *)(addr))
 484:Drivers/CMSIS/DSP/Include/arm_math.h **** #define _SIMD32_OFFSET(addr)  (*(__SIMD32_TYPE *)  (addr))
 485:Drivers/CMSIS/DSP/Include/arm_math.h **** #define __SIMD64(addr)        (*(int64_t **) & (addr))
 486:Drivers/CMSIS/DSP/Include/arm_math.h **** 
 487:Drivers/CMSIS/DSP/Include/arm_math.h **** #if !defined (ARM_MATH_DSP)
 488:Drivers/CMSIS/DSP/Include/arm_math.h ****   /**
 489:Drivers/CMSIS/DSP/Include/arm_math.h ****    * @brief definition to pack two 16 bit values.
 490:Drivers/CMSIS/DSP/Include/arm_math.h ****    */
 491:Drivers/CMSIS/DSP/Include/arm_math.h **** #define __PKHBT(ARG1, ARG2, ARG3) ( (((int32_t)(ARG1) <<    0) & (int32_t)0x0000FFFF) | \
 492:Drivers/CMSIS/DSP/Include/arm_math.h ****                                     (((int32_t)(ARG2) << ARG3) & (int32_t)0xFFFF0000)  )
 493:Drivers/CMSIS/DSP/Include/arm_math.h **** #define __PKHTB(ARG1, ARG2, ARG3) ( (((int32_t)(ARG1) <<    0) & (int32_t)0xFFFF0000) | \
 494:Drivers/CMSIS/DSP/Include/arm_math.h ****                                     (((int32_t)(ARG2) >> ARG3) & (int32_t)0x0000FFFF)  )
 495:Drivers/CMSIS/DSP/Include/arm_math.h **** 
 496:Drivers/CMSIS/DSP/Include/arm_math.h **** #endif /* !defined (ARM_MATH_DSP) */
 497:Drivers/CMSIS/DSP/Include/arm_math.h **** 
 498:Drivers/CMSIS/DSP/Include/arm_math.h ****    /**
 499:Drivers/CMSIS/DSP/Include/arm_math.h ****    * @brief definition to pack four 8 bit values.
 500:Drivers/CMSIS/DSP/Include/arm_math.h ****    */
 501:Drivers/CMSIS/DSP/Include/arm_math.h **** #ifndef ARM_MATH_BIG_ENDIAN
 502:Drivers/CMSIS/DSP/Include/arm_math.h **** 
 503:Drivers/CMSIS/DSP/Include/arm_math.h **** #define __PACKq7(v0,v1,v2,v3) ( (((int32_t)(v0) <<  0) & (int32_t)0x000000FF) | \
 504:Drivers/CMSIS/DSP/Include/arm_math.h ****                                 (((int32_t)(v1) <<  8) & (int32_t)0x0000FF00) | \
 505:Drivers/CMSIS/DSP/Include/arm_math.h ****                                 (((int32_t)(v2) << 16) & (int32_t)0x00FF0000) | \
 506:Drivers/CMSIS/DSP/Include/arm_math.h ****                                 (((int32_t)(v3) << 24) & (int32_t)0xFF000000)  )
 507:Drivers/CMSIS/DSP/Include/arm_math.h **** #else
 508:Drivers/CMSIS/DSP/Include/arm_math.h **** 
 509:Drivers/CMSIS/DSP/Include/arm_math.h **** #define __PACKq7(v0,v1,v2,v3) ( (((int32_t)(v3) <<  0) & (int32_t)0x000000FF) | \
 510:Drivers/CMSIS/DSP/Include/arm_math.h ****                                 (((int32_t)(v2) <<  8) & (int32_t)0x0000FF00) | \
 511:Drivers/CMSIS/DSP/Include/arm_math.h ****                                 (((int32_t)(v1) << 16) & (int32_t)0x00FF0000) | \
 512:Drivers/CMSIS/DSP/Include/arm_math.h ****                                 (((int32_t)(v0) << 24) & (int32_t)0xFF000000)  )
 513:Drivers/CMSIS/DSP/Include/arm_math.h **** 
 514:Drivers/CMSIS/DSP/Include/arm_math.h **** #endif
 515:Drivers/CMSIS/DSP/Include/arm_math.h **** 
 516:Drivers/CMSIS/DSP/Include/arm_math.h **** 
 517:Drivers/CMSIS/DSP/Include/arm_math.h ****   /**
 518:Drivers/CMSIS/DSP/Include/arm_math.h ****    * @brief Clips Q63 to Q31 values.
 519:Drivers/CMSIS/DSP/Include/arm_math.h ****    */
 520:Drivers/CMSIS/DSP/Include/arm_math.h ****   CMSIS_INLINE __STATIC_INLINE q31_t clip_q63_to_q31(
 521:Drivers/CMSIS/DSP/Include/arm_math.h ****   q63_t x)
 522:Drivers/CMSIS/DSP/Include/arm_math.h ****   {
 523:Drivers/CMSIS/DSP/Include/arm_math.h ****     return ((q31_t) (x >> 32) != ((q31_t) x >> 31)) ?
 524:Drivers/CMSIS/DSP/Include/arm_math.h ****       ((0x7FFFFFFF ^ ((q31_t) (x >> 63)))) : (q31_t) x;
 525:Drivers/CMSIS/DSP/Include/arm_math.h ****   }
 526:Drivers/CMSIS/DSP/Include/arm_math.h **** 
 527:Drivers/CMSIS/DSP/Include/arm_math.h ****   /**
 528:Drivers/CMSIS/DSP/Include/arm_math.h ****    * @brief Clips Q63 to Q15 values.
 529:Drivers/CMSIS/DSP/Include/arm_math.h ****    */
 530:Drivers/CMSIS/DSP/Include/arm_math.h ****   CMSIS_INLINE __STATIC_INLINE q15_t clip_q63_to_q15(
 531:Drivers/CMSIS/DSP/Include/arm_math.h ****   q63_t x)
 532:Drivers/CMSIS/DSP/Include/arm_math.h ****   {
 533:Drivers/CMSIS/DSP/Include/arm_math.h ****     return ((q31_t) (x >> 32) != ((q31_t) x >> 31)) ?
ARM GAS  C:\Users\Lamp\AppData\Local\Temp\ccxPEMG8.s 			page 17


 534:Drivers/CMSIS/DSP/Include/arm_math.h ****       ((0x7FFF ^ ((q15_t) (x >> 63)))) : (q15_t) (x >> 15);
 535:Drivers/CMSIS/DSP/Include/arm_math.h ****   }
 536:Drivers/CMSIS/DSP/Include/arm_math.h **** 
 537:Drivers/CMSIS/DSP/Include/arm_math.h ****   /**
 538:Drivers/CMSIS/DSP/Include/arm_math.h ****    * @brief Clips Q31 to Q7 values.
 539:Drivers/CMSIS/DSP/Include/arm_math.h ****    */
 540:Drivers/CMSIS/DSP/Include/arm_math.h ****   CMSIS_INLINE __STATIC_INLINE q7_t clip_q31_to_q7(
 541:Drivers/CMSIS/DSP/Include/arm_math.h ****   q31_t x)
 542:Drivers/CMSIS/DSP/Include/arm_math.h ****   {
 543:Drivers/CMSIS/DSP/Include/arm_math.h ****     return ((q31_t) (x >> 24) != ((q31_t) x >> 23)) ?
 544:Drivers/CMSIS/DSP/Include/arm_math.h ****       ((0x7F ^ ((q7_t) (x >> 31)))) : (q7_t) x;
 545:Drivers/CMSIS/DSP/Include/arm_math.h ****   }
 546:Drivers/CMSIS/DSP/Include/arm_math.h **** 
 547:Drivers/CMSIS/DSP/Include/arm_math.h ****   /**
 548:Drivers/CMSIS/DSP/Include/arm_math.h ****    * @brief Clips Q31 to Q15 values.
 549:Drivers/CMSIS/DSP/Include/arm_math.h ****    */
 550:Drivers/CMSIS/DSP/Include/arm_math.h ****   CMSIS_INLINE __STATIC_INLINE q15_t clip_q31_to_q15(
 551:Drivers/CMSIS/DSP/Include/arm_math.h ****   q31_t x)
 552:Drivers/CMSIS/DSP/Include/arm_math.h ****   {
 553:Drivers/CMSIS/DSP/Include/arm_math.h ****     return ((q31_t) (x >> 16) != ((q31_t) x >> 15)) ?
 554:Drivers/CMSIS/DSP/Include/arm_math.h ****       ((0x7FFF ^ ((q15_t) (x >> 31)))) : (q15_t) x;
 555:Drivers/CMSIS/DSP/Include/arm_math.h ****   }
 556:Drivers/CMSIS/DSP/Include/arm_math.h **** 
 557:Drivers/CMSIS/DSP/Include/arm_math.h ****   /**
 558:Drivers/CMSIS/DSP/Include/arm_math.h ****    * @brief Multiplies 32 X 64 and returns 32 bit result in 2.30 format.
 559:Drivers/CMSIS/DSP/Include/arm_math.h ****    */
 560:Drivers/CMSIS/DSP/Include/arm_math.h **** 
 561:Drivers/CMSIS/DSP/Include/arm_math.h ****   CMSIS_INLINE __STATIC_INLINE q63_t mult32x64(
 562:Drivers/CMSIS/DSP/Include/arm_math.h ****   q63_t x,
 563:Drivers/CMSIS/DSP/Include/arm_math.h ****   q31_t y)
 564:Drivers/CMSIS/DSP/Include/arm_math.h ****   {
 565:Drivers/CMSIS/DSP/Include/arm_math.h ****     return ((((q63_t) (x & 0x00000000FFFFFFFF) * y) >> 32) +
 566:Drivers/CMSIS/DSP/Include/arm_math.h ****             (((q63_t) (x >> 32) * y)));
 567:Drivers/CMSIS/DSP/Include/arm_math.h ****   }
 568:Drivers/CMSIS/DSP/Include/arm_math.h **** 
 569:Drivers/CMSIS/DSP/Include/arm_math.h ****   /**
 570:Drivers/CMSIS/DSP/Include/arm_math.h ****    * @brief Function to Calculates 1/in (reciprocal) value of Q31 Data type.
 571:Drivers/CMSIS/DSP/Include/arm_math.h ****    */
 572:Drivers/CMSIS/DSP/Include/arm_math.h **** 
 573:Drivers/CMSIS/DSP/Include/arm_math.h ****   CMSIS_INLINE __STATIC_INLINE uint32_t arm_recip_q31(
 574:Drivers/CMSIS/DSP/Include/arm_math.h ****   q31_t in,
 575:Drivers/CMSIS/DSP/Include/arm_math.h ****   q31_t * dst,
 576:Drivers/CMSIS/DSP/Include/arm_math.h ****   q31_t * pRecipTable)
 577:Drivers/CMSIS/DSP/Include/arm_math.h ****   {
 578:Drivers/CMSIS/DSP/Include/arm_math.h ****     q31_t out;
 579:Drivers/CMSIS/DSP/Include/arm_math.h ****     uint32_t tempVal;
 580:Drivers/CMSIS/DSP/Include/arm_math.h ****     uint32_t index, i;
 581:Drivers/CMSIS/DSP/Include/arm_math.h ****     uint32_t signBits;
 582:Drivers/CMSIS/DSP/Include/arm_math.h **** 
 583:Drivers/CMSIS/DSP/Include/arm_math.h ****     if (in > 0)
 584:Drivers/CMSIS/DSP/Include/arm_math.h ****     {
 585:Drivers/CMSIS/DSP/Include/arm_math.h ****       signBits = ((uint32_t) (__CLZ( in) - 1));
 586:Drivers/CMSIS/DSP/Include/arm_math.h ****     }
 587:Drivers/CMSIS/DSP/Include/arm_math.h ****     else
 588:Drivers/CMSIS/DSP/Include/arm_math.h ****     {
 589:Drivers/CMSIS/DSP/Include/arm_math.h ****       signBits = ((uint32_t) (__CLZ(-in) - 1));
 590:Drivers/CMSIS/DSP/Include/arm_math.h ****     }
ARM GAS  C:\Users\Lamp\AppData\Local\Temp\ccxPEMG8.s 			page 18


 591:Drivers/CMSIS/DSP/Include/arm_math.h **** 
 592:Drivers/CMSIS/DSP/Include/arm_math.h ****     /* Convert input sample to 1.31 format */
 593:Drivers/CMSIS/DSP/Include/arm_math.h ****     in = (in << signBits);
 594:Drivers/CMSIS/DSP/Include/arm_math.h **** 
 595:Drivers/CMSIS/DSP/Include/arm_math.h ****     /* calculation of index for initial approximated Val */
 596:Drivers/CMSIS/DSP/Include/arm_math.h ****     index = (uint32_t)(in >> 24);
 597:Drivers/CMSIS/DSP/Include/arm_math.h ****     index = (index & INDEX_MASK);
 598:Drivers/CMSIS/DSP/Include/arm_math.h **** 
 599:Drivers/CMSIS/DSP/Include/arm_math.h ****     /* 1.31 with exp 1 */
 600:Drivers/CMSIS/DSP/Include/arm_math.h ****     out = pRecipTable[index];
 601:Drivers/CMSIS/DSP/Include/arm_math.h **** 
 602:Drivers/CMSIS/DSP/Include/arm_math.h ****     /* calculation of reciprocal value */
 603:Drivers/CMSIS/DSP/Include/arm_math.h ****     /* running approximation for two iterations */
 604:Drivers/CMSIS/DSP/Include/arm_math.h ****     for (i = 0U; i < 2U; i++)
 605:Drivers/CMSIS/DSP/Include/arm_math.h ****     {
 606:Drivers/CMSIS/DSP/Include/arm_math.h ****       tempVal = (uint32_t) (((q63_t) in * out) >> 31);
 607:Drivers/CMSIS/DSP/Include/arm_math.h ****       tempVal = 0x7FFFFFFFu - tempVal;
 608:Drivers/CMSIS/DSP/Include/arm_math.h ****       /*      1.31 with exp 1 */
 609:Drivers/CMSIS/DSP/Include/arm_math.h ****       /* out = (q31_t) (((q63_t) out * tempVal) >> 30); */
 610:Drivers/CMSIS/DSP/Include/arm_math.h ****       out = clip_q63_to_q31(((q63_t) out * tempVal) >> 30);
 611:Drivers/CMSIS/DSP/Include/arm_math.h ****     }
 612:Drivers/CMSIS/DSP/Include/arm_math.h **** 
 613:Drivers/CMSIS/DSP/Include/arm_math.h ****     /* write output */
 614:Drivers/CMSIS/DSP/Include/arm_math.h ****     *dst = out;
 615:Drivers/CMSIS/DSP/Include/arm_math.h **** 
 616:Drivers/CMSIS/DSP/Include/arm_math.h ****     /* return num of signbits of out = 1/in value */
 617:Drivers/CMSIS/DSP/Include/arm_math.h ****     return (signBits + 1U);
 618:Drivers/CMSIS/DSP/Include/arm_math.h ****   }
 619:Drivers/CMSIS/DSP/Include/arm_math.h **** 
 620:Drivers/CMSIS/DSP/Include/arm_math.h **** 
 621:Drivers/CMSIS/DSP/Include/arm_math.h ****   /**
 622:Drivers/CMSIS/DSP/Include/arm_math.h ****    * @brief Function to Calculates 1/in (reciprocal) value of Q15 Data type.
 623:Drivers/CMSIS/DSP/Include/arm_math.h ****    */
 624:Drivers/CMSIS/DSP/Include/arm_math.h ****   CMSIS_INLINE __STATIC_INLINE uint32_t arm_recip_q15(
 625:Drivers/CMSIS/DSP/Include/arm_math.h ****   q15_t in,
 626:Drivers/CMSIS/DSP/Include/arm_math.h ****   q15_t * dst,
 627:Drivers/CMSIS/DSP/Include/arm_math.h ****   q15_t * pRecipTable)
 628:Drivers/CMSIS/DSP/Include/arm_math.h ****   {
 629:Drivers/CMSIS/DSP/Include/arm_math.h ****     q15_t out = 0;
 630:Drivers/CMSIS/DSP/Include/arm_math.h ****     uint32_t tempVal = 0;
 631:Drivers/CMSIS/DSP/Include/arm_math.h ****     uint32_t index = 0, i = 0;
 632:Drivers/CMSIS/DSP/Include/arm_math.h ****     uint32_t signBits = 0;
 633:Drivers/CMSIS/DSP/Include/arm_math.h **** 
 634:Drivers/CMSIS/DSP/Include/arm_math.h ****     if (in > 0)
 635:Drivers/CMSIS/DSP/Include/arm_math.h ****     {
 636:Drivers/CMSIS/DSP/Include/arm_math.h ****       signBits = ((uint32_t)(__CLZ( in) - 17));
 637:Drivers/CMSIS/DSP/Include/arm_math.h ****     }
 638:Drivers/CMSIS/DSP/Include/arm_math.h ****     else
 639:Drivers/CMSIS/DSP/Include/arm_math.h ****     {
 640:Drivers/CMSIS/DSP/Include/arm_math.h ****       signBits = ((uint32_t)(__CLZ(-in) - 17));
 641:Drivers/CMSIS/DSP/Include/arm_math.h ****     }
 642:Drivers/CMSIS/DSP/Include/arm_math.h **** 
 643:Drivers/CMSIS/DSP/Include/arm_math.h ****     /* Convert input sample to 1.15 format */
 644:Drivers/CMSIS/DSP/Include/arm_math.h ****     in = (in << signBits);
 645:Drivers/CMSIS/DSP/Include/arm_math.h **** 
 646:Drivers/CMSIS/DSP/Include/arm_math.h ****     /* calculation of index for initial approximated Val */
 647:Drivers/CMSIS/DSP/Include/arm_math.h ****     index = (uint32_t)(in >>  8);
ARM GAS  C:\Users\Lamp\AppData\Local\Temp\ccxPEMG8.s 			page 19


 648:Drivers/CMSIS/DSP/Include/arm_math.h ****     index = (index & INDEX_MASK);
 649:Drivers/CMSIS/DSP/Include/arm_math.h **** 
 650:Drivers/CMSIS/DSP/Include/arm_math.h ****     /*      1.15 with exp 1  */
 651:Drivers/CMSIS/DSP/Include/arm_math.h ****     out = pRecipTable[index];
 652:Drivers/CMSIS/DSP/Include/arm_math.h **** 
 653:Drivers/CMSIS/DSP/Include/arm_math.h ****     /* calculation of reciprocal value */
 654:Drivers/CMSIS/DSP/Include/arm_math.h ****     /* running approximation for two iterations */
 655:Drivers/CMSIS/DSP/Include/arm_math.h ****     for (i = 0U; i < 2U; i++)
 656:Drivers/CMSIS/DSP/Include/arm_math.h ****     {
 657:Drivers/CMSIS/DSP/Include/arm_math.h ****       tempVal = (uint32_t) (((q31_t) in * out) >> 15);
 658:Drivers/CMSIS/DSP/Include/arm_math.h ****       tempVal = 0x7FFFu - tempVal;
 659:Drivers/CMSIS/DSP/Include/arm_math.h ****       /*      1.15 with exp 1 */
 660:Drivers/CMSIS/DSP/Include/arm_math.h ****       out = (q15_t) (((q31_t) out * tempVal) >> 14);
 661:Drivers/CMSIS/DSP/Include/arm_math.h ****       /* out = clip_q31_to_q15(((q31_t) out * tempVal) >> 14); */
 662:Drivers/CMSIS/DSP/Include/arm_math.h ****     }
 663:Drivers/CMSIS/DSP/Include/arm_math.h **** 
 664:Drivers/CMSIS/DSP/Include/arm_math.h ****     /* write output */
 665:Drivers/CMSIS/DSP/Include/arm_math.h ****     *dst = out;
 666:Drivers/CMSIS/DSP/Include/arm_math.h **** 
 667:Drivers/CMSIS/DSP/Include/arm_math.h ****     /* return num of signbits of out = 1/in value */
 668:Drivers/CMSIS/DSP/Include/arm_math.h ****     return (signBits + 1);
 669:Drivers/CMSIS/DSP/Include/arm_math.h ****   }
 670:Drivers/CMSIS/DSP/Include/arm_math.h **** 
 671:Drivers/CMSIS/DSP/Include/arm_math.h **** 
 672:Drivers/CMSIS/DSP/Include/arm_math.h **** /*
 673:Drivers/CMSIS/DSP/Include/arm_math.h ****  * @brief C custom defined intrinsic function for M3 and M0 processors
 674:Drivers/CMSIS/DSP/Include/arm_math.h ****  */
 675:Drivers/CMSIS/DSP/Include/arm_math.h **** #if !defined (ARM_MATH_DSP)
 676:Drivers/CMSIS/DSP/Include/arm_math.h **** 
 677:Drivers/CMSIS/DSP/Include/arm_math.h ****   /*
 678:Drivers/CMSIS/DSP/Include/arm_math.h ****    * @brief C custom defined QADD8 for M3 and M0 processors
 679:Drivers/CMSIS/DSP/Include/arm_math.h ****    */
 680:Drivers/CMSIS/DSP/Include/arm_math.h ****   CMSIS_INLINE __STATIC_INLINE uint32_t __QADD8(
 681:Drivers/CMSIS/DSP/Include/arm_math.h ****   uint32_t x,
 682:Drivers/CMSIS/DSP/Include/arm_math.h ****   uint32_t y)
 683:Drivers/CMSIS/DSP/Include/arm_math.h ****   {
 684:Drivers/CMSIS/DSP/Include/arm_math.h ****     q31_t r, s, t, u;
 685:Drivers/CMSIS/DSP/Include/arm_math.h **** 
 686:Drivers/CMSIS/DSP/Include/arm_math.h ****     r = __SSAT(((((q31_t)x << 24) >> 24) + (((q31_t)y << 24) >> 24)), 8) & (int32_t)0x000000FF;
 687:Drivers/CMSIS/DSP/Include/arm_math.h ****     s = __SSAT(((((q31_t)x << 16) >> 24) + (((q31_t)y << 16) >> 24)), 8) & (int32_t)0x000000FF;
 688:Drivers/CMSIS/DSP/Include/arm_math.h ****     t = __SSAT(((((q31_t)x <<  8) >> 24) + (((q31_t)y <<  8) >> 24)), 8) & (int32_t)0x000000FF;
 689:Drivers/CMSIS/DSP/Include/arm_math.h ****     u = __SSAT(((((q31_t)x      ) >> 24) + (((q31_t)y      ) >> 24)), 8) & (int32_t)0x000000FF;
 690:Drivers/CMSIS/DSP/Include/arm_math.h **** 
 691:Drivers/CMSIS/DSP/Include/arm_math.h ****     return ((uint32_t)((u << 24) | (t << 16) | (s <<  8) | (r      )));
 692:Drivers/CMSIS/DSP/Include/arm_math.h ****   }
 693:Drivers/CMSIS/DSP/Include/arm_math.h **** 
 694:Drivers/CMSIS/DSP/Include/arm_math.h **** 
 695:Drivers/CMSIS/DSP/Include/arm_math.h ****   /*
 696:Drivers/CMSIS/DSP/Include/arm_math.h ****    * @brief C custom defined QSUB8 for M3 and M0 processors
 697:Drivers/CMSIS/DSP/Include/arm_math.h ****    */
 698:Drivers/CMSIS/DSP/Include/arm_math.h ****   CMSIS_INLINE __STATIC_INLINE uint32_t __QSUB8(
 699:Drivers/CMSIS/DSP/Include/arm_math.h ****   uint32_t x,
 700:Drivers/CMSIS/DSP/Include/arm_math.h ****   uint32_t y)
 701:Drivers/CMSIS/DSP/Include/arm_math.h ****   {
 702:Drivers/CMSIS/DSP/Include/arm_math.h ****     q31_t r, s, t, u;
 703:Drivers/CMSIS/DSP/Include/arm_math.h **** 
 704:Drivers/CMSIS/DSP/Include/arm_math.h ****     r = __SSAT(((((q31_t)x << 24) >> 24) - (((q31_t)y << 24) >> 24)), 8) & (int32_t)0x000000FF;
ARM GAS  C:\Users\Lamp\AppData\Local\Temp\ccxPEMG8.s 			page 20


 705:Drivers/CMSIS/DSP/Include/arm_math.h ****     s = __SSAT(((((q31_t)x << 16) >> 24) - (((q31_t)y << 16) >> 24)), 8) & (int32_t)0x000000FF;
 706:Drivers/CMSIS/DSP/Include/arm_math.h ****     t = __SSAT(((((q31_t)x <<  8) >> 24) - (((q31_t)y <<  8) >> 24)), 8) & (int32_t)0x000000FF;
 707:Drivers/CMSIS/DSP/Include/arm_math.h ****     u = __SSAT(((((q31_t)x      ) >> 24) - (((q31_t)y      ) >> 24)), 8) & (int32_t)0x000000FF;
 708:Drivers/CMSIS/DSP/Include/arm_math.h **** 
 709:Drivers/CMSIS/DSP/Include/arm_math.h ****     return ((uint32_t)((u << 24) | (t << 16) | (s <<  8) | (r      )));
 710:Drivers/CMSIS/DSP/Include/arm_math.h ****   }
 711:Drivers/CMSIS/DSP/Include/arm_math.h **** 
 712:Drivers/CMSIS/DSP/Include/arm_math.h **** 
 713:Drivers/CMSIS/DSP/Include/arm_math.h ****   /*
 714:Drivers/CMSIS/DSP/Include/arm_math.h ****    * @brief C custom defined QADD16 for M3 and M0 processors
 715:Drivers/CMSIS/DSP/Include/arm_math.h ****    */
 716:Drivers/CMSIS/DSP/Include/arm_math.h ****   CMSIS_INLINE __STATIC_INLINE uint32_t __QADD16(
 717:Drivers/CMSIS/DSP/Include/arm_math.h ****   uint32_t x,
 718:Drivers/CMSIS/DSP/Include/arm_math.h ****   uint32_t y)
 719:Drivers/CMSIS/DSP/Include/arm_math.h ****   {
 720:Drivers/CMSIS/DSP/Include/arm_math.h **** /*  q31_t r,     s;  without initialisation 'arm_offset_q15 test' fails  but 'intrinsic' tests pass
 721:Drivers/CMSIS/DSP/Include/arm_math.h ****     q31_t r = 0, s = 0;
 722:Drivers/CMSIS/DSP/Include/arm_math.h **** 
 723:Drivers/CMSIS/DSP/Include/arm_math.h ****     r = __SSAT(((((q31_t)x << 16) >> 16) + (((q31_t)y << 16) >> 16)), 16) & (int32_t)0x0000FFFF;
 724:Drivers/CMSIS/DSP/Include/arm_math.h ****     s = __SSAT(((((q31_t)x      ) >> 16) + (((q31_t)y      ) >> 16)), 16) & (int32_t)0x0000FFFF;
 725:Drivers/CMSIS/DSP/Include/arm_math.h **** 
 726:Drivers/CMSIS/DSP/Include/arm_math.h ****     return ((uint32_t)((s << 16) | (r      )));
 727:Drivers/CMSIS/DSP/Include/arm_math.h ****   }
 728:Drivers/CMSIS/DSP/Include/arm_math.h **** 
 729:Drivers/CMSIS/DSP/Include/arm_math.h **** 
 730:Drivers/CMSIS/DSP/Include/arm_math.h ****   /*
 731:Drivers/CMSIS/DSP/Include/arm_math.h ****    * @brief C custom defined SHADD16 for M3 and M0 processors
 732:Drivers/CMSIS/DSP/Include/arm_math.h ****    */
 733:Drivers/CMSIS/DSP/Include/arm_math.h ****   CMSIS_INLINE __STATIC_INLINE uint32_t __SHADD16(
 734:Drivers/CMSIS/DSP/Include/arm_math.h ****   uint32_t x,
 735:Drivers/CMSIS/DSP/Include/arm_math.h ****   uint32_t y)
 736:Drivers/CMSIS/DSP/Include/arm_math.h ****   {
 737:Drivers/CMSIS/DSP/Include/arm_math.h ****     q31_t r, s;
 738:Drivers/CMSIS/DSP/Include/arm_math.h **** 
 739:Drivers/CMSIS/DSP/Include/arm_math.h ****     r = (((((q31_t)x << 16) >> 16) + (((q31_t)y << 16) >> 16)) >> 1) & (int32_t)0x0000FFFF;
 740:Drivers/CMSIS/DSP/Include/arm_math.h ****     s = (((((q31_t)x      ) >> 16) + (((q31_t)y      ) >> 16)) >> 1) & (int32_t)0x0000FFFF;
 741:Drivers/CMSIS/DSP/Include/arm_math.h **** 
 742:Drivers/CMSIS/DSP/Include/arm_math.h ****     return ((uint32_t)((s << 16) | (r      )));
 743:Drivers/CMSIS/DSP/Include/arm_math.h ****   }
 744:Drivers/CMSIS/DSP/Include/arm_math.h **** 
 745:Drivers/CMSIS/DSP/Include/arm_math.h **** 
 746:Drivers/CMSIS/DSP/Include/arm_math.h ****   /*
 747:Drivers/CMSIS/DSP/Include/arm_math.h ****    * @brief C custom defined QSUB16 for M3 and M0 processors
 748:Drivers/CMSIS/DSP/Include/arm_math.h ****    */
 749:Drivers/CMSIS/DSP/Include/arm_math.h ****   CMSIS_INLINE __STATIC_INLINE uint32_t __QSUB16(
 750:Drivers/CMSIS/DSP/Include/arm_math.h ****   uint32_t x,
 751:Drivers/CMSIS/DSP/Include/arm_math.h ****   uint32_t y)
 752:Drivers/CMSIS/DSP/Include/arm_math.h ****   {
 753:Drivers/CMSIS/DSP/Include/arm_math.h ****     q31_t r, s;
 754:Drivers/CMSIS/DSP/Include/arm_math.h **** 
 755:Drivers/CMSIS/DSP/Include/arm_math.h ****     r = __SSAT(((((q31_t)x << 16) >> 16) - (((q31_t)y << 16) >> 16)), 16) & (int32_t)0x0000FFFF;
 756:Drivers/CMSIS/DSP/Include/arm_math.h ****     s = __SSAT(((((q31_t)x      ) >> 16) - (((q31_t)y      ) >> 16)), 16) & (int32_t)0x0000FFFF;
 757:Drivers/CMSIS/DSP/Include/arm_math.h **** 
 758:Drivers/CMSIS/DSP/Include/arm_math.h ****     return ((uint32_t)((s << 16) | (r      )));
 759:Drivers/CMSIS/DSP/Include/arm_math.h ****   }
 760:Drivers/CMSIS/DSP/Include/arm_math.h **** 
 761:Drivers/CMSIS/DSP/Include/arm_math.h **** 
ARM GAS  C:\Users\Lamp\AppData\Local\Temp\ccxPEMG8.s 			page 21


 762:Drivers/CMSIS/DSP/Include/arm_math.h ****   /*
 763:Drivers/CMSIS/DSP/Include/arm_math.h ****    * @brief C custom defined SHSUB16 for M3 and M0 processors
 764:Drivers/CMSIS/DSP/Include/arm_math.h ****    */
 765:Drivers/CMSIS/DSP/Include/arm_math.h ****   CMSIS_INLINE __STATIC_INLINE uint32_t __SHSUB16(
 766:Drivers/CMSIS/DSP/Include/arm_math.h ****   uint32_t x,
 767:Drivers/CMSIS/DSP/Include/arm_math.h ****   uint32_t y)
 768:Drivers/CMSIS/DSP/Include/arm_math.h ****   {
 769:Drivers/CMSIS/DSP/Include/arm_math.h ****     q31_t r, s;
 770:Drivers/CMSIS/DSP/Include/arm_math.h **** 
 771:Drivers/CMSIS/DSP/Include/arm_math.h ****     r = (((((q31_t)x << 16) >> 16) - (((q31_t)y << 16) >> 16)) >> 1) & (int32_t)0x0000FFFF;
 772:Drivers/CMSIS/DSP/Include/arm_math.h ****     s = (((((q31_t)x      ) >> 16) - (((q31_t)y      ) >> 16)) >> 1) & (int32_t)0x0000FFFF;
 773:Drivers/CMSIS/DSP/Include/arm_math.h **** 
 774:Drivers/CMSIS/DSP/Include/arm_math.h ****     return ((uint32_t)((s << 16) | (r      )));
 775:Drivers/CMSIS/DSP/Include/arm_math.h ****   }
 776:Drivers/CMSIS/DSP/Include/arm_math.h **** 
 777:Drivers/CMSIS/DSP/Include/arm_math.h **** 
 778:Drivers/CMSIS/DSP/Include/arm_math.h ****   /*
 779:Drivers/CMSIS/DSP/Include/arm_math.h ****    * @brief C custom defined QASX for M3 and M0 processors
 780:Drivers/CMSIS/DSP/Include/arm_math.h ****    */
 781:Drivers/CMSIS/DSP/Include/arm_math.h ****   CMSIS_INLINE __STATIC_INLINE uint32_t __QASX(
 782:Drivers/CMSIS/DSP/Include/arm_math.h ****   uint32_t x,
 783:Drivers/CMSIS/DSP/Include/arm_math.h ****   uint32_t y)
 784:Drivers/CMSIS/DSP/Include/arm_math.h ****   {
 785:Drivers/CMSIS/DSP/Include/arm_math.h ****     q31_t r, s;
 786:Drivers/CMSIS/DSP/Include/arm_math.h **** 
 787:Drivers/CMSIS/DSP/Include/arm_math.h ****     r = __SSAT(((((q31_t)x << 16) >> 16) - (((q31_t)y      ) >> 16)), 16) & (int32_t)0x0000FFFF;
 788:Drivers/CMSIS/DSP/Include/arm_math.h ****     s = __SSAT(((((q31_t)x      ) >> 16) + (((q31_t)y << 16) >> 16)), 16) & (int32_t)0x0000FFFF;
 789:Drivers/CMSIS/DSP/Include/arm_math.h **** 
 790:Drivers/CMSIS/DSP/Include/arm_math.h ****     return ((uint32_t)((s << 16) | (r      )));
 791:Drivers/CMSIS/DSP/Include/arm_math.h ****   }
 792:Drivers/CMSIS/DSP/Include/arm_math.h **** 
 793:Drivers/CMSIS/DSP/Include/arm_math.h **** 
 794:Drivers/CMSIS/DSP/Include/arm_math.h ****   /*
 795:Drivers/CMSIS/DSP/Include/arm_math.h ****    * @brief C custom defined SHASX for M3 and M0 processors
 796:Drivers/CMSIS/DSP/Include/arm_math.h ****    */
 797:Drivers/CMSIS/DSP/Include/arm_math.h ****   CMSIS_INLINE __STATIC_INLINE uint32_t __SHASX(
 798:Drivers/CMSIS/DSP/Include/arm_math.h ****   uint32_t x,
 799:Drivers/CMSIS/DSP/Include/arm_math.h ****   uint32_t y)
 800:Drivers/CMSIS/DSP/Include/arm_math.h ****   {
 801:Drivers/CMSIS/DSP/Include/arm_math.h ****     q31_t r, s;
 802:Drivers/CMSIS/DSP/Include/arm_math.h **** 
 803:Drivers/CMSIS/DSP/Include/arm_math.h ****     r = (((((q31_t)x << 16) >> 16) - (((q31_t)y      ) >> 16)) >> 1) & (int32_t)0x0000FFFF;
 804:Drivers/CMSIS/DSP/Include/arm_math.h ****     s = (((((q31_t)x      ) >> 16) + (((q31_t)y << 16) >> 16)) >> 1) & (int32_t)0x0000FFFF;
 805:Drivers/CMSIS/DSP/Include/arm_math.h **** 
 806:Drivers/CMSIS/DSP/Include/arm_math.h ****     return ((uint32_t)((s << 16) | (r      )));
 807:Drivers/CMSIS/DSP/Include/arm_math.h ****   }
 808:Drivers/CMSIS/DSP/Include/arm_math.h **** 
 809:Drivers/CMSIS/DSP/Include/arm_math.h **** 
 810:Drivers/CMSIS/DSP/Include/arm_math.h ****   /*
 811:Drivers/CMSIS/DSP/Include/arm_math.h ****    * @brief C custom defined QSAX for M3 and M0 processors
 812:Drivers/CMSIS/DSP/Include/arm_math.h ****    */
 813:Drivers/CMSIS/DSP/Include/arm_math.h ****   CMSIS_INLINE __STATIC_INLINE uint32_t __QSAX(
 814:Drivers/CMSIS/DSP/Include/arm_math.h ****   uint32_t x,
 815:Drivers/CMSIS/DSP/Include/arm_math.h ****   uint32_t y)
 816:Drivers/CMSIS/DSP/Include/arm_math.h ****   {
 817:Drivers/CMSIS/DSP/Include/arm_math.h ****     q31_t r, s;
 818:Drivers/CMSIS/DSP/Include/arm_math.h **** 
ARM GAS  C:\Users\Lamp\AppData\Local\Temp\ccxPEMG8.s 			page 22


 819:Drivers/CMSIS/DSP/Include/arm_math.h ****     r = __SSAT(((((q31_t)x << 16) >> 16) + (((q31_t)y      ) >> 16)), 16) & (int32_t)0x0000FFFF;
 820:Drivers/CMSIS/DSP/Include/arm_math.h ****     s = __SSAT(((((q31_t)x      ) >> 16) - (((q31_t)y << 16) >> 16)), 16) & (int32_t)0x0000FFFF;
 821:Drivers/CMSIS/DSP/Include/arm_math.h **** 
 822:Drivers/CMSIS/DSP/Include/arm_math.h ****     return ((uint32_t)((s << 16) | (r      )));
 823:Drivers/CMSIS/DSP/Include/arm_math.h ****   }
 824:Drivers/CMSIS/DSP/Include/arm_math.h **** 
 825:Drivers/CMSIS/DSP/Include/arm_math.h **** 
 826:Drivers/CMSIS/DSP/Include/arm_math.h ****   /*
 827:Drivers/CMSIS/DSP/Include/arm_math.h ****    * @brief C custom defined SHSAX for M3 and M0 processors
 828:Drivers/CMSIS/DSP/Include/arm_math.h ****    */
 829:Drivers/CMSIS/DSP/Include/arm_math.h ****   CMSIS_INLINE __STATIC_INLINE uint32_t __SHSAX(
 830:Drivers/CMSIS/DSP/Include/arm_math.h ****   uint32_t x,
 831:Drivers/CMSIS/DSP/Include/arm_math.h ****   uint32_t y)
 832:Drivers/CMSIS/DSP/Include/arm_math.h ****   {
 833:Drivers/CMSIS/DSP/Include/arm_math.h ****     q31_t r, s;
 834:Drivers/CMSIS/DSP/Include/arm_math.h **** 
 835:Drivers/CMSIS/DSP/Include/arm_math.h ****     r = (((((q31_t)x << 16) >> 16) + (((q31_t)y      ) >> 16)) >> 1) & (int32_t)0x0000FFFF;
 836:Drivers/CMSIS/DSP/Include/arm_math.h ****     s = (((((q31_t)x      ) >> 16) - (((q31_t)y << 16) >> 16)) >> 1) & (int32_t)0x0000FFFF;
 837:Drivers/CMSIS/DSP/Include/arm_math.h **** 
 838:Drivers/CMSIS/DSP/Include/arm_math.h ****     return ((uint32_t)((s << 16) | (r      )));
 839:Drivers/CMSIS/DSP/Include/arm_math.h ****   }
 840:Drivers/CMSIS/DSP/Include/arm_math.h **** 
 841:Drivers/CMSIS/DSP/Include/arm_math.h **** 
 842:Drivers/CMSIS/DSP/Include/arm_math.h ****   /*
 843:Drivers/CMSIS/DSP/Include/arm_math.h ****    * @brief C custom defined SMUSDX for M3 and M0 processors
 844:Drivers/CMSIS/DSP/Include/arm_math.h ****    */
 845:Drivers/CMSIS/DSP/Include/arm_math.h ****   CMSIS_INLINE __STATIC_INLINE uint32_t __SMUSDX(
 846:Drivers/CMSIS/DSP/Include/arm_math.h ****   uint32_t x,
 847:Drivers/CMSIS/DSP/Include/arm_math.h ****   uint32_t y)
 848:Drivers/CMSIS/DSP/Include/arm_math.h ****   {
 849:Drivers/CMSIS/DSP/Include/arm_math.h ****     return ((uint32_t)(((((q31_t)x << 16) >> 16) * (((q31_t)y      ) >> 16)) -
 850:Drivers/CMSIS/DSP/Include/arm_math.h ****                        ((((q31_t)x      ) >> 16) * (((q31_t)y << 16) >> 16))   ));
 851:Drivers/CMSIS/DSP/Include/arm_math.h ****   }
 852:Drivers/CMSIS/DSP/Include/arm_math.h **** 
 853:Drivers/CMSIS/DSP/Include/arm_math.h ****   /*
 854:Drivers/CMSIS/DSP/Include/arm_math.h ****    * @brief C custom defined SMUADX for M3 and M0 processors
 855:Drivers/CMSIS/DSP/Include/arm_math.h ****    */
 856:Drivers/CMSIS/DSP/Include/arm_math.h ****   CMSIS_INLINE __STATIC_INLINE uint32_t __SMUADX(
 857:Drivers/CMSIS/DSP/Include/arm_math.h ****   uint32_t x,
 858:Drivers/CMSIS/DSP/Include/arm_math.h ****   uint32_t y)
 859:Drivers/CMSIS/DSP/Include/arm_math.h ****   {
 860:Drivers/CMSIS/DSP/Include/arm_math.h ****     return ((uint32_t)(((((q31_t)x << 16) >> 16) * (((q31_t)y      ) >> 16)) +
 861:Drivers/CMSIS/DSP/Include/arm_math.h ****                        ((((q31_t)x      ) >> 16) * (((q31_t)y << 16) >> 16))   ));
 862:Drivers/CMSIS/DSP/Include/arm_math.h ****   }
 863:Drivers/CMSIS/DSP/Include/arm_math.h **** 
 864:Drivers/CMSIS/DSP/Include/arm_math.h **** 
 865:Drivers/CMSIS/DSP/Include/arm_math.h ****   /*
 866:Drivers/CMSIS/DSP/Include/arm_math.h ****    * @brief C custom defined QADD for M3 and M0 processors
 867:Drivers/CMSIS/DSP/Include/arm_math.h ****    */
 868:Drivers/CMSIS/DSP/Include/arm_math.h ****   CMSIS_INLINE __STATIC_INLINE int32_t __QADD(
 869:Drivers/CMSIS/DSP/Include/arm_math.h ****   int32_t x,
 870:Drivers/CMSIS/DSP/Include/arm_math.h ****   int32_t y)
 871:Drivers/CMSIS/DSP/Include/arm_math.h ****   {
 872:Drivers/CMSIS/DSP/Include/arm_math.h ****     return ((int32_t)(clip_q63_to_q31((q63_t)x + (q31_t)y)));
 873:Drivers/CMSIS/DSP/Include/arm_math.h ****   }
 874:Drivers/CMSIS/DSP/Include/arm_math.h **** 
 875:Drivers/CMSIS/DSP/Include/arm_math.h **** 
ARM GAS  C:\Users\Lamp\AppData\Local\Temp\ccxPEMG8.s 			page 23


 876:Drivers/CMSIS/DSP/Include/arm_math.h ****   /*
 877:Drivers/CMSIS/DSP/Include/arm_math.h ****    * @brief C custom defined QSUB for M3 and M0 processors
 878:Drivers/CMSIS/DSP/Include/arm_math.h ****    */
 879:Drivers/CMSIS/DSP/Include/arm_math.h ****   CMSIS_INLINE __STATIC_INLINE int32_t __QSUB(
 880:Drivers/CMSIS/DSP/Include/arm_math.h ****   int32_t x,
 881:Drivers/CMSIS/DSP/Include/arm_math.h ****   int32_t y)
 882:Drivers/CMSIS/DSP/Include/arm_math.h ****   {
 883:Drivers/CMSIS/DSP/Include/arm_math.h ****     return ((int32_t)(clip_q63_to_q31((q63_t)x - (q31_t)y)));
 884:Drivers/CMSIS/DSP/Include/arm_math.h ****   }
 885:Drivers/CMSIS/DSP/Include/arm_math.h **** 
 886:Drivers/CMSIS/DSP/Include/arm_math.h **** 
 887:Drivers/CMSIS/DSP/Include/arm_math.h ****   /*
 888:Drivers/CMSIS/DSP/Include/arm_math.h ****    * @brief C custom defined SMLAD for M3 and M0 processors
 889:Drivers/CMSIS/DSP/Include/arm_math.h ****    */
 890:Drivers/CMSIS/DSP/Include/arm_math.h ****   CMSIS_INLINE __STATIC_INLINE uint32_t __SMLAD(
 194              		.loc 2 890 41 is_stmt 1 view .LVU63
 195              	.LBB67:
 891:Drivers/CMSIS/DSP/Include/arm_math.h ****   uint32_t x,
 892:Drivers/CMSIS/DSP/Include/arm_math.h ****   uint32_t y,
 893:Drivers/CMSIS/DSP/Include/arm_math.h ****   uint32_t sum)
 894:Drivers/CMSIS/DSP/Include/arm_math.h ****   {
 895:Drivers/CMSIS/DSP/Include/arm_math.h ****     return ((uint32_t)(((((q31_t)x << 16) >> 16) * (((q31_t)y << 16) >> 16)) +
 196              		.loc 2 895 5 view .LVU64
 896:Drivers/CMSIS/DSP/Include/arm_math.h ****                        ((((q31_t)x      ) >> 16) * (((q31_t)y      ) >> 16)) +
 197              		.loc 2 896 43 is_stmt 0 view .LVU65
 198 0088 4FEA2E4B 		asr	fp, lr, #16
 199              		.loc 2 896 70 view .LVU66
 200 008c 3914     		asrs	r1, r7, #16
 201              		.loc 2 896 50 view .LVU67
 202 008e 0BFB01F1 		mul	r1, fp, r1
 895:Drivers/CMSIS/DSP/Include/arm_math.h ****                        ((((q31_t)x      ) >> 16) * (((q31_t)y      ) >> 16)) +
 203              		.loc 2 895 78 view .LVU68
 204 0092 0EFB0711 		mla	r1, lr, r7, r1
 205              		.loc 2 896 78 view .LVU69
 206 0096 0D44     		add	r5, r5, r1
 207              	.LVL23:
 208              		.loc 2 896 78 view .LVU70
 209              	.LBE67:
 210              	.LBE66:
 182:Drivers/CMSIS/DSP/Source/FilteringFunctions/arm_conv_partial_fast_q15.c **** 
 183:Drivers/CMSIS/DSP/Source/FilteringFunctions/arm_conv_partial_fast_q15.c ****         /* Decrement the loop counter */
 184:Drivers/CMSIS/DSP/Source/FilteringFunctions/arm_conv_partial_fast_q15.c ****         k--;
 211              		.loc 1 184 9 is_stmt 1 view .LVU71
 212              		.loc 1 184 10 is_stmt 0 view .LVU72
 213 0098 013C     		subs	r4, r4, #1
 214              	.LVL24:
 215              	.L10:
 178:Drivers/CMSIS/DSP/Source/FilteringFunctions/arm_conv_partial_fast_q15.c ****       {
 216              		.loc 1 178 16 is_stmt 1 view .LVU73
 217 009a 002C     		cmp	r4, #0
 218 009c F0D1     		bne	.L8
 185:Drivers/CMSIS/DSP/Source/FilteringFunctions/arm_conv_partial_fast_q15.c ****       }
 186:Drivers/CMSIS/DSP/Source/FilteringFunctions/arm_conv_partial_fast_q15.c **** 
 187:Drivers/CMSIS/DSP/Source/FilteringFunctions/arm_conv_partial_fast_q15.c ****       /* Store the result in the accumulator in the destination buffer. */
 188:Drivers/CMSIS/DSP/Source/FilteringFunctions/arm_conv_partial_fast_q15.c ****       *pOut++ = (q15_t) (sum >> 15);
 219              		.loc 1 188 12 is_stmt 0 view .LVU74
 220 009e DDF804E0 		ldr	lr, [sp, #4]
ARM GAS  C:\Users\Lamp\AppData\Local\Temp\ccxPEMG8.s 			page 24


 221 00a2 039F     		ldr	r7, [sp, #12]
 222              		.loc 1 188 7 is_stmt 1 view .LVU75
 223              		.loc 1 188 12 is_stmt 0 view .LVU76
 224 00a4 029B     		ldr	r3, [sp, #8]
 225              	.LVL25:
 226              		.loc 1 188 17 view .LVU77
 227 00a6 45F3CF35 		sbfx	r5, r5, #15, #16
 228              	.LVL26:
 229              		.loc 1 188 15 view .LVU78
 230 00aa 23F8025B 		strh	r5, [r3], #2	@ movhi
 231              	.LVL27:
 189:Drivers/CMSIS/DSP/Source/FilteringFunctions/arm_conv_partial_fast_q15.c **** 
 190:Drivers/CMSIS/DSP/Source/FilteringFunctions/arm_conv_partial_fast_q15.c ****       /* Update the inputA and inputB pointers for next MAC calculation */
 191:Drivers/CMSIS/DSP/Source/FilteringFunctions/arm_conv_partial_fast_q15.c ****       py = ++pSrc2;
 232              		.loc 1 191 7 is_stmt 1 view .LVU79
 233              		.loc 1 191 10 is_stmt 0 view .LVU80
 234 00ae 0EF1020E 		add	lr, lr, #2
 235              	.LVL28:
 192:Drivers/CMSIS/DSP/Source/FilteringFunctions/arm_conv_partial_fast_q15.c ****       px = pIn1;
 236              		.loc 1 192 7 is_stmt 1 view .LVU81
 193:Drivers/CMSIS/DSP/Source/FilteringFunctions/arm_conv_partial_fast_q15.c **** 
 194:Drivers/CMSIS/DSP/Source/FilteringFunctions/arm_conv_partial_fast_q15.c ****       /* Increment the MAC count */
 195:Drivers/CMSIS/DSP/Source/FilteringFunctions/arm_conv_partial_fast_q15.c ****       count++;
 237              		.loc 1 195 7 view .LVU82
 238              		.loc 1 195 12 is_stmt 0 view .LVU83
 239 00b2 0137     		adds	r7, r7, #1
 240              	.LVL29:
 196:Drivers/CMSIS/DSP/Source/FilteringFunctions/arm_conv_partial_fast_q15.c **** 
 197:Drivers/CMSIS/DSP/Source/FilteringFunctions/arm_conv_partial_fast_q15.c ****       /* Decrement the loop counter */
 198:Drivers/CMSIS/DSP/Source/FilteringFunctions/arm_conv_partial_fast_q15.c ****       blockSize1--;
 241              		.loc 1 198 7 is_stmt 1 view .LVU84
 242              		.loc 1 198 17 is_stmt 0 view .LVU85
 243 00b4 0CF1FF3C 		add	ip, ip, #-1
 244              	.LVL30:
 188:Drivers/CMSIS/DSP/Source/FilteringFunctions/arm_conv_partial_fast_q15.c **** 
 245              		.loc 1 188 12 view .LVU86
 246 00b8 0293     		str	r3, [sp, #8]
 247              	.LVL31:
 248              	.L7:
 169:Drivers/CMSIS/DSP/Source/FilteringFunctions/arm_conv_partial_fast_q15.c ****     {
 249              		.loc 1 169 25 is_stmt 1 view .LVU87
 250 00ba 032F     		cmp	r7, #3
 251 00bc 0AD8     		bhi	.L9
 169:Drivers/CMSIS/DSP/Source/FilteringFunctions/arm_conv_partial_fast_q15.c ****     {
 252              		.loc 1 169 25 is_stmt 0 discriminator 1 view .LVU88
 253 00be BCF1000F 		cmp	ip, #0
 254 00c2 07DD     		ble	.L9
 255 00c4 7246     		mov	r2, lr
 256 00c6 059B     		ldr	r3, [sp, #20]
 176:Drivers/CMSIS/DSP/Source/FilteringFunctions/arm_conv_partial_fast_q15.c **** 
 257              		.loc 1 176 9 view .LVU89
 258 00c8 3C46     		mov	r4, r7
 172:Drivers/CMSIS/DSP/Source/FilteringFunctions/arm_conv_partial_fast_q15.c **** 
 259              		.loc 1 172 11 view .LVU90
 260 00ca 0025     		movs	r5, #0
 261 00cc CDF804E0 		str	lr, [sp, #4]
 262 00d0 0397     		str	r7, [sp, #12]
ARM GAS  C:\Users\Lamp\AppData\Local\Temp\ccxPEMG8.s 			page 25


 263 00d2 E2E7     		b	.L10
 264              	.L9:
 199:Drivers/CMSIS/DSP/Source/FilteringFunctions/arm_conv_partial_fast_q15.c ****     }
 200:Drivers/CMSIS/DSP/Source/FilteringFunctions/arm_conv_partial_fast_q15.c **** 
 201:Drivers/CMSIS/DSP/Source/FilteringFunctions/arm_conv_partial_fast_q15.c ****     /* The second part of the stage starts here */
 202:Drivers/CMSIS/DSP/Source/FilteringFunctions/arm_conv_partial_fast_q15.c ****     /* The internal loop, over count, is unrolled by 4 */
 203:Drivers/CMSIS/DSP/Source/FilteringFunctions/arm_conv_partial_fast_q15.c ****     /* To, read the last two inputB samples using SIMD:
 204:Drivers/CMSIS/DSP/Source/FilteringFunctions/arm_conv_partial_fast_q15.c ****      * y[srcBLen] and y[srcBLen-1] coefficients, py is decremented by 1 */
 205:Drivers/CMSIS/DSP/Source/FilteringFunctions/arm_conv_partial_fast_q15.c ****     py = py - 1;
 265              		.loc 1 205 5 is_stmt 1 view .LVU91
 266              		.loc 1 205 13 is_stmt 0 view .LVU92
 267 00d4 AEF10201 		sub	r1, lr, #2
 268              	.LVL32:
 206:Drivers/CMSIS/DSP/Source/FilteringFunctions/arm_conv_partial_fast_q15.c **** 
 207:Drivers/CMSIS/DSP/Source/FilteringFunctions/arm_conv_partial_fast_q15.c ****     while (blockSize1 > 0)
 269              		.loc 1 207 5 is_stmt 1 view .LVU93
 270 00d8 CDF804E0 		str	lr, [sp, #4]
 271 00dc D346     		mov	fp, r10
 272 00de CA46     		mov	r10, r9
 273              	.LVL33:
 274              		.loc 1 207 5 is_stmt 0 view .LVU94
 275 00e0 8146     		mov	r9, r0
 276              	.LVL34:
 277              		.loc 1 207 5 view .LVU95
 278 00e2 4446     		mov	r4, r8
 279 00e4 B846     		mov	r8, r7
 280              	.LVL35:
 281              		.loc 1 207 11 view .LVU96
 282 00e6 4BE0     		b	.L11
 283              	.LVL36:
 284              	.L13:
 208:Drivers/CMSIS/DSP/Source/FilteringFunctions/arm_conv_partial_fast_q15.c ****     {
 209:Drivers/CMSIS/DSP/Source/FilteringFunctions/arm_conv_partial_fast_q15.c ****       /* Accumulator is made zero for every iteration */
 210:Drivers/CMSIS/DSP/Source/FilteringFunctions/arm_conv_partial_fast_q15.c ****       sum = 0;
 211:Drivers/CMSIS/DSP/Source/FilteringFunctions/arm_conv_partial_fast_q15.c **** 
 212:Drivers/CMSIS/DSP/Source/FilteringFunctions/arm_conv_partial_fast_q15.c ****       /* Apply loop unrolling and compute 4 MACs simultaneously. */
 213:Drivers/CMSIS/DSP/Source/FilteringFunctions/arm_conv_partial_fast_q15.c ****       k = count >> 2U;
 214:Drivers/CMSIS/DSP/Source/FilteringFunctions/arm_conv_partial_fast_q15.c **** 
 215:Drivers/CMSIS/DSP/Source/FilteringFunctions/arm_conv_partial_fast_q15.c ****       /* First part of the processing with loop unrolling.  Compute 4 MACs at a time.
 216:Drivers/CMSIS/DSP/Source/FilteringFunctions/arm_conv_partial_fast_q15.c ****        ** a second loop below computes MACs for the remaining 1 to 3 samples. */
 217:Drivers/CMSIS/DSP/Source/FilteringFunctions/arm_conv_partial_fast_q15.c ****       while (k > 0U)
 218:Drivers/CMSIS/DSP/Source/FilteringFunctions/arm_conv_partial_fast_q15.c ****       {
 219:Drivers/CMSIS/DSP/Source/FilteringFunctions/arm_conv_partial_fast_q15.c ****         /* Perform the multiply-accumulates */
 220:Drivers/CMSIS/DSP/Source/FilteringFunctions/arm_conv_partial_fast_q15.c ****         /* x[0], x[1] are multiplied with y[srcBLen - 1], y[srcBLen - 2] respectively */
 221:Drivers/CMSIS/DSP/Source/FilteringFunctions/arm_conv_partial_fast_q15.c ****         sum = __SMLADX(*__SIMD32(px)++, *__SIMD32(py)--, sum);
 285              		.loc 1 221 9 is_stmt 1 view .LVU97
 286              		.loc 1 221 24 is_stmt 0 view .LVU98
 287 00e8 8446     		mov	ip, r0
 288 00ea 5CF8082B 		ldr	r2, [ip], #8
 289              	.LVL37:
 290              		.loc 1 221 41 view .LVU99
 291 00ee 8E46     		mov	lr, r1
 292 00f0 5EF80859 		ldr	r5, [lr], #-8
 293              	.LVL38:
 294              	.LBB68:
 295              	.LBI68:
 897:Drivers/CMSIS/DSP/Include/arm_math.h ****                        ( ((q31_t)sum    )                                  )   ));
ARM GAS  C:\Users\Lamp\AppData\Local\Temp\ccxPEMG8.s 			page 26


 898:Drivers/CMSIS/DSP/Include/arm_math.h ****   }
 899:Drivers/CMSIS/DSP/Include/arm_math.h **** 
 900:Drivers/CMSIS/DSP/Include/arm_math.h **** 
 901:Drivers/CMSIS/DSP/Include/arm_math.h ****   /*
 902:Drivers/CMSIS/DSP/Include/arm_math.h ****    * @brief C custom defined SMLADX for M3 and M0 processors
 903:Drivers/CMSIS/DSP/Include/arm_math.h ****    */
 904:Drivers/CMSIS/DSP/Include/arm_math.h ****   CMSIS_INLINE __STATIC_INLINE uint32_t __SMLADX(
 296              		.loc 2 904 41 is_stmt 1 view .LVU100
 297              	.LBB69:
 905:Drivers/CMSIS/DSP/Include/arm_math.h ****   uint32_t x,
 906:Drivers/CMSIS/DSP/Include/arm_math.h ****   uint32_t y,
 907:Drivers/CMSIS/DSP/Include/arm_math.h ****   uint32_t sum)
 908:Drivers/CMSIS/DSP/Include/arm_math.h ****   {
 909:Drivers/CMSIS/DSP/Include/arm_math.h ****     return ((uint32_t)(((((q31_t)x << 16) >> 16) * (((q31_t)y      ) >> 16)) +
 298              		.loc 2 909 5 view .LVU101
 299              		.loc 2 909 43 is_stmt 0 view .LVU102
 300 00f4 0FFA82F8 		sxth	r8, r2
 301              		.loc 2 909 70 view .LVU103
 302 00f8 4FEA254B 		asr	fp, r5, #16
 910:Drivers/CMSIS/DSP/Include/arm_math.h ****                        ((((q31_t)x      ) >> 16) * (((q31_t)y << 16) >> 16)) +
 303              		.loc 2 910 43 view .LVU104
 304 00fc 1214     		asrs	r2, r2, #16
 305              	.LVL39:
 306              		.loc 2 910 70 view .LVU105
 307 00fe 2DB2     		sxth	r5, r5
 308              	.LVL40:
 309              		.loc 2 910 50 view .LVU106
 310 0100 05FB02F2 		mul	r2, r5, r2
 909:Drivers/CMSIS/DSP/Include/arm_math.h ****                        ((((q31_t)x      ) >> 16) * (((q31_t)y << 16) >> 16)) +
 311              		.loc 2 909 78 view .LVU107
 312 0104 0BFB0822 		mla	r2, fp, r8, r2
 313              		.loc 2 910 78 view .LVU108
 314 0108 1A44     		add	r2, r2, r3
 315              	.LVL41:
 316              		.loc 2 910 78 view .LVU109
 317              	.LBE69:
 318              	.LBE68:
 222:Drivers/CMSIS/DSP/Source/FilteringFunctions/arm_conv_partial_fast_q15.c ****         /* x[2], x[3] are multiplied with y[srcBLen - 3], y[srcBLen - 4] respectively */
 223:Drivers/CMSIS/DSP/Source/FilteringFunctions/arm_conv_partial_fast_q15.c ****         sum = __SMLADX(*__SIMD32(px)++, *__SIMD32(py)--, sum);
 319              		.loc 1 223 9 is_stmt 1 view .LVU110
 320              		.loc 1 223 24 is_stmt 0 view .LVU111
 321 010a 4068     		ldr	r0, [r0, #4]
 322              	.LVL42:
 323              		.loc 1 223 41 view .LVU112
 324 010c 51F8041C 		ldr	r1, [r1, #-4]
 325              	.LVL43:
 326              	.LBB70:
 327              	.LBI70:
 904:Drivers/CMSIS/DSP/Include/arm_math.h ****   uint32_t x,
 328              		.loc 2 904 41 is_stmt 1 view .LVU113
 329              	.LBB71:
 909:Drivers/CMSIS/DSP/Include/arm_math.h ****                        ((((q31_t)x      ) >> 16) * (((q31_t)y << 16) >> 16)) +
 330              		.loc 2 909 5 view .LVU114
 909:Drivers/CMSIS/DSP/Include/arm_math.h ****                        ((((q31_t)x      ) >> 16) * (((q31_t)y << 16) >> 16)) +
 331              		.loc 2 909 43 is_stmt 0 view .LVU115
 332 0110 0FFA80F8 		sxth	r8, r0
 909:Drivers/CMSIS/DSP/Include/arm_math.h ****                        ((((q31_t)x      ) >> 16) * (((q31_t)y << 16) >> 16)) +
ARM GAS  C:\Users\Lamp\AppData\Local\Temp\ccxPEMG8.s 			page 27


 333              		.loc 2 909 70 view .LVU116
 334 0114 0D14     		asrs	r5, r1, #16
 335              		.loc 2 910 43 view .LVU117
 336 0116 0014     		asrs	r0, r0, #16
 337              	.LVL44:
 338              		.loc 2 910 70 view .LVU118
 339 0118 09B2     		sxth	r1, r1
 340              	.LVL45:
 341              		.loc 2 910 50 view .LVU119
 342 011a 00FB01F1 		mul	r1, r0, r1
 909:Drivers/CMSIS/DSP/Include/arm_math.h ****                        ((((q31_t)x      ) >> 16) * (((q31_t)y << 16) >> 16)) +
 343              		.loc 2 909 78 view .LVU120
 344 011e 08FB0511 		mla	r1, r8, r5, r1
 345              		.loc 2 910 78 view .LVU121
 346 0122 8B18     		adds	r3, r1, r2
 347              	.LVL46:
 348              		.loc 2 910 78 view .LVU122
 349              	.LBE71:
 350              	.LBE70:
 224:Drivers/CMSIS/DSP/Source/FilteringFunctions/arm_conv_partial_fast_q15.c **** 
 225:Drivers/CMSIS/DSP/Source/FilteringFunctions/arm_conv_partial_fast_q15.c ****         /* Decrement the loop counter */
 226:Drivers/CMSIS/DSP/Source/FilteringFunctions/arm_conv_partial_fast_q15.c ****         k--;
 351              		.loc 1 226 9 is_stmt 1 view .LVU123
 352              		.loc 1 226 10 is_stmt 0 view .LVU124
 353 0124 013F     		subs	r7, r7, #1
 354              	.LVL47:
 223:Drivers/CMSIS/DSP/Source/FilteringFunctions/arm_conv_partial_fast_q15.c **** 
 355              		.loc 1 223 54 view .LVU125
 356 0126 7146     		mov	r1, lr
 223:Drivers/CMSIS/DSP/Source/FilteringFunctions/arm_conv_partial_fast_q15.c **** 
 357              		.loc 1 223 37 view .LVU126
 358 0128 6046     		mov	r0, ip
 359              	.LVL48:
 360              	.L12:
 217:Drivers/CMSIS/DSP/Source/FilteringFunctions/arm_conv_partial_fast_q15.c ****       {
 361              		.loc 1 217 16 is_stmt 1 view .LVU127
 362 012a 002F     		cmp	r7, #0
 363 012c DCD1     		bne	.L13
 227:Drivers/CMSIS/DSP/Source/FilteringFunctions/arm_conv_partial_fast_q15.c ****       }
 228:Drivers/CMSIS/DSP/Source/FilteringFunctions/arm_conv_partial_fast_q15.c **** 
 229:Drivers/CMSIS/DSP/Source/FilteringFunctions/arm_conv_partial_fast_q15.c ****       /* For the next MAC operations, the pointer py is used without SIMD
 230:Drivers/CMSIS/DSP/Source/FilteringFunctions/arm_conv_partial_fast_q15.c ****        * So, py is incremented by 1 */
 231:Drivers/CMSIS/DSP/Source/FilteringFunctions/arm_conv_partial_fast_q15.c ****       py = py + 1U;
 364              		.loc 1 231 15 is_stmt 0 view .LVU128
 365 012e DDF80C80 		ldr	r8, [sp, #12]
 366 0132 DDF810C0 		ldr	ip, [sp, #16]
 367 0136 DDF818B0 		ldr	fp, [sp, #24]
 368              		.loc 1 231 7 is_stmt 1 view .LVU129
 369              		.loc 1 231 15 is_stmt 0 view .LVU130
 370 013a 0231     		adds	r1, r1, #2
 371              	.LVL49:
 232:Drivers/CMSIS/DSP/Source/FilteringFunctions/arm_conv_partial_fast_q15.c **** 
 233:Drivers/CMSIS/DSP/Source/FilteringFunctions/arm_conv_partial_fast_q15.c ****       /* If the count is not a multiple of 4, compute any remaining MACs here.
 234:Drivers/CMSIS/DSP/Source/FilteringFunctions/arm_conv_partial_fast_q15.c ****        ** No loop unrolling is used. */
 235:Drivers/CMSIS/DSP/Source/FilteringFunctions/arm_conv_partial_fast_q15.c ****       k = count % 0x4U;
 372              		.loc 1 235 7 is_stmt 1 view .LVU131
 373              		.loc 1 235 9 is_stmt 0 view .LVU132
ARM GAS  C:\Users\Lamp\AppData\Local\Temp\ccxPEMG8.s 			page 28


 374 013c 08F00305 		and	r5, r8, #3
 375              	.LVL50:
 236:Drivers/CMSIS/DSP/Source/FilteringFunctions/arm_conv_partial_fast_q15.c **** 
 237:Drivers/CMSIS/DSP/Source/FilteringFunctions/arm_conv_partial_fast_q15.c ****       while (k > 0U)
 376              		.loc 1 237 7 is_stmt 1 view .LVU133
 377              		.loc 1 237 13 is_stmt 0 view .LVU134
 378 0140 0CE0     		b	.L14
 379              	.L15:
 238:Drivers/CMSIS/DSP/Source/FilteringFunctions/arm_conv_partial_fast_q15.c ****       {
 239:Drivers/CMSIS/DSP/Source/FilteringFunctions/arm_conv_partial_fast_q15.c ****         /* Perform the multiply-accumulates */
 240:Drivers/CMSIS/DSP/Source/FilteringFunctions/arm_conv_partial_fast_q15.c ****         sum = __SMLAD(*px++, *py--, sum);
 380              		.loc 1 240 9 is_stmt 1 view .LVU135
 381              	.LVL51:
 382              		.loc 1 240 23 is_stmt 0 view .LVU136
 383 0142 30F9027B 		ldrsh	r7, [r0], #2
 384              	.LVL52:
 385              		.loc 1 240 30 view .LVU137
 386 0146 31F902E9 		ldrsh	lr, [r1], #-2
 387              	.LVL53:
 388              	.LBB72:
 389              	.LBI72:
 890:Drivers/CMSIS/DSP/Include/arm_math.h ****   uint32_t x,
 390              		.loc 2 890 41 is_stmt 1 view .LVU138
 391              	.LBB73:
 895:Drivers/CMSIS/DSP/Include/arm_math.h ****                        ((((q31_t)x      ) >> 16) * (((q31_t)y      ) >> 16)) +
 392              		.loc 2 895 5 view .LVU139
 896:Drivers/CMSIS/DSP/Include/arm_math.h ****                        ( ((q31_t)sum    )                                  )   ));
 393              		.loc 2 896 43 is_stmt 0 view .LVU140
 394 014a 3A14     		asrs	r2, r7, #16
 896:Drivers/CMSIS/DSP/Include/arm_math.h ****                        ( ((q31_t)sum    )                                  )   ));
 395              		.loc 2 896 70 view .LVU141
 396 014c 4FEA2E48 		asr	r8, lr, #16
 896:Drivers/CMSIS/DSP/Include/arm_math.h ****                        ( ((q31_t)sum    )                                  )   ));
 397              		.loc 2 896 50 view .LVU142
 398 0150 08FB02F2 		mul	r2, r8, r2
 895:Drivers/CMSIS/DSP/Include/arm_math.h ****                        ((((q31_t)x      ) >> 16) * (((q31_t)y      ) >> 16)) +
 399              		.loc 2 895 78 view .LVU143
 400 0154 0EFB0722 		mla	r2, lr, r7, r2
 896:Drivers/CMSIS/DSP/Include/arm_math.h ****                        ( ((q31_t)sum    )                                  )   ));
 401              		.loc 2 896 78 view .LVU144
 402 0158 1344     		add	r3, r3, r2
 403              	.LVL54:
 896:Drivers/CMSIS/DSP/Include/arm_math.h ****                        ( ((q31_t)sum    )                                  )   ));
 404              		.loc 2 896 78 view .LVU145
 405              	.LBE73:
 406              	.LBE72:
 241:Drivers/CMSIS/DSP/Source/FilteringFunctions/arm_conv_partial_fast_q15.c **** 
 242:Drivers/CMSIS/DSP/Source/FilteringFunctions/arm_conv_partial_fast_q15.c ****         /* Decrement the loop counter */
 243:Drivers/CMSIS/DSP/Source/FilteringFunctions/arm_conv_partial_fast_q15.c ****         k--;
 407              		.loc 1 243 9 is_stmt 1 view .LVU146
 408              		.loc 1 243 10 is_stmt 0 view .LVU147
 409 015a 013D     		subs	r5, r5, #1
 410              	.LVL55:
 411              	.L14:
 237:Drivers/CMSIS/DSP/Source/FilteringFunctions/arm_conv_partial_fast_q15.c ****       {
 412              		.loc 1 237 16 is_stmt 1 view .LVU148
 413 015c 002D     		cmp	r5, #0
ARM GAS  C:\Users\Lamp\AppData\Local\Temp\ccxPEMG8.s 			page 29


 414 015e F0D1     		bne	.L15
 244:Drivers/CMSIS/DSP/Source/FilteringFunctions/arm_conv_partial_fast_q15.c ****       }
 245:Drivers/CMSIS/DSP/Source/FilteringFunctions/arm_conv_partial_fast_q15.c **** 
 246:Drivers/CMSIS/DSP/Source/FilteringFunctions/arm_conv_partial_fast_q15.c ****       /* Store the result in the accumulator in the destination buffer. */
 247:Drivers/CMSIS/DSP/Source/FilteringFunctions/arm_conv_partial_fast_q15.c ****       *pOut++ = (q15_t) (sum >> 15);
 415              		.loc 1 247 12 is_stmt 0 view .LVU149
 416 0160 DDF80C80 		ldr	r8, [sp, #12]
 417              		.loc 1 247 7 is_stmt 1 view .LVU150
 418              		.loc 1 247 12 is_stmt 0 view .LVU151
 419 0164 029A     		ldr	r2, [sp, #8]
 420              	.LVL56:
 421              		.loc 1 247 17 view .LVU152
 422 0166 43F3CF33 		sbfx	r3, r3, #15, #16
 423              	.LVL57:
 424              		.loc 1 247 15 view .LVU153
 425 016a 22F8023B 		strh	r3, [r2], #2	@ movhi
 426              	.LVL58:
 248:Drivers/CMSIS/DSP/Source/FilteringFunctions/arm_conv_partial_fast_q15.c **** 
 249:Drivers/CMSIS/DSP/Source/FilteringFunctions/arm_conv_partial_fast_q15.c ****       /* Update the inputA and inputB pointers for next MAC calculation */
 250:Drivers/CMSIS/DSP/Source/FilteringFunctions/arm_conv_partial_fast_q15.c ****       py = ++pSrc2 - 1U;
 427              		.loc 1 250 7 is_stmt 1 view .LVU154
 251:Drivers/CMSIS/DSP/Source/FilteringFunctions/arm_conv_partial_fast_q15.c ****       px = pIn1;
 428              		.loc 1 251 7 view .LVU155
 252:Drivers/CMSIS/DSP/Source/FilteringFunctions/arm_conv_partial_fast_q15.c **** 
 253:Drivers/CMSIS/DSP/Source/FilteringFunctions/arm_conv_partial_fast_q15.c ****       /* Increment the MAC count */
 254:Drivers/CMSIS/DSP/Source/FilteringFunctions/arm_conv_partial_fast_q15.c ****       count++;
 429              		.loc 1 254 7 view .LVU156
 430              		.loc 1 254 12 is_stmt 0 view .LVU157
 431 016e 08F10108 		add	r8, r8, #1
 432              	.LVL59:
 255:Drivers/CMSIS/DSP/Source/FilteringFunctions/arm_conv_partial_fast_q15.c **** 
 256:Drivers/CMSIS/DSP/Source/FilteringFunctions/arm_conv_partial_fast_q15.c ****       /* Decrement the loop counter */
 257:Drivers/CMSIS/DSP/Source/FilteringFunctions/arm_conv_partial_fast_q15.c ****       blockSize1--;
 433              		.loc 1 257 7 is_stmt 1 view .LVU158
 434              		.loc 1 257 17 is_stmt 0 view .LVU159
 435 0172 0CF1FF3C 		add	ip, ip, #-1
 436              	.LVL60:
 250:Drivers/CMSIS/DSP/Source/FilteringFunctions/arm_conv_partial_fast_q15.c ****       px = pIn1;
 437              		.loc 1 250 10 view .LVU160
 438 0176 019B     		ldr	r3, [sp, #4]
 439 0178 1946     		mov	r1, r3
 247:Drivers/CMSIS/DSP/Source/FilteringFunctions/arm_conv_partial_fast_q15.c **** 
 440              		.loc 1 247 12 view .LVU161
 441 017a 0292     		str	r2, [sp, #8]
 250:Drivers/CMSIS/DSP/Source/FilteringFunctions/arm_conv_partial_fast_q15.c ****       px = pIn1;
 442              		.loc 1 250 10 view .LVU162
 443 017c 0233     		adds	r3, r3, #2
 444              	.LVL61:
 250:Drivers/CMSIS/DSP/Source/FilteringFunctions/arm_conv_partial_fast_q15.c ****       px = pIn1;
 445              		.loc 1 250 10 view .LVU163
 446 017e 0193     		str	r3, [sp, #4]
 447              	.LVL62:
 448              	.L11:
 207:Drivers/CMSIS/DSP/Source/FilteringFunctions/arm_conv_partial_fast_q15.c ****     {
 449              		.loc 1 207 23 is_stmt 1 view .LVU164
 450 0180 BCF1000F 		cmp	ip, #0
 451 0184 0ADD     		ble	.L58
ARM GAS  C:\Users\Lamp\AppData\Local\Temp\ccxPEMG8.s 			page 30


 210:Drivers/CMSIS/DSP/Source/FilteringFunctions/arm_conv_partial_fast_q15.c **** 
 452              		.loc 1 210 7 view .LVU165
 453              	.LVL63:
 213:Drivers/CMSIS/DSP/Source/FilteringFunctions/arm_conv_partial_fast_q15.c **** 
 454              		.loc 1 213 7 view .LVU166
 213:Drivers/CMSIS/DSP/Source/FilteringFunctions/arm_conv_partial_fast_q15.c **** 
 455              		.loc 1 213 9 is_stmt 0 view .LVU167
 456 0186 4FEA9807 		lsr	r7, r8, #2
 457              	.LVL64:
 217:Drivers/CMSIS/DSP/Source/FilteringFunctions/arm_conv_partial_fast_q15.c ****       {
 458              		.loc 1 217 7 is_stmt 1 view .LVU168
 217:Drivers/CMSIS/DSP/Source/FilteringFunctions/arm_conv_partial_fast_q15.c ****       {
 459              		.loc 1 217 13 is_stmt 0 view .LVU169
 460 018a 0598     		ldr	r0, [sp, #20]
 210:Drivers/CMSIS/DSP/Source/FilteringFunctions/arm_conv_partial_fast_q15.c **** 
 461              		.loc 1 210 11 view .LVU170
 462 018c 0023     		movs	r3, #0
 463 018e CDF80C80 		str	r8, [sp, #12]
 464 0192 CDF810C0 		str	ip, [sp, #16]
 465 0196 CDF818B0 		str	fp, [sp, #24]
 217:Drivers/CMSIS/DSP/Source/FilteringFunctions/arm_conv_partial_fast_q15.c ****       {
 466              		.loc 1 217 13 view .LVU171
 467 019a C6E7     		b	.L12
 468              	.LVL65:
 469              	.L58:
 258:Drivers/CMSIS/DSP/Source/FilteringFunctions/arm_conv_partial_fast_q15.c ****     }
 259:Drivers/CMSIS/DSP/Source/FilteringFunctions/arm_conv_partial_fast_q15.c **** 
 260:Drivers/CMSIS/DSP/Source/FilteringFunctions/arm_conv_partial_fast_q15.c ****     /* --------------------------
 261:Drivers/CMSIS/DSP/Source/FilteringFunctions/arm_conv_partial_fast_q15.c ****      * Initializations of stage2
 262:Drivers/CMSIS/DSP/Source/FilteringFunctions/arm_conv_partial_fast_q15.c ****      * ------------------------*/
 263:Drivers/CMSIS/DSP/Source/FilteringFunctions/arm_conv_partial_fast_q15.c **** 
 264:Drivers/CMSIS/DSP/Source/FilteringFunctions/arm_conv_partial_fast_q15.c ****     /* sum = x[0] * y[srcBLen-1] + x[1] * y[srcBLen-2] +...+ x[srcBLen-1] * y[0]
 265:Drivers/CMSIS/DSP/Source/FilteringFunctions/arm_conv_partial_fast_q15.c ****      * sum = x[1] * y[srcBLen-1] + x[2] * y[srcBLen-2] +...+ x[srcBLen] * y[0]
 266:Drivers/CMSIS/DSP/Source/FilteringFunctions/arm_conv_partial_fast_q15.c ****      * ....
 267:Drivers/CMSIS/DSP/Source/FilteringFunctions/arm_conv_partial_fast_q15.c ****      * sum = x[srcALen-srcBLen-2] * y[srcBLen-1] + x[srcALen] * y[srcBLen-2] +...+ x[srcALen-1] * y
 268:Drivers/CMSIS/DSP/Source/FilteringFunctions/arm_conv_partial_fast_q15.c ****      */
 269:Drivers/CMSIS/DSP/Source/FilteringFunctions/arm_conv_partial_fast_q15.c **** 
 270:Drivers/CMSIS/DSP/Source/FilteringFunctions/arm_conv_partial_fast_q15.c ****     /* Working pointer of inputA */
 271:Drivers/CMSIS/DSP/Source/FilteringFunctions/arm_conv_partial_fast_q15.c ****     if ((int32_t)firstIndex - (int32_t)srcBLen + 1 > 0)
 470              		.loc 1 271 8 view .LVU172
 471 019c 5D46     		mov	r5, fp
 472 019e 4846     		mov	r0, r9
 473 01a0 D146     		mov	r9, r10
 474              	.LVL66:
 475              		.loc 1 271 8 view .LVU173
 476 01a2 A046     		mov	r8, r4
 477              	.LVL67:
 478              		.loc 1 271 5 is_stmt 1 view .LVU174
 479              		.loc 1 271 8 is_stmt 0 view .LVU175
 480 01a4 079B     		ldr	r3, [sp, #28]
 481 01a6 F41A     		subs	r4, r6, r3
 482              	.LVL68:
 483              		.loc 1 271 8 view .LVU176
 484 01a8 1BD4     		bmi	.L53
 485              	.LVL69:
 272:Drivers/CMSIS/DSP/Source/FilteringFunctions/arm_conv_partial_fast_q15.c ****     {
 273:Drivers/CMSIS/DSP/Source/FilteringFunctions/arm_conv_partial_fast_q15.c ****       px = pIn1 + firstIndex - srcBLen + 1;
ARM GAS  C:\Users\Lamp\AppData\Local\Temp\ccxPEMG8.s 			page 31


 486              		.loc 1 273 7 is_stmt 1 view .LVU177
 487              		.loc 1 273 30 is_stmt 0 view .LVU178
 488 01aa 2346     		mov	r3, r4
 489              		.loc 1 273 40 view .LVU179
 490 01ac 0133     		adds	r3, r3, #1
 491 01ae 059A     		ldr	r2, [sp, #20]
 492 01b0 02EB4303 		add	r3, r2, r3, lsl #1
 493              	.LVL70:
 494              	.L17:
 274:Drivers/CMSIS/DSP/Source/FilteringFunctions/arm_conv_partial_fast_q15.c ****     }
 275:Drivers/CMSIS/DSP/Source/FilteringFunctions/arm_conv_partial_fast_q15.c ****     else
 276:Drivers/CMSIS/DSP/Source/FilteringFunctions/arm_conv_partial_fast_q15.c ****     {
 277:Drivers/CMSIS/DSP/Source/FilteringFunctions/arm_conv_partial_fast_q15.c ****       px = pIn1;
 278:Drivers/CMSIS/DSP/Source/FilteringFunctions/arm_conv_partial_fast_q15.c ****     }
 279:Drivers/CMSIS/DSP/Source/FilteringFunctions/arm_conv_partial_fast_q15.c **** 
 280:Drivers/CMSIS/DSP/Source/FilteringFunctions/arm_conv_partial_fast_q15.c ****     /* Working pointer of inputB */
 281:Drivers/CMSIS/DSP/Source/FilteringFunctions/arm_conv_partial_fast_q15.c ****     pSrc2 = pIn2 + (srcBLen - 1U);
 495              		.loc 1 281 5 is_stmt 1 view .LVU180
 496              		.loc 1 281 18 is_stmt 0 view .LVU181
 497 01b4 0799     		ldr	r1, [sp, #28]
 498              	.LVL71:
 499              		.loc 1 281 18 view .LVU182
 500 01b6 01F10042 		add	r2, r1, #-2147483648
 501 01ba 013A     		subs	r2, r2, #1
 502              		.loc 1 281 11 view .LVU183
 503 01bc 00EB4202 		add	r2, r0, r2, lsl #1
 504 01c0 0692     		str	r2, [sp, #24]
 505              	.LVL72:
 282:Drivers/CMSIS/DSP/Source/FilteringFunctions/arm_conv_partial_fast_q15.c ****     py = pSrc2;
 506              		.loc 1 282 5 is_stmt 1 view .LVU184
 283:Drivers/CMSIS/DSP/Source/FilteringFunctions/arm_conv_partial_fast_q15.c **** 
 284:Drivers/CMSIS/DSP/Source/FilteringFunctions/arm_conv_partial_fast_q15.c ****     /* count is the index by which the pointer pIn1 to be incremented */
 285:Drivers/CMSIS/DSP/Source/FilteringFunctions/arm_conv_partial_fast_q15.c ****     count = 0U;
 507              		.loc 1 285 5 view .LVU185
 286:Drivers/CMSIS/DSP/Source/FilteringFunctions/arm_conv_partial_fast_q15.c **** 
 287:Drivers/CMSIS/DSP/Source/FilteringFunctions/arm_conv_partial_fast_q15.c **** 
 288:Drivers/CMSIS/DSP/Source/FilteringFunctions/arm_conv_partial_fast_q15.c ****     /* --------------------
 289:Drivers/CMSIS/DSP/Source/FilteringFunctions/arm_conv_partial_fast_q15.c ****      * Stage2 process
 290:Drivers/CMSIS/DSP/Source/FilteringFunctions/arm_conv_partial_fast_q15.c ****      * -------------------*/
 291:Drivers/CMSIS/DSP/Source/FilteringFunctions/arm_conv_partial_fast_q15.c **** 
 292:Drivers/CMSIS/DSP/Source/FilteringFunctions/arm_conv_partial_fast_q15.c ****     /* Stage2 depends on srcBLen as in this stage srcBLen number of MACS are performed.
 293:Drivers/CMSIS/DSP/Source/FilteringFunctions/arm_conv_partial_fast_q15.c ****      * So, to loop unroll over blockSize2,
 294:Drivers/CMSIS/DSP/Source/FilteringFunctions/arm_conv_partial_fast_q15.c ****      * srcBLen should be greater than or equal to 4 */
 295:Drivers/CMSIS/DSP/Source/FilteringFunctions/arm_conv_partial_fast_q15.c ****     if (srcBLen >= 4U)
 508              		.loc 1 295 5 view .LVU186
 509              		.loc 1 295 8 is_stmt 0 view .LVU187
 510 01c2 0329     		cmp	r1, #3
 511 01c4 40F25C81 		bls	.L18
 296:Drivers/CMSIS/DSP/Source/FilteringFunctions/arm_conv_partial_fast_q15.c ****     {
 297:Drivers/CMSIS/DSP/Source/FilteringFunctions/arm_conv_partial_fast_q15.c ****       /* Loop unroll over blockSize2, by 4 */
 298:Drivers/CMSIS/DSP/Source/FilteringFunctions/arm_conv_partial_fast_q15.c ****       blkCnt = ((uint32_t) blockSize2 >> 2U);
 512              		.loc 1 298 7 is_stmt 1 view .LVU188
 513              		.loc 1 298 14 is_stmt 0 view .LVU189
 514 01c8 4FEA9902 		lsr	r2, r9, #2
 515              	.LVL73:
 516              		.loc 1 298 14 view .LVU190
 517 01cc 0892     		str	r2, [sp, #32]
ARM GAS  C:\Users\Lamp\AppData\Local\Temp\ccxPEMG8.s 			page 32


 518              	.LVL74:
 299:Drivers/CMSIS/DSP/Source/FilteringFunctions/arm_conv_partial_fast_q15.c **** 
 300:Drivers/CMSIS/DSP/Source/FilteringFunctions/arm_conv_partial_fast_q15.c ****       while (blkCnt > 0U)
 519              		.loc 1 300 7 is_stmt 1 view .LVU191
 285:Drivers/CMSIS/DSP/Source/FilteringFunctions/arm_conv_partial_fast_q15.c **** 
 520              		.loc 1 285 11 is_stmt 0 view .LVU192
 521 01ce 0022     		movs	r2, #0
 522              	.LVL75:
 285:Drivers/CMSIS/DSP/Source/FilteringFunctions/arm_conv_partial_fast_q15.c **** 
 523              		.loc 1 285 11 view .LVU193
 524 01d0 0992     		str	r2, [sp, #36]
 525 01d2 0A94     		str	r4, [sp, #40]
 526 01d4 0B95     		str	r5, [sp, #44]
 527 01d6 CDF83090 		str	r9, [sp, #48]
 528 01da CDF83480 		str	r8, [sp, #52]
 529 01de 1996     		str	r6, [sp, #100]
 530              	.LVL76:
 531              		.loc 1 300 13 view .LVU194
 532 01e0 53E0     		b	.L19
 533              	.LVL77:
 534              	.L53:
 277:Drivers/CMSIS/DSP/Source/FilteringFunctions/arm_conv_partial_fast_q15.c ****     }
 535              		.loc 1 277 10 view .LVU195
 536 01e2 059B     		ldr	r3, [sp, #20]
 537 01e4 E6E7     		b	.L17
 538              	.LVL78:
 539              	.L60:
 301:Drivers/CMSIS/DSP/Source/FilteringFunctions/arm_conv_partial_fast_q15.c ****       {
 302:Drivers/CMSIS/DSP/Source/FilteringFunctions/arm_conv_partial_fast_q15.c ****       py = py - 1U;
 303:Drivers/CMSIS/DSP/Source/FilteringFunctions/arm_conv_partial_fast_q15.c **** 
 304:Drivers/CMSIS/DSP/Source/FilteringFunctions/arm_conv_partial_fast_q15.c ****         /* Set all accumulators to zero */
 305:Drivers/CMSIS/DSP/Source/FilteringFunctions/arm_conv_partial_fast_q15.c ****         acc0 = 0;
 306:Drivers/CMSIS/DSP/Source/FilteringFunctions/arm_conv_partial_fast_q15.c ****         acc1 = 0;
 307:Drivers/CMSIS/DSP/Source/FilteringFunctions/arm_conv_partial_fast_q15.c ****         acc2 = 0;
 308:Drivers/CMSIS/DSP/Source/FilteringFunctions/arm_conv_partial_fast_q15.c ****         acc3 = 0;
 309:Drivers/CMSIS/DSP/Source/FilteringFunctions/arm_conv_partial_fast_q15.c **** 
 310:Drivers/CMSIS/DSP/Source/FilteringFunctions/arm_conv_partial_fast_q15.c **** 
 311:Drivers/CMSIS/DSP/Source/FilteringFunctions/arm_conv_partial_fast_q15.c ****         /* read x[0], x[1] samples */
 312:Drivers/CMSIS/DSP/Source/FilteringFunctions/arm_conv_partial_fast_q15.c ****       x0 = *__SIMD32(px);
 313:Drivers/CMSIS/DSP/Source/FilteringFunctions/arm_conv_partial_fast_q15.c ****         /* read x[1], x[2] samples */
 314:Drivers/CMSIS/DSP/Source/FilteringFunctions/arm_conv_partial_fast_q15.c ****       x1 = _SIMD32_OFFSET(px+1);
 315:Drivers/CMSIS/DSP/Source/FilteringFunctions/arm_conv_partial_fast_q15.c **** 	  px+= 2U;
 316:Drivers/CMSIS/DSP/Source/FilteringFunctions/arm_conv_partial_fast_q15.c **** 
 317:Drivers/CMSIS/DSP/Source/FilteringFunctions/arm_conv_partial_fast_q15.c **** 
 318:Drivers/CMSIS/DSP/Source/FilteringFunctions/arm_conv_partial_fast_q15.c ****         /* Apply loop unrolling and compute 4 MACs simultaneously. */
 319:Drivers/CMSIS/DSP/Source/FilteringFunctions/arm_conv_partial_fast_q15.c ****         k = srcBLen >> 2U;
 320:Drivers/CMSIS/DSP/Source/FilteringFunctions/arm_conv_partial_fast_q15.c **** 
 321:Drivers/CMSIS/DSP/Source/FilteringFunctions/arm_conv_partial_fast_q15.c ****         /* First part of the processing with loop unrolling.  Compute 4 MACs at a time.
 322:Drivers/CMSIS/DSP/Source/FilteringFunctions/arm_conv_partial_fast_q15.c ****          ** a second loop below computes MACs for the remaining 1 to 3 samples. */
 323:Drivers/CMSIS/DSP/Source/FilteringFunctions/arm_conv_partial_fast_q15.c ****         do
 324:Drivers/CMSIS/DSP/Source/FilteringFunctions/arm_conv_partial_fast_q15.c ****         {
 325:Drivers/CMSIS/DSP/Source/FilteringFunctions/arm_conv_partial_fast_q15.c ****           /* Read the last two inputB samples using SIMD:
 326:Drivers/CMSIS/DSP/Source/FilteringFunctions/arm_conv_partial_fast_q15.c ****            * y[srcBLen - 1] and y[srcBLen - 2] */
 327:Drivers/CMSIS/DSP/Source/FilteringFunctions/arm_conv_partial_fast_q15.c ****         c0 = *__SIMD32(py)--;
 328:Drivers/CMSIS/DSP/Source/FilteringFunctions/arm_conv_partial_fast_q15.c **** 
 329:Drivers/CMSIS/DSP/Source/FilteringFunctions/arm_conv_partial_fast_q15.c ****           /* acc0 +=  x[0] * y[srcBLen - 1] + x[1] * y[srcBLen - 2] */
 330:Drivers/CMSIS/DSP/Source/FilteringFunctions/arm_conv_partial_fast_q15.c ****           acc0 = __SMLADX(x0, c0, acc0);
ARM GAS  C:\Users\Lamp\AppData\Local\Temp\ccxPEMG8.s 			page 33


 331:Drivers/CMSIS/DSP/Source/FilteringFunctions/arm_conv_partial_fast_q15.c **** 
 332:Drivers/CMSIS/DSP/Source/FilteringFunctions/arm_conv_partial_fast_q15.c ****           /* acc1 +=  x[1] * y[srcBLen - 1] + x[2] * y[srcBLen - 2] */
 333:Drivers/CMSIS/DSP/Source/FilteringFunctions/arm_conv_partial_fast_q15.c ****           acc1 = __SMLADX(x1, c0, acc1);
 334:Drivers/CMSIS/DSP/Source/FilteringFunctions/arm_conv_partial_fast_q15.c **** 
 335:Drivers/CMSIS/DSP/Source/FilteringFunctions/arm_conv_partial_fast_q15.c ****           /* Read x[2], x[3] */
 336:Drivers/CMSIS/DSP/Source/FilteringFunctions/arm_conv_partial_fast_q15.c ****         x2 = *__SIMD32(px);
 337:Drivers/CMSIS/DSP/Source/FilteringFunctions/arm_conv_partial_fast_q15.c **** 
 338:Drivers/CMSIS/DSP/Source/FilteringFunctions/arm_conv_partial_fast_q15.c ****           /* Read x[3], x[4] */
 339:Drivers/CMSIS/DSP/Source/FilteringFunctions/arm_conv_partial_fast_q15.c ****         x3 = _SIMD32_OFFSET(px+1);
 340:Drivers/CMSIS/DSP/Source/FilteringFunctions/arm_conv_partial_fast_q15.c **** 
 341:Drivers/CMSIS/DSP/Source/FilteringFunctions/arm_conv_partial_fast_q15.c ****           /* acc2 +=  x[2] * y[srcBLen - 1] + x[3] * y[srcBLen - 2] */
 342:Drivers/CMSIS/DSP/Source/FilteringFunctions/arm_conv_partial_fast_q15.c ****           acc2 = __SMLADX(x2, c0, acc2);
 343:Drivers/CMSIS/DSP/Source/FilteringFunctions/arm_conv_partial_fast_q15.c **** 
 344:Drivers/CMSIS/DSP/Source/FilteringFunctions/arm_conv_partial_fast_q15.c ****           /* acc3 +=  x[3] * y[srcBLen - 1] + x[4] * y[srcBLen - 2] */
 345:Drivers/CMSIS/DSP/Source/FilteringFunctions/arm_conv_partial_fast_q15.c ****           acc3 = __SMLADX(x3, c0, acc3);
 346:Drivers/CMSIS/DSP/Source/FilteringFunctions/arm_conv_partial_fast_q15.c **** 
 347:Drivers/CMSIS/DSP/Source/FilteringFunctions/arm_conv_partial_fast_q15.c ****           /* Read y[srcBLen - 3] and y[srcBLen - 4] */
 348:Drivers/CMSIS/DSP/Source/FilteringFunctions/arm_conv_partial_fast_q15.c ****         c0 = *__SIMD32(py)--;
 349:Drivers/CMSIS/DSP/Source/FilteringFunctions/arm_conv_partial_fast_q15.c **** 
 350:Drivers/CMSIS/DSP/Source/FilteringFunctions/arm_conv_partial_fast_q15.c ****           /* acc0 +=  x[2] * y[srcBLen - 3] + x[3] * y[srcBLen - 4] */
 351:Drivers/CMSIS/DSP/Source/FilteringFunctions/arm_conv_partial_fast_q15.c ****           acc0 = __SMLADX(x2, c0, acc0);
 352:Drivers/CMSIS/DSP/Source/FilteringFunctions/arm_conv_partial_fast_q15.c **** 
 353:Drivers/CMSIS/DSP/Source/FilteringFunctions/arm_conv_partial_fast_q15.c ****           /* acc1 +=  x[3] * y[srcBLen - 3] + x[4] * y[srcBLen - 4] */
 354:Drivers/CMSIS/DSP/Source/FilteringFunctions/arm_conv_partial_fast_q15.c ****           acc1 = __SMLADX(x3, c0, acc1);
 355:Drivers/CMSIS/DSP/Source/FilteringFunctions/arm_conv_partial_fast_q15.c **** 
 356:Drivers/CMSIS/DSP/Source/FilteringFunctions/arm_conv_partial_fast_q15.c ****           /* Read x[4], x[5] */
 357:Drivers/CMSIS/DSP/Source/FilteringFunctions/arm_conv_partial_fast_q15.c ****         x0 = _SIMD32_OFFSET(px+2);
 358:Drivers/CMSIS/DSP/Source/FilteringFunctions/arm_conv_partial_fast_q15.c **** 
 359:Drivers/CMSIS/DSP/Source/FilteringFunctions/arm_conv_partial_fast_q15.c ****           /* Read x[5], x[6] */
 360:Drivers/CMSIS/DSP/Source/FilteringFunctions/arm_conv_partial_fast_q15.c ****         x1 = _SIMD32_OFFSET(px+3);
 361:Drivers/CMSIS/DSP/Source/FilteringFunctions/arm_conv_partial_fast_q15.c **** 		px += 4U;
 362:Drivers/CMSIS/DSP/Source/FilteringFunctions/arm_conv_partial_fast_q15.c **** 
 363:Drivers/CMSIS/DSP/Source/FilteringFunctions/arm_conv_partial_fast_q15.c ****           /* acc2 +=  x[4] * y[srcBLen - 3] + x[5] * y[srcBLen - 4] */
 364:Drivers/CMSIS/DSP/Source/FilteringFunctions/arm_conv_partial_fast_q15.c ****           acc2 = __SMLADX(x0, c0, acc2);
 365:Drivers/CMSIS/DSP/Source/FilteringFunctions/arm_conv_partial_fast_q15.c **** 
 366:Drivers/CMSIS/DSP/Source/FilteringFunctions/arm_conv_partial_fast_q15.c ****           /* acc3 +=  x[5] * y[srcBLen - 3] + x[6] * y[srcBLen - 4] */
 367:Drivers/CMSIS/DSP/Source/FilteringFunctions/arm_conv_partial_fast_q15.c ****           acc3 = __SMLADX(x1, c0, acc3);
 368:Drivers/CMSIS/DSP/Source/FilteringFunctions/arm_conv_partial_fast_q15.c **** 
 369:Drivers/CMSIS/DSP/Source/FilteringFunctions/arm_conv_partial_fast_q15.c ****         } while (--k);
 370:Drivers/CMSIS/DSP/Source/FilteringFunctions/arm_conv_partial_fast_q15.c **** 
 371:Drivers/CMSIS/DSP/Source/FilteringFunctions/arm_conv_partial_fast_q15.c ****         /* For the next MAC operations, SIMD is not used
 372:Drivers/CMSIS/DSP/Source/FilteringFunctions/arm_conv_partial_fast_q15.c ****          * So, the 16 bit pointer if inputB, py is updated */
 373:Drivers/CMSIS/DSP/Source/FilteringFunctions/arm_conv_partial_fast_q15.c **** 
 374:Drivers/CMSIS/DSP/Source/FilteringFunctions/arm_conv_partial_fast_q15.c ****         /* If the srcBLen is not a multiple of 4, compute any remaining MACs here.
 375:Drivers/CMSIS/DSP/Source/FilteringFunctions/arm_conv_partial_fast_q15.c ****          ** No loop unrolling is used. */
 376:Drivers/CMSIS/DSP/Source/FilteringFunctions/arm_conv_partial_fast_q15.c ****         k = srcBLen % 0x4U;
 377:Drivers/CMSIS/DSP/Source/FilteringFunctions/arm_conv_partial_fast_q15.c **** 
 378:Drivers/CMSIS/DSP/Source/FilteringFunctions/arm_conv_partial_fast_q15.c ****         if (k == 1U)
 379:Drivers/CMSIS/DSP/Source/FilteringFunctions/arm_conv_partial_fast_q15.c ****         {
 380:Drivers/CMSIS/DSP/Source/FilteringFunctions/arm_conv_partial_fast_q15.c ****           /* Read y[srcBLen - 5] */
 381:Drivers/CMSIS/DSP/Source/FilteringFunctions/arm_conv_partial_fast_q15.c ****         c0 = *(py+1);
 540              		.loc 1 381 9 is_stmt 1 view .LVU196
 382:Drivers/CMSIS/DSP/Source/FilteringFunctions/arm_conv_partial_fast_q15.c **** #ifdef  ARM_MATH_BIG_ENDIAN
 383:Drivers/CMSIS/DSP/Source/FilteringFunctions/arm_conv_partial_fast_q15.c **** 
 384:Drivers/CMSIS/DSP/Source/FilteringFunctions/arm_conv_partial_fast_q15.c ****         c0 = c0 << 16U;
 385:Drivers/CMSIS/DSP/Source/FilteringFunctions/arm_conv_partial_fast_q15.c **** 
 386:Drivers/CMSIS/DSP/Source/FilteringFunctions/arm_conv_partial_fast_q15.c **** #else
ARM GAS  C:\Users\Lamp\AppData\Local\Temp\ccxPEMG8.s 			page 34


 387:Drivers/CMSIS/DSP/Source/FilteringFunctions/arm_conv_partial_fast_q15.c **** 
 388:Drivers/CMSIS/DSP/Source/FilteringFunctions/arm_conv_partial_fast_q15.c ****         c0 = c0 & 0x0000FFFF;
 541              		.loc 1 388 9 view .LVU197
 389:Drivers/CMSIS/DSP/Source/FilteringFunctions/arm_conv_partial_fast_q15.c **** 
 390:Drivers/CMSIS/DSP/Source/FilteringFunctions/arm_conv_partial_fast_q15.c **** #endif /*      #ifdef  ARM_MATH_BIG_ENDIAN     */
 391:Drivers/CMSIS/DSP/Source/FilteringFunctions/arm_conv_partial_fast_q15.c **** 
 392:Drivers/CMSIS/DSP/Source/FilteringFunctions/arm_conv_partial_fast_q15.c ****           /* Read x[7] */
 393:Drivers/CMSIS/DSP/Source/FilteringFunctions/arm_conv_partial_fast_q15.c ****         x3 = *__SIMD32(px);
 542              		.loc 1 393 9 view .LVU198
 394:Drivers/CMSIS/DSP/Source/FilteringFunctions/arm_conv_partial_fast_q15.c **** 		px++;
 543              		.loc 1 394 3 view .LVU199
 544              		.loc 1 394 5 is_stmt 0 view .LVU200
 545 01e6 0499     		ldr	r1, [sp, #16]
 546              	.LVL79:
 547              		.loc 1 394 5 view .LVU201
 548 01e8 01F10A05 		add	r5, r1, #10
 549              	.LVL80:
 395:Drivers/CMSIS/DSP/Source/FilteringFunctions/arm_conv_partial_fast_q15.c **** 
 396:Drivers/CMSIS/DSP/Source/FilteringFunctions/arm_conv_partial_fast_q15.c ****           /* Perform the multiply-accumulates */
 397:Drivers/CMSIS/DSP/Source/FilteringFunctions/arm_conv_partial_fast_q15.c ****           acc0 = __SMLAD(x0, c0, acc0);
 550              		.loc 1 397 11 is_stmt 1 view .LVU202
 551              	.LBB74:
 552              	.LBI74:
 890:Drivers/CMSIS/DSP/Include/arm_math.h ****   uint32_t x,
 553              		.loc 2 890 41 view .LVU203
 554              	.LBB75:
 895:Drivers/CMSIS/DSP/Include/arm_math.h ****                        ((((q31_t)x      ) >> 16) * (((q31_t)y      ) >> 16)) +
 555              		.loc 2 895 5 view .LVU204
 895:Drivers/CMSIS/DSP/Include/arm_math.h ****                        ((((q31_t)x      ) >> 16) * (((q31_t)y      ) >> 16)) +
 556              		.loc 2 895 70 is_stmt 0 view .LVU205
 557 01ec 3EF9063C 		ldrsh	r3, [lr, #-6]
 896:Drivers/CMSIS/DSP/Include/arm_math.h ****                        ( ((q31_t)sum    )                                  )   ));
 558              		.loc 2 896 78 view .LVU206
 559 01f0 019F     		ldr	r7, [sp, #4]
 560 01f2 03FB0700 		mla	r0, r3, r7, r0
 561              	.LVL81:
 896:Drivers/CMSIS/DSP/Include/arm_math.h ****                        ( ((q31_t)sum    )                                  )   ));
 562              		.loc 2 896 78 view .LVU207
 563              	.LBE75:
 564              	.LBE74:
 398:Drivers/CMSIS/DSP/Source/FilteringFunctions/arm_conv_partial_fast_q15.c ****           acc1 = __SMLAD(x1, c0, acc1);
 565              		.loc 1 398 11 is_stmt 1 view .LVU208
 566              	.LBB76:
 567              	.LBI76:
 890:Drivers/CMSIS/DSP/Include/arm_math.h ****   uint32_t x,
 568              		.loc 2 890 41 view .LVU209
 569              	.LBB77:
 895:Drivers/CMSIS/DSP/Include/arm_math.h ****                        ((((q31_t)x      ) >> 16) * (((q31_t)y      ) >> 16)) +
 570              		.loc 2 895 5 view .LVU210
 896:Drivers/CMSIS/DSP/Include/arm_math.h ****                        ( ((q31_t)sum    )                                  )   ));
 571              		.loc 2 896 78 is_stmt 0 view .LVU211
 572 01f6 03FB0899 		mla	r9, r3, r8, r9
 573              	.LVL82:
 896:Drivers/CMSIS/DSP/Include/arm_math.h ****                        ( ((q31_t)sum    )                                  )   ));
 574              		.loc 2 896 78 view .LVU212
 575              	.LBE77:
 576              	.LBE76:
ARM GAS  C:\Users\Lamp\AppData\Local\Temp\ccxPEMG8.s 			page 35


 399:Drivers/CMSIS/DSP/Source/FilteringFunctions/arm_conv_partial_fast_q15.c ****           acc2 = __SMLADX(x1, c0, acc2);
 577              		.loc 1 399 11 is_stmt 1 view .LVU213
 578              	.LBB78:
 579              	.LBI78:
 904:Drivers/CMSIS/DSP/Include/arm_math.h ****   uint32_t x,
 580              		.loc 2 904 41 view .LVU214
 581              	.LBB79:
 909:Drivers/CMSIS/DSP/Include/arm_math.h ****                        ((((q31_t)x      ) >> 16) * (((q31_t)y << 16) >> 16)) +
 582              		.loc 2 909 5 view .LVU215
 583              		.loc 2 910 78 is_stmt 0 view .LVU216
 584 01fa 03FB06AA 		mla	r10, r3, r6, r10
 585              	.LVL83:
 586              		.loc 2 910 78 view .LVU217
 587              	.LBE79:
 588              	.LBE78:
 400:Drivers/CMSIS/DSP/Source/FilteringFunctions/arm_conv_partial_fast_q15.c ****           acc3 = __SMLADX(x3, c0, acc3);
 589              		.loc 1 400 11 is_stmt 1 view .LVU218
 590              	.LBB80:
 591              	.LBI80:
 904:Drivers/CMSIS/DSP/Include/arm_math.h ****   uint32_t x,
 592              		.loc 2 904 41 view .LVU219
 593              	.LBB81:
 909:Drivers/CMSIS/DSP/Include/arm_math.h ****                        ((((q31_t)x      ) >> 16) * (((q31_t)y << 16) >> 16)) +
 594              		.loc 2 909 5 view .LVU220
 595              		.loc 2 910 43 is_stmt 0 view .LVU221
 596 01fe B1F90A10 		ldrsh	r1, [r1, #10]
 597              		.loc 2 910 78 view .LVU222
 598 0202 03FB01BB 		mla	fp, r3, r1, fp
 599              	.LVL84:
 600              		.loc 2 910 78 view .LVU223
 601 0206 B2E0     		b	.L21
 602              	.LVL85:
 603              	.L61:
 604              		.loc 2 910 78 view .LVU224
 605              	.LBE81:
 606              	.LBE80:
 401:Drivers/CMSIS/DSP/Source/FilteringFunctions/arm_conv_partial_fast_q15.c ****         }
 402:Drivers/CMSIS/DSP/Source/FilteringFunctions/arm_conv_partial_fast_q15.c **** 
 403:Drivers/CMSIS/DSP/Source/FilteringFunctions/arm_conv_partial_fast_q15.c ****         if (k == 2U)
 404:Drivers/CMSIS/DSP/Source/FilteringFunctions/arm_conv_partial_fast_q15.c ****         {
 405:Drivers/CMSIS/DSP/Source/FilteringFunctions/arm_conv_partial_fast_q15.c ****           /* Read y[srcBLen - 5], y[srcBLen - 6] */
 406:Drivers/CMSIS/DSP/Source/FilteringFunctions/arm_conv_partial_fast_q15.c ****         c0 = _SIMD32_OFFSET(py);
 607              		.loc 1 406 9 is_stmt 1 view .LVU225
 608              		.loc 1 406 12 is_stmt 0 view .LVU226
 609 0208 5EF8083C 		ldr	r3, [lr, #-8]
 610              	.LVL86:
 407:Drivers/CMSIS/DSP/Source/FilteringFunctions/arm_conv_partial_fast_q15.c **** 
 408:Drivers/CMSIS/DSP/Source/FilteringFunctions/arm_conv_partial_fast_q15.c ****           /* Read x[7], x[8] */
 409:Drivers/CMSIS/DSP/Source/FilteringFunctions/arm_conv_partial_fast_q15.c ****         x3 = *__SIMD32(px);
 611              		.loc 1 409 9 is_stmt 1 view .LVU227
 612              		.loc 1 409 12 is_stmt 0 view .LVU228
 613 020c 2F68     		ldr	r7, [r5]
 614              	.LVL87:
 410:Drivers/CMSIS/DSP/Source/FilteringFunctions/arm_conv_partial_fast_q15.c **** 
 411:Drivers/CMSIS/DSP/Source/FilteringFunctions/arm_conv_partial_fast_q15.c ****         /* Read x[9] */
 412:Drivers/CMSIS/DSP/Source/FilteringFunctions/arm_conv_partial_fast_q15.c ****         x2 = _SIMD32_OFFSET(px+1);
 615              		.loc 1 412 9 is_stmt 1 view .LVU229
ARM GAS  C:\Users\Lamp\AppData\Local\Temp\ccxPEMG8.s 			page 36


 616              		.loc 1 412 12 is_stmt 0 view .LVU230
 617 020e D5F80210 		ldr	r1, [r5, #2]
 618 0212 0491     		str	r1, [sp, #16]
 619              	.LVL88:
 413:Drivers/CMSIS/DSP/Source/FilteringFunctions/arm_conv_partial_fast_q15.c **** 		px += 2U;
 620              		.loc 1 413 3 is_stmt 1 view .LVU231
 621              		.loc 1 413 6 is_stmt 0 view .LVU232
 622 0214 0435     		adds	r5, r5, #4
 623              	.LVL89:
 414:Drivers/CMSIS/DSP/Source/FilteringFunctions/arm_conv_partial_fast_q15.c **** 
 415:Drivers/CMSIS/DSP/Source/FilteringFunctions/arm_conv_partial_fast_q15.c ****           /* Perform the multiply-accumulates */
 416:Drivers/CMSIS/DSP/Source/FilteringFunctions/arm_conv_partial_fast_q15.c ****           acc0 = __SMLADX(x0, c0, acc0);
 624              		.loc 1 416 11 is_stmt 1 view .LVU233
 625              	.LBB82:
 626              	.LBI82:
 904:Drivers/CMSIS/DSP/Include/arm_math.h ****   uint32_t x,
 627              		.loc 2 904 41 view .LVU234
 628              	.LBB83:
 909:Drivers/CMSIS/DSP/Include/arm_math.h ****                        ((((q31_t)x      ) >> 16) * (((q31_t)y << 16) >> 16)) +
 629              		.loc 2 909 5 view .LVU235
 909:Drivers/CMSIS/DSP/Include/arm_math.h ****                        ((((q31_t)x      ) >> 16) * (((q31_t)y << 16) >> 16)) +
 630              		.loc 2 909 70 is_stmt 0 view .LVU236
 631 0216 4FEA234C 		asr	ip, r3, #16
 632              		.loc 2 910 70 view .LVU237
 633 021a 1BB2     		sxth	r3, r3
 634              	.LVL90:
 635              		.loc 2 910 50 view .LVU238
 636 021c 0399     		ldr	r1, [sp, #12]
 637              	.LVL91:
 638              		.loc 2 910 50 view .LVU239
 639 021e 03FB01F1 		mul	r1, r3, r1
 909:Drivers/CMSIS/DSP/Include/arm_math.h ****                        ((((q31_t)x      ) >> 16) * (((q31_t)y << 16) >> 16)) +
 640              		.loc 2 909 78 view .LVU240
 641 0222 019C     		ldr	r4, [sp, #4]
 642 0224 0CFB0411 		mla	r1, ip, r4, r1
 643              		.loc 2 910 78 view .LVU241
 644 0228 0844     		add	r0, r0, r1
 645              	.LVL92:
 646              		.loc 2 910 78 view .LVU242
 647              	.LBE83:
 648              	.LBE82:
 417:Drivers/CMSIS/DSP/Source/FilteringFunctions/arm_conv_partial_fast_q15.c ****           acc1 = __SMLADX(x1, c0, acc1);
 649              		.loc 1 417 11 is_stmt 1 view .LVU243
 650              	.LBB84:
 651              	.LBI84:
 904:Drivers/CMSIS/DSP/Include/arm_math.h ****   uint32_t x,
 652              		.loc 2 904 41 view .LVU244
 653              	.LBB85:
 909:Drivers/CMSIS/DSP/Include/arm_math.h ****                        ((((q31_t)x      ) >> 16) * (((q31_t)y << 16) >> 16)) +
 654              		.loc 2 909 5 view .LVU245
 655              		.loc 2 910 50 is_stmt 0 view .LVU246
 656 022a 03FB06F1 		mul	r1, r3, r6
 909:Drivers/CMSIS/DSP/Include/arm_math.h ****                        ((((q31_t)x      ) >> 16) * (((q31_t)y << 16) >> 16)) +
 657              		.loc 2 909 78 view .LVU247
 658 022e 0CFB0811 		mla	r1, ip, r8, r1
 659              		.loc 2 910 78 view .LVU248
 660 0232 8944     		add	r9, r9, r1
ARM GAS  C:\Users\Lamp\AppData\Local\Temp\ccxPEMG8.s 			page 37


 661              	.LVL93:
 662              		.loc 2 910 78 view .LVU249
 663              	.LBE85:
 664              	.LBE84:
 418:Drivers/CMSIS/DSP/Source/FilteringFunctions/arm_conv_partial_fast_q15.c ****           acc2 = __SMLADX(x3, c0, acc2);
 665              		.loc 1 418 11 is_stmt 1 view .LVU250
 666              	.LBB86:
 667              	.LBI86:
 904:Drivers/CMSIS/DSP/Include/arm_math.h ****   uint32_t x,
 668              		.loc 2 904 41 view .LVU251
 669              	.LBB87:
 909:Drivers/CMSIS/DSP/Include/arm_math.h ****                        ((((q31_t)x      ) >> 16) * (((q31_t)y << 16) >> 16)) +
 670              		.loc 2 909 5 view .LVU252
 909:Drivers/CMSIS/DSP/Include/arm_math.h ****                        ((((q31_t)x      ) >> 16) * (((q31_t)y << 16) >> 16)) +
 671              		.loc 2 909 43 is_stmt 0 view .LVU253
 672 0234 3CB2     		sxth	r4, r7
 673              		.loc 2 910 43 view .LVU254
 674 0236 3914     		asrs	r1, r7, #16
 675              		.loc 2 910 50 view .LVU255
 676 0238 03FB01F1 		mul	r1, r3, r1
 909:Drivers/CMSIS/DSP/Include/arm_math.h ****                        ((((q31_t)x      ) >> 16) * (((q31_t)y << 16) >> 16)) +
 677              		.loc 2 909 78 view .LVU256
 678 023c 0CFB0411 		mla	r1, ip, r4, r1
 679              		.loc 2 910 78 view .LVU257
 680 0240 8A44     		add	r10, r10, r1
 681              	.LVL94:
 682              		.loc 2 910 78 view .LVU258
 683              	.LBE87:
 684              	.LBE86:
 419:Drivers/CMSIS/DSP/Source/FilteringFunctions/arm_conv_partial_fast_q15.c ****           acc3 = __SMLADX(x2, c0, acc3);
 685              		.loc 1 419 11 is_stmt 1 view .LVU259
 686              	.LBB88:
 687              	.LBI88:
 904:Drivers/CMSIS/DSP/Include/arm_math.h ****   uint32_t x,
 688              		.loc 2 904 41 view .LVU260
 689              	.LBB89:
 909:Drivers/CMSIS/DSP/Include/arm_math.h ****                        ((((q31_t)x      ) >> 16) * (((q31_t)y << 16) >> 16)) +
 690              		.loc 2 909 5 view .LVU261
 909:Drivers/CMSIS/DSP/Include/arm_math.h ****                        ((((q31_t)x      ) >> 16) * (((q31_t)y << 16) >> 16)) +
 691              		.loc 2 909 43 is_stmt 0 view .LVU262
 692 0242 0499     		ldr	r1, [sp, #16]
 693 0244 0FB2     		sxth	r7, r1
 694              	.LVL95:
 695              		.loc 2 910 43 view .LVU263
 696 0246 0914     		asrs	r1, r1, #16
 697              		.loc 2 910 50 view .LVU264
 698 0248 03FB01F1 		mul	r1, r3, r1
 909:Drivers/CMSIS/DSP/Include/arm_math.h ****                        ((((q31_t)x      ) >> 16) * (((q31_t)y << 16) >> 16)) +
 699              		.loc 2 909 78 view .LVU265
 700 024c 0CFB0711 		mla	r1, ip, r7, r1
 701              		.loc 2 910 78 view .LVU266
 702 0250 8B44     		add	fp, fp, r1
 703              	.LVL96:
 704              		.loc 2 910 78 view .LVU267
 705 0252 8FE0     		b	.L22
 706              	.LVL97:
 707              	.L23:
ARM GAS  C:\Users\Lamp\AppData\Local\Temp\ccxPEMG8.s 			page 38


 708              		.loc 2 910 78 view .LVU268
 709              	.LBE89:
 710              	.LBE88:
 420:Drivers/CMSIS/DSP/Source/FilteringFunctions/arm_conv_partial_fast_q15.c ****         }
 421:Drivers/CMSIS/DSP/Source/FilteringFunctions/arm_conv_partial_fast_q15.c **** 
 422:Drivers/CMSIS/DSP/Source/FilteringFunctions/arm_conv_partial_fast_q15.c ****         if (k == 3U)
 423:Drivers/CMSIS/DSP/Source/FilteringFunctions/arm_conv_partial_fast_q15.c ****         {
 424:Drivers/CMSIS/DSP/Source/FilteringFunctions/arm_conv_partial_fast_q15.c ****           /* Read y[srcBLen - 5], y[srcBLen - 6] */
 425:Drivers/CMSIS/DSP/Source/FilteringFunctions/arm_conv_partial_fast_q15.c ****         c0 = _SIMD32_OFFSET(py);
 426:Drivers/CMSIS/DSP/Source/FilteringFunctions/arm_conv_partial_fast_q15.c **** 
 427:Drivers/CMSIS/DSP/Source/FilteringFunctions/arm_conv_partial_fast_q15.c ****           /* Read x[7], x[8] */
 428:Drivers/CMSIS/DSP/Source/FilteringFunctions/arm_conv_partial_fast_q15.c ****         x3 = *__SIMD32(px);
 429:Drivers/CMSIS/DSP/Source/FilteringFunctions/arm_conv_partial_fast_q15.c **** 
 430:Drivers/CMSIS/DSP/Source/FilteringFunctions/arm_conv_partial_fast_q15.c ****           /* Read x[9] */
 431:Drivers/CMSIS/DSP/Source/FilteringFunctions/arm_conv_partial_fast_q15.c ****         x2 = _SIMD32_OFFSET(px+1);
 432:Drivers/CMSIS/DSP/Source/FilteringFunctions/arm_conv_partial_fast_q15.c **** 
 433:Drivers/CMSIS/DSP/Source/FilteringFunctions/arm_conv_partial_fast_q15.c ****           /* Perform the multiply-accumulates */
 434:Drivers/CMSIS/DSP/Source/FilteringFunctions/arm_conv_partial_fast_q15.c ****           acc0 = __SMLADX(x0, c0, acc0);
 435:Drivers/CMSIS/DSP/Source/FilteringFunctions/arm_conv_partial_fast_q15.c ****           acc1 = __SMLADX(x1, c0, acc1);
 436:Drivers/CMSIS/DSP/Source/FilteringFunctions/arm_conv_partial_fast_q15.c ****           acc2 = __SMLADX(x3, c0, acc2);
 437:Drivers/CMSIS/DSP/Source/FilteringFunctions/arm_conv_partial_fast_q15.c ****           acc3 = __SMLADX(x2, c0, acc3);
 438:Drivers/CMSIS/DSP/Source/FilteringFunctions/arm_conv_partial_fast_q15.c **** 
 439:Drivers/CMSIS/DSP/Source/FilteringFunctions/arm_conv_partial_fast_q15.c **** 		c0 = *(py-1);
 440:Drivers/CMSIS/DSP/Source/FilteringFunctions/arm_conv_partial_fast_q15.c **** #ifdef  ARM_MATH_BIG_ENDIAN
 441:Drivers/CMSIS/DSP/Source/FilteringFunctions/arm_conv_partial_fast_q15.c **** 
 442:Drivers/CMSIS/DSP/Source/FilteringFunctions/arm_conv_partial_fast_q15.c ****         c0 = c0 << 16U;
 443:Drivers/CMSIS/DSP/Source/FilteringFunctions/arm_conv_partial_fast_q15.c **** #else
 444:Drivers/CMSIS/DSP/Source/FilteringFunctions/arm_conv_partial_fast_q15.c **** 
 445:Drivers/CMSIS/DSP/Source/FilteringFunctions/arm_conv_partial_fast_q15.c ****         c0 = c0 & 0x0000FFFF;
 446:Drivers/CMSIS/DSP/Source/FilteringFunctions/arm_conv_partial_fast_q15.c **** #endif /*      #ifdef  ARM_MATH_BIG_ENDIAN     */
 447:Drivers/CMSIS/DSP/Source/FilteringFunctions/arm_conv_partial_fast_q15.c **** 
 448:Drivers/CMSIS/DSP/Source/FilteringFunctions/arm_conv_partial_fast_q15.c ****           /* Read x[10] */
 449:Drivers/CMSIS/DSP/Source/FilteringFunctions/arm_conv_partial_fast_q15.c ****         x3 =  _SIMD32_OFFSET(px+2);
 450:Drivers/CMSIS/DSP/Source/FilteringFunctions/arm_conv_partial_fast_q15.c **** 		px += 3U;
 451:Drivers/CMSIS/DSP/Source/FilteringFunctions/arm_conv_partial_fast_q15.c **** 
 452:Drivers/CMSIS/DSP/Source/FilteringFunctions/arm_conv_partial_fast_q15.c ****           /* Perform the multiply-accumulates */
 453:Drivers/CMSIS/DSP/Source/FilteringFunctions/arm_conv_partial_fast_q15.c ****           acc0 = __SMLADX(x1, c0, acc0);
 454:Drivers/CMSIS/DSP/Source/FilteringFunctions/arm_conv_partial_fast_q15.c ****           acc1 = __SMLAD(x2, c0, acc1);
 455:Drivers/CMSIS/DSP/Source/FilteringFunctions/arm_conv_partial_fast_q15.c ****           acc2 = __SMLADX(x2, c0, acc2);
 456:Drivers/CMSIS/DSP/Source/FilteringFunctions/arm_conv_partial_fast_q15.c ****           acc3 = __SMLADX(x3, c0, acc3);
 457:Drivers/CMSIS/DSP/Source/FilteringFunctions/arm_conv_partial_fast_q15.c ****         }
 458:Drivers/CMSIS/DSP/Source/FilteringFunctions/arm_conv_partial_fast_q15.c **** 
 459:Drivers/CMSIS/DSP/Source/FilteringFunctions/arm_conv_partial_fast_q15.c ****         /* Store the results in the accumulators in the destination buffer. */
 460:Drivers/CMSIS/DSP/Source/FilteringFunctions/arm_conv_partial_fast_q15.c **** #ifndef ARM_MATH_BIG_ENDIAN
 461:Drivers/CMSIS/DSP/Source/FilteringFunctions/arm_conv_partial_fast_q15.c **** 
 462:Drivers/CMSIS/DSP/Source/FilteringFunctions/arm_conv_partial_fast_q15.c ****         *__SIMD32(pOut)++ = __PKHBT(acc0 >> 15, acc1 >> 15, 16);
 711              		.loc 1 462 9 is_stmt 1 view .LVU269
 712              		.loc 1 462 29 is_stmt 0 view .LVU270
 713 0254 C0F3CF32 		ubfx	r2, r0, #15, #16
 714 0258 4FEAE933 		asr	r3, r9, #15
 715              	.LVL98:
 716              		.loc 1 462 29 view .LVU271
 717 025c 42EA0343 		orr	r3, r2, r3, lsl #16
 718              		.loc 1 462 27 view .LVU272
 719 0260 0299     		ldr	r1, [sp, #8]
 720 0262 0A46     		mov	r2, r1
 721 0264 42F8083B 		str	r3, [r2], #8
ARM GAS  C:\Users\Lamp\AppData\Local\Temp\ccxPEMG8.s 			page 39


 722              	.LVL99:
 463:Drivers/CMSIS/DSP/Source/FilteringFunctions/arm_conv_partial_fast_q15.c ****         *__SIMD32(pOut)++ = __PKHBT(acc2 >> 15, acc3 >> 15, 16);
 723              		.loc 1 463 9 is_stmt 1 view .LVU273
 724              		.loc 1 463 29 is_stmt 0 view .LVU274
 725 0268 CAF3CF33 		ubfx	r3, r10, #15, #16
 726 026c 4FEAEB3B 		asr	fp, fp, #15
 727              	.LVL100:
 728              		.loc 1 463 29 view .LVU275
 729 0270 43EA0B43 		orr	r3, r3, fp, lsl #16
 730              		.loc 1 463 27 view .LVU276
 731 0274 4B60     		str	r3, [r1, #4]
 464:Drivers/CMSIS/DSP/Source/FilteringFunctions/arm_conv_partial_fast_q15.c **** 
 465:Drivers/CMSIS/DSP/Source/FilteringFunctions/arm_conv_partial_fast_q15.c **** #else
 466:Drivers/CMSIS/DSP/Source/FilteringFunctions/arm_conv_partial_fast_q15.c **** 
 467:Drivers/CMSIS/DSP/Source/FilteringFunctions/arm_conv_partial_fast_q15.c ****         *__SIMD32(pOut)++ = __PKHBT(acc1 >> 15, acc0 >> 15, 16);
 468:Drivers/CMSIS/DSP/Source/FilteringFunctions/arm_conv_partial_fast_q15.c ****         *__SIMD32(pOut)++ = __PKHBT(acc3 >> 15, acc2 >> 15, 16);
 469:Drivers/CMSIS/DSP/Source/FilteringFunctions/arm_conv_partial_fast_q15.c **** 
 470:Drivers/CMSIS/DSP/Source/FilteringFunctions/arm_conv_partial_fast_q15.c **** #endif /*      #ifndef  ARM_MATH_BIG_ENDIAN    */
 471:Drivers/CMSIS/DSP/Source/FilteringFunctions/arm_conv_partial_fast_q15.c **** 
 472:Drivers/CMSIS/DSP/Source/FilteringFunctions/arm_conv_partial_fast_q15.c ****         /* Increment the pointer pIn1 index, count by 4 */
 473:Drivers/CMSIS/DSP/Source/FilteringFunctions/arm_conv_partial_fast_q15.c ****         count += 4U;
 732              		.loc 1 473 9 is_stmt 1 view .LVU277
 733              		.loc 1 473 15 is_stmt 0 view .LVU278
 734 0276 099B     		ldr	r3, [sp, #36]
 735 0278 0433     		adds	r3, r3, #4
 736 027a 0993     		str	r3, [sp, #36]
 737              	.LVL101:
 474:Drivers/CMSIS/DSP/Source/FilteringFunctions/arm_conv_partial_fast_q15.c **** 
 475:Drivers/CMSIS/DSP/Source/FilteringFunctions/arm_conv_partial_fast_q15.c ****         /* Update the inputA and inputB pointers for next MAC calculation */
 476:Drivers/CMSIS/DSP/Source/FilteringFunctions/arm_conv_partial_fast_q15.c ****         px = pIn1 + count;
 738              		.loc 1 476 9 is_stmt 1 view .LVU279
 739              		.loc 1 476 19 is_stmt 0 view .LVU280
 740 027c 0599     		ldr	r1, [sp, #20]
 741 027e 01EB4303 		add	r3, r1, r3, lsl #1
 742              	.LVL102:
 477:Drivers/CMSIS/DSP/Source/FilteringFunctions/arm_conv_partial_fast_q15.c ****         py = pSrc2;
 743              		.loc 1 477 9 is_stmt 1 view .LVU281
 478:Drivers/CMSIS/DSP/Source/FilteringFunctions/arm_conv_partial_fast_q15.c **** 
 479:Drivers/CMSIS/DSP/Source/FilteringFunctions/arm_conv_partial_fast_q15.c ****         /* Decrement the loop counter */
 480:Drivers/CMSIS/DSP/Source/FilteringFunctions/arm_conv_partial_fast_q15.c ****         blkCnt--;
 744              		.loc 1 480 9 view .LVU282
 745              		.loc 1 480 15 is_stmt 0 view .LVU283
 746 0282 0899     		ldr	r1, [sp, #32]
 747 0284 0139     		subs	r1, r1, #1
 748 0286 0891     		str	r1, [sp, #32]
 749              	.LVL103:
 463:Drivers/CMSIS/DSP/Source/FilteringFunctions/arm_conv_partial_fast_q15.c **** 
 750              		.loc 1 463 24 view .LVU284
 751 0288 0292     		str	r2, [sp, #8]
 752              	.LVL104:
 753              	.L19:
 300:Drivers/CMSIS/DSP/Source/FilteringFunctions/arm_conv_partial_fast_q15.c ****       {
 754              		.loc 1 300 21 is_stmt 1 view .LVU285
 755 028a 089A     		ldr	r2, [sp, #32]
 756 028c 002A     		cmp	r2, #0
 757 028e 00F0A480 		beq	.L59
 302:Drivers/CMSIS/DSP/Source/FilteringFunctions/arm_conv_partial_fast_q15.c **** 
ARM GAS  C:\Users\Lamp\AppData\Local\Temp\ccxPEMG8.s 			page 40


 758              		.loc 1 302 7 view .LVU286
 302:Drivers/CMSIS/DSP/Source/FilteringFunctions/arm_conv_partial_fast_q15.c **** 
 759              		.loc 1 302 15 is_stmt 0 view .LVU287
 760 0292 069A     		ldr	r2, [sp, #24]
 761 0294 A2F1020C 		sub	ip, r2, #2
 762              	.LVL105:
 305:Drivers/CMSIS/DSP/Source/FilteringFunctions/arm_conv_partial_fast_q15.c ****         acc1 = 0;
 763              		.loc 1 305 9 is_stmt 1 view .LVU288
 306:Drivers/CMSIS/DSP/Source/FilteringFunctions/arm_conv_partial_fast_q15.c ****         acc2 = 0;
 764              		.loc 1 306 9 view .LVU289
 307:Drivers/CMSIS/DSP/Source/FilteringFunctions/arm_conv_partial_fast_q15.c ****         acc3 = 0;
 765              		.loc 1 307 9 view .LVU290
 308:Drivers/CMSIS/DSP/Source/FilteringFunctions/arm_conv_partial_fast_q15.c **** 
 766              		.loc 1 308 9 view .LVU291
 312:Drivers/CMSIS/DSP/Source/FilteringFunctions/arm_conv_partial_fast_q15.c ****         /* read x[1], x[2] samples */
 767              		.loc 1 312 7 view .LVU292
 312:Drivers/CMSIS/DSP/Source/FilteringFunctions/arm_conv_partial_fast_q15.c ****         /* read x[1], x[2] samples */
 768              		.loc 1 312 10 is_stmt 0 view .LVU293
 769 0298 1968     		ldr	r1, [r3]
 770              	.LVL106:
 314:Drivers/CMSIS/DSP/Source/FilteringFunctions/arm_conv_partial_fast_q15.c **** 	  px+= 2U;
 771              		.loc 1 314 7 is_stmt 1 view .LVU294
 314:Drivers/CMSIS/DSP/Source/FilteringFunctions/arm_conv_partial_fast_q15.c **** 	  px+= 2U;
 772              		.loc 1 314 10 is_stmt 0 view .LVU295
 773 029a D3F80220 		ldr	r2, [r3, #2]
 774              	.LVL107:
 315:Drivers/CMSIS/DSP/Source/FilteringFunctions/arm_conv_partial_fast_q15.c **** 
 775              		.loc 1 315 4 is_stmt 1 view .LVU296
 315:Drivers/CMSIS/DSP/Source/FilteringFunctions/arm_conv_partial_fast_q15.c **** 
 776              		.loc 1 315 6 is_stmt 0 view .LVU297
 777 029e 1D1D     		adds	r5, r3, #4
 778              	.LVL108:
 319:Drivers/CMSIS/DSP/Source/FilteringFunctions/arm_conv_partial_fast_q15.c **** 
 779              		.loc 1 319 9 is_stmt 1 view .LVU298
 319:Drivers/CMSIS/DSP/Source/FilteringFunctions/arm_conv_partial_fast_q15.c **** 
 780              		.loc 1 319 11 is_stmt 0 view .LVU299
 781 02a0 079B     		ldr	r3, [sp, #28]
 782 02a2 9B08     		lsrs	r3, r3, #2
 783 02a4 0193     		str	r3, [sp, #4]
 784              	.LVL109:
 308:Drivers/CMSIS/DSP/Source/FilteringFunctions/arm_conv_partial_fast_q15.c **** 
 785              		.loc 1 308 14 view .LVU300
 786 02a6 4FF0000B 		mov	fp, #0
 307:Drivers/CMSIS/DSP/Source/FilteringFunctions/arm_conv_partial_fast_q15.c ****         acc3 = 0;
 787              		.loc 1 307 14 view .LVU301
 788 02aa DA46     		mov	r10, fp
 306:Drivers/CMSIS/DSP/Source/FilteringFunctions/arm_conv_partial_fast_q15.c ****         acc2 = 0;
 789              		.loc 1 306 14 view .LVU302
 790 02ac D946     		mov	r9, fp
 305:Drivers/CMSIS/DSP/Source/FilteringFunctions/arm_conv_partial_fast_q15.c ****         acc1 = 0;
 791              		.loc 1 305 14 view .LVU303
 792 02ae 5846     		mov	r0, fp
 793 02b0 E646     		mov	lr, ip
 794 02b2 0C46     		mov	r4, r1
 795              	.LVL110:
 796              	.L20:
 323:Drivers/CMSIS/DSP/Source/FilteringFunctions/arm_conv_partial_fast_q15.c ****         {
ARM GAS  C:\Users\Lamp\AppData\Local\Temp\ccxPEMG8.s 			page 41


 797              		.loc 1 323 9 is_stmt 1 view .LVU304
 327:Drivers/CMSIS/DSP/Source/FilteringFunctions/arm_conv_partial_fast_q15.c **** 
 798              		.loc 1 327 9 view .LVU305
 327:Drivers/CMSIS/DSP/Source/FilteringFunctions/arm_conv_partial_fast_q15.c **** 
 799              		.loc 1 327 12 is_stmt 0 view .LVU306
 800 02b4 DEF80010 		ldr	r1, [lr]
 801              	.LVL111:
 330:Drivers/CMSIS/DSP/Source/FilteringFunctions/arm_conv_partial_fast_q15.c **** 
 802              		.loc 1 330 11 is_stmt 1 view .LVU307
 803              	.LBB90:
 804              	.LBI90:
 904:Drivers/CMSIS/DSP/Include/arm_math.h ****   uint32_t x,
 805              		.loc 2 904 41 view .LVU308
 806              	.LBB91:
 909:Drivers/CMSIS/DSP/Include/arm_math.h ****                        ((((q31_t)x      ) >> 16) * (((q31_t)y << 16) >> 16)) +
 807              		.loc 2 909 5 view .LVU309
 909:Drivers/CMSIS/DSP/Include/arm_math.h ****                        ((((q31_t)x      ) >> 16) * (((q31_t)y << 16) >> 16)) +
 808              		.loc 2 909 43 is_stmt 0 view .LVU310
 809 02b8 23B2     		sxth	r3, r4
 909:Drivers/CMSIS/DSP/Include/arm_math.h ****                        ((((q31_t)x      ) >> 16) * (((q31_t)y << 16) >> 16)) +
 810              		.loc 2 909 70 view .LVU311
 811 02ba 0F14     		asrs	r7, r1, #16
 812              		.loc 2 910 43 view .LVU312
 813 02bc 2414     		asrs	r4, r4, #16
 814              		.loc 2 910 70 view .LVU313
 815 02be 09B2     		sxth	r1, r1
 816              	.LVL112:
 817              		.loc 2 910 50 view .LVU314
 818 02c0 01FB04F4 		mul	r4, r1, r4
 909:Drivers/CMSIS/DSP/Include/arm_math.h ****                        ((((q31_t)x      ) >> 16) * (((q31_t)y << 16) >> 16)) +
 819              		.loc 2 909 78 view .LVU315
 820 02c4 07FB0344 		mla	r4, r7, r3, r4
 821              		.loc 2 910 78 view .LVU316
 822 02c8 2044     		add	r0, r0, r4
 823              	.LVL113:
 824              		.loc 2 910 78 view .LVU317
 825              	.LBE91:
 826              	.LBE90:
 333:Drivers/CMSIS/DSP/Source/FilteringFunctions/arm_conv_partial_fast_q15.c **** 
 827              		.loc 1 333 11 is_stmt 1 view .LVU318
 828              	.LBB92:
 829              	.LBI92:
 904:Drivers/CMSIS/DSP/Include/arm_math.h ****   uint32_t x,
 830              		.loc 2 904 41 view .LVU319
 831              	.LBB93:
 909:Drivers/CMSIS/DSP/Include/arm_math.h ****                        ((((q31_t)x      ) >> 16) * (((q31_t)y << 16) >> 16)) +
 832              		.loc 2 909 5 view .LVU320
 909:Drivers/CMSIS/DSP/Include/arm_math.h ****                        ((((q31_t)x      ) >> 16) * (((q31_t)y << 16) >> 16)) +
 833              		.loc 2 909 43 is_stmt 0 view .LVU321
 834 02ca 13B2     		sxth	r3, r2
 835              		.loc 2 910 43 view .LVU322
 836 02cc 1214     		asrs	r2, r2, #16
 837              		.loc 2 910 50 view .LVU323
 838 02ce 01FB02F2 		mul	r2, r1, r2
 909:Drivers/CMSIS/DSP/Include/arm_math.h ****                        ((((q31_t)x      ) >> 16) * (((q31_t)y << 16) >> 16)) +
 839              		.loc 2 909 78 view .LVU324
 840 02d2 07FB0322 		mla	r2, r7, r3, r2
ARM GAS  C:\Users\Lamp\AppData\Local\Temp\ccxPEMG8.s 			page 42


 841              		.loc 2 910 78 view .LVU325
 842 02d6 9144     		add	r9, r9, r2
 843              	.LVL114:
 844              		.loc 2 910 78 view .LVU326
 845              	.LBE93:
 846              	.LBE92:
 336:Drivers/CMSIS/DSP/Source/FilteringFunctions/arm_conv_partial_fast_q15.c **** 
 847              		.loc 1 336 9 is_stmt 1 view .LVU327
 336:Drivers/CMSIS/DSP/Source/FilteringFunctions/arm_conv_partial_fast_q15.c **** 
 848              		.loc 1 336 12 is_stmt 0 view .LVU328
 849 02d8 2B68     		ldr	r3, [r5]
 850              	.LVL115:
 339:Drivers/CMSIS/DSP/Source/FilteringFunctions/arm_conv_partial_fast_q15.c **** 
 851              		.loc 1 339 9 is_stmt 1 view .LVU329
 339:Drivers/CMSIS/DSP/Source/FilteringFunctions/arm_conv_partial_fast_q15.c **** 
 852              		.loc 1 339 12 is_stmt 0 view .LVU330
 853 02da D5F80240 		ldr	r4, [r5, #2]
 854              	.LVL116:
 342:Drivers/CMSIS/DSP/Source/FilteringFunctions/arm_conv_partial_fast_q15.c **** 
 855              		.loc 1 342 11 is_stmt 1 view .LVU331
 856              	.LBB94:
 857              	.LBI94:
 904:Drivers/CMSIS/DSP/Include/arm_math.h ****   uint32_t x,
 858              		.loc 2 904 41 view .LVU332
 859              	.LBB95:
 909:Drivers/CMSIS/DSP/Include/arm_math.h ****                        ((((q31_t)x      ) >> 16) * (((q31_t)y << 16) >> 16)) +
 860              		.loc 2 909 5 view .LVU333
 909:Drivers/CMSIS/DSP/Include/arm_math.h ****                        ((((q31_t)x      ) >> 16) * (((q31_t)y << 16) >> 16)) +
 861              		.loc 2 909 43 is_stmt 0 view .LVU334
 862 02de 0FFA83FC 		sxth	ip, r3
 863              		.loc 2 910 43 view .LVU335
 864 02e2 1A14     		asrs	r2, r3, #16
 865              		.loc 2 910 50 view .LVU336
 866 02e4 01FB02F6 		mul	r6, r1, r2
 909:Drivers/CMSIS/DSP/Include/arm_math.h ****                        ((((q31_t)x      ) >> 16) * (((q31_t)y << 16) >> 16)) +
 867              		.loc 2 909 78 view .LVU337
 868 02e8 07FB0C66 		mla	r6, r7, ip, r6
 869              		.loc 2 910 78 view .LVU338
 870 02ec 5644     		add	r6, r6, r10
 871              	.LVL117:
 872              		.loc 2 910 78 view .LVU339
 873              	.LBE95:
 874              	.LBE94:
 345:Drivers/CMSIS/DSP/Source/FilteringFunctions/arm_conv_partial_fast_q15.c **** 
 875              		.loc 1 345 11 is_stmt 1 view .LVU340
 876              	.LBB96:
 877              	.LBI96:
 904:Drivers/CMSIS/DSP/Include/arm_math.h ****   uint32_t x,
 878              		.loc 2 904 41 view .LVU341
 879              	.LBB97:
 909:Drivers/CMSIS/DSP/Include/arm_math.h ****                        ((((q31_t)x      ) >> 16) * (((q31_t)y << 16) >> 16)) +
 880              		.loc 2 909 5 view .LVU342
 909:Drivers/CMSIS/DSP/Include/arm_math.h ****                        ((((q31_t)x      ) >> 16) * (((q31_t)y << 16) >> 16)) +
 881              		.loc 2 909 43 is_stmt 0 view .LVU343
 882 02ee 0FFA84F8 		sxth	r8, r4
 883              		.loc 2 910 43 view .LVU344
 884 02f2 2414     		asrs	r4, r4, #16
ARM GAS  C:\Users\Lamp\AppData\Local\Temp\ccxPEMG8.s 			page 43


 885              	.LVL118:
 886              		.loc 2 910 50 view .LVU345
 887 02f4 04FB01F1 		mul	r1, r4, r1
 909:Drivers/CMSIS/DSP/Include/arm_math.h ****                        ((((q31_t)x      ) >> 16) * (((q31_t)y << 16) >> 16)) +
 888              		.loc 2 909 78 view .LVU346
 889 02f8 07FB0811 		mla	r1, r7, r8, r1
 890              		.loc 2 910 78 view .LVU347
 891 02fc 0BEB0103 		add	r3, fp, r1
 892              	.LVL119:
 893              		.loc 2 910 78 view .LVU348
 894 0300 0393     		str	r3, [sp, #12]
 895              	.LVL120:
 896              		.loc 2 910 78 view .LVU349
 897              	.LBE97:
 898              	.LBE96:
 348:Drivers/CMSIS/DSP/Source/FilteringFunctions/arm_conv_partial_fast_q15.c **** 
 899              		.loc 1 348 9 is_stmt 1 view .LVU350
 900 0302 7146     		mov	r1, lr
 348:Drivers/CMSIS/DSP/Source/FilteringFunctions/arm_conv_partial_fast_q15.c **** 
 901              		.loc 1 348 27 is_stmt 0 view .LVU351
 902 0304 AEF1080E 		sub	lr, lr, #8
 903              	.LVL121:
 348:Drivers/CMSIS/DSP/Source/FilteringFunctions/arm_conv_partial_fast_q15.c **** 
 904              		.loc 1 348 12 view .LVU352
 905 0308 51F8043C 		ldr	r3, [r1, #-4]
 906              	.LVL122:
 351:Drivers/CMSIS/DSP/Source/FilteringFunctions/arm_conv_partial_fast_q15.c **** 
 907              		.loc 1 351 11 is_stmt 1 view .LVU353
 908              	.LBB98:
 909              	.LBI98:
 904:Drivers/CMSIS/DSP/Include/arm_math.h ****   uint32_t x,
 910              		.loc 2 904 41 view .LVU354
 911              	.LBB99:
 909:Drivers/CMSIS/DSP/Include/arm_math.h ****                        ((((q31_t)x      ) >> 16) * (((q31_t)y << 16) >> 16)) +
 912              		.loc 2 909 5 view .LVU355
 909:Drivers/CMSIS/DSP/Include/arm_math.h ****                        ((((q31_t)x      ) >> 16) * (((q31_t)y << 16) >> 16)) +
 913              		.loc 2 909 70 is_stmt 0 view .LVU356
 914 030c 1F14     		asrs	r7, r3, #16
 915              		.loc 2 910 70 view .LVU357
 916 030e 0FFA83FB 		sxth	fp, r3
 917              		.loc 2 910 50 view .LVU358
 918 0312 02FB0BF3 		mul	r3, r2, fp
 919              	.LVL123:
 909:Drivers/CMSIS/DSP/Include/arm_math.h ****                        ((((q31_t)x      ) >> 16) * (((q31_t)y << 16) >> 16)) +
 920              		.loc 2 909 78 view .LVU359
 921 0316 0CFB0733 		mla	r3, ip, r7, r3
 922              		.loc 2 910 78 view .LVU360
 923 031a 1844     		add	r0, r0, r3
 924              	.LVL124:
 925              		.loc 2 910 78 view .LVU361
 926              	.LBE99:
 927              	.LBE98:
 354:Drivers/CMSIS/DSP/Source/FilteringFunctions/arm_conv_partial_fast_q15.c **** 
 928              		.loc 1 354 11 is_stmt 1 view .LVU362
 929              	.LBB100:
 930              	.LBI100:
 904:Drivers/CMSIS/DSP/Include/arm_math.h ****   uint32_t x,
ARM GAS  C:\Users\Lamp\AppData\Local\Temp\ccxPEMG8.s 			page 44


 931              		.loc 2 904 41 view .LVU363
 932              	.LBB101:
 909:Drivers/CMSIS/DSP/Include/arm_math.h ****                        ((((q31_t)x      ) >> 16) * (((q31_t)y << 16) >> 16)) +
 933              		.loc 2 909 5 view .LVU364
 934              		.loc 2 910 50 is_stmt 0 view .LVU365
 935 031c 04FB0BF4 		mul	r4, r4, fp
 909:Drivers/CMSIS/DSP/Include/arm_math.h ****                        ((((q31_t)x      ) >> 16) * (((q31_t)y << 16) >> 16)) +
 936              		.loc 2 909 78 view .LVU366
 937 0320 08FB0744 		mla	r4, r8, r7, r4
 938              		.loc 2 910 78 view .LVU367
 939 0324 A144     		add	r9, r9, r4
 940              	.LVL125:
 941              		.loc 2 910 78 view .LVU368
 942              	.LBE101:
 943              	.LBE100:
 357:Drivers/CMSIS/DSP/Source/FilteringFunctions/arm_conv_partial_fast_q15.c **** 
 944              		.loc 1 357 9 is_stmt 1 view .LVU369
 357:Drivers/CMSIS/DSP/Source/FilteringFunctions/arm_conv_partial_fast_q15.c **** 
 945              		.loc 1 357 12 is_stmt 0 view .LVU370
 946 0326 6C68     		ldr	r4, [r5, #4]
 360:Drivers/CMSIS/DSP/Source/FilteringFunctions/arm_conv_partial_fast_q15.c **** 		px += 4U;
 947              		.loc 1 360 9 is_stmt 1 view .LVU371
 948              	.LVL126:
 360:Drivers/CMSIS/DSP/Source/FilteringFunctions/arm_conv_partial_fast_q15.c **** 		px += 4U;
 949              		.loc 1 360 12 is_stmt 0 view .LVU372
 950 0328 D5F80620 		ldr	r2, [r5, #6]
 361:Drivers/CMSIS/DSP/Source/FilteringFunctions/arm_conv_partial_fast_q15.c **** 
 951              		.loc 1 361 3 is_stmt 1 view .LVU373
 952 032c 0495     		str	r5, [sp, #16]
 953              	.LVL127:
 361:Drivers/CMSIS/DSP/Source/FilteringFunctions/arm_conv_partial_fast_q15.c **** 
 954              		.loc 1 361 6 is_stmt 0 view .LVU374
 955 032e 0835     		adds	r5, r5, #8
 956              	.LVL128:
 364:Drivers/CMSIS/DSP/Source/FilteringFunctions/arm_conv_partial_fast_q15.c **** 
 957              		.loc 1 364 11 is_stmt 1 view .LVU375
 958              	.LBB102:
 959              	.LBI102:
 904:Drivers/CMSIS/DSP/Include/arm_math.h ****   uint32_t x,
 960              		.loc 2 904 41 view .LVU376
 961              	.LBB103:
 909:Drivers/CMSIS/DSP/Include/arm_math.h ****                        ((((q31_t)x      ) >> 16) * (((q31_t)y << 16) >> 16)) +
 962              		.loc 2 909 5 view .LVU377
 909:Drivers/CMSIS/DSP/Include/arm_math.h ****                        ((((q31_t)x      ) >> 16) * (((q31_t)y << 16) >> 16)) +
 963              		.loc 2 909 43 is_stmt 0 view .LVU378
 964 0330 23B2     		sxth	r3, r4
 965              		.loc 2 910 43 view .LVU379
 966 0332 4FEA244C 		asr	ip, r4, #16
 967              		.loc 2 910 50 view .LVU380
 968 0336 0BFB0CFA 		mul	r10, fp, ip
 909:Drivers/CMSIS/DSP/Include/arm_math.h ****                        ((((q31_t)x      ) >> 16) * (((q31_t)y << 16) >> 16)) +
 969              		.loc 2 909 78 view .LVU381
 970 033a 07FB03AA 		mla	r10, r7, r3, r10
 971              		.loc 2 910 78 view .LVU382
 972 033e B244     		add	r10, r10, r6
 973              	.LVL129:
 974              		.loc 2 910 78 view .LVU383
ARM GAS  C:\Users\Lamp\AppData\Local\Temp\ccxPEMG8.s 			page 45


 975              	.LBE103:
 976              	.LBE102:
 367:Drivers/CMSIS/DSP/Source/FilteringFunctions/arm_conv_partial_fast_q15.c **** 
 977              		.loc 1 367 11 is_stmt 1 view .LVU384
 978              	.LBB104:
 979              	.LBI104:
 904:Drivers/CMSIS/DSP/Include/arm_math.h ****   uint32_t x,
 980              		.loc 2 904 41 view .LVU385
 981              	.LBB105:
 909:Drivers/CMSIS/DSP/Include/arm_math.h ****                        ((((q31_t)x      ) >> 16) * (((q31_t)y << 16) >> 16)) +
 982              		.loc 2 909 5 view .LVU386
 909:Drivers/CMSIS/DSP/Include/arm_math.h ****                        ((((q31_t)x      ) >> 16) * (((q31_t)y << 16) >> 16)) +
 983              		.loc 2 909 43 is_stmt 0 view .LVU387
 984 0340 0FFA82F8 		sxth	r8, r2
 985              		.loc 2 910 43 view .LVU388
 986 0344 1614     		asrs	r6, r2, #16
 987              		.loc 2 910 50 view .LVU389
 988 0346 0BFB06FB 		mul	fp, fp, r6
 909:Drivers/CMSIS/DSP/Include/arm_math.h ****                        ((((q31_t)x      ) >> 16) * (((q31_t)y << 16) >> 16)) +
 989              		.loc 2 909 78 view .LVU390
 990 034a 07FB08BB 		mla	fp, r7, r8, fp
 991              		.loc 2 910 78 view .LVU391
 992 034e 039F     		ldr	r7, [sp, #12]
 993 0350 BB44     		add	fp, fp, r7
 994              	.LVL130:
 995              		.loc 2 910 78 view .LVU392
 996              	.LBE105:
 997              	.LBE104:
 369:Drivers/CMSIS/DSP/Source/FilteringFunctions/arm_conv_partial_fast_q15.c **** 
 998              		.loc 1 369 18 is_stmt 1 discriminator 1 view .LVU393
 369:Drivers/CMSIS/DSP/Source/FilteringFunctions/arm_conv_partial_fast_q15.c **** 
 999              		.loc 1 369 18 is_stmt 0 discriminator 1 view .LVU394
 1000 0352 019F     		ldr	r7, [sp, #4]
 1001 0354 013F     		subs	r7, r7, #1
 1002              	.LVL131:
 369:Drivers/CMSIS/DSP/Source/FilteringFunctions/arm_conv_partial_fast_q15.c **** 
 1003              		.loc 1 369 18 discriminator 1 view .LVU395
 1004 0356 0197     		str	r7, [sp, #4]
 1005 0358 ACD1     		bne	.L20
 376:Drivers/CMSIS/DSP/Source/FilteringFunctions/arm_conv_partial_fast_q15.c **** 
 1006              		.loc 1 376 11 view .LVU396
 1007 035a 0193     		str	r3, [sp, #4]
 1008 035c CDF80CC0 		str	ip, [sp, #12]
 1009 0360 8E46     		mov	lr, r1
 1010              	.LVL132:
 376:Drivers/CMSIS/DSP/Source/FilteringFunctions/arm_conv_partial_fast_q15.c **** 
 1011              		.loc 1 376 9 is_stmt 1 view .LVU397
 376:Drivers/CMSIS/DSP/Source/FilteringFunctions/arm_conv_partial_fast_q15.c **** 
 1012              		.loc 1 376 11 is_stmt 0 view .LVU398
 1013 0362 079B     		ldr	r3, [sp, #28]
 1014 0364 03F00302 		and	r2, r3, #3
 1015              	.LVL133:
 378:Drivers/CMSIS/DSP/Source/FilteringFunctions/arm_conv_partial_fast_q15.c ****         {
 1016              		.loc 1 378 9 is_stmt 1 view .LVU399
 378:Drivers/CMSIS/DSP/Source/FilteringFunctions/arm_conv_partial_fast_q15.c ****         {
 1017              		.loc 1 378 12 is_stmt 0 view .LVU400
 1018 0368 012A     		cmp	r2, #1
ARM GAS  C:\Users\Lamp\AppData\Local\Temp\ccxPEMG8.s 			page 46


 1019 036a 3FF43CAF 		beq	.L60
 1020              	.LVL134:
 1021              	.L21:
 403:Drivers/CMSIS/DSP/Source/FilteringFunctions/arm_conv_partial_fast_q15.c ****         {
 1022              		.loc 1 403 9 is_stmt 1 view .LVU401
 403:Drivers/CMSIS/DSP/Source/FilteringFunctions/arm_conv_partial_fast_q15.c ****         {
 1023              		.loc 1 403 12 is_stmt 0 view .LVU402
 1024 036e 022A     		cmp	r2, #2
 1025 0370 3FF44AAF 		beq	.L61
 1026              	.LVL135:
 1027              	.L22:
 422:Drivers/CMSIS/DSP/Source/FilteringFunctions/arm_conv_partial_fast_q15.c ****         {
 1028              		.loc 1 422 9 is_stmt 1 view .LVU403
 422:Drivers/CMSIS/DSP/Source/FilteringFunctions/arm_conv_partial_fast_q15.c ****         {
 1029              		.loc 1 422 12 is_stmt 0 view .LVU404
 1030 0374 032A     		cmp	r2, #3
 1031 0376 7FF46DAF 		bne	.L23
 425:Drivers/CMSIS/DSP/Source/FilteringFunctions/arm_conv_partial_fast_q15.c **** 
 1032              		.loc 1 425 9 is_stmt 1 view .LVU405
 425:Drivers/CMSIS/DSP/Source/FilteringFunctions/arm_conv_partial_fast_q15.c **** 
 1033              		.loc 1 425 12 is_stmt 0 view .LVU406
 1034 037a 5EF8083C 		ldr	r3, [lr, #-8]
 1035              	.LVL136:
 428:Drivers/CMSIS/DSP/Source/FilteringFunctions/arm_conv_partial_fast_q15.c **** 
 1036              		.loc 1 428 9 is_stmt 1 view .LVU407
 428:Drivers/CMSIS/DSP/Source/FilteringFunctions/arm_conv_partial_fast_q15.c **** 
 1037              		.loc 1 428 12 is_stmt 0 view .LVU408
 1038 037e 2A68     		ldr	r2, [r5]
 1039              	.LVL137:
 431:Drivers/CMSIS/DSP/Source/FilteringFunctions/arm_conv_partial_fast_q15.c **** 
 1040              		.loc 1 431 9 is_stmt 1 view .LVU409
 431:Drivers/CMSIS/DSP/Source/FilteringFunctions/arm_conv_partial_fast_q15.c **** 
 1041              		.loc 1 431 12 is_stmt 0 view .LVU410
 1042 0380 D5F80210 		ldr	r1, [r5, #2]
 1043              	.LVL138:
 434:Drivers/CMSIS/DSP/Source/FilteringFunctions/arm_conv_partial_fast_q15.c ****           acc1 = __SMLADX(x1, c0, acc1);
 1044              		.loc 1 434 11 is_stmt 1 view .LVU411
 1045              	.LBB106:
 1046              	.LBI106:
 904:Drivers/CMSIS/DSP/Include/arm_math.h ****   uint32_t x,
 1047              		.loc 2 904 41 view .LVU412
 1048              	.LBB107:
 909:Drivers/CMSIS/DSP/Include/arm_math.h ****                        ((((q31_t)x      ) >> 16) * (((q31_t)y << 16) >> 16)) +
 1049              		.loc 2 909 5 view .LVU413
 909:Drivers/CMSIS/DSP/Include/arm_math.h ****                        ((((q31_t)x      ) >> 16) * (((q31_t)y << 16) >> 16)) +
 1050              		.loc 2 909 70 is_stmt 0 view .LVU414
 1051 0384 1F14     		asrs	r7, r3, #16
 1052              		.loc 2 910 70 view .LVU415
 1053 0386 1BB2     		sxth	r3, r3
 1054              	.LVL139:
 1055              		.loc 2 910 50 view .LVU416
 1056 0388 039C     		ldr	r4, [sp, #12]
 1057 038a 03FB04F4 		mul	r4, r3, r4
 909:Drivers/CMSIS/DSP/Include/arm_math.h ****                        ((((q31_t)x      ) >> 16) * (((q31_t)y << 16) >> 16)) +
 1058              		.loc 2 909 78 view .LVU417
 1059 038e DDF804C0 		ldr	ip, [sp, #4]
 1060 0392 07FB0C44 		mla	r4, r7, ip, r4
ARM GAS  C:\Users\Lamp\AppData\Local\Temp\ccxPEMG8.s 			page 47


 1061              		.loc 2 910 78 view .LVU418
 1062 0396 0444     		add	r4, r4, r0
 1063              	.LVL140:
 1064              		.loc 2 910 78 view .LVU419
 1065              	.LBE107:
 1066              	.LBE106:
 435:Drivers/CMSIS/DSP/Source/FilteringFunctions/arm_conv_partial_fast_q15.c ****           acc2 = __SMLADX(x3, c0, acc2);
 1067              		.loc 1 435 11 is_stmt 1 view .LVU420
 1068              	.LBB108:
 1069              	.LBI108:
 904:Drivers/CMSIS/DSP/Include/arm_math.h ****   uint32_t x,
 1070              		.loc 2 904 41 view .LVU421
 1071              	.LBB109:
 909:Drivers/CMSIS/DSP/Include/arm_math.h ****                        ((((q31_t)x      ) >> 16) * (((q31_t)y << 16) >> 16)) +
 1072              		.loc 2 909 5 view .LVU422
 1073              		.loc 2 910 50 is_stmt 0 view .LVU423
 1074 0398 03FB06FC 		mul	ip, r3, r6
 909:Drivers/CMSIS/DSP/Include/arm_math.h ****                        ((((q31_t)x      ) >> 16) * (((q31_t)y << 16) >> 16)) +
 1075              		.loc 2 909 78 view .LVU424
 1076 039c 07FB08CC 		mla	ip, r7, r8, ip
 1077              		.loc 2 910 78 view .LVU425
 1078 03a0 CC44     		add	ip, ip, r9
 1079              	.LVL141:
 1080              		.loc 2 910 78 view .LVU426
 1081              	.LBE109:
 1082              	.LBE108:
 436:Drivers/CMSIS/DSP/Source/FilteringFunctions/arm_conv_partial_fast_q15.c ****           acc3 = __SMLADX(x2, c0, acc3);
 1083              		.loc 1 436 11 is_stmt 1 view .LVU427
 1084              	.LBB110:
 1085              	.LBI110:
 904:Drivers/CMSIS/DSP/Include/arm_math.h ****   uint32_t x,
 1086              		.loc 2 904 41 view .LVU428
 1087              	.LBB111:
 909:Drivers/CMSIS/DSP/Include/arm_math.h ****                        ((((q31_t)x      ) >> 16) * (((q31_t)y << 16) >> 16)) +
 1088              		.loc 2 909 5 view .LVU429
 909:Drivers/CMSIS/DSP/Include/arm_math.h ****                        ((((q31_t)x      ) >> 16) * (((q31_t)y << 16) >> 16)) +
 1089              		.loc 2 909 43 is_stmt 0 view .LVU430
 1090 03a2 10B2     		sxth	r0, r2
 1091              		.loc 2 910 43 view .LVU431
 1092 03a4 1214     		asrs	r2, r2, #16
 1093              	.LVL142:
 1094              		.loc 2 910 50 view .LVU432
 1095 03a6 03FB02F2 		mul	r2, r3, r2
 909:Drivers/CMSIS/DSP/Include/arm_math.h ****                        ((((q31_t)x      ) >> 16) * (((q31_t)y << 16) >> 16)) +
 1096              		.loc 2 909 78 view .LVU433
 1097 03aa 07FB0022 		mla	r2, r7, r0, r2
 1098              		.loc 2 910 78 view .LVU434
 1099 03ae 5244     		add	r2, r2, r10
 1100              	.LVL143:
 1101              		.loc 2 910 78 view .LVU435
 1102              	.LBE111:
 1103              	.LBE110:
 437:Drivers/CMSIS/DSP/Source/FilteringFunctions/arm_conv_partial_fast_q15.c **** 
 1104              		.loc 1 437 11 is_stmt 1 view .LVU436
 1105              	.LBB112:
 1106              	.LBI112:
 904:Drivers/CMSIS/DSP/Include/arm_math.h ****   uint32_t x,
ARM GAS  C:\Users\Lamp\AppData\Local\Temp\ccxPEMG8.s 			page 48


 1107              		.loc 2 904 41 view .LVU437
 1108              	.LBB113:
 909:Drivers/CMSIS/DSP/Include/arm_math.h ****                        ((((q31_t)x      ) >> 16) * (((q31_t)y << 16) >> 16)) +
 1109              		.loc 2 909 5 view .LVU438
 909:Drivers/CMSIS/DSP/Include/arm_math.h ****                        ((((q31_t)x      ) >> 16) * (((q31_t)y << 16) >> 16)) +
 1110              		.loc 2 909 43 is_stmt 0 view .LVU439
 1111 03b0 0FFA81F8 		sxth	r8, r1
 1112              		.loc 2 910 43 view .LVU440
 1113 03b4 0914     		asrs	r1, r1, #16
 1114              	.LVL144:
 1115              		.loc 2 910 50 view .LVU441
 1116 03b6 01FB03F3 		mul	r3, r1, r3
 909:Drivers/CMSIS/DSP/Include/arm_math.h ****                        ((((q31_t)x      ) >> 16) * (((q31_t)y << 16) >> 16)) +
 1117              		.loc 2 909 78 view .LVU442
 1118 03ba 07FB0833 		mla	r3, r7, r8, r3
 1119              		.loc 2 910 78 view .LVU443
 1120 03be 5B44     		add	r3, r3, fp
 1121              	.LVL145:
 1122              		.loc 2 910 78 view .LVU444
 1123              	.LBE113:
 1124              	.LBE112:
 439:Drivers/CMSIS/DSP/Source/FilteringFunctions/arm_conv_partial_fast_q15.c **** #ifdef  ARM_MATH_BIG_ENDIAN
 1125              		.loc 1 439 3 is_stmt 1 view .LVU445
 445:Drivers/CMSIS/DSP/Source/FilteringFunctions/arm_conv_partial_fast_q15.c **** #endif /*      #ifdef  ARM_MATH_BIG_ENDIAN     */
 1126              		.loc 1 445 9 view .LVU446
 449:Drivers/CMSIS/DSP/Source/FilteringFunctions/arm_conv_partial_fast_q15.c **** 		px += 3U;
 1127              		.loc 1 449 9 view .LVU447
 450:Drivers/CMSIS/DSP/Source/FilteringFunctions/arm_conv_partial_fast_q15.c **** 
 1128              		.loc 1 450 3 view .LVU448
 453:Drivers/CMSIS/DSP/Source/FilteringFunctions/arm_conv_partial_fast_q15.c ****           acc1 = __SMLAD(x2, c0, acc1);
 1129              		.loc 1 453 11 view .LVU449
 1130              	.LBB114:
 1131              	.LBI114:
 904:Drivers/CMSIS/DSP/Include/arm_math.h ****   uint32_t x,
 1132              		.loc 2 904 41 view .LVU450
 1133              	.LBB115:
 909:Drivers/CMSIS/DSP/Include/arm_math.h ****                        ((((q31_t)x      ) >> 16) * (((q31_t)y << 16) >> 16)) +
 1134              		.loc 2 909 5 view .LVU451
 1135              		.loc 2 910 70 is_stmt 0 view .LVU452
 1136 03c0 3EF90A7C 		ldrsh	r7, [lr, #-10]
 1137              		.loc 2 910 78 view .LVU453
 1138 03c4 07FB0640 		mla	r0, r7, r6, r4
 1139              	.LVL146:
 1140              		.loc 2 910 78 view .LVU454
 1141              	.LBE115:
 1142              	.LBE114:
 454:Drivers/CMSIS/DSP/Source/FilteringFunctions/arm_conv_partial_fast_q15.c ****           acc2 = __SMLADX(x2, c0, acc2);
 1143              		.loc 1 454 11 is_stmt 1 view .LVU455
 1144              	.LBB116:
 1145              	.LBI116:
 890:Drivers/CMSIS/DSP/Include/arm_math.h ****   uint32_t x,
 1146              		.loc 2 890 41 view .LVU456
 1147              	.LBB117:
 895:Drivers/CMSIS/DSP/Include/arm_math.h ****                        ((((q31_t)x      ) >> 16) * (((q31_t)y      ) >> 16)) +
 1148              		.loc 2 895 5 view .LVU457
 896:Drivers/CMSIS/DSP/Include/arm_math.h ****                        ( ((q31_t)sum    )                                  )   ));
 1149              		.loc 2 896 78 is_stmt 0 view .LVU458
ARM GAS  C:\Users\Lamp\AppData\Local\Temp\ccxPEMG8.s 			page 49


 1150 03c8 08FB07C9 		mla	r9, r8, r7, ip
 1151              	.LVL147:
 896:Drivers/CMSIS/DSP/Include/arm_math.h ****                        ( ((q31_t)sum    )                                  )   ));
 1152              		.loc 2 896 78 view .LVU459
 1153              	.LBE117:
 1154              	.LBE116:
 455:Drivers/CMSIS/DSP/Source/FilteringFunctions/arm_conv_partial_fast_q15.c ****           acc3 = __SMLADX(x3, c0, acc3);
 1155              		.loc 1 455 11 is_stmt 1 view .LVU460
 1156              	.LBB118:
 1157              	.LBI118:
 904:Drivers/CMSIS/DSP/Include/arm_math.h ****   uint32_t x,
 1158              		.loc 2 904 41 view .LVU461
 1159              	.LBB119:
 909:Drivers/CMSIS/DSP/Include/arm_math.h ****                        ((((q31_t)x      ) >> 16) * (((q31_t)y << 16) >> 16)) +
 1160              		.loc 2 909 5 view .LVU462
 1161              		.loc 2 910 78 is_stmt 0 view .LVU463
 1162 03cc 01FB072A 		mla	r10, r1, r7, r2
 1163              	.LVL148:
 1164              		.loc 2 910 78 view .LVU464
 1165              	.LBE119:
 1166              	.LBE118:
 456:Drivers/CMSIS/DSP/Source/FilteringFunctions/arm_conv_partial_fast_q15.c ****         }
 1167              		.loc 1 456 11 is_stmt 1 view .LVU465
 1168              	.LBB120:
 1169              	.LBI120:
 904:Drivers/CMSIS/DSP/Include/arm_math.h ****   uint32_t x,
 1170              		.loc 2 904 41 view .LVU466
 1171              	.LBB121:
 909:Drivers/CMSIS/DSP/Include/arm_math.h ****                        ((((q31_t)x      ) >> 16) * (((q31_t)y << 16) >> 16)) +
 1172              		.loc 2 909 5 view .LVU467
 1173              		.loc 2 910 43 is_stmt 0 view .LVU468
 1174 03d0 B5F90620 		ldrsh	r2, [r5, #6]
 1175              		.loc 2 910 78 view .LVU469
 1176 03d4 07FB023B 		mla	fp, r7, r2, r3
 1177              	.LVL149:
 1178              		.loc 2 910 78 view .LVU470
 1179 03d8 3CE7     		b	.L23
 1180              	.LVL150:
 1181              	.L59:
 1182              		.loc 2 910 78 view .LVU471
 1183              	.LBE121:
 1184              	.LBE120:
 481:Drivers/CMSIS/DSP/Source/FilteringFunctions/arm_conv_partial_fast_q15.c ****       }
 482:Drivers/CMSIS/DSP/Source/FilteringFunctions/arm_conv_partial_fast_q15.c **** 
 483:Drivers/CMSIS/DSP/Source/FilteringFunctions/arm_conv_partial_fast_q15.c ****       /* If the blockSize2 is not a multiple of 4, compute any remaining output samples here.
 484:Drivers/CMSIS/DSP/Source/FilteringFunctions/arm_conv_partial_fast_q15.c ****        ** No loop unrolling is used. */
 485:Drivers/CMSIS/DSP/Source/FilteringFunctions/arm_conv_partial_fast_q15.c ****       blkCnt = (uint32_t) blockSize2 % 0x4U;
 1185              		.loc 1 485 14 view .LVU472
 1186 03da 0A9C     		ldr	r4, [sp, #40]
 1187 03dc 0B9D     		ldr	r5, [sp, #44]
 1188 03de DDF83090 		ldr	r9, [sp, #48]
 1189 03e2 DDF83480 		ldr	r8, [sp, #52]
 1190 03e6 199E     		ldr	r6, [sp, #100]
 1191              		.loc 1 485 7 is_stmt 1 view .LVU473
 1192              		.loc 1 485 14 is_stmt 0 view .LVU474
 1193 03e8 09F00307 		and	r7, r9, #3
 1194              	.LVL151:
ARM GAS  C:\Users\Lamp\AppData\Local\Temp\ccxPEMG8.s 			page 50


 486:Drivers/CMSIS/DSP/Source/FilteringFunctions/arm_conv_partial_fast_q15.c **** 
 487:Drivers/CMSIS/DSP/Source/FilteringFunctions/arm_conv_partial_fast_q15.c ****       while (blkCnt > 0U)
 1195              		.loc 1 487 7 is_stmt 1 view .LVU475
 1196 03ec DDF824C0 		ldr	ip, [sp, #36]
 1197 03f0 DDF81CE0 		ldr	lr, [sp, #28]
 1198 03f4 DDF81490 		ldr	r9, [sp, #20]
 1199              		.loc 1 487 13 is_stmt 0 view .LVU476
 1200 03f8 39E0     		b	.L25
 1201              	.LVL152:
 1202              	.L27:
 488:Drivers/CMSIS/DSP/Source/FilteringFunctions/arm_conv_partial_fast_q15.c ****       {
 489:Drivers/CMSIS/DSP/Source/FilteringFunctions/arm_conv_partial_fast_q15.c ****         /* Accumulator is made zero for every iteration */
 490:Drivers/CMSIS/DSP/Source/FilteringFunctions/arm_conv_partial_fast_q15.c ****         sum = 0;
 491:Drivers/CMSIS/DSP/Source/FilteringFunctions/arm_conv_partial_fast_q15.c **** 
 492:Drivers/CMSIS/DSP/Source/FilteringFunctions/arm_conv_partial_fast_q15.c ****         /* Apply loop unrolling and compute 4 MACs simultaneously. */
 493:Drivers/CMSIS/DSP/Source/FilteringFunctions/arm_conv_partial_fast_q15.c ****         k = srcBLen >> 2U;
 494:Drivers/CMSIS/DSP/Source/FilteringFunctions/arm_conv_partial_fast_q15.c **** 
 495:Drivers/CMSIS/DSP/Source/FilteringFunctions/arm_conv_partial_fast_q15.c ****         /* First part of the processing with loop unrolling.  Compute 4 MACs at a time.
 496:Drivers/CMSIS/DSP/Source/FilteringFunctions/arm_conv_partial_fast_q15.c ****          ** a second loop below computes MACs for the remaining 1 to 3 samples. */
 497:Drivers/CMSIS/DSP/Source/FilteringFunctions/arm_conv_partial_fast_q15.c ****         while (k > 0U)
 498:Drivers/CMSIS/DSP/Source/FilteringFunctions/arm_conv_partial_fast_q15.c ****         {
 499:Drivers/CMSIS/DSP/Source/FilteringFunctions/arm_conv_partial_fast_q15.c ****           /* Perform the multiply-accumulates */
 500:Drivers/CMSIS/DSP/Source/FilteringFunctions/arm_conv_partial_fast_q15.c ****           sum += ((q31_t) * px++ * *py--);
 1203              		.loc 1 500 11 is_stmt 1 view .LVU477
 1204              		.loc 1 500 27 is_stmt 0 view .LVU478
 1205 03fa B3F900A0 		ldrsh	r10, [r3]
 1206              	.LVL153:
 1207              		.loc 1 500 36 view .LVU479
 1208 03fe B1F900B0 		ldrsh	fp, [r1]
 1209              		.loc 1 500 15 view .LVU480
 1210 0402 0BFB0A22 		mla	r2, fp, r10, r2
 1211              	.LVL154:
 501:Drivers/CMSIS/DSP/Source/FilteringFunctions/arm_conv_partial_fast_q15.c ****           sum += ((q31_t) * px++ * *py--);
 1212              		.loc 1 501 11 is_stmt 1 view .LVU481
 1213              		.loc 1 501 27 is_stmt 0 view .LVU482
 1214 0406 B3F902A0 		ldrsh	r10, [r3, #2]
 1215              	.LVL155:
 1216              		.loc 1 501 36 view .LVU483
 1217 040a 31F902BC 		ldrsh	fp, [r1, #-2]
 1218              		.loc 1 501 15 view .LVU484
 1219 040e 0BFB0A22 		mla	r2, fp, r10, r2
 1220              	.LVL156:
 502:Drivers/CMSIS/DSP/Source/FilteringFunctions/arm_conv_partial_fast_q15.c ****           sum += ((q31_t) * px++ * *py--);
 1221              		.loc 1 502 11 is_stmt 1 view .LVU485
 1222              		.loc 1 502 27 is_stmt 0 view .LVU486
 1223 0412 B3F904A0 		ldrsh	r10, [r3, #4]
 1224              	.LVL157:
 1225              		.loc 1 502 36 view .LVU487
 1226 0416 31F904BC 		ldrsh	fp, [r1, #-4]
 1227              		.loc 1 502 15 view .LVU488
 1228 041a 0BFB0A22 		mla	r2, fp, r10, r2
 1229              	.LVL158:
 503:Drivers/CMSIS/DSP/Source/FilteringFunctions/arm_conv_partial_fast_q15.c ****           sum += ((q31_t) * px++ * *py--);
 1230              		.loc 1 503 11 is_stmt 1 view .LVU489
 1231              		.loc 1 503 27 is_stmt 0 view .LVU490
 1232 041e B3F906A0 		ldrsh	r10, [r3, #6]
 1233              	.LVL159:
ARM GAS  C:\Users\Lamp\AppData\Local\Temp\ccxPEMG8.s 			page 51


 1234              		.loc 1 503 36 view .LVU491
 1235 0422 31F906BC 		ldrsh	fp, [r1, #-6]
 1236              		.loc 1 503 15 view .LVU492
 1237 0426 0BFB0A22 		mla	r2, fp, r10, r2
 1238              	.LVL160:
 504:Drivers/CMSIS/DSP/Source/FilteringFunctions/arm_conv_partial_fast_q15.c **** 
 505:Drivers/CMSIS/DSP/Source/FilteringFunctions/arm_conv_partial_fast_q15.c ****           /* Decrement the loop counter */
 506:Drivers/CMSIS/DSP/Source/FilteringFunctions/arm_conv_partial_fast_q15.c ****           k--;
 1239              		.loc 1 506 11 is_stmt 1 view .LVU493
 1240              		.loc 1 506 12 is_stmt 0 view .LVU494
 1241 042a 0138     		subs	r0, r0, #1
 1242              	.LVL161:
 503:Drivers/CMSIS/DSP/Source/FilteringFunctions/arm_conv_partial_fast_q15.c ****           sum += ((q31_t) * px++ * *py--);
 1243              		.loc 1 503 39 view .LVU495
 1244 042c 0839     		subs	r1, r1, #8
 1245              	.LVL162:
 503:Drivers/CMSIS/DSP/Source/FilteringFunctions/arm_conv_partial_fast_q15.c ****           sum += ((q31_t) * px++ * *py--);
 1246              		.loc 1 503 31 view .LVU496
 1247 042e 0833     		adds	r3, r3, #8
 1248              	.LVL163:
 1249              	.L26:
 497:Drivers/CMSIS/DSP/Source/FilteringFunctions/arm_conv_partial_fast_q15.c ****         {
 1250              		.loc 1 497 18 is_stmt 1 view .LVU497
 1251 0430 0028     		cmp	r0, #0
 1252 0432 E2D1     		bne	.L27
 507:Drivers/CMSIS/DSP/Source/FilteringFunctions/arm_conv_partial_fast_q15.c ****         }
 508:Drivers/CMSIS/DSP/Source/FilteringFunctions/arm_conv_partial_fast_q15.c **** 
 509:Drivers/CMSIS/DSP/Source/FilteringFunctions/arm_conv_partial_fast_q15.c ****         /* If the srcBLen is not a multiple of 4, compute any remaining MACs here.
 510:Drivers/CMSIS/DSP/Source/FilteringFunctions/arm_conv_partial_fast_q15.c ****          ** No loop unrolling is used. */
 511:Drivers/CMSIS/DSP/Source/FilteringFunctions/arm_conv_partial_fast_q15.c ****         k = srcBLen % 0x4U;
 1253              		.loc 1 511 9 view .LVU498
 1254              		.loc 1 511 11 is_stmt 0 view .LVU499
 1255 0434 0EF00300 		and	r0, lr, #3
 1256              	.LVL164:
 512:Drivers/CMSIS/DSP/Source/FilteringFunctions/arm_conv_partial_fast_q15.c **** 
 513:Drivers/CMSIS/DSP/Source/FilteringFunctions/arm_conv_partial_fast_q15.c ****         while (k > 0U)
 1257              		.loc 1 513 9 is_stmt 1 view .LVU500
 1258              		.loc 1 513 15 is_stmt 0 view .LVU501
 1259 0438 06E0     		b	.L28
 1260              	.L29:
 514:Drivers/CMSIS/DSP/Source/FilteringFunctions/arm_conv_partial_fast_q15.c ****         {
 515:Drivers/CMSIS/DSP/Source/FilteringFunctions/arm_conv_partial_fast_q15.c ****           /* Perform the multiply-accumulates */
 516:Drivers/CMSIS/DSP/Source/FilteringFunctions/arm_conv_partial_fast_q15.c ****           sum += ((q31_t) * px++ * *py--);
 1261              		.loc 1 516 11 is_stmt 1 view .LVU502
 1262              	.LVL165:
 1263              		.loc 1 516 27 is_stmt 0 view .LVU503
 1264 043a 33F902AB 		ldrsh	r10, [r3], #2
 1265              	.LVL166:
 1266              		.loc 1 516 36 view .LVU504
 1267 043e 31F902B9 		ldrsh	fp, [r1], #-2
 1268              	.LVL167:
 1269              		.loc 1 516 15 view .LVU505
 1270 0442 0BFB0A22 		mla	r2, fp, r10, r2
 1271              	.LVL168:
 517:Drivers/CMSIS/DSP/Source/FilteringFunctions/arm_conv_partial_fast_q15.c **** 
 518:Drivers/CMSIS/DSP/Source/FilteringFunctions/arm_conv_partial_fast_q15.c ****           /* Decrement the loop counter */
 519:Drivers/CMSIS/DSP/Source/FilteringFunctions/arm_conv_partial_fast_q15.c ****           k--;
ARM GAS  C:\Users\Lamp\AppData\Local\Temp\ccxPEMG8.s 			page 52


 1272              		.loc 1 519 11 is_stmt 1 view .LVU506
 1273              		.loc 1 519 12 is_stmt 0 view .LVU507
 1274 0446 0138     		subs	r0, r0, #1
 1275              	.LVL169:
 1276              	.L28:
 513:Drivers/CMSIS/DSP/Source/FilteringFunctions/arm_conv_partial_fast_q15.c ****         {
 1277              		.loc 1 513 18 is_stmt 1 view .LVU508
 1278 0448 0028     		cmp	r0, #0
 1279 044a F6D1     		bne	.L29
 520:Drivers/CMSIS/DSP/Source/FilteringFunctions/arm_conv_partial_fast_q15.c ****         }
 521:Drivers/CMSIS/DSP/Source/FilteringFunctions/arm_conv_partial_fast_q15.c **** 
 522:Drivers/CMSIS/DSP/Source/FilteringFunctions/arm_conv_partial_fast_q15.c ****         /* Store the result in the accumulator in the destination buffer. */
 523:Drivers/CMSIS/DSP/Source/FilteringFunctions/arm_conv_partial_fast_q15.c ****         *pOut++ = (q15_t) (sum >> 15);
 1280              		.loc 1 523 9 view .LVU509
 1281              		.loc 1 523 14 is_stmt 0 view .LVU510
 1282 044c 0299     		ldr	r1, [sp, #8]
 1283              	.LVL170:
 1284              		.loc 1 523 19 view .LVU511
 1285 044e 42F3CF32 		sbfx	r2, r2, #15, #16
 1286              	.LVL171:
 1287              		.loc 1 523 17 view .LVU512
 1288 0452 21F8022B 		strh	r2, [r1], #2	@ movhi
 1289              	.LVL172:
 524:Drivers/CMSIS/DSP/Source/FilteringFunctions/arm_conv_partial_fast_q15.c **** 
 525:Drivers/CMSIS/DSP/Source/FilteringFunctions/arm_conv_partial_fast_q15.c ****         /* Increment the pointer pIn1 index, count by 1 */
 526:Drivers/CMSIS/DSP/Source/FilteringFunctions/arm_conv_partial_fast_q15.c ****         count++;
 1290              		.loc 1 526 9 is_stmt 1 view .LVU513
 1291              		.loc 1 526 14 is_stmt 0 view .LVU514
 1292 0456 0CF1010C 		add	ip, ip, #1
 1293              	.LVL173:
 527:Drivers/CMSIS/DSP/Source/FilteringFunctions/arm_conv_partial_fast_q15.c **** 
 528:Drivers/CMSIS/DSP/Source/FilteringFunctions/arm_conv_partial_fast_q15.c ****         /* Update the inputA and inputB pointers for next MAC calculation */
 529:Drivers/CMSIS/DSP/Source/FilteringFunctions/arm_conv_partial_fast_q15.c ****         if ((int32_t)firstIndex - (int32_t)srcBLen + 1 > 0)
 1294              		.loc 1 529 9 is_stmt 1 view .LVU515
 1295              		.loc 1 529 12 is_stmt 0 view .LVU516
 1296 045a 002C     		cmp	r4, #0
 1297 045c 0DDB     		blt	.L30
 530:Drivers/CMSIS/DSP/Source/FilteringFunctions/arm_conv_partial_fast_q15.c ****         {
 531:Drivers/CMSIS/DSP/Source/FilteringFunctions/arm_conv_partial_fast_q15.c ****           px = pIn1 + firstIndex - srcBLen + 1 + count;
 1298              		.loc 1 531 11 is_stmt 1 view .LVU517
 1299              		.loc 1 531 34 is_stmt 0 view .LVU518
 1300 045e A6EB0E03 		sub	r3, r6, lr
 1301              	.LVL174:
 1302              		.loc 1 531 48 view .LVU519
 1303 0462 6344     		add	r3, r3, ip
 1304 0464 0133     		adds	r3, r3, #1
 1305 0466 09EB4303 		add	r3, r9, r3, lsl #1
 1306              	.LVL175:
 1307              	.L31:
 532:Drivers/CMSIS/DSP/Source/FilteringFunctions/arm_conv_partial_fast_q15.c ****         }
 533:Drivers/CMSIS/DSP/Source/FilteringFunctions/arm_conv_partial_fast_q15.c ****         else
 534:Drivers/CMSIS/DSP/Source/FilteringFunctions/arm_conv_partial_fast_q15.c ****         {
 535:Drivers/CMSIS/DSP/Source/FilteringFunctions/arm_conv_partial_fast_q15.c ****           px = pIn1 + count;
 536:Drivers/CMSIS/DSP/Source/FilteringFunctions/arm_conv_partial_fast_q15.c ****         }
 537:Drivers/CMSIS/DSP/Source/FilteringFunctions/arm_conv_partial_fast_q15.c ****         py = pSrc2;
 1308              		.loc 1 537 9 is_stmt 1 view .LVU520
 538:Drivers/CMSIS/DSP/Source/FilteringFunctions/arm_conv_partial_fast_q15.c **** 
ARM GAS  C:\Users\Lamp\AppData\Local\Temp\ccxPEMG8.s 			page 53


 539:Drivers/CMSIS/DSP/Source/FilteringFunctions/arm_conv_partial_fast_q15.c ****         /* Decrement the loop counter */
 540:Drivers/CMSIS/DSP/Source/FilteringFunctions/arm_conv_partial_fast_q15.c ****         blkCnt--;
 1309              		.loc 1 540 9 view .LVU521
 1310              		.loc 1 540 15 is_stmt 0 view .LVU522
 1311 046a 013F     		subs	r7, r7, #1
 1312              	.LVL176:
 523:Drivers/CMSIS/DSP/Source/FilteringFunctions/arm_conv_partial_fast_q15.c **** 
 1313              		.loc 1 523 14 view .LVU523
 1314 046c 0291     		str	r1, [sp, #8]
 1315              	.LVL177:
 1316              	.L25:
 487:Drivers/CMSIS/DSP/Source/FilteringFunctions/arm_conv_partial_fast_q15.c ****       {
 1317              		.loc 1 487 21 is_stmt 1 view .LVU524
 1318 046e 8FB3     		cbz	r7, .L33
 490:Drivers/CMSIS/DSP/Source/FilteringFunctions/arm_conv_partial_fast_q15.c **** 
 1319              		.loc 1 490 9 view .LVU525
 1320              	.LVL178:
 493:Drivers/CMSIS/DSP/Source/FilteringFunctions/arm_conv_partial_fast_q15.c **** 
 1321              		.loc 1 493 9 view .LVU526
 493:Drivers/CMSIS/DSP/Source/FilteringFunctions/arm_conv_partial_fast_q15.c **** 
 1322              		.loc 1 493 11 is_stmt 0 view .LVU527
 1323 0470 4FEA9E00 		lsr	r0, lr, #2
 1324              	.LVL179:
 497:Drivers/CMSIS/DSP/Source/FilteringFunctions/arm_conv_partial_fast_q15.c ****         {
 1325              		.loc 1 497 9 is_stmt 1 view .LVU528
 497:Drivers/CMSIS/DSP/Source/FilteringFunctions/arm_conv_partial_fast_q15.c ****         {
 1326              		.loc 1 497 15 is_stmt 0 view .LVU529
 1327 0474 0699     		ldr	r1, [sp, #24]
 490:Drivers/CMSIS/DSP/Source/FilteringFunctions/arm_conv_partial_fast_q15.c **** 
 1328              		.loc 1 490 13 view .LVU530
 1329 0476 0022     		movs	r2, #0
 497:Drivers/CMSIS/DSP/Source/FilteringFunctions/arm_conv_partial_fast_q15.c ****         {
 1330              		.loc 1 497 15 view .LVU531
 1331 0478 DAE7     		b	.L26
 1332              	.LVL180:
 1333              	.L30:
 535:Drivers/CMSIS/DSP/Source/FilteringFunctions/arm_conv_partial_fast_q15.c ****         }
 1334              		.loc 1 535 11 is_stmt 1 view .LVU532
 535:Drivers/CMSIS/DSP/Source/FilteringFunctions/arm_conv_partial_fast_q15.c ****         }
 1335              		.loc 1 535 21 is_stmt 0 view .LVU533
 1336 047a 09EB4C03 		add	r3, r9, ip, lsl #1
 1337              	.LVL181:
 535:Drivers/CMSIS/DSP/Source/FilteringFunctions/arm_conv_partial_fast_q15.c ****         }
 1338              		.loc 1 535 21 view .LVU534
 1339 047e F4E7     		b	.L31
 1340              	.LVL182:
 1341              	.L18:
 541:Drivers/CMSIS/DSP/Source/FilteringFunctions/arm_conv_partial_fast_q15.c ****       }
 542:Drivers/CMSIS/DSP/Source/FilteringFunctions/arm_conv_partial_fast_q15.c ****     }
 543:Drivers/CMSIS/DSP/Source/FilteringFunctions/arm_conv_partial_fast_q15.c ****     else
 544:Drivers/CMSIS/DSP/Source/FilteringFunctions/arm_conv_partial_fast_q15.c ****     {
 545:Drivers/CMSIS/DSP/Source/FilteringFunctions/arm_conv_partial_fast_q15.c ****       /* If the srcBLen is not a multiple of 4,
 546:Drivers/CMSIS/DSP/Source/FilteringFunctions/arm_conv_partial_fast_q15.c ****        * the blockSize2 loop cannot be unrolled by 4 */
 547:Drivers/CMSIS/DSP/Source/FilteringFunctions/arm_conv_partial_fast_q15.c ****       blkCnt = (uint32_t) blockSize2;
 1342              		.loc 1 547 7 is_stmt 1 view .LVU535
 1343              		.loc 1 547 14 is_stmt 0 view .LVU536
 1344 0480 4F46     		mov	r7, r9
ARM GAS  C:\Users\Lamp\AppData\Local\Temp\ccxPEMG8.s 			page 54


 1345              	.LVL183:
 548:Drivers/CMSIS/DSP/Source/FilteringFunctions/arm_conv_partial_fast_q15.c **** 
 549:Drivers/CMSIS/DSP/Source/FilteringFunctions/arm_conv_partial_fast_q15.c ****       while (blkCnt > 0U)
 1346              		.loc 1 549 7 is_stmt 1 view .LVU537
 285:Drivers/CMSIS/DSP/Source/FilteringFunctions/arm_conv_partial_fast_q15.c **** 
 1347              		.loc 1 285 11 is_stmt 0 view .LVU538
 1348 0482 4FF0000C 		mov	ip, #0
 1349              	.LVL184:
 285:Drivers/CMSIS/DSP/Source/FilteringFunctions/arm_conv_partial_fast_q15.c **** 
 1350              		.loc 1 285 11 view .LVU539
 1351 0486 AE46     		mov	lr, r5
 1352 0488 0799     		ldr	r1, [sp, #28]
 1353 048a 0598     		ldr	r0, [sp, #20]
 1354              	.LVL185:
 1355              		.loc 1 549 13 view .LVU540
 1356 048c 18E0     		b	.L34
 1357              	.LVL186:
 1358              	.L35:
 550:Drivers/CMSIS/DSP/Source/FilteringFunctions/arm_conv_partial_fast_q15.c ****       {
 551:Drivers/CMSIS/DSP/Source/FilteringFunctions/arm_conv_partial_fast_q15.c ****         /* Accumulator is made zero for every iteration */
 552:Drivers/CMSIS/DSP/Source/FilteringFunctions/arm_conv_partial_fast_q15.c ****         sum = 0;
 553:Drivers/CMSIS/DSP/Source/FilteringFunctions/arm_conv_partial_fast_q15.c **** 
 554:Drivers/CMSIS/DSP/Source/FilteringFunctions/arm_conv_partial_fast_q15.c ****         /* srcBLen number of MACS should be performed */
 555:Drivers/CMSIS/DSP/Source/FilteringFunctions/arm_conv_partial_fast_q15.c ****         k = srcBLen;
 556:Drivers/CMSIS/DSP/Source/FilteringFunctions/arm_conv_partial_fast_q15.c **** 
 557:Drivers/CMSIS/DSP/Source/FilteringFunctions/arm_conv_partial_fast_q15.c ****         while (k > 0U)
 558:Drivers/CMSIS/DSP/Source/FilteringFunctions/arm_conv_partial_fast_q15.c ****         {
 559:Drivers/CMSIS/DSP/Source/FilteringFunctions/arm_conv_partial_fast_q15.c ****           /* Perform the multiply-accumulate */
 560:Drivers/CMSIS/DSP/Source/FilteringFunctions/arm_conv_partial_fast_q15.c ****           sum += ((q31_t) * px++ * *py--);
 1359              		.loc 1 560 11 is_stmt 1 view .LVU541
 1360              		.loc 1 560 27 is_stmt 0 view .LVU542
 1361 048e 33F902AB 		ldrsh	r10, [r3], #2
 1362              	.LVL187:
 1363              		.loc 1 560 36 view .LVU543
 1364 0492 32F902B9 		ldrsh	fp, [r2], #-2
 1365              	.LVL188:
 1366              		.loc 1 560 15 view .LVU544
 1367 0496 0BFB0A99 		mla	r9, fp, r10, r9
 1368              	.LVL189:
 561:Drivers/CMSIS/DSP/Source/FilteringFunctions/arm_conv_partial_fast_q15.c **** 
 562:Drivers/CMSIS/DSP/Source/FilteringFunctions/arm_conv_partial_fast_q15.c ****           /* Decrement the loop counter */
 563:Drivers/CMSIS/DSP/Source/FilteringFunctions/arm_conv_partial_fast_q15.c ****           k--;
 1369              		.loc 1 563 11 is_stmt 1 view .LVU545
 1370              		.loc 1 563 12 is_stmt 0 view .LVU546
 1371 049a 013D     		subs	r5, r5, #1
 1372              	.LVL190:
 1373              	.L38:
 557:Drivers/CMSIS/DSP/Source/FilteringFunctions/arm_conv_partial_fast_q15.c ****         {
 1374              		.loc 1 557 18 is_stmt 1 view .LVU547
 1375 049c 002D     		cmp	r5, #0
 1376 049e F6D1     		bne	.L35
 564:Drivers/CMSIS/DSP/Source/FilteringFunctions/arm_conv_partial_fast_q15.c ****         }
 565:Drivers/CMSIS/DSP/Source/FilteringFunctions/arm_conv_partial_fast_q15.c **** 
 566:Drivers/CMSIS/DSP/Source/FilteringFunctions/arm_conv_partial_fast_q15.c ****         /* Store the result in the accumulator in the destination buffer. */
 567:Drivers/CMSIS/DSP/Source/FilteringFunctions/arm_conv_partial_fast_q15.c ****         *pOut++ = (q15_t) (sum >> 15);
 1377              		.loc 1 567 9 view .LVU548
 1378              		.loc 1 567 14 is_stmt 0 view .LVU549
ARM GAS  C:\Users\Lamp\AppData\Local\Temp\ccxPEMG8.s 			page 55


 1379 04a0 029A     		ldr	r2, [sp, #8]
 1380              	.LVL191:
 1381              		.loc 1 567 19 view .LVU550
 1382 04a2 49F3CF39 		sbfx	r9, r9, #15, #16
 1383              	.LVL192:
 1384              		.loc 1 567 17 view .LVU551
 1385 04a6 22F8029B 		strh	r9, [r2], #2	@ movhi
 1386              	.LVL193:
 568:Drivers/CMSIS/DSP/Source/FilteringFunctions/arm_conv_partial_fast_q15.c **** 
 569:Drivers/CMSIS/DSP/Source/FilteringFunctions/arm_conv_partial_fast_q15.c ****         /* Increment the MAC count */
 570:Drivers/CMSIS/DSP/Source/FilteringFunctions/arm_conv_partial_fast_q15.c ****         count++;
 1387              		.loc 1 570 9 is_stmt 1 view .LVU552
 1388              		.loc 1 570 14 is_stmt 0 view .LVU553
 1389 04aa 0CF1010C 		add	ip, ip, #1
 1390              	.LVL194:
 571:Drivers/CMSIS/DSP/Source/FilteringFunctions/arm_conv_partial_fast_q15.c **** 
 572:Drivers/CMSIS/DSP/Source/FilteringFunctions/arm_conv_partial_fast_q15.c ****         /* Update the inputA and inputB pointers for next MAC calculation */
 573:Drivers/CMSIS/DSP/Source/FilteringFunctions/arm_conv_partial_fast_q15.c ****         if ((int32_t)firstIndex - (int32_t)srcBLen + 1 > 0)
 1391              		.loc 1 573 9 is_stmt 1 view .LVU554
 1392              		.loc 1 573 12 is_stmt 0 view .LVU555
 1393 04ae 002C     		cmp	r4, #0
 1394 04b0 0CDB     		blt	.L36
 574:Drivers/CMSIS/DSP/Source/FilteringFunctions/arm_conv_partial_fast_q15.c ****         {
 575:Drivers/CMSIS/DSP/Source/FilteringFunctions/arm_conv_partial_fast_q15.c ****           px = pIn1 + firstIndex - srcBLen + 1 + count;
 1395              		.loc 1 575 11 is_stmt 1 view .LVU556
 1396              		.loc 1 575 34 is_stmt 0 view .LVU557
 1397 04b2 731A     		subs	r3, r6, r1
 1398              	.LVL195:
 1399              		.loc 1 575 48 view .LVU558
 1400 04b4 6344     		add	r3, r3, ip
 1401 04b6 0133     		adds	r3, r3, #1
 1402 04b8 00EB4303 		add	r3, r0, r3, lsl #1
 1403              	.LVL196:
 1404              	.L37:
 576:Drivers/CMSIS/DSP/Source/FilteringFunctions/arm_conv_partial_fast_q15.c ****         }
 577:Drivers/CMSIS/DSP/Source/FilteringFunctions/arm_conv_partial_fast_q15.c ****         else
 578:Drivers/CMSIS/DSP/Source/FilteringFunctions/arm_conv_partial_fast_q15.c ****         {
 579:Drivers/CMSIS/DSP/Source/FilteringFunctions/arm_conv_partial_fast_q15.c ****           px = pIn1 + count;
 580:Drivers/CMSIS/DSP/Source/FilteringFunctions/arm_conv_partial_fast_q15.c ****         }
 581:Drivers/CMSIS/DSP/Source/FilteringFunctions/arm_conv_partial_fast_q15.c ****         py = pSrc2;
 1405              		.loc 1 581 9 is_stmt 1 view .LVU559
 582:Drivers/CMSIS/DSP/Source/FilteringFunctions/arm_conv_partial_fast_q15.c **** 
 583:Drivers/CMSIS/DSP/Source/FilteringFunctions/arm_conv_partial_fast_q15.c ****         /* Decrement the loop counter */
 584:Drivers/CMSIS/DSP/Source/FilteringFunctions/arm_conv_partial_fast_q15.c ****         blkCnt--;
 1406              		.loc 1 584 9 view .LVU560
 1407              		.loc 1 584 15 is_stmt 0 view .LVU561
 1408 04bc 013F     		subs	r7, r7, #1
 1409              	.LVL197:
 567:Drivers/CMSIS/DSP/Source/FilteringFunctions/arm_conv_partial_fast_q15.c **** 
 1410              		.loc 1 567 14 view .LVU562
 1411 04be 0292     		str	r2, [sp, #8]
 1412              	.LVL198:
 1413              	.L34:
 549:Drivers/CMSIS/DSP/Source/FilteringFunctions/arm_conv_partial_fast_q15.c ****       {
 1414              		.loc 1 549 21 is_stmt 1 view .LVU563
 1415 04c0 3FB1     		cbz	r7, .L62
 549:Drivers/CMSIS/DSP/Source/FilteringFunctions/arm_conv_partial_fast_q15.c ****       {
ARM GAS  C:\Users\Lamp\AppData\Local\Temp\ccxPEMG8.s 			page 56


 1416              		.loc 1 549 21 is_stmt 0 view .LVU564
 1417 04c2 069A     		ldr	r2, [sp, #24]
 555:Drivers/CMSIS/DSP/Source/FilteringFunctions/arm_conv_partial_fast_q15.c **** 
 1418              		.loc 1 555 11 view .LVU565
 1419 04c4 0D46     		mov	r5, r1
 552:Drivers/CMSIS/DSP/Source/FilteringFunctions/arm_conv_partial_fast_q15.c **** 
 1420              		.loc 1 552 13 view .LVU566
 1421 04c6 4FF00009 		mov	r9, #0
 1422 04ca E7E7     		b	.L38
 1423              	.LVL199:
 1424              	.L36:
 579:Drivers/CMSIS/DSP/Source/FilteringFunctions/arm_conv_partial_fast_q15.c ****         }
 1425              		.loc 1 579 11 is_stmt 1 view .LVU567
 579:Drivers/CMSIS/DSP/Source/FilteringFunctions/arm_conv_partial_fast_q15.c ****         }
 1426              		.loc 1 579 21 is_stmt 0 view .LVU568
 1427 04cc 00EB4C03 		add	r3, r0, ip, lsl #1
 1428              	.LVL200:
 579:Drivers/CMSIS/DSP/Source/FilteringFunctions/arm_conv_partial_fast_q15.c ****         }
 1429              		.loc 1 579 21 view .LVU569
 1430 04d0 F4E7     		b	.L37
 1431              	.LVL201:
 1432              	.L62:
 579:Drivers/CMSIS/DSP/Source/FilteringFunctions/arm_conv_partial_fast_q15.c ****         }
 1433              		.loc 1 579 21 view .LVU570
 1434 04d2 7546     		mov	r5, lr
 1435              	.LVL202:
 1436              	.L33:
 585:Drivers/CMSIS/DSP/Source/FilteringFunctions/arm_conv_partial_fast_q15.c ****       }
 586:Drivers/CMSIS/DSP/Source/FilteringFunctions/arm_conv_partial_fast_q15.c ****     }
 587:Drivers/CMSIS/DSP/Source/FilteringFunctions/arm_conv_partial_fast_q15.c **** 
 588:Drivers/CMSIS/DSP/Source/FilteringFunctions/arm_conv_partial_fast_q15.c **** 
 589:Drivers/CMSIS/DSP/Source/FilteringFunctions/arm_conv_partial_fast_q15.c ****     /* --------------------------
 590:Drivers/CMSIS/DSP/Source/FilteringFunctions/arm_conv_partial_fast_q15.c ****      * Initializations of stage3
 591:Drivers/CMSIS/DSP/Source/FilteringFunctions/arm_conv_partial_fast_q15.c ****      * -------------------------*/
 592:Drivers/CMSIS/DSP/Source/FilteringFunctions/arm_conv_partial_fast_q15.c **** 
 593:Drivers/CMSIS/DSP/Source/FilteringFunctions/arm_conv_partial_fast_q15.c ****     /* sum += x[srcALen-srcBLen+1] * y[srcBLen-1] + x[srcALen-srcBLen+2] * y[srcBLen-2] +...+ x[src
 594:Drivers/CMSIS/DSP/Source/FilteringFunctions/arm_conv_partial_fast_q15.c ****      * sum += x[srcALen-srcBLen+2] * y[srcBLen-1] + x[srcALen-srcBLen+3] * y[srcBLen-2] +...+ x[src
 595:Drivers/CMSIS/DSP/Source/FilteringFunctions/arm_conv_partial_fast_q15.c ****      * ....
 596:Drivers/CMSIS/DSP/Source/FilteringFunctions/arm_conv_partial_fast_q15.c ****      * sum +=  x[srcALen-2] * y[srcBLen-1] + x[srcALen-1] * y[srcBLen-2]
 597:Drivers/CMSIS/DSP/Source/FilteringFunctions/arm_conv_partial_fast_q15.c ****      * sum +=  x[srcALen-1] * y[srcBLen-1]
 598:Drivers/CMSIS/DSP/Source/FilteringFunctions/arm_conv_partial_fast_q15.c ****      */
 599:Drivers/CMSIS/DSP/Source/FilteringFunctions/arm_conv_partial_fast_q15.c **** 
 600:Drivers/CMSIS/DSP/Source/FilteringFunctions/arm_conv_partial_fast_q15.c ****     /* In this stage the MAC operations are decreased by 1 for every iteration.
 601:Drivers/CMSIS/DSP/Source/FilteringFunctions/arm_conv_partial_fast_q15.c ****        The count variable holds the number of MAC operations performed */
 602:Drivers/CMSIS/DSP/Source/FilteringFunctions/arm_conv_partial_fast_q15.c ****     count = srcBLen - 1U;
 1437              		.loc 1 602 5 is_stmt 1 view .LVU571
 1438              		.loc 1 602 11 is_stmt 0 view .LVU572
 1439 04d4 079B     		ldr	r3, [sp, #28]
 1440              	.LVL203:
 1441              		.loc 1 602 11 view .LVU573
 1442 04d6 03F1FF3E 		add	lr, r3, #-1
 1443              	.LVL204:
 603:Drivers/CMSIS/DSP/Source/FilteringFunctions/arm_conv_partial_fast_q15.c **** 
 604:Drivers/CMSIS/DSP/Source/FilteringFunctions/arm_conv_partial_fast_q15.c ****     /* Working pointer of inputA */
 605:Drivers/CMSIS/DSP/Source/FilteringFunctions/arm_conv_partial_fast_q15.c ****     pSrc1 = (pIn1 + srcALen) - (srcBLen - 1U);
 1444              		.loc 1 605 5 is_stmt 1 view .LVU574
 1445              		.loc 1 605 30 is_stmt 0 view .LVU575
ARM GAS  C:\Users\Lamp\AppData\Local\Temp\ccxPEMG8.s 			page 57


 1446 04da A8EB0307 		sub	r7, r8, r3
 1447              	.LVL205:
 1448              		.loc 1 605 30 view .LVU576
 1449 04de 0137     		adds	r7, r7, #1
 1450              		.loc 1 605 11 view .LVU577
 1451 04e0 059B     		ldr	r3, [sp, #20]
 1452 04e2 03EB4707 		add	r7, r3, r7, lsl #1
 1453              	.LVL206:
 606:Drivers/CMSIS/DSP/Source/FilteringFunctions/arm_conv_partial_fast_q15.c ****     px = pSrc1;
 1454              		.loc 1 606 5 is_stmt 1 view .LVU578
 607:Drivers/CMSIS/DSP/Source/FilteringFunctions/arm_conv_partial_fast_q15.c **** 
 608:Drivers/CMSIS/DSP/Source/FilteringFunctions/arm_conv_partial_fast_q15.c ****     /* Working pointer of inputB */
 609:Drivers/CMSIS/DSP/Source/FilteringFunctions/arm_conv_partial_fast_q15.c ****     pSrc2 = pIn2 + (srcBLen - 1U);
 1455              		.loc 1 609 5 view .LVU579
 610:Drivers/CMSIS/DSP/Source/FilteringFunctions/arm_conv_partial_fast_q15.c ****     pIn2 = pSrc2 - 1U;
 1456              		.loc 1 610 5 view .LVU580
 1457              		.loc 1 610 10 is_stmt 0 view .LVU581
 1458 04e6 069B     		ldr	r3, [sp, #24]
 1459 04e8 A3F10208 		sub	r8, r3, #2
 1460              	.LVL207:
 611:Drivers/CMSIS/DSP/Source/FilteringFunctions/arm_conv_partial_fast_q15.c ****     py = pIn2;
 1461              		.loc 1 611 5 is_stmt 1 view .LVU582
 612:Drivers/CMSIS/DSP/Source/FilteringFunctions/arm_conv_partial_fast_q15.c **** 
 613:Drivers/CMSIS/DSP/Source/FilteringFunctions/arm_conv_partial_fast_q15.c ****     /* -------------------
 614:Drivers/CMSIS/DSP/Source/FilteringFunctions/arm_conv_partial_fast_q15.c ****      * Stage3 process
 615:Drivers/CMSIS/DSP/Source/FilteringFunctions/arm_conv_partial_fast_q15.c ****      * ------------------*/
 616:Drivers/CMSIS/DSP/Source/FilteringFunctions/arm_conv_partial_fast_q15.c **** 
 617:Drivers/CMSIS/DSP/Source/FilteringFunctions/arm_conv_partial_fast_q15.c ****     /* For loop unrolling by 4, this stage is divided into two. */
 618:Drivers/CMSIS/DSP/Source/FilteringFunctions/arm_conv_partial_fast_q15.c ****     /* First part of this stage computes the MAC operations greater than 4 */
 619:Drivers/CMSIS/DSP/Source/FilteringFunctions/arm_conv_partial_fast_q15.c ****     /* Second part of this stage computes the MAC operations less than or equal to 4 */
 620:Drivers/CMSIS/DSP/Source/FilteringFunctions/arm_conv_partial_fast_q15.c **** 
 621:Drivers/CMSIS/DSP/Source/FilteringFunctions/arm_conv_partial_fast_q15.c ****     /* The first part of the stage starts here */
 622:Drivers/CMSIS/DSP/Source/FilteringFunctions/arm_conv_partial_fast_q15.c ****     j = count >> 2U;
 1462              		.loc 1 622 5 view .LVU583
 1463              		.loc 1 622 7 is_stmt 0 view .LVU584
 1464 04ec 4FEA9E04 		lsr	r4, lr, #2
 1465              	.LVL208:
 623:Drivers/CMSIS/DSP/Source/FilteringFunctions/arm_conv_partial_fast_q15.c **** 
 624:Drivers/CMSIS/DSP/Source/FilteringFunctions/arm_conv_partial_fast_q15.c ****     while ((j > 0U) && (blockSize3 > 0))
 1466              		.loc 1 624 5 is_stmt 1 view .LVU585
 1467 04f0 4646     		mov	r6, r8
 1468 04f2 A846     		mov	r8, r5
 1469              	.LVL209:
 1470              		.loc 1 624 5 is_stmt 0 view .LVU586
 1471 04f4 2546     		mov	r5, r4
 1472              		.loc 1 624 11 view .LVU587
 1473 04f6 44E0     		b	.L39
 1474              	.LVL210:
 1475              	.L41:
 625:Drivers/CMSIS/DSP/Source/FilteringFunctions/arm_conv_partial_fast_q15.c ****     {
 626:Drivers/CMSIS/DSP/Source/FilteringFunctions/arm_conv_partial_fast_q15.c ****       /* Accumulator is made zero for every iteration */
 627:Drivers/CMSIS/DSP/Source/FilteringFunctions/arm_conv_partial_fast_q15.c ****       sum = 0;
 628:Drivers/CMSIS/DSP/Source/FilteringFunctions/arm_conv_partial_fast_q15.c **** 
 629:Drivers/CMSIS/DSP/Source/FilteringFunctions/arm_conv_partial_fast_q15.c ****       /* Apply loop unrolling and compute 4 MACs simultaneously. */
 630:Drivers/CMSIS/DSP/Source/FilteringFunctions/arm_conv_partial_fast_q15.c ****       k = count >> 2U;
 631:Drivers/CMSIS/DSP/Source/FilteringFunctions/arm_conv_partial_fast_q15.c **** 
 632:Drivers/CMSIS/DSP/Source/FilteringFunctions/arm_conv_partial_fast_q15.c ****       /* First part of the processing with loop unrolling.  Compute 4 MACs at a time.
ARM GAS  C:\Users\Lamp\AppData\Local\Temp\ccxPEMG8.s 			page 58


 633:Drivers/CMSIS/DSP/Source/FilteringFunctions/arm_conv_partial_fast_q15.c ****        ** a second loop below computes MACs for the remaining 1 to 3 samples. */
 634:Drivers/CMSIS/DSP/Source/FilteringFunctions/arm_conv_partial_fast_q15.c ****       while (k > 0U)
 635:Drivers/CMSIS/DSP/Source/FilteringFunctions/arm_conv_partial_fast_q15.c ****       {
 636:Drivers/CMSIS/DSP/Source/FilteringFunctions/arm_conv_partial_fast_q15.c ****         /* x[srcALen - srcBLen + 1], x[srcALen - srcBLen + 2] are multiplied
 637:Drivers/CMSIS/DSP/Source/FilteringFunctions/arm_conv_partial_fast_q15.c ****          * with y[srcBLen - 1], y[srcBLen - 2] respectively */
 638:Drivers/CMSIS/DSP/Source/FilteringFunctions/arm_conv_partial_fast_q15.c ****         sum = __SMLADX(*__SIMD32(px)++, *__SIMD32(py)--, sum);
 1476              		.loc 1 638 9 is_stmt 1 view .LVU588
 1477              		.loc 1 638 24 is_stmt 0 view .LVU589
 1478 04f8 8446     		mov	ip, r0
 1479 04fa 5CF8082B 		ldr	r2, [ip], #8
 1480              	.LVL211:
 1481              		.loc 1 638 41 view .LVU590
 1482 04fe 8946     		mov	r9, r1
 1483 0500 59F80879 		ldr	r7, [r9], #-8
 1484              	.LVL212:
 1485              	.LBB122:
 1486              	.LBI122:
 904:Drivers/CMSIS/DSP/Include/arm_math.h ****   uint32_t x,
 1487              		.loc 2 904 41 is_stmt 1 view .LVU591
 1488              	.LBB123:
 909:Drivers/CMSIS/DSP/Include/arm_math.h ****                        ((((q31_t)x      ) >> 16) * (((q31_t)y << 16) >> 16)) +
 1489              		.loc 2 909 5 view .LVU592
 909:Drivers/CMSIS/DSP/Include/arm_math.h ****                        ((((q31_t)x      ) >> 16) * (((q31_t)y << 16) >> 16)) +
 1490              		.loc 2 909 43 is_stmt 0 view .LVU593
 1491 0504 0FFA82FA 		sxth	r10, r2
 909:Drivers/CMSIS/DSP/Include/arm_math.h ****                        ((((q31_t)x      ) >> 16) * (((q31_t)y << 16) >> 16)) +
 1492              		.loc 2 909 70 view .LVU594
 1493 0508 4FEA274B 		asr	fp, r7, #16
 1494              		.loc 2 910 43 view .LVU595
 1495 050c 1214     		asrs	r2, r2, #16
 1496              	.LVL213:
 1497              		.loc 2 910 70 view .LVU596
 1498 050e 3FB2     		sxth	r7, r7
 1499              	.LVL214:
 1500              		.loc 2 910 50 view .LVU597
 1501 0510 07FB02F2 		mul	r2, r7, r2
 909:Drivers/CMSIS/DSP/Include/arm_math.h ****                        ((((q31_t)x      ) >> 16) * (((q31_t)y << 16) >> 16)) +
 1502              		.loc 2 909 78 view .LVU598
 1503 0514 0BFB0A22 		mla	r2, fp, r10, r2
 1504              		.loc 2 910 78 view .LVU599
 1505 0518 1A44     		add	r2, r2, r3
 1506              	.LVL215:
 1507              		.loc 2 910 78 view .LVU600
 1508              	.LBE123:
 1509              	.LBE122:
 639:Drivers/CMSIS/DSP/Source/FilteringFunctions/arm_conv_partial_fast_q15.c ****         /* x[srcALen - srcBLen + 3], x[srcALen - srcBLen + 4] are multiplied
 640:Drivers/CMSIS/DSP/Source/FilteringFunctions/arm_conv_partial_fast_q15.c ****          * with y[srcBLen - 3], y[srcBLen - 4] respectively */
 641:Drivers/CMSIS/DSP/Source/FilteringFunctions/arm_conv_partial_fast_q15.c ****         sum = __SMLADX(*__SIMD32(px)++, *__SIMD32(py)--, sum);
 1510              		.loc 1 641 9 is_stmt 1 view .LVU601
 1511              		.loc 1 641 24 is_stmt 0 view .LVU602
 1512 051a 4368     		ldr	r3, [r0, #4]
 1513              	.LVL216:
 1514              		.loc 1 641 41 view .LVU603
 1515 051c 51F804AC 		ldr	r10, [r1, #-4]
 1516              	.LVL217:
 1517              	.LBB124:
 1518              	.LBI124:
ARM GAS  C:\Users\Lamp\AppData\Local\Temp\ccxPEMG8.s 			page 59


 904:Drivers/CMSIS/DSP/Include/arm_math.h ****   uint32_t x,
 1519              		.loc 2 904 41 is_stmt 1 view .LVU604
 1520              	.LBB125:
 909:Drivers/CMSIS/DSP/Include/arm_math.h ****                        ((((q31_t)x      ) >> 16) * (((q31_t)y << 16) >> 16)) +
 1521              		.loc 2 909 5 view .LVU605
 909:Drivers/CMSIS/DSP/Include/arm_math.h ****                        ((((q31_t)x      ) >> 16) * (((q31_t)y << 16) >> 16)) +
 1522              		.loc 2 909 43 is_stmt 0 view .LVU606
 1523 0520 19B2     		sxth	r1, r3
 909:Drivers/CMSIS/DSP/Include/arm_math.h ****                        ((((q31_t)x      ) >> 16) * (((q31_t)y << 16) >> 16)) +
 1524              		.loc 2 909 70 view .LVU607
 1525 0522 4FEA2A47 		asr	r7, r10, #16
 1526              		.loc 2 910 43 view .LVU608
 1527 0526 1B14     		asrs	r3, r3, #16
 1528              	.LVL218:
 1529              		.loc 2 910 70 view .LVU609
 1530 0528 0FFA8AFA 		sxth	r10, r10
 1531              	.LVL219:
 1532              		.loc 2 910 50 view .LVU610
 1533 052c 0AFB03F3 		mul	r3, r10, r3
 909:Drivers/CMSIS/DSP/Include/arm_math.h ****                        ((((q31_t)x      ) >> 16) * (((q31_t)y << 16) >> 16)) +
 1534              		.loc 2 909 78 view .LVU611
 1535 0530 07FB0133 		mla	r3, r7, r1, r3
 1536              		.loc 2 910 78 view .LVU612
 1537 0534 1344     		add	r3, r3, r2
 1538              	.LVL220:
 1539              		.loc 2 910 78 view .LVU613
 1540              	.LBE125:
 1541              	.LBE124:
 642:Drivers/CMSIS/DSP/Source/FilteringFunctions/arm_conv_partial_fast_q15.c **** 
 643:Drivers/CMSIS/DSP/Source/FilteringFunctions/arm_conv_partial_fast_q15.c ****         /* Decrement the loop counter */
 644:Drivers/CMSIS/DSP/Source/FilteringFunctions/arm_conv_partial_fast_q15.c ****         k--;
 1542              		.loc 1 644 9 is_stmt 1 view .LVU614
 1543              		.loc 1 644 10 is_stmt 0 view .LVU615
 1544 0536 013C     		subs	r4, r4, #1
 1545              	.LVL221:
 641:Drivers/CMSIS/DSP/Source/FilteringFunctions/arm_conv_partial_fast_q15.c **** 
 1546              		.loc 1 641 54 view .LVU616
 1547 0538 4946     		mov	r1, r9
 641:Drivers/CMSIS/DSP/Source/FilteringFunctions/arm_conv_partial_fast_q15.c **** 
 1548              		.loc 1 641 37 view .LVU617
 1549 053a 6046     		mov	r0, ip
 1550              	.LVL222:
 1551              	.L40:
 634:Drivers/CMSIS/DSP/Source/FilteringFunctions/arm_conv_partial_fast_q15.c ****       {
 1552              		.loc 1 634 16 is_stmt 1 view .LVU618
 1553 053c 002C     		cmp	r4, #0
 1554 053e DBD1     		bne	.L41
 645:Drivers/CMSIS/DSP/Source/FilteringFunctions/arm_conv_partial_fast_q15.c ****       }
 646:Drivers/CMSIS/DSP/Source/FilteringFunctions/arm_conv_partial_fast_q15.c **** 
 647:Drivers/CMSIS/DSP/Source/FilteringFunctions/arm_conv_partial_fast_q15.c ****       /* For the next MAC operations, the pointer py is used without SIMD
 648:Drivers/CMSIS/DSP/Source/FilteringFunctions/arm_conv_partial_fast_q15.c ****        * So, py is incremented by 1 */
 649:Drivers/CMSIS/DSP/Source/FilteringFunctions/arm_conv_partial_fast_q15.c ****       py = py + 1U;
 1555              		.loc 1 649 15 is_stmt 0 view .LVU619
 1556 0540 019F     		ldr	r7, [sp, #4]
 1557              		.loc 1 649 7 is_stmt 1 view .LVU620
 1558              		.loc 1 649 15 is_stmt 0 view .LVU621
 1559 0542 0231     		adds	r1, r1, #2
ARM GAS  C:\Users\Lamp\AppData\Local\Temp\ccxPEMG8.s 			page 60


 1560              	.LVL223:
 650:Drivers/CMSIS/DSP/Source/FilteringFunctions/arm_conv_partial_fast_q15.c **** 
 651:Drivers/CMSIS/DSP/Source/FilteringFunctions/arm_conv_partial_fast_q15.c ****       /* If the count is not a multiple of 4, compute any remaining MACs here.
 652:Drivers/CMSIS/DSP/Source/FilteringFunctions/arm_conv_partial_fast_q15.c ****        ** No loop unrolling is used. */
 653:Drivers/CMSIS/DSP/Source/FilteringFunctions/arm_conv_partial_fast_q15.c ****       k = count % 0x4U;
 1561              		.loc 1 653 7 is_stmt 1 view .LVU622
 1562              		.loc 1 653 9 is_stmt 0 view .LVU623
 1563 0544 0EF00304 		and	r4, lr, #3
 1564              	.LVL224:
 654:Drivers/CMSIS/DSP/Source/FilteringFunctions/arm_conv_partial_fast_q15.c **** 
 655:Drivers/CMSIS/DSP/Source/FilteringFunctions/arm_conv_partial_fast_q15.c ****       while (k > 0U)
 1565              		.loc 1 655 7 is_stmt 1 view .LVU624
 1566              		.loc 1 655 13 is_stmt 0 view .LVU625
 1567 0548 0DE0     		b	.L42
 1568              	.L43:
 656:Drivers/CMSIS/DSP/Source/FilteringFunctions/arm_conv_partial_fast_q15.c ****       {
 657:Drivers/CMSIS/DSP/Source/FilteringFunctions/arm_conv_partial_fast_q15.c ****         /* sum += x[srcALen - srcBLen + 5] * y[srcBLen - 5] */
 658:Drivers/CMSIS/DSP/Source/FilteringFunctions/arm_conv_partial_fast_q15.c ****         sum = __SMLAD(*px++, *py--, sum);
 1569              		.loc 1 658 9 is_stmt 1 view .LVU626
 1570              	.LVL225:
 1571              		.loc 1 658 23 is_stmt 0 view .LVU627
 1572 054a 30F902CB 		ldrsh	ip, [r0], #2
 1573              	.LVL226:
 1574              		.loc 1 658 30 view .LVU628
 1575 054e 31F90299 		ldrsh	r9, [r1], #-2
 1576              	.LVL227:
 1577              	.LBB126:
 1578              	.LBI126:
 890:Drivers/CMSIS/DSP/Include/arm_math.h ****   uint32_t x,
 1579              		.loc 2 890 41 is_stmt 1 view .LVU629
 1580              	.LBB127:
 895:Drivers/CMSIS/DSP/Include/arm_math.h ****                        ((((q31_t)x      ) >> 16) * (((q31_t)y      ) >> 16)) +
 1581              		.loc 2 895 5 view .LVU630
 896:Drivers/CMSIS/DSP/Include/arm_math.h ****                        ( ((q31_t)sum    )                                  )   ));
 1582              		.loc 2 896 43 is_stmt 0 view .LVU631
 1583 0552 4FEA2C42 		asr	r2, ip, #16
 896:Drivers/CMSIS/DSP/Include/arm_math.h ****                        ( ((q31_t)sum    )                                  )   ));
 1584              		.loc 2 896 70 view .LVU632
 1585 0556 4FEA294A 		asr	r10, r9, #16
 896:Drivers/CMSIS/DSP/Include/arm_math.h ****                        ( ((q31_t)sum    )                                  )   ));
 1586              		.loc 2 896 50 view .LVU633
 1587 055a 0AFB02F2 		mul	r2, r10, r2
 895:Drivers/CMSIS/DSP/Include/arm_math.h ****                        ((((q31_t)x      ) >> 16) * (((q31_t)y      ) >> 16)) +
 1588              		.loc 2 895 78 view .LVU634
 1589 055e 09FB0C22 		mla	r2, r9, ip, r2
 896:Drivers/CMSIS/DSP/Include/arm_math.h ****                        ( ((q31_t)sum    )                                  )   ));
 1590              		.loc 2 896 78 view .LVU635
 1591 0562 1344     		add	r3, r3, r2
 1592              	.LVL228:
 896:Drivers/CMSIS/DSP/Include/arm_math.h ****                        ( ((q31_t)sum    )                                  )   ));
 1593              		.loc 2 896 78 view .LVU636
 1594              	.LBE127:
 1595              	.LBE126:
 659:Drivers/CMSIS/DSP/Source/FilteringFunctions/arm_conv_partial_fast_q15.c **** 
 660:Drivers/CMSIS/DSP/Source/FilteringFunctions/arm_conv_partial_fast_q15.c ****         /* Decrement the loop counter */
 661:Drivers/CMSIS/DSP/Source/FilteringFunctions/arm_conv_partial_fast_q15.c ****         k--;
 1596              		.loc 1 661 9 is_stmt 1 view .LVU637
ARM GAS  C:\Users\Lamp\AppData\Local\Temp\ccxPEMG8.s 			page 61


 1597              		.loc 1 661 10 is_stmt 0 view .LVU638
 1598 0564 013C     		subs	r4, r4, #1
 1599              	.LVL229:
 1600              	.L42:
 655:Drivers/CMSIS/DSP/Source/FilteringFunctions/arm_conv_partial_fast_q15.c ****       {
 1601              		.loc 1 655 16 is_stmt 1 view .LVU639
 1602 0566 002C     		cmp	r4, #0
 1603 0568 EFD1     		bne	.L43
 662:Drivers/CMSIS/DSP/Source/FilteringFunctions/arm_conv_partial_fast_q15.c ****       }
 663:Drivers/CMSIS/DSP/Source/FilteringFunctions/arm_conv_partial_fast_q15.c **** 
 664:Drivers/CMSIS/DSP/Source/FilteringFunctions/arm_conv_partial_fast_q15.c ****       /* Store the result in the accumulator in the destination buffer. */
 665:Drivers/CMSIS/DSP/Source/FilteringFunctions/arm_conv_partial_fast_q15.c ****       *pOut++ = (q15_t) (sum >> 15);
 1604              		.loc 1 665 7 view .LVU640
 1605              		.loc 1 665 12 is_stmt 0 view .LVU641
 1606 056a 029A     		ldr	r2, [sp, #8]
 1607              	.LVL230:
 1608              		.loc 1 665 17 view .LVU642
 1609 056c 43F3CF33 		sbfx	r3, r3, #15, #16
 1610              	.LVL231:
 1611              		.loc 1 665 15 view .LVU643
 1612 0570 22F8023B 		strh	r3, [r2], #2	@ movhi
 1613              	.LVL232:
 666:Drivers/CMSIS/DSP/Source/FilteringFunctions/arm_conv_partial_fast_q15.c **** 
 667:Drivers/CMSIS/DSP/Source/FilteringFunctions/arm_conv_partial_fast_q15.c ****       /* Update the inputA and inputB pointers for next MAC calculation */
 668:Drivers/CMSIS/DSP/Source/FilteringFunctions/arm_conv_partial_fast_q15.c ****       px = ++pSrc1;
 1614              		.loc 1 668 7 is_stmt 1 view .LVU644
 1615              		.loc 1 668 10 is_stmt 0 view .LVU645
 1616 0574 0237     		adds	r7, r7, #2
 1617              	.LVL233:
 669:Drivers/CMSIS/DSP/Source/FilteringFunctions/arm_conv_partial_fast_q15.c ****       py = pIn2;
 1618              		.loc 1 669 7 is_stmt 1 view .LVU646
 670:Drivers/CMSIS/DSP/Source/FilteringFunctions/arm_conv_partial_fast_q15.c **** 
 671:Drivers/CMSIS/DSP/Source/FilteringFunctions/arm_conv_partial_fast_q15.c ****       /* Decrement the MAC count */
 672:Drivers/CMSIS/DSP/Source/FilteringFunctions/arm_conv_partial_fast_q15.c ****       count--;
 1619              		.loc 1 672 7 view .LVU647
 1620              		.loc 1 672 12 is_stmt 0 view .LVU648
 1621 0576 0EF1FF3E 		add	lr, lr, #-1
 1622              	.LVL234:
 673:Drivers/CMSIS/DSP/Source/FilteringFunctions/arm_conv_partial_fast_q15.c **** 
 674:Drivers/CMSIS/DSP/Source/FilteringFunctions/arm_conv_partial_fast_q15.c ****       /* Decrement the loop counter */
 675:Drivers/CMSIS/DSP/Source/FilteringFunctions/arm_conv_partial_fast_q15.c ****       blockSize3--;
 1623              		.loc 1 675 7 is_stmt 1 view .LVU649
 1624              		.loc 1 675 17 is_stmt 0 view .LVU650
 1625 057a 08F1FF38 		add	r8, r8, #-1
 1626              	.LVL235:
 676:Drivers/CMSIS/DSP/Source/FilteringFunctions/arm_conv_partial_fast_q15.c **** 
 677:Drivers/CMSIS/DSP/Source/FilteringFunctions/arm_conv_partial_fast_q15.c ****       j--;
 1627              		.loc 1 677 7 is_stmt 1 view .LVU651
 1628              		.loc 1 677 8 is_stmt 0 view .LVU652
 1629 057e 013D     		subs	r5, r5, #1
 1630              	.LVL236:
 665:Drivers/CMSIS/DSP/Source/FilteringFunctions/arm_conv_partial_fast_q15.c **** 
 1631              		.loc 1 665 12 view .LVU653
 1632 0580 0292     		str	r2, [sp, #8]
 1633              	.LVL237:
 1634              	.L39:
 624:Drivers/CMSIS/DSP/Source/FilteringFunctions/arm_conv_partial_fast_q15.c ****     {
ARM GAS  C:\Users\Lamp\AppData\Local\Temp\ccxPEMG8.s 			page 62


 1635              		.loc 1 624 21 is_stmt 1 view .LVU654
 1636 0582 5DB3     		cbz	r5, .L56
 624:Drivers/CMSIS/DSP/Source/FilteringFunctions/arm_conv_partial_fast_q15.c ****     {
 1637              		.loc 1 624 21 is_stmt 0 discriminator 1 view .LVU655
 1638 0584 B8F1000F 		cmp	r8, #0
 1639 0588 06DD     		ble	.L63
 627:Drivers/CMSIS/DSP/Source/FilteringFunctions/arm_conv_partial_fast_q15.c **** 
 1640              		.loc 1 627 7 is_stmt 1 view .LVU656
 1641              	.LVL238:
 630:Drivers/CMSIS/DSP/Source/FilteringFunctions/arm_conv_partial_fast_q15.c **** 
 1642              		.loc 1 630 7 view .LVU657
 630:Drivers/CMSIS/DSP/Source/FilteringFunctions/arm_conv_partial_fast_q15.c **** 
 1643              		.loc 1 630 9 is_stmt 0 view .LVU658
 1644 058a 4FEA9E04 		lsr	r4, lr, #2
 1645              	.LVL239:
 634:Drivers/CMSIS/DSP/Source/FilteringFunctions/arm_conv_partial_fast_q15.c ****       {
 1646              		.loc 1 634 7 is_stmt 1 view .LVU659
 634:Drivers/CMSIS/DSP/Source/FilteringFunctions/arm_conv_partial_fast_q15.c ****       {
 1647              		.loc 1 634 13 is_stmt 0 view .LVU660
 1648 058e 3146     		mov	r1, r6
 1649 0590 3846     		mov	r0, r7
 627:Drivers/CMSIS/DSP/Source/FilteringFunctions/arm_conv_partial_fast_q15.c **** 
 1650              		.loc 1 627 11 view .LVU661
 1651 0592 0023     		movs	r3, #0
 1652 0594 0197     		str	r7, [sp, #4]
 634:Drivers/CMSIS/DSP/Source/FilteringFunctions/arm_conv_partial_fast_q15.c ****       {
 1653              		.loc 1 634 13 view .LVU662
 1654 0596 D1E7     		b	.L40
 1655              	.LVL240:
 1656              	.L63:
 634:Drivers/CMSIS/DSP/Source/FilteringFunctions/arm_conv_partial_fast_q15.c ****       {
 1657              		.loc 1 634 13 view .LVU663
 1658 0598 4546     		mov	r5, r8
 1659              	.LVL241:
 634:Drivers/CMSIS/DSP/Source/FilteringFunctions/arm_conv_partial_fast_q15.c ****       {
 1660              		.loc 1 634 13 view .LVU664
 1661 059a DDF808C0 		ldr	ip, [sp, #8]
 1662 059e 16E0     		b	.L47
 1663              	.LVL242:
 1664              	.L46:
 678:Drivers/CMSIS/DSP/Source/FilteringFunctions/arm_conv_partial_fast_q15.c ****     }
 679:Drivers/CMSIS/DSP/Source/FilteringFunctions/arm_conv_partial_fast_q15.c **** 
 680:Drivers/CMSIS/DSP/Source/FilteringFunctions/arm_conv_partial_fast_q15.c ****     /* The second part of the stage starts here */
 681:Drivers/CMSIS/DSP/Source/FilteringFunctions/arm_conv_partial_fast_q15.c ****     /* SIMD is not used for the next MAC operations,
 682:Drivers/CMSIS/DSP/Source/FilteringFunctions/arm_conv_partial_fast_q15.c ****      * so pointer py is updated to read only one sample at a time */
 683:Drivers/CMSIS/DSP/Source/FilteringFunctions/arm_conv_partial_fast_q15.c ****     py = py + 1U;
 684:Drivers/CMSIS/DSP/Source/FilteringFunctions/arm_conv_partial_fast_q15.c **** 
 685:Drivers/CMSIS/DSP/Source/FilteringFunctions/arm_conv_partial_fast_q15.c ****     while (blockSize3 > 0)
 686:Drivers/CMSIS/DSP/Source/FilteringFunctions/arm_conv_partial_fast_q15.c ****     {
 687:Drivers/CMSIS/DSP/Source/FilteringFunctions/arm_conv_partial_fast_q15.c ****       /* Accumulator is made zero for every iteration */
 688:Drivers/CMSIS/DSP/Source/FilteringFunctions/arm_conv_partial_fast_q15.c ****       sum = 0;
 689:Drivers/CMSIS/DSP/Source/FilteringFunctions/arm_conv_partial_fast_q15.c **** 
 690:Drivers/CMSIS/DSP/Source/FilteringFunctions/arm_conv_partial_fast_q15.c ****       /* Apply loop unrolling and compute 4 MACs simultaneously. */
 691:Drivers/CMSIS/DSP/Source/FilteringFunctions/arm_conv_partial_fast_q15.c ****       k = count;
 692:Drivers/CMSIS/DSP/Source/FilteringFunctions/arm_conv_partial_fast_q15.c **** 
 693:Drivers/CMSIS/DSP/Source/FilteringFunctions/arm_conv_partial_fast_q15.c ****       while (k > 0U)
 694:Drivers/CMSIS/DSP/Source/FilteringFunctions/arm_conv_partial_fast_q15.c ****       {
ARM GAS  C:\Users\Lamp\AppData\Local\Temp\ccxPEMG8.s 			page 63


 695:Drivers/CMSIS/DSP/Source/FilteringFunctions/arm_conv_partial_fast_q15.c ****         /* Perform the multiply-accumulates */
 696:Drivers/CMSIS/DSP/Source/FilteringFunctions/arm_conv_partial_fast_q15.c ****         /* sum +=  x[srcALen-1] * y[srcBLen-1] */
 697:Drivers/CMSIS/DSP/Source/FilteringFunctions/arm_conv_partial_fast_q15.c ****         sum = __SMLAD(*px++, *py--, sum);
 1665              		.loc 1 697 9 is_stmt 1 view .LVU665
 1666              		.loc 1 697 23 is_stmt 0 view .LVU666
 1667 05a0 33F9024B 		ldrsh	r4, [r3], #2
 1668              	.LVL243:
 1669              		.loc 1 697 30 view .LVU667
 1670 05a4 32F90289 		ldrsh	r8, [r2], #-2
 1671              	.LVL244:
 1672              	.LBB128:
 1673              	.LBI128:
 890:Drivers/CMSIS/DSP/Include/arm_math.h ****   uint32_t x,
 1674              		.loc 2 890 41 is_stmt 1 view .LVU668
 1675              	.LBB129:
 895:Drivers/CMSIS/DSP/Include/arm_math.h ****                        ((((q31_t)x      ) >> 16) * (((q31_t)y      ) >> 16)) +
 1676              		.loc 2 895 5 view .LVU669
 896:Drivers/CMSIS/DSP/Include/arm_math.h ****                        ( ((q31_t)sum    )                                  )   ));
 1677              		.loc 2 896 43 is_stmt 0 view .LVU670
 1678 05a8 2114     		asrs	r1, r4, #16
 896:Drivers/CMSIS/DSP/Include/arm_math.h ****                        ( ((q31_t)sum    )                                  )   ));
 1679              		.loc 2 896 70 view .LVU671
 1680 05aa 4FEA2849 		asr	r9, r8, #16
 896:Drivers/CMSIS/DSP/Include/arm_math.h ****                        ( ((q31_t)sum    )                                  )   ));
 1681              		.loc 2 896 50 view .LVU672
 1682 05ae 09FB01F1 		mul	r1, r9, r1
 895:Drivers/CMSIS/DSP/Include/arm_math.h ****                        ((((q31_t)x      ) >> 16) * (((q31_t)y      ) >> 16)) +
 1683              		.loc 2 895 78 view .LVU673
 1684 05b2 08FB0411 		mla	r1, r8, r4, r1
 896:Drivers/CMSIS/DSP/Include/arm_math.h ****                        ( ((q31_t)sum    )                                  )   ));
 1685              		.loc 2 896 78 view .LVU674
 1686 05b6 0E44     		add	r6, r6, r1
 1687              	.LVL245:
 896:Drivers/CMSIS/DSP/Include/arm_math.h ****                        ( ((q31_t)sum    )                                  )   ));
 1688              		.loc 2 896 78 view .LVU675
 1689              	.LBE129:
 1690              	.LBE128:
 698:Drivers/CMSIS/DSP/Source/FilteringFunctions/arm_conv_partial_fast_q15.c **** 
 699:Drivers/CMSIS/DSP/Source/FilteringFunctions/arm_conv_partial_fast_q15.c ****         /* Decrement the loop counter */
 700:Drivers/CMSIS/DSP/Source/FilteringFunctions/arm_conv_partial_fast_q15.c ****         k--;
 1691              		.loc 1 700 9 is_stmt 1 view .LVU676
 1692              		.loc 1 700 10 is_stmt 0 view .LVU677
 1693 05b8 0138     		subs	r0, r0, #1
 1694              	.LVL246:
 1695              	.L48:
 693:Drivers/CMSIS/DSP/Source/FilteringFunctions/arm_conv_partial_fast_q15.c ****       {
 1696              		.loc 1 693 16 is_stmt 1 view .LVU678
 1697 05ba 0028     		cmp	r0, #0
 1698 05bc F0D1     		bne	.L46
 701:Drivers/CMSIS/DSP/Source/FilteringFunctions/arm_conv_partial_fast_q15.c ****       }
 702:Drivers/CMSIS/DSP/Source/FilteringFunctions/arm_conv_partial_fast_q15.c **** 
 703:Drivers/CMSIS/DSP/Source/FilteringFunctions/arm_conv_partial_fast_q15.c ****       /* Store the result in the accumulator in the destination buffer. */
 704:Drivers/CMSIS/DSP/Source/FilteringFunctions/arm_conv_partial_fast_q15.c ****       *pOut++ = (q15_t) (sum >> 15);
 1699              		.loc 1 704 7 view .LVU679
 1700              	.LVL247:
 1701              		.loc 1 704 17 is_stmt 0 view .LVU680
 1702 05be 46F3CF36 		sbfx	r6, r6, #15, #16
ARM GAS  C:\Users\Lamp\AppData\Local\Temp\ccxPEMG8.s 			page 64


 1703              	.LVL248:
 1704              		.loc 1 704 15 view .LVU681
 1705 05c2 2CF8026B 		strh	r6, [ip], #2	@ movhi
 1706              	.LVL249:
 705:Drivers/CMSIS/DSP/Source/FilteringFunctions/arm_conv_partial_fast_q15.c **** 
 706:Drivers/CMSIS/DSP/Source/FilteringFunctions/arm_conv_partial_fast_q15.c ****       /* Update the inputA and inputB pointers for next MAC calculation */
 707:Drivers/CMSIS/DSP/Source/FilteringFunctions/arm_conv_partial_fast_q15.c ****       px = ++pSrc1;
 1707              		.loc 1 707 7 is_stmt 1 view .LVU682
 1708              		.loc 1 707 10 is_stmt 0 view .LVU683
 1709 05c6 0237     		adds	r7, r7, #2
 1710              	.LVL250:
 708:Drivers/CMSIS/DSP/Source/FilteringFunctions/arm_conv_partial_fast_q15.c ****       py = pSrc2;
 1711              		.loc 1 708 7 is_stmt 1 view .LVU684
 709:Drivers/CMSIS/DSP/Source/FilteringFunctions/arm_conv_partial_fast_q15.c **** 
 710:Drivers/CMSIS/DSP/Source/FilteringFunctions/arm_conv_partial_fast_q15.c ****       /* Decrement the MAC count */
 711:Drivers/CMSIS/DSP/Source/FilteringFunctions/arm_conv_partial_fast_q15.c ****       count--;
 1712              		.loc 1 711 7 view .LVU685
 1713              		.loc 1 711 12 is_stmt 0 view .LVU686
 1714 05c8 0EF1FF3E 		add	lr, lr, #-1
 1715              	.LVL251:
 712:Drivers/CMSIS/DSP/Source/FilteringFunctions/arm_conv_partial_fast_q15.c **** 
 713:Drivers/CMSIS/DSP/Source/FilteringFunctions/arm_conv_partial_fast_q15.c ****       /* Decrement the loop counter */
 714:Drivers/CMSIS/DSP/Source/FilteringFunctions/arm_conv_partial_fast_q15.c ****       blockSize3--;
 1716              		.loc 1 714 7 is_stmt 1 view .LVU687
 1717              		.loc 1 714 17 is_stmt 0 view .LVU688
 1718 05cc 013D     		subs	r5, r5, #1
 1719              	.LVL252:
 1720              	.L47:
 685:Drivers/CMSIS/DSP/Source/FilteringFunctions/arm_conv_partial_fast_q15.c ****     {
 1721              		.loc 1 685 23 is_stmt 1 view .LVU689
 1722 05ce 002D     		cmp	r5, #0
 1723 05d0 08DD     		ble	.L64
 685:Drivers/CMSIS/DSP/Source/FilteringFunctions/arm_conv_partial_fast_q15.c ****     {
 1724              		.loc 1 685 23 is_stmt 0 view .LVU690
 1725 05d2 069A     		ldr	r2, [sp, #24]
 1726 05d4 3B46     		mov	r3, r7
 691:Drivers/CMSIS/DSP/Source/FilteringFunctions/arm_conv_partial_fast_q15.c **** 
 1727              		.loc 1 691 9 view .LVU691
 1728 05d6 7046     		mov	r0, lr
 688:Drivers/CMSIS/DSP/Source/FilteringFunctions/arm_conv_partial_fast_q15.c **** 
 1729              		.loc 1 688 11 view .LVU692
 1730 05d8 0026     		movs	r6, #0
 1731 05da EEE7     		b	.L48
 1732              	.LVL253:
 1733              	.L56:
 688:Drivers/CMSIS/DSP/Source/FilteringFunctions/arm_conv_partial_fast_q15.c **** 
 1734              		.loc 1 688 11 view .LVU693
 1735 05dc 4546     		mov	r5, r8
 1736              	.LVL254:
 688:Drivers/CMSIS/DSP/Source/FilteringFunctions/arm_conv_partial_fast_q15.c **** 
 1737              		.loc 1 688 11 view .LVU694
 1738 05de DDF808C0 		ldr	ip, [sp, #8]
 1739 05e2 F4E7     		b	.L47
 1740              	.LVL255:
 1741              	.L64:
 715:Drivers/CMSIS/DSP/Source/FilteringFunctions/arm_conv_partial_fast_q15.c ****     }
 716:Drivers/CMSIS/DSP/Source/FilteringFunctions/arm_conv_partial_fast_q15.c **** 
ARM GAS  C:\Users\Lamp\AppData\Local\Temp\ccxPEMG8.s 			page 65


 717:Drivers/CMSIS/DSP/Source/FilteringFunctions/arm_conv_partial_fast_q15.c ****     /* set status as ARM_MATH_SUCCESS */
 718:Drivers/CMSIS/DSP/Source/FilteringFunctions/arm_conv_partial_fast_q15.c ****     status = ARM_MATH_SUCCESS;
 1742              		.loc 1 718 12 view .LVU695
 1743 05e4 0020     		movs	r0, #0
 1744              	.LVL256:
 1745              	.L2:
 719:Drivers/CMSIS/DSP/Source/FilteringFunctions/arm_conv_partial_fast_q15.c ****   }
 720:Drivers/CMSIS/DSP/Source/FilteringFunctions/arm_conv_partial_fast_q15.c **** 
 721:Drivers/CMSIS/DSP/Source/FilteringFunctions/arm_conv_partial_fast_q15.c ****   /* Return to application */
 722:Drivers/CMSIS/DSP/Source/FilteringFunctions/arm_conv_partial_fast_q15.c ****   return (status);
 1746              		.loc 1 722 3 is_stmt 1 view .LVU696
 723:Drivers/CMSIS/DSP/Source/FilteringFunctions/arm_conv_partial_fast_q15.c **** 
 724:Drivers/CMSIS/DSP/Source/FilteringFunctions/arm_conv_partial_fast_q15.c **** #else
 725:Drivers/CMSIS/DSP/Source/FilteringFunctions/arm_conv_partial_fast_q15.c **** 
 726:Drivers/CMSIS/DSP/Source/FilteringFunctions/arm_conv_partial_fast_q15.c ****   q15_t *pIn1;                                   /* inputA pointer               */
 727:Drivers/CMSIS/DSP/Source/FilteringFunctions/arm_conv_partial_fast_q15.c ****   q15_t *pIn2;                                   /* inputB pointer               */
 728:Drivers/CMSIS/DSP/Source/FilteringFunctions/arm_conv_partial_fast_q15.c ****   q15_t *pOut = pDst;                            /* output pointer               */
 729:Drivers/CMSIS/DSP/Source/FilteringFunctions/arm_conv_partial_fast_q15.c ****   q31_t sum, acc0, acc1, acc2, acc3;             /* Accumulator                  */
 730:Drivers/CMSIS/DSP/Source/FilteringFunctions/arm_conv_partial_fast_q15.c ****   q15_t *px;                                     /* Intermediate inputA pointer  */
 731:Drivers/CMSIS/DSP/Source/FilteringFunctions/arm_conv_partial_fast_q15.c ****   q15_t *py;                                     /* Intermediate inputB pointer  */
 732:Drivers/CMSIS/DSP/Source/FilteringFunctions/arm_conv_partial_fast_q15.c ****   q15_t *pSrc1, *pSrc2;                          /* Intermediate pointers        */
 733:Drivers/CMSIS/DSP/Source/FilteringFunctions/arm_conv_partial_fast_q15.c ****   q31_t x0, x1, x2, x3, c0;
 734:Drivers/CMSIS/DSP/Source/FilteringFunctions/arm_conv_partial_fast_q15.c ****   uint32_t j, k, count, check, blkCnt;
 735:Drivers/CMSIS/DSP/Source/FilteringFunctions/arm_conv_partial_fast_q15.c ****   int32_t blockSize1, blockSize2, blockSize3;    /* loop counters                 */
 736:Drivers/CMSIS/DSP/Source/FilteringFunctions/arm_conv_partial_fast_q15.c ****   arm_status status;                             /* status of Partial convolution */
 737:Drivers/CMSIS/DSP/Source/FilteringFunctions/arm_conv_partial_fast_q15.c ****   q15_t a, b;
 738:Drivers/CMSIS/DSP/Source/FilteringFunctions/arm_conv_partial_fast_q15.c **** 
 739:Drivers/CMSIS/DSP/Source/FilteringFunctions/arm_conv_partial_fast_q15.c ****   /* Check for range of output samples to be calculated */
 740:Drivers/CMSIS/DSP/Source/FilteringFunctions/arm_conv_partial_fast_q15.c ****   if ((firstIndex + numPoints) > ((srcALen + (srcBLen - 1U))))
 741:Drivers/CMSIS/DSP/Source/FilteringFunctions/arm_conv_partial_fast_q15.c ****   {
 742:Drivers/CMSIS/DSP/Source/FilteringFunctions/arm_conv_partial_fast_q15.c ****     /* Set status as ARM_MATH_ARGUMENT_ERROR */
 743:Drivers/CMSIS/DSP/Source/FilteringFunctions/arm_conv_partial_fast_q15.c ****     status = ARM_MATH_ARGUMENT_ERROR;
 744:Drivers/CMSIS/DSP/Source/FilteringFunctions/arm_conv_partial_fast_q15.c ****   }
 745:Drivers/CMSIS/DSP/Source/FilteringFunctions/arm_conv_partial_fast_q15.c ****   else
 746:Drivers/CMSIS/DSP/Source/FilteringFunctions/arm_conv_partial_fast_q15.c ****   {
 747:Drivers/CMSIS/DSP/Source/FilteringFunctions/arm_conv_partial_fast_q15.c **** 
 748:Drivers/CMSIS/DSP/Source/FilteringFunctions/arm_conv_partial_fast_q15.c ****     /* The algorithm implementation is based on the lengths of the inputs. */
 749:Drivers/CMSIS/DSP/Source/FilteringFunctions/arm_conv_partial_fast_q15.c ****     /* srcB is always made to slide across srcA. */
 750:Drivers/CMSIS/DSP/Source/FilteringFunctions/arm_conv_partial_fast_q15.c ****     /* So srcBLen is always considered as shorter or equal to srcALen */
 751:Drivers/CMSIS/DSP/Source/FilteringFunctions/arm_conv_partial_fast_q15.c ****     if (srcALen >=srcBLen)
 752:Drivers/CMSIS/DSP/Source/FilteringFunctions/arm_conv_partial_fast_q15.c ****     {
 753:Drivers/CMSIS/DSP/Source/FilteringFunctions/arm_conv_partial_fast_q15.c ****       /* Initialization of inputA pointer */
 754:Drivers/CMSIS/DSP/Source/FilteringFunctions/arm_conv_partial_fast_q15.c ****       pIn1 = pSrcA;
 755:Drivers/CMSIS/DSP/Source/FilteringFunctions/arm_conv_partial_fast_q15.c **** 
 756:Drivers/CMSIS/DSP/Source/FilteringFunctions/arm_conv_partial_fast_q15.c ****       /* Initialization of inputB pointer */
 757:Drivers/CMSIS/DSP/Source/FilteringFunctions/arm_conv_partial_fast_q15.c ****       pIn2 = pSrcB;
 758:Drivers/CMSIS/DSP/Source/FilteringFunctions/arm_conv_partial_fast_q15.c ****     }
 759:Drivers/CMSIS/DSP/Source/FilteringFunctions/arm_conv_partial_fast_q15.c ****     else
 760:Drivers/CMSIS/DSP/Source/FilteringFunctions/arm_conv_partial_fast_q15.c ****     {
 761:Drivers/CMSIS/DSP/Source/FilteringFunctions/arm_conv_partial_fast_q15.c ****       /* Initialization of inputA pointer */
 762:Drivers/CMSIS/DSP/Source/FilteringFunctions/arm_conv_partial_fast_q15.c ****       pIn1 = pSrcB;
 763:Drivers/CMSIS/DSP/Source/FilteringFunctions/arm_conv_partial_fast_q15.c **** 
 764:Drivers/CMSIS/DSP/Source/FilteringFunctions/arm_conv_partial_fast_q15.c ****       /* Initialization of inputB pointer */
 765:Drivers/CMSIS/DSP/Source/FilteringFunctions/arm_conv_partial_fast_q15.c ****       pIn2 = pSrcA;
 766:Drivers/CMSIS/DSP/Source/FilteringFunctions/arm_conv_partial_fast_q15.c **** 
 767:Drivers/CMSIS/DSP/Source/FilteringFunctions/arm_conv_partial_fast_q15.c ****       /* srcBLen is always considered as shorter or equal to srcALen */
 768:Drivers/CMSIS/DSP/Source/FilteringFunctions/arm_conv_partial_fast_q15.c ****       j = srcBLen;
ARM GAS  C:\Users\Lamp\AppData\Local\Temp\ccxPEMG8.s 			page 66


 769:Drivers/CMSIS/DSP/Source/FilteringFunctions/arm_conv_partial_fast_q15.c ****       srcBLen = srcALen;
 770:Drivers/CMSIS/DSP/Source/FilteringFunctions/arm_conv_partial_fast_q15.c ****       srcALen = j;
 771:Drivers/CMSIS/DSP/Source/FilteringFunctions/arm_conv_partial_fast_q15.c ****     }
 772:Drivers/CMSIS/DSP/Source/FilteringFunctions/arm_conv_partial_fast_q15.c **** 
 773:Drivers/CMSIS/DSP/Source/FilteringFunctions/arm_conv_partial_fast_q15.c ****     /* Conditions to check which loopCounter holds
 774:Drivers/CMSIS/DSP/Source/FilteringFunctions/arm_conv_partial_fast_q15.c ****      * the first and last indices of the output samples to be calculated. */
 775:Drivers/CMSIS/DSP/Source/FilteringFunctions/arm_conv_partial_fast_q15.c ****     check = firstIndex + numPoints;
 776:Drivers/CMSIS/DSP/Source/FilteringFunctions/arm_conv_partial_fast_q15.c ****     blockSize3 = ((int32_t)check > (int32_t)srcALen) ? (int32_t)check - (int32_t)srcALen : 0;
 777:Drivers/CMSIS/DSP/Source/FilteringFunctions/arm_conv_partial_fast_q15.c ****     blockSize3 = ((int32_t)firstIndex > (int32_t)srcALen - 1) ? blockSize3 - (int32_t)firstIndex + 
 778:Drivers/CMSIS/DSP/Source/FilteringFunctions/arm_conv_partial_fast_q15.c ****     blockSize1 = ((int32_t) srcBLen - 1) - (int32_t) firstIndex;
 779:Drivers/CMSIS/DSP/Source/FilteringFunctions/arm_conv_partial_fast_q15.c ****     blockSize1 = (blockSize1 > 0) ? ((check > (srcBLen - 1U)) ? blockSize1 :
 780:Drivers/CMSIS/DSP/Source/FilteringFunctions/arm_conv_partial_fast_q15.c ****                                      (int32_t) numPoints) : 0;
 781:Drivers/CMSIS/DSP/Source/FilteringFunctions/arm_conv_partial_fast_q15.c ****     blockSize2 = ((int32_t) check - blockSize3) -
 782:Drivers/CMSIS/DSP/Source/FilteringFunctions/arm_conv_partial_fast_q15.c ****       (blockSize1 + (int32_t) firstIndex);
 783:Drivers/CMSIS/DSP/Source/FilteringFunctions/arm_conv_partial_fast_q15.c ****     blockSize2 = (blockSize2 > 0) ? blockSize2 : 0;
 784:Drivers/CMSIS/DSP/Source/FilteringFunctions/arm_conv_partial_fast_q15.c **** 
 785:Drivers/CMSIS/DSP/Source/FilteringFunctions/arm_conv_partial_fast_q15.c ****     /* conv(x,y) at n = x[n] * y[0] + x[n-1] * y[1] + x[n-2] * y[2] + ...+ x[n-N+1] * y[N -1] */
 786:Drivers/CMSIS/DSP/Source/FilteringFunctions/arm_conv_partial_fast_q15.c ****     /* The function is internally
 787:Drivers/CMSIS/DSP/Source/FilteringFunctions/arm_conv_partial_fast_q15.c ****      * divided into three stages according to the number of multiplications that has to be
 788:Drivers/CMSIS/DSP/Source/FilteringFunctions/arm_conv_partial_fast_q15.c ****      * taken place between inputA samples and inputB samples. In the first stage of the
 789:Drivers/CMSIS/DSP/Source/FilteringFunctions/arm_conv_partial_fast_q15.c ****      * algorithm, the multiplications increase by one for every iteration.
 790:Drivers/CMSIS/DSP/Source/FilteringFunctions/arm_conv_partial_fast_q15.c ****      * In the second stage of the algorithm, srcBLen number of multiplications are done.
 791:Drivers/CMSIS/DSP/Source/FilteringFunctions/arm_conv_partial_fast_q15.c ****      * In the third stage of the algorithm, the multiplications decrease by one
 792:Drivers/CMSIS/DSP/Source/FilteringFunctions/arm_conv_partial_fast_q15.c ****      * for every iteration. */
 793:Drivers/CMSIS/DSP/Source/FilteringFunctions/arm_conv_partial_fast_q15.c **** 
 794:Drivers/CMSIS/DSP/Source/FilteringFunctions/arm_conv_partial_fast_q15.c ****     /* Set the output pointer to point to the firstIndex
 795:Drivers/CMSIS/DSP/Source/FilteringFunctions/arm_conv_partial_fast_q15.c ****      * of the output sample to be calculated. */
 796:Drivers/CMSIS/DSP/Source/FilteringFunctions/arm_conv_partial_fast_q15.c ****     pOut = pDst + firstIndex;
 797:Drivers/CMSIS/DSP/Source/FilteringFunctions/arm_conv_partial_fast_q15.c **** 
 798:Drivers/CMSIS/DSP/Source/FilteringFunctions/arm_conv_partial_fast_q15.c ****     /* --------------------------
 799:Drivers/CMSIS/DSP/Source/FilteringFunctions/arm_conv_partial_fast_q15.c ****      * Initializations of stage1
 800:Drivers/CMSIS/DSP/Source/FilteringFunctions/arm_conv_partial_fast_q15.c ****      * -------------------------*/
 801:Drivers/CMSIS/DSP/Source/FilteringFunctions/arm_conv_partial_fast_q15.c **** 
 802:Drivers/CMSIS/DSP/Source/FilteringFunctions/arm_conv_partial_fast_q15.c ****     /* sum = x[0] * y[0]
 803:Drivers/CMSIS/DSP/Source/FilteringFunctions/arm_conv_partial_fast_q15.c ****      * sum = x[0] * y[1] + x[1] * y[0]
 804:Drivers/CMSIS/DSP/Source/FilteringFunctions/arm_conv_partial_fast_q15.c ****      * ....
 805:Drivers/CMSIS/DSP/Source/FilteringFunctions/arm_conv_partial_fast_q15.c ****      * sum = x[0] * y[srcBlen - 1] + x[1] * y[srcBlen - 2] +...+ x[srcBLen - 1] * y[0]
 806:Drivers/CMSIS/DSP/Source/FilteringFunctions/arm_conv_partial_fast_q15.c ****      */
 807:Drivers/CMSIS/DSP/Source/FilteringFunctions/arm_conv_partial_fast_q15.c **** 
 808:Drivers/CMSIS/DSP/Source/FilteringFunctions/arm_conv_partial_fast_q15.c ****     /* In this stage the MAC operations are increased by 1 for every iteration.
 809:Drivers/CMSIS/DSP/Source/FilteringFunctions/arm_conv_partial_fast_q15.c ****        The count variable holds the number of MAC operations performed.
 810:Drivers/CMSIS/DSP/Source/FilteringFunctions/arm_conv_partial_fast_q15.c ****        Since the partial convolution starts from firstIndex
 811:Drivers/CMSIS/DSP/Source/FilteringFunctions/arm_conv_partial_fast_q15.c ****        Number of Macs to be performed is firstIndex + 1 */
 812:Drivers/CMSIS/DSP/Source/FilteringFunctions/arm_conv_partial_fast_q15.c ****     count = 1U + firstIndex;
 813:Drivers/CMSIS/DSP/Source/FilteringFunctions/arm_conv_partial_fast_q15.c **** 
 814:Drivers/CMSIS/DSP/Source/FilteringFunctions/arm_conv_partial_fast_q15.c ****     /* Working pointer of inputA */
 815:Drivers/CMSIS/DSP/Source/FilteringFunctions/arm_conv_partial_fast_q15.c ****     px = pIn1;
 816:Drivers/CMSIS/DSP/Source/FilteringFunctions/arm_conv_partial_fast_q15.c **** 
 817:Drivers/CMSIS/DSP/Source/FilteringFunctions/arm_conv_partial_fast_q15.c ****     /* Working pointer of inputB */
 818:Drivers/CMSIS/DSP/Source/FilteringFunctions/arm_conv_partial_fast_q15.c ****     pSrc2 = pIn2 + firstIndex;
 819:Drivers/CMSIS/DSP/Source/FilteringFunctions/arm_conv_partial_fast_q15.c ****     py = pSrc2;
 820:Drivers/CMSIS/DSP/Source/FilteringFunctions/arm_conv_partial_fast_q15.c **** 
 821:Drivers/CMSIS/DSP/Source/FilteringFunctions/arm_conv_partial_fast_q15.c ****     /* ------------------------
 822:Drivers/CMSIS/DSP/Source/FilteringFunctions/arm_conv_partial_fast_q15.c ****      * Stage1 process
 823:Drivers/CMSIS/DSP/Source/FilteringFunctions/arm_conv_partial_fast_q15.c ****      * ----------------------*/
 824:Drivers/CMSIS/DSP/Source/FilteringFunctions/arm_conv_partial_fast_q15.c **** 
 825:Drivers/CMSIS/DSP/Source/FilteringFunctions/arm_conv_partial_fast_q15.c ****     /* For loop unrolling by 4, this stage is divided into two. */
ARM GAS  C:\Users\Lamp\AppData\Local\Temp\ccxPEMG8.s 			page 67


 826:Drivers/CMSIS/DSP/Source/FilteringFunctions/arm_conv_partial_fast_q15.c ****     /* First part of this stage computes the MAC operations less than 4 */
 827:Drivers/CMSIS/DSP/Source/FilteringFunctions/arm_conv_partial_fast_q15.c ****     /* Second part of this stage computes the MAC operations greater than or equal to 4 */
 828:Drivers/CMSIS/DSP/Source/FilteringFunctions/arm_conv_partial_fast_q15.c **** 
 829:Drivers/CMSIS/DSP/Source/FilteringFunctions/arm_conv_partial_fast_q15.c ****     /* The first part of the stage starts here */
 830:Drivers/CMSIS/DSP/Source/FilteringFunctions/arm_conv_partial_fast_q15.c ****   while ((count < 4U) && (blockSize1 > 0))
 831:Drivers/CMSIS/DSP/Source/FilteringFunctions/arm_conv_partial_fast_q15.c ****     {
 832:Drivers/CMSIS/DSP/Source/FilteringFunctions/arm_conv_partial_fast_q15.c ****       /* Accumulator is made zero for every iteration */
 833:Drivers/CMSIS/DSP/Source/FilteringFunctions/arm_conv_partial_fast_q15.c ****       sum = 0;
 834:Drivers/CMSIS/DSP/Source/FilteringFunctions/arm_conv_partial_fast_q15.c **** 
 835:Drivers/CMSIS/DSP/Source/FilteringFunctions/arm_conv_partial_fast_q15.c ****       /* Loop over number of MAC operations between
 836:Drivers/CMSIS/DSP/Source/FilteringFunctions/arm_conv_partial_fast_q15.c ****        * inputA samples and inputB samples */
 837:Drivers/CMSIS/DSP/Source/FilteringFunctions/arm_conv_partial_fast_q15.c ****       k = count;
 838:Drivers/CMSIS/DSP/Source/FilteringFunctions/arm_conv_partial_fast_q15.c **** 
 839:Drivers/CMSIS/DSP/Source/FilteringFunctions/arm_conv_partial_fast_q15.c ****       while (k > 0U)
 840:Drivers/CMSIS/DSP/Source/FilteringFunctions/arm_conv_partial_fast_q15.c ****       {
 841:Drivers/CMSIS/DSP/Source/FilteringFunctions/arm_conv_partial_fast_q15.c ****         /* Perform the multiply-accumulates */
 842:Drivers/CMSIS/DSP/Source/FilteringFunctions/arm_conv_partial_fast_q15.c ****       sum += ((q31_t) * px++ * *py--);
 843:Drivers/CMSIS/DSP/Source/FilteringFunctions/arm_conv_partial_fast_q15.c **** 
 844:Drivers/CMSIS/DSP/Source/FilteringFunctions/arm_conv_partial_fast_q15.c ****         /* Decrement the loop counter */
 845:Drivers/CMSIS/DSP/Source/FilteringFunctions/arm_conv_partial_fast_q15.c ****         k--;
 846:Drivers/CMSIS/DSP/Source/FilteringFunctions/arm_conv_partial_fast_q15.c ****       }
 847:Drivers/CMSIS/DSP/Source/FilteringFunctions/arm_conv_partial_fast_q15.c **** 
 848:Drivers/CMSIS/DSP/Source/FilteringFunctions/arm_conv_partial_fast_q15.c ****       /* Store the result in the accumulator in the destination buffer. */
 849:Drivers/CMSIS/DSP/Source/FilteringFunctions/arm_conv_partial_fast_q15.c ****       *pOut++ = (q15_t) (sum >> 15);
 850:Drivers/CMSIS/DSP/Source/FilteringFunctions/arm_conv_partial_fast_q15.c **** 
 851:Drivers/CMSIS/DSP/Source/FilteringFunctions/arm_conv_partial_fast_q15.c ****       /* Update the inputA and inputB pointers for next MAC calculation */
 852:Drivers/CMSIS/DSP/Source/FilteringFunctions/arm_conv_partial_fast_q15.c ****       py = ++pSrc2;
 853:Drivers/CMSIS/DSP/Source/FilteringFunctions/arm_conv_partial_fast_q15.c ****       px = pIn1;
 854:Drivers/CMSIS/DSP/Source/FilteringFunctions/arm_conv_partial_fast_q15.c **** 
 855:Drivers/CMSIS/DSP/Source/FilteringFunctions/arm_conv_partial_fast_q15.c ****       /* Increment the MAC count */
 856:Drivers/CMSIS/DSP/Source/FilteringFunctions/arm_conv_partial_fast_q15.c ****       count++;
 857:Drivers/CMSIS/DSP/Source/FilteringFunctions/arm_conv_partial_fast_q15.c **** 
 858:Drivers/CMSIS/DSP/Source/FilteringFunctions/arm_conv_partial_fast_q15.c ****       /* Decrement the loop counter */
 859:Drivers/CMSIS/DSP/Source/FilteringFunctions/arm_conv_partial_fast_q15.c ****       blockSize1--;
 860:Drivers/CMSIS/DSP/Source/FilteringFunctions/arm_conv_partial_fast_q15.c ****     }
 861:Drivers/CMSIS/DSP/Source/FilteringFunctions/arm_conv_partial_fast_q15.c **** 
 862:Drivers/CMSIS/DSP/Source/FilteringFunctions/arm_conv_partial_fast_q15.c ****     /* The second part of the stage starts here */
 863:Drivers/CMSIS/DSP/Source/FilteringFunctions/arm_conv_partial_fast_q15.c ****     /* The internal loop, over count, is unrolled by 4 */
 864:Drivers/CMSIS/DSP/Source/FilteringFunctions/arm_conv_partial_fast_q15.c ****     /* To, read the last two inputB samples using SIMD:
 865:Drivers/CMSIS/DSP/Source/FilteringFunctions/arm_conv_partial_fast_q15.c ****      * y[srcBLen] and y[srcBLen-1] coefficients, py is decremented by 1 */
 866:Drivers/CMSIS/DSP/Source/FilteringFunctions/arm_conv_partial_fast_q15.c ****     py = py - 1;
 867:Drivers/CMSIS/DSP/Source/FilteringFunctions/arm_conv_partial_fast_q15.c **** 
 868:Drivers/CMSIS/DSP/Source/FilteringFunctions/arm_conv_partial_fast_q15.c ****   while (blockSize1 > 0)
 869:Drivers/CMSIS/DSP/Source/FilteringFunctions/arm_conv_partial_fast_q15.c ****     {
 870:Drivers/CMSIS/DSP/Source/FilteringFunctions/arm_conv_partial_fast_q15.c ****       /* Accumulator is made zero for every iteration */
 871:Drivers/CMSIS/DSP/Source/FilteringFunctions/arm_conv_partial_fast_q15.c ****       sum = 0;
 872:Drivers/CMSIS/DSP/Source/FilteringFunctions/arm_conv_partial_fast_q15.c **** 
 873:Drivers/CMSIS/DSP/Source/FilteringFunctions/arm_conv_partial_fast_q15.c ****       /* Apply loop unrolling and compute 4 MACs simultaneously. */
 874:Drivers/CMSIS/DSP/Source/FilteringFunctions/arm_conv_partial_fast_q15.c ****       k = count >> 2U;
 875:Drivers/CMSIS/DSP/Source/FilteringFunctions/arm_conv_partial_fast_q15.c **** 
 876:Drivers/CMSIS/DSP/Source/FilteringFunctions/arm_conv_partial_fast_q15.c ****       /* First part of the processing with loop unrolling.  Compute 4 MACs at a time.
 877:Drivers/CMSIS/DSP/Source/FilteringFunctions/arm_conv_partial_fast_q15.c ****        ** a second loop below computes MACs for the remaining 1 to 3 samples. */
 878:Drivers/CMSIS/DSP/Source/FilteringFunctions/arm_conv_partial_fast_q15.c **** 	py++;
 879:Drivers/CMSIS/DSP/Source/FilteringFunctions/arm_conv_partial_fast_q15.c **** 
 880:Drivers/CMSIS/DSP/Source/FilteringFunctions/arm_conv_partial_fast_q15.c ****     while (k > 0U)
 881:Drivers/CMSIS/DSP/Source/FilteringFunctions/arm_conv_partial_fast_q15.c ****     {
 882:Drivers/CMSIS/DSP/Source/FilteringFunctions/arm_conv_partial_fast_q15.c ****       /* Perform the multiply-accumulates */
ARM GAS  C:\Users\Lamp\AppData\Local\Temp\ccxPEMG8.s 			page 68


 883:Drivers/CMSIS/DSP/Source/FilteringFunctions/arm_conv_partial_fast_q15.c ****         sum += ((q31_t) * px++ * *py--);
 884:Drivers/CMSIS/DSP/Source/FilteringFunctions/arm_conv_partial_fast_q15.c ****         sum += ((q31_t) * px++ * *py--);
 885:Drivers/CMSIS/DSP/Source/FilteringFunctions/arm_conv_partial_fast_q15.c ****         sum += ((q31_t) * px++ * *py--);
 886:Drivers/CMSIS/DSP/Source/FilteringFunctions/arm_conv_partial_fast_q15.c ****         sum += ((q31_t) * px++ * *py--);
 887:Drivers/CMSIS/DSP/Source/FilteringFunctions/arm_conv_partial_fast_q15.c **** 
 888:Drivers/CMSIS/DSP/Source/FilteringFunctions/arm_conv_partial_fast_q15.c ****       /* Decrement the loop counter */
 889:Drivers/CMSIS/DSP/Source/FilteringFunctions/arm_conv_partial_fast_q15.c ****       k--;
 890:Drivers/CMSIS/DSP/Source/FilteringFunctions/arm_conv_partial_fast_q15.c ****     }
 891:Drivers/CMSIS/DSP/Source/FilteringFunctions/arm_conv_partial_fast_q15.c **** 
 892:Drivers/CMSIS/DSP/Source/FilteringFunctions/arm_conv_partial_fast_q15.c ****       /* If the count is not a multiple of 4, compute any remaining MACs here.
 893:Drivers/CMSIS/DSP/Source/FilteringFunctions/arm_conv_partial_fast_q15.c ****        ** No loop unrolling is used. */
 894:Drivers/CMSIS/DSP/Source/FilteringFunctions/arm_conv_partial_fast_q15.c ****       k = count % 0x4U;
 895:Drivers/CMSIS/DSP/Source/FilteringFunctions/arm_conv_partial_fast_q15.c **** 
 896:Drivers/CMSIS/DSP/Source/FilteringFunctions/arm_conv_partial_fast_q15.c ****       while (k > 0U)
 897:Drivers/CMSIS/DSP/Source/FilteringFunctions/arm_conv_partial_fast_q15.c ****       {
 898:Drivers/CMSIS/DSP/Source/FilteringFunctions/arm_conv_partial_fast_q15.c ****         /* Perform the multiply-accumulates */
 899:Drivers/CMSIS/DSP/Source/FilteringFunctions/arm_conv_partial_fast_q15.c ****       sum += ((q31_t) * px++ * *py--);
 900:Drivers/CMSIS/DSP/Source/FilteringFunctions/arm_conv_partial_fast_q15.c **** 
 901:Drivers/CMSIS/DSP/Source/FilteringFunctions/arm_conv_partial_fast_q15.c ****         /* Decrement the loop counter */
 902:Drivers/CMSIS/DSP/Source/FilteringFunctions/arm_conv_partial_fast_q15.c ****         k--;
 903:Drivers/CMSIS/DSP/Source/FilteringFunctions/arm_conv_partial_fast_q15.c ****       }
 904:Drivers/CMSIS/DSP/Source/FilteringFunctions/arm_conv_partial_fast_q15.c **** 
 905:Drivers/CMSIS/DSP/Source/FilteringFunctions/arm_conv_partial_fast_q15.c ****       /* Store the result in the accumulator in the destination buffer. */
 906:Drivers/CMSIS/DSP/Source/FilteringFunctions/arm_conv_partial_fast_q15.c ****       *pOut++ = (q15_t) (sum >> 15);
 907:Drivers/CMSIS/DSP/Source/FilteringFunctions/arm_conv_partial_fast_q15.c **** 
 908:Drivers/CMSIS/DSP/Source/FilteringFunctions/arm_conv_partial_fast_q15.c ****       /* Update the inputA and inputB pointers for next MAC calculation */
 909:Drivers/CMSIS/DSP/Source/FilteringFunctions/arm_conv_partial_fast_q15.c ****       py = ++pSrc2 - 1U;
 910:Drivers/CMSIS/DSP/Source/FilteringFunctions/arm_conv_partial_fast_q15.c ****       px = pIn1;
 911:Drivers/CMSIS/DSP/Source/FilteringFunctions/arm_conv_partial_fast_q15.c **** 
 912:Drivers/CMSIS/DSP/Source/FilteringFunctions/arm_conv_partial_fast_q15.c ****       /* Increment the MAC count */
 913:Drivers/CMSIS/DSP/Source/FilteringFunctions/arm_conv_partial_fast_q15.c ****       count++;
 914:Drivers/CMSIS/DSP/Source/FilteringFunctions/arm_conv_partial_fast_q15.c **** 
 915:Drivers/CMSIS/DSP/Source/FilteringFunctions/arm_conv_partial_fast_q15.c ****       /* Decrement the loop counter */
 916:Drivers/CMSIS/DSP/Source/FilteringFunctions/arm_conv_partial_fast_q15.c ****       blockSize1--;
 917:Drivers/CMSIS/DSP/Source/FilteringFunctions/arm_conv_partial_fast_q15.c ****     }
 918:Drivers/CMSIS/DSP/Source/FilteringFunctions/arm_conv_partial_fast_q15.c **** 
 919:Drivers/CMSIS/DSP/Source/FilteringFunctions/arm_conv_partial_fast_q15.c ****     /* --------------------------
 920:Drivers/CMSIS/DSP/Source/FilteringFunctions/arm_conv_partial_fast_q15.c ****      * Initializations of stage2
 921:Drivers/CMSIS/DSP/Source/FilteringFunctions/arm_conv_partial_fast_q15.c ****      * ------------------------*/
 922:Drivers/CMSIS/DSP/Source/FilteringFunctions/arm_conv_partial_fast_q15.c **** 
 923:Drivers/CMSIS/DSP/Source/FilteringFunctions/arm_conv_partial_fast_q15.c ****     /* sum = x[0] * y[srcBLen-1] + x[1] * y[srcBLen-2] +...+ x[srcBLen-1] * y[0]
 924:Drivers/CMSIS/DSP/Source/FilteringFunctions/arm_conv_partial_fast_q15.c ****      * sum = x[1] * y[srcBLen-1] + x[2] * y[srcBLen-2] +...+ x[srcBLen] * y[0]
 925:Drivers/CMSIS/DSP/Source/FilteringFunctions/arm_conv_partial_fast_q15.c ****      * ....
 926:Drivers/CMSIS/DSP/Source/FilteringFunctions/arm_conv_partial_fast_q15.c ****      * sum = x[srcALen-srcBLen-2] * y[srcBLen-1] + x[srcALen] * y[srcBLen-2] +...+ x[srcALen-1] * y
 927:Drivers/CMSIS/DSP/Source/FilteringFunctions/arm_conv_partial_fast_q15.c ****      */
 928:Drivers/CMSIS/DSP/Source/FilteringFunctions/arm_conv_partial_fast_q15.c **** 
 929:Drivers/CMSIS/DSP/Source/FilteringFunctions/arm_conv_partial_fast_q15.c ****     /* Working pointer of inputA */
 930:Drivers/CMSIS/DSP/Source/FilteringFunctions/arm_conv_partial_fast_q15.c ****     if ((int32_t)firstIndex - (int32_t)srcBLen + 1 > 0)
 931:Drivers/CMSIS/DSP/Source/FilteringFunctions/arm_conv_partial_fast_q15.c ****     {
 932:Drivers/CMSIS/DSP/Source/FilteringFunctions/arm_conv_partial_fast_q15.c ****       px = pIn1 + firstIndex - srcBLen + 1;
 933:Drivers/CMSIS/DSP/Source/FilteringFunctions/arm_conv_partial_fast_q15.c ****     }
 934:Drivers/CMSIS/DSP/Source/FilteringFunctions/arm_conv_partial_fast_q15.c ****     else
 935:Drivers/CMSIS/DSP/Source/FilteringFunctions/arm_conv_partial_fast_q15.c ****     {
 936:Drivers/CMSIS/DSP/Source/FilteringFunctions/arm_conv_partial_fast_q15.c ****       px = pIn1;
 937:Drivers/CMSIS/DSP/Source/FilteringFunctions/arm_conv_partial_fast_q15.c ****     }
 938:Drivers/CMSIS/DSP/Source/FilteringFunctions/arm_conv_partial_fast_q15.c **** 
 939:Drivers/CMSIS/DSP/Source/FilteringFunctions/arm_conv_partial_fast_q15.c ****     /* Working pointer of inputB */
ARM GAS  C:\Users\Lamp\AppData\Local\Temp\ccxPEMG8.s 			page 69


 940:Drivers/CMSIS/DSP/Source/FilteringFunctions/arm_conv_partial_fast_q15.c ****     pSrc2 = pIn2 + (srcBLen - 1U);
 941:Drivers/CMSIS/DSP/Source/FilteringFunctions/arm_conv_partial_fast_q15.c ****     py = pSrc2;
 942:Drivers/CMSIS/DSP/Source/FilteringFunctions/arm_conv_partial_fast_q15.c **** 
 943:Drivers/CMSIS/DSP/Source/FilteringFunctions/arm_conv_partial_fast_q15.c ****     /* count is the index by which the pointer pIn1 to be incremented */
 944:Drivers/CMSIS/DSP/Source/FilteringFunctions/arm_conv_partial_fast_q15.c ****     count = 0U;
 945:Drivers/CMSIS/DSP/Source/FilteringFunctions/arm_conv_partial_fast_q15.c **** 
 946:Drivers/CMSIS/DSP/Source/FilteringFunctions/arm_conv_partial_fast_q15.c **** 
 947:Drivers/CMSIS/DSP/Source/FilteringFunctions/arm_conv_partial_fast_q15.c ****     /* --------------------
 948:Drivers/CMSIS/DSP/Source/FilteringFunctions/arm_conv_partial_fast_q15.c ****      * Stage2 process
 949:Drivers/CMSIS/DSP/Source/FilteringFunctions/arm_conv_partial_fast_q15.c ****      * -------------------*/
 950:Drivers/CMSIS/DSP/Source/FilteringFunctions/arm_conv_partial_fast_q15.c **** 
 951:Drivers/CMSIS/DSP/Source/FilteringFunctions/arm_conv_partial_fast_q15.c ****     /* Stage2 depends on srcBLen as in this stage srcBLen number of MACS are performed.
 952:Drivers/CMSIS/DSP/Source/FilteringFunctions/arm_conv_partial_fast_q15.c ****      * So, to loop unroll over blockSize2,
 953:Drivers/CMSIS/DSP/Source/FilteringFunctions/arm_conv_partial_fast_q15.c ****      * srcBLen should be greater than or equal to 4 */
 954:Drivers/CMSIS/DSP/Source/FilteringFunctions/arm_conv_partial_fast_q15.c ****     if (srcBLen >= 4U)
 955:Drivers/CMSIS/DSP/Source/FilteringFunctions/arm_conv_partial_fast_q15.c ****     {
 956:Drivers/CMSIS/DSP/Source/FilteringFunctions/arm_conv_partial_fast_q15.c ****       /* Loop unroll over blockSize2, by 4 */
 957:Drivers/CMSIS/DSP/Source/FilteringFunctions/arm_conv_partial_fast_q15.c ****       blkCnt = ((uint32_t) blockSize2 >> 2U);
 958:Drivers/CMSIS/DSP/Source/FilteringFunctions/arm_conv_partial_fast_q15.c **** 
 959:Drivers/CMSIS/DSP/Source/FilteringFunctions/arm_conv_partial_fast_q15.c ****       while (blkCnt > 0U)
 960:Drivers/CMSIS/DSP/Source/FilteringFunctions/arm_conv_partial_fast_q15.c ****       {
 961:Drivers/CMSIS/DSP/Source/FilteringFunctions/arm_conv_partial_fast_q15.c ****       py = py - 1U;
 962:Drivers/CMSIS/DSP/Source/FilteringFunctions/arm_conv_partial_fast_q15.c **** 
 963:Drivers/CMSIS/DSP/Source/FilteringFunctions/arm_conv_partial_fast_q15.c ****         /* Set all accumulators to zero */
 964:Drivers/CMSIS/DSP/Source/FilteringFunctions/arm_conv_partial_fast_q15.c ****         acc0 = 0;
 965:Drivers/CMSIS/DSP/Source/FilteringFunctions/arm_conv_partial_fast_q15.c ****         acc1 = 0;
 966:Drivers/CMSIS/DSP/Source/FilteringFunctions/arm_conv_partial_fast_q15.c ****         acc2 = 0;
 967:Drivers/CMSIS/DSP/Source/FilteringFunctions/arm_conv_partial_fast_q15.c ****         acc3 = 0;
 968:Drivers/CMSIS/DSP/Source/FilteringFunctions/arm_conv_partial_fast_q15.c **** 
 969:Drivers/CMSIS/DSP/Source/FilteringFunctions/arm_conv_partial_fast_q15.c ****       /* read x[0], x[1] samples */
 970:Drivers/CMSIS/DSP/Source/FilteringFunctions/arm_conv_partial_fast_q15.c **** 	  a = *px++;
 971:Drivers/CMSIS/DSP/Source/FilteringFunctions/arm_conv_partial_fast_q15.c **** 	  b = *px++;
 972:Drivers/CMSIS/DSP/Source/FilteringFunctions/arm_conv_partial_fast_q15.c **** 
 973:Drivers/CMSIS/DSP/Source/FilteringFunctions/arm_conv_partial_fast_q15.c **** #ifndef ARM_MATH_BIG_ENDIAN
 974:Drivers/CMSIS/DSP/Source/FilteringFunctions/arm_conv_partial_fast_q15.c **** 
 975:Drivers/CMSIS/DSP/Source/FilteringFunctions/arm_conv_partial_fast_q15.c **** 	  x0 = __PKHBT(a, b, 16);
 976:Drivers/CMSIS/DSP/Source/FilteringFunctions/arm_conv_partial_fast_q15.c **** 	  a = *px;
 977:Drivers/CMSIS/DSP/Source/FilteringFunctions/arm_conv_partial_fast_q15.c **** 	  x1 = __PKHBT(b, a, 16);
 978:Drivers/CMSIS/DSP/Source/FilteringFunctions/arm_conv_partial_fast_q15.c **** 
 979:Drivers/CMSIS/DSP/Source/FilteringFunctions/arm_conv_partial_fast_q15.c **** #else
 980:Drivers/CMSIS/DSP/Source/FilteringFunctions/arm_conv_partial_fast_q15.c **** 
 981:Drivers/CMSIS/DSP/Source/FilteringFunctions/arm_conv_partial_fast_q15.c **** 	  x0 = __PKHBT(b, a, 16);
 982:Drivers/CMSIS/DSP/Source/FilteringFunctions/arm_conv_partial_fast_q15.c **** 	  a = *px;
 983:Drivers/CMSIS/DSP/Source/FilteringFunctions/arm_conv_partial_fast_q15.c **** 	  x1 = __PKHBT(a, b, 16);
 984:Drivers/CMSIS/DSP/Source/FilteringFunctions/arm_conv_partial_fast_q15.c **** 
 985:Drivers/CMSIS/DSP/Source/FilteringFunctions/arm_conv_partial_fast_q15.c **** #endif	/*	#ifndef ARM_MATH_BIG_ENDIAN	   */
 986:Drivers/CMSIS/DSP/Source/FilteringFunctions/arm_conv_partial_fast_q15.c **** 
 987:Drivers/CMSIS/DSP/Source/FilteringFunctions/arm_conv_partial_fast_q15.c ****       /* Apply loop unrolling and compute 4 MACs simultaneously. */
 988:Drivers/CMSIS/DSP/Source/FilteringFunctions/arm_conv_partial_fast_q15.c ****       k = srcBLen >> 2U;
 989:Drivers/CMSIS/DSP/Source/FilteringFunctions/arm_conv_partial_fast_q15.c **** 
 990:Drivers/CMSIS/DSP/Source/FilteringFunctions/arm_conv_partial_fast_q15.c ****       /* First part of the processing with loop unrolling.  Compute 4 MACs at a time.
 991:Drivers/CMSIS/DSP/Source/FilteringFunctions/arm_conv_partial_fast_q15.c ****        ** a second loop below computes MACs for the remaining 1 to 3 samples. */
 992:Drivers/CMSIS/DSP/Source/FilteringFunctions/arm_conv_partial_fast_q15.c ****       do
 993:Drivers/CMSIS/DSP/Source/FilteringFunctions/arm_conv_partial_fast_q15.c ****       {
 994:Drivers/CMSIS/DSP/Source/FilteringFunctions/arm_conv_partial_fast_q15.c ****         /* Read the last two inputB samples using SIMD:
 995:Drivers/CMSIS/DSP/Source/FilteringFunctions/arm_conv_partial_fast_q15.c ****          * y[srcBLen - 1] and y[srcBLen - 2] */
 996:Drivers/CMSIS/DSP/Source/FilteringFunctions/arm_conv_partial_fast_q15.c **** 		a = *py;
ARM GAS  C:\Users\Lamp\AppData\Local\Temp\ccxPEMG8.s 			page 70


 997:Drivers/CMSIS/DSP/Source/FilteringFunctions/arm_conv_partial_fast_q15.c **** 		b = *(py+1);
 998:Drivers/CMSIS/DSP/Source/FilteringFunctions/arm_conv_partial_fast_q15.c **** 		py -= 2;
 999:Drivers/CMSIS/DSP/Source/FilteringFunctions/arm_conv_partial_fast_q15.c **** 
1000:Drivers/CMSIS/DSP/Source/FilteringFunctions/arm_conv_partial_fast_q15.c **** #ifndef ARM_MATH_BIG_ENDIAN
1001:Drivers/CMSIS/DSP/Source/FilteringFunctions/arm_conv_partial_fast_q15.c **** 
1002:Drivers/CMSIS/DSP/Source/FilteringFunctions/arm_conv_partial_fast_q15.c **** 		c0 = __PKHBT(a, b, 16);
1003:Drivers/CMSIS/DSP/Source/FilteringFunctions/arm_conv_partial_fast_q15.c **** 
1004:Drivers/CMSIS/DSP/Source/FilteringFunctions/arm_conv_partial_fast_q15.c **** #else
1005:Drivers/CMSIS/DSP/Source/FilteringFunctions/arm_conv_partial_fast_q15.c **** 
1006:Drivers/CMSIS/DSP/Source/FilteringFunctions/arm_conv_partial_fast_q15.c ****  		c0 = __PKHBT(b, a, 16);;
1007:Drivers/CMSIS/DSP/Source/FilteringFunctions/arm_conv_partial_fast_q15.c **** 
1008:Drivers/CMSIS/DSP/Source/FilteringFunctions/arm_conv_partial_fast_q15.c **** #endif	/*	#ifndef ARM_MATH_BIG_ENDIAN	*/
1009:Drivers/CMSIS/DSP/Source/FilteringFunctions/arm_conv_partial_fast_q15.c **** 
1010:Drivers/CMSIS/DSP/Source/FilteringFunctions/arm_conv_partial_fast_q15.c ****         /* acc0 +=  x[0] * y[srcBLen - 1] + x[1] * y[srcBLen - 2] */
1011:Drivers/CMSIS/DSP/Source/FilteringFunctions/arm_conv_partial_fast_q15.c ****         acc0 = __SMLADX(x0, c0, acc0);
1012:Drivers/CMSIS/DSP/Source/FilteringFunctions/arm_conv_partial_fast_q15.c **** 
1013:Drivers/CMSIS/DSP/Source/FilteringFunctions/arm_conv_partial_fast_q15.c ****         /* acc1 +=  x[1] * y[srcBLen - 1] + x[2] * y[srcBLen - 2] */
1014:Drivers/CMSIS/DSP/Source/FilteringFunctions/arm_conv_partial_fast_q15.c ****         acc1 = __SMLADX(x1, c0, acc1);
1015:Drivers/CMSIS/DSP/Source/FilteringFunctions/arm_conv_partial_fast_q15.c **** 
1016:Drivers/CMSIS/DSP/Source/FilteringFunctions/arm_conv_partial_fast_q15.c **** 	  a = *px;
1017:Drivers/CMSIS/DSP/Source/FilteringFunctions/arm_conv_partial_fast_q15.c **** 	  b = *(px + 1);
1018:Drivers/CMSIS/DSP/Source/FilteringFunctions/arm_conv_partial_fast_q15.c **** 
1019:Drivers/CMSIS/DSP/Source/FilteringFunctions/arm_conv_partial_fast_q15.c **** #ifndef ARM_MATH_BIG_ENDIAN
1020:Drivers/CMSIS/DSP/Source/FilteringFunctions/arm_conv_partial_fast_q15.c **** 
1021:Drivers/CMSIS/DSP/Source/FilteringFunctions/arm_conv_partial_fast_q15.c **** 	  x2 = __PKHBT(a, b, 16);
1022:Drivers/CMSIS/DSP/Source/FilteringFunctions/arm_conv_partial_fast_q15.c **** 	  a = *(px + 2);
1023:Drivers/CMSIS/DSP/Source/FilteringFunctions/arm_conv_partial_fast_q15.c **** 	  x3 = __PKHBT(b, a, 16);
1024:Drivers/CMSIS/DSP/Source/FilteringFunctions/arm_conv_partial_fast_q15.c **** 
1025:Drivers/CMSIS/DSP/Source/FilteringFunctions/arm_conv_partial_fast_q15.c **** #else
1026:Drivers/CMSIS/DSP/Source/FilteringFunctions/arm_conv_partial_fast_q15.c **** 
1027:Drivers/CMSIS/DSP/Source/FilteringFunctions/arm_conv_partial_fast_q15.c **** 	  x2 = __PKHBT(b, a, 16);
1028:Drivers/CMSIS/DSP/Source/FilteringFunctions/arm_conv_partial_fast_q15.c **** 	  a = *(px + 2);
1029:Drivers/CMSIS/DSP/Source/FilteringFunctions/arm_conv_partial_fast_q15.c **** 	  x3 = __PKHBT(a, b, 16);
1030:Drivers/CMSIS/DSP/Source/FilteringFunctions/arm_conv_partial_fast_q15.c **** 
1031:Drivers/CMSIS/DSP/Source/FilteringFunctions/arm_conv_partial_fast_q15.c **** #endif	/*	#ifndef ARM_MATH_BIG_ENDIAN	   */
1032:Drivers/CMSIS/DSP/Source/FilteringFunctions/arm_conv_partial_fast_q15.c **** 
1033:Drivers/CMSIS/DSP/Source/FilteringFunctions/arm_conv_partial_fast_q15.c ****         /* acc2 +=  x[2] * y[srcBLen - 1] + x[3] * y[srcBLen - 2] */
1034:Drivers/CMSIS/DSP/Source/FilteringFunctions/arm_conv_partial_fast_q15.c ****         acc2 = __SMLADX(x2, c0, acc2);
1035:Drivers/CMSIS/DSP/Source/FilteringFunctions/arm_conv_partial_fast_q15.c **** 
1036:Drivers/CMSIS/DSP/Source/FilteringFunctions/arm_conv_partial_fast_q15.c ****         /* acc3 +=  x[3] * y[srcBLen - 1] + x[4] * y[srcBLen - 2] */
1037:Drivers/CMSIS/DSP/Source/FilteringFunctions/arm_conv_partial_fast_q15.c ****         acc3 = __SMLADX(x3, c0, acc3);
1038:Drivers/CMSIS/DSP/Source/FilteringFunctions/arm_conv_partial_fast_q15.c **** 
1039:Drivers/CMSIS/DSP/Source/FilteringFunctions/arm_conv_partial_fast_q15.c ****         /* Read y[srcBLen - 3] and y[srcBLen - 4] */
1040:Drivers/CMSIS/DSP/Source/FilteringFunctions/arm_conv_partial_fast_q15.c **** 		a = *py;
1041:Drivers/CMSIS/DSP/Source/FilteringFunctions/arm_conv_partial_fast_q15.c **** 		b = *(py+1);
1042:Drivers/CMSIS/DSP/Source/FilteringFunctions/arm_conv_partial_fast_q15.c **** 		py -= 2;
1043:Drivers/CMSIS/DSP/Source/FilteringFunctions/arm_conv_partial_fast_q15.c **** 
1044:Drivers/CMSIS/DSP/Source/FilteringFunctions/arm_conv_partial_fast_q15.c **** #ifndef ARM_MATH_BIG_ENDIAN
1045:Drivers/CMSIS/DSP/Source/FilteringFunctions/arm_conv_partial_fast_q15.c **** 
1046:Drivers/CMSIS/DSP/Source/FilteringFunctions/arm_conv_partial_fast_q15.c **** 		c0 = __PKHBT(a, b, 16);
1047:Drivers/CMSIS/DSP/Source/FilteringFunctions/arm_conv_partial_fast_q15.c **** 
1048:Drivers/CMSIS/DSP/Source/FilteringFunctions/arm_conv_partial_fast_q15.c **** #else
1049:Drivers/CMSIS/DSP/Source/FilteringFunctions/arm_conv_partial_fast_q15.c **** 
1050:Drivers/CMSIS/DSP/Source/FilteringFunctions/arm_conv_partial_fast_q15.c ****  		c0 = __PKHBT(b, a, 16);;
1051:Drivers/CMSIS/DSP/Source/FilteringFunctions/arm_conv_partial_fast_q15.c **** 
1052:Drivers/CMSIS/DSP/Source/FilteringFunctions/arm_conv_partial_fast_q15.c **** #endif	/*	#ifndef ARM_MATH_BIG_ENDIAN	*/
1053:Drivers/CMSIS/DSP/Source/FilteringFunctions/arm_conv_partial_fast_q15.c **** 
ARM GAS  C:\Users\Lamp\AppData\Local\Temp\ccxPEMG8.s 			page 71


1054:Drivers/CMSIS/DSP/Source/FilteringFunctions/arm_conv_partial_fast_q15.c ****         /* acc0 +=  x[2] * y[srcBLen - 3] + x[3] * y[srcBLen - 4] */
1055:Drivers/CMSIS/DSP/Source/FilteringFunctions/arm_conv_partial_fast_q15.c ****         acc0 = __SMLADX(x2, c0, acc0);
1056:Drivers/CMSIS/DSP/Source/FilteringFunctions/arm_conv_partial_fast_q15.c **** 
1057:Drivers/CMSIS/DSP/Source/FilteringFunctions/arm_conv_partial_fast_q15.c ****         /* acc1 +=  x[3] * y[srcBLen - 3] + x[4] * y[srcBLen - 4] */
1058:Drivers/CMSIS/DSP/Source/FilteringFunctions/arm_conv_partial_fast_q15.c ****         acc1 = __SMLADX(x3, c0, acc1);
1059:Drivers/CMSIS/DSP/Source/FilteringFunctions/arm_conv_partial_fast_q15.c **** 
1060:Drivers/CMSIS/DSP/Source/FilteringFunctions/arm_conv_partial_fast_q15.c ****         /* Read x[4], x[5], x[6] */
1061:Drivers/CMSIS/DSP/Source/FilteringFunctions/arm_conv_partial_fast_q15.c **** 	  a = *(px + 2);
1062:Drivers/CMSIS/DSP/Source/FilteringFunctions/arm_conv_partial_fast_q15.c **** 	  b = *(px + 3);
1063:Drivers/CMSIS/DSP/Source/FilteringFunctions/arm_conv_partial_fast_q15.c **** 
1064:Drivers/CMSIS/DSP/Source/FilteringFunctions/arm_conv_partial_fast_q15.c **** #ifndef ARM_MATH_BIG_ENDIAN
1065:Drivers/CMSIS/DSP/Source/FilteringFunctions/arm_conv_partial_fast_q15.c **** 
1066:Drivers/CMSIS/DSP/Source/FilteringFunctions/arm_conv_partial_fast_q15.c **** 	  x0 = __PKHBT(a, b, 16);
1067:Drivers/CMSIS/DSP/Source/FilteringFunctions/arm_conv_partial_fast_q15.c **** 	  a = *(px + 4);
1068:Drivers/CMSIS/DSP/Source/FilteringFunctions/arm_conv_partial_fast_q15.c **** 	  x1 = __PKHBT(b, a, 16);
1069:Drivers/CMSIS/DSP/Source/FilteringFunctions/arm_conv_partial_fast_q15.c **** 
1070:Drivers/CMSIS/DSP/Source/FilteringFunctions/arm_conv_partial_fast_q15.c **** #else
1071:Drivers/CMSIS/DSP/Source/FilteringFunctions/arm_conv_partial_fast_q15.c **** 
1072:Drivers/CMSIS/DSP/Source/FilteringFunctions/arm_conv_partial_fast_q15.c **** 	  x0 = __PKHBT(b, a, 16);
1073:Drivers/CMSIS/DSP/Source/FilteringFunctions/arm_conv_partial_fast_q15.c **** 	  a = *(px + 4);
1074:Drivers/CMSIS/DSP/Source/FilteringFunctions/arm_conv_partial_fast_q15.c **** 	  x1 = __PKHBT(a, b, 16);
1075:Drivers/CMSIS/DSP/Source/FilteringFunctions/arm_conv_partial_fast_q15.c **** 
1076:Drivers/CMSIS/DSP/Source/FilteringFunctions/arm_conv_partial_fast_q15.c **** #endif	/*	#ifndef ARM_MATH_BIG_ENDIAN	   */
1077:Drivers/CMSIS/DSP/Source/FilteringFunctions/arm_conv_partial_fast_q15.c **** 
1078:Drivers/CMSIS/DSP/Source/FilteringFunctions/arm_conv_partial_fast_q15.c **** 		px += 4U;
1079:Drivers/CMSIS/DSP/Source/FilteringFunctions/arm_conv_partial_fast_q15.c **** 
1080:Drivers/CMSIS/DSP/Source/FilteringFunctions/arm_conv_partial_fast_q15.c ****         /* acc2 +=  x[4] * y[srcBLen - 3] + x[5] * y[srcBLen - 4] */
1081:Drivers/CMSIS/DSP/Source/FilteringFunctions/arm_conv_partial_fast_q15.c ****         acc2 = __SMLADX(x0, c0, acc2);
1082:Drivers/CMSIS/DSP/Source/FilteringFunctions/arm_conv_partial_fast_q15.c **** 
1083:Drivers/CMSIS/DSP/Source/FilteringFunctions/arm_conv_partial_fast_q15.c ****         /* acc3 +=  x[5] * y[srcBLen - 3] + x[6] * y[srcBLen - 4] */
1084:Drivers/CMSIS/DSP/Source/FilteringFunctions/arm_conv_partial_fast_q15.c ****         acc3 = __SMLADX(x1, c0, acc3);
1085:Drivers/CMSIS/DSP/Source/FilteringFunctions/arm_conv_partial_fast_q15.c **** 
1086:Drivers/CMSIS/DSP/Source/FilteringFunctions/arm_conv_partial_fast_q15.c ****       } while (--k);
1087:Drivers/CMSIS/DSP/Source/FilteringFunctions/arm_conv_partial_fast_q15.c **** 
1088:Drivers/CMSIS/DSP/Source/FilteringFunctions/arm_conv_partial_fast_q15.c ****       /* For the next MAC operations, SIMD is not used
1089:Drivers/CMSIS/DSP/Source/FilteringFunctions/arm_conv_partial_fast_q15.c ****        * So, the 16 bit pointer if inputB, py is updated */
1090:Drivers/CMSIS/DSP/Source/FilteringFunctions/arm_conv_partial_fast_q15.c **** 
1091:Drivers/CMSIS/DSP/Source/FilteringFunctions/arm_conv_partial_fast_q15.c ****       /* If the srcBLen is not a multiple of 4, compute any remaining MACs here.
1092:Drivers/CMSIS/DSP/Source/FilteringFunctions/arm_conv_partial_fast_q15.c ****        ** No loop unrolling is used. */
1093:Drivers/CMSIS/DSP/Source/FilteringFunctions/arm_conv_partial_fast_q15.c ****       k = srcBLen % 0x4U;
1094:Drivers/CMSIS/DSP/Source/FilteringFunctions/arm_conv_partial_fast_q15.c **** 
1095:Drivers/CMSIS/DSP/Source/FilteringFunctions/arm_conv_partial_fast_q15.c ****       if (k == 1U)
1096:Drivers/CMSIS/DSP/Source/FilteringFunctions/arm_conv_partial_fast_q15.c ****       {
1097:Drivers/CMSIS/DSP/Source/FilteringFunctions/arm_conv_partial_fast_q15.c ****         /* Read y[srcBLen - 5] */
1098:Drivers/CMSIS/DSP/Source/FilteringFunctions/arm_conv_partial_fast_q15.c ****         c0 = *(py+1);
1099:Drivers/CMSIS/DSP/Source/FilteringFunctions/arm_conv_partial_fast_q15.c **** 
1100:Drivers/CMSIS/DSP/Source/FilteringFunctions/arm_conv_partial_fast_q15.c **** #ifdef  ARM_MATH_BIG_ENDIAN
1101:Drivers/CMSIS/DSP/Source/FilteringFunctions/arm_conv_partial_fast_q15.c **** 
1102:Drivers/CMSIS/DSP/Source/FilteringFunctions/arm_conv_partial_fast_q15.c ****         c0 = c0 << 16U;
1103:Drivers/CMSIS/DSP/Source/FilteringFunctions/arm_conv_partial_fast_q15.c **** 
1104:Drivers/CMSIS/DSP/Source/FilteringFunctions/arm_conv_partial_fast_q15.c **** #else
1105:Drivers/CMSIS/DSP/Source/FilteringFunctions/arm_conv_partial_fast_q15.c **** 
1106:Drivers/CMSIS/DSP/Source/FilteringFunctions/arm_conv_partial_fast_q15.c ****         c0 = c0 & 0x0000FFFF;
1107:Drivers/CMSIS/DSP/Source/FilteringFunctions/arm_conv_partial_fast_q15.c **** 
1108:Drivers/CMSIS/DSP/Source/FilteringFunctions/arm_conv_partial_fast_q15.c **** #endif /*      #ifdef  ARM_MATH_BIG_ENDIAN     */
1109:Drivers/CMSIS/DSP/Source/FilteringFunctions/arm_conv_partial_fast_q15.c **** 
1110:Drivers/CMSIS/DSP/Source/FilteringFunctions/arm_conv_partial_fast_q15.c ****         /* Read x[7] */
ARM GAS  C:\Users\Lamp\AppData\Local\Temp\ccxPEMG8.s 			page 72


1111:Drivers/CMSIS/DSP/Source/FilteringFunctions/arm_conv_partial_fast_q15.c **** 		a = *px;
1112:Drivers/CMSIS/DSP/Source/FilteringFunctions/arm_conv_partial_fast_q15.c **** 		b = *(px+1);
1113:Drivers/CMSIS/DSP/Source/FilteringFunctions/arm_conv_partial_fast_q15.c **** 		px++;
1114:Drivers/CMSIS/DSP/Source/FilteringFunctions/arm_conv_partial_fast_q15.c **** 
1115:Drivers/CMSIS/DSP/Source/FilteringFunctions/arm_conv_partial_fast_q15.c **** #ifndef ARM_MATH_BIG_ENDIAN
1116:Drivers/CMSIS/DSP/Source/FilteringFunctions/arm_conv_partial_fast_q15.c **** 
1117:Drivers/CMSIS/DSP/Source/FilteringFunctions/arm_conv_partial_fast_q15.c **** 		x3 = __PKHBT(a, b, 16);
1118:Drivers/CMSIS/DSP/Source/FilteringFunctions/arm_conv_partial_fast_q15.c **** 
1119:Drivers/CMSIS/DSP/Source/FilteringFunctions/arm_conv_partial_fast_q15.c **** #else
1120:Drivers/CMSIS/DSP/Source/FilteringFunctions/arm_conv_partial_fast_q15.c **** 
1121:Drivers/CMSIS/DSP/Source/FilteringFunctions/arm_conv_partial_fast_q15.c ****  		x3 = __PKHBT(b, a, 16);;
1122:Drivers/CMSIS/DSP/Source/FilteringFunctions/arm_conv_partial_fast_q15.c **** 
1123:Drivers/CMSIS/DSP/Source/FilteringFunctions/arm_conv_partial_fast_q15.c **** #endif	/*	#ifndef ARM_MATH_BIG_ENDIAN	*/
1124:Drivers/CMSIS/DSP/Source/FilteringFunctions/arm_conv_partial_fast_q15.c **** 
1125:Drivers/CMSIS/DSP/Source/FilteringFunctions/arm_conv_partial_fast_q15.c **** 
1126:Drivers/CMSIS/DSP/Source/FilteringFunctions/arm_conv_partial_fast_q15.c ****         /* Perform the multiply-accumulates */
1127:Drivers/CMSIS/DSP/Source/FilteringFunctions/arm_conv_partial_fast_q15.c ****         acc0 = __SMLAD(x0, c0, acc0);
1128:Drivers/CMSIS/DSP/Source/FilteringFunctions/arm_conv_partial_fast_q15.c ****         acc1 = __SMLAD(x1, c0, acc1);
1129:Drivers/CMSIS/DSP/Source/FilteringFunctions/arm_conv_partial_fast_q15.c ****         acc2 = __SMLADX(x1, c0, acc2);
1130:Drivers/CMSIS/DSP/Source/FilteringFunctions/arm_conv_partial_fast_q15.c ****         acc3 = __SMLADX(x3, c0, acc3);
1131:Drivers/CMSIS/DSP/Source/FilteringFunctions/arm_conv_partial_fast_q15.c ****       }
1132:Drivers/CMSIS/DSP/Source/FilteringFunctions/arm_conv_partial_fast_q15.c **** 
1133:Drivers/CMSIS/DSP/Source/FilteringFunctions/arm_conv_partial_fast_q15.c ****       if (k == 2U)
1134:Drivers/CMSIS/DSP/Source/FilteringFunctions/arm_conv_partial_fast_q15.c ****       {
1135:Drivers/CMSIS/DSP/Source/FilteringFunctions/arm_conv_partial_fast_q15.c ****         /* Read y[srcBLen - 5], y[srcBLen - 6] */
1136:Drivers/CMSIS/DSP/Source/FilteringFunctions/arm_conv_partial_fast_q15.c **** 		a = *py;
1137:Drivers/CMSIS/DSP/Source/FilteringFunctions/arm_conv_partial_fast_q15.c **** 		b = *(py+1);
1138:Drivers/CMSIS/DSP/Source/FilteringFunctions/arm_conv_partial_fast_q15.c **** 
1139:Drivers/CMSIS/DSP/Source/FilteringFunctions/arm_conv_partial_fast_q15.c **** #ifndef ARM_MATH_BIG_ENDIAN
1140:Drivers/CMSIS/DSP/Source/FilteringFunctions/arm_conv_partial_fast_q15.c **** 
1141:Drivers/CMSIS/DSP/Source/FilteringFunctions/arm_conv_partial_fast_q15.c **** 		c0 = __PKHBT(a, b, 16);
1142:Drivers/CMSIS/DSP/Source/FilteringFunctions/arm_conv_partial_fast_q15.c **** 
1143:Drivers/CMSIS/DSP/Source/FilteringFunctions/arm_conv_partial_fast_q15.c **** #else
1144:Drivers/CMSIS/DSP/Source/FilteringFunctions/arm_conv_partial_fast_q15.c **** 
1145:Drivers/CMSIS/DSP/Source/FilteringFunctions/arm_conv_partial_fast_q15.c ****  		c0 = __PKHBT(b, a, 16);;
1146:Drivers/CMSIS/DSP/Source/FilteringFunctions/arm_conv_partial_fast_q15.c **** 
1147:Drivers/CMSIS/DSP/Source/FilteringFunctions/arm_conv_partial_fast_q15.c **** #endif	/*	#ifndef ARM_MATH_BIG_ENDIAN	*/
1148:Drivers/CMSIS/DSP/Source/FilteringFunctions/arm_conv_partial_fast_q15.c **** 
1149:Drivers/CMSIS/DSP/Source/FilteringFunctions/arm_conv_partial_fast_q15.c ****         /* Read x[7], x[8], x[9] */
1150:Drivers/CMSIS/DSP/Source/FilteringFunctions/arm_conv_partial_fast_q15.c **** 	  a = *px;
1151:Drivers/CMSIS/DSP/Source/FilteringFunctions/arm_conv_partial_fast_q15.c **** 	  b = *(px + 1);
1152:Drivers/CMSIS/DSP/Source/FilteringFunctions/arm_conv_partial_fast_q15.c **** 
1153:Drivers/CMSIS/DSP/Source/FilteringFunctions/arm_conv_partial_fast_q15.c **** #ifndef ARM_MATH_BIG_ENDIAN
1154:Drivers/CMSIS/DSP/Source/FilteringFunctions/arm_conv_partial_fast_q15.c **** 
1155:Drivers/CMSIS/DSP/Source/FilteringFunctions/arm_conv_partial_fast_q15.c **** 	  x3 = __PKHBT(a, b, 16);
1156:Drivers/CMSIS/DSP/Source/FilteringFunctions/arm_conv_partial_fast_q15.c **** 	  a = *(px + 2);
1157:Drivers/CMSIS/DSP/Source/FilteringFunctions/arm_conv_partial_fast_q15.c **** 	  x2 = __PKHBT(b, a, 16);
1158:Drivers/CMSIS/DSP/Source/FilteringFunctions/arm_conv_partial_fast_q15.c **** 
1159:Drivers/CMSIS/DSP/Source/FilteringFunctions/arm_conv_partial_fast_q15.c **** #else
1160:Drivers/CMSIS/DSP/Source/FilteringFunctions/arm_conv_partial_fast_q15.c **** 
1161:Drivers/CMSIS/DSP/Source/FilteringFunctions/arm_conv_partial_fast_q15.c **** 	  x3 = __PKHBT(b, a, 16);
1162:Drivers/CMSIS/DSP/Source/FilteringFunctions/arm_conv_partial_fast_q15.c **** 	  a = *(px + 2);
1163:Drivers/CMSIS/DSP/Source/FilteringFunctions/arm_conv_partial_fast_q15.c **** 	  x2 = __PKHBT(a, b, 16);
1164:Drivers/CMSIS/DSP/Source/FilteringFunctions/arm_conv_partial_fast_q15.c **** 
1165:Drivers/CMSIS/DSP/Source/FilteringFunctions/arm_conv_partial_fast_q15.c **** #endif	/*	#ifndef ARM_MATH_BIG_ENDIAN	   */
1166:Drivers/CMSIS/DSP/Source/FilteringFunctions/arm_conv_partial_fast_q15.c **** 		px += 2U;
1167:Drivers/CMSIS/DSP/Source/FilteringFunctions/arm_conv_partial_fast_q15.c **** 
ARM GAS  C:\Users\Lamp\AppData\Local\Temp\ccxPEMG8.s 			page 73


1168:Drivers/CMSIS/DSP/Source/FilteringFunctions/arm_conv_partial_fast_q15.c ****         /* Perform the multiply-accumulates */
1169:Drivers/CMSIS/DSP/Source/FilteringFunctions/arm_conv_partial_fast_q15.c ****         acc0 = __SMLADX(x0, c0, acc0);
1170:Drivers/CMSIS/DSP/Source/FilteringFunctions/arm_conv_partial_fast_q15.c ****         acc1 = __SMLADX(x1, c0, acc1);
1171:Drivers/CMSIS/DSP/Source/FilteringFunctions/arm_conv_partial_fast_q15.c ****         acc2 = __SMLADX(x3, c0, acc2);
1172:Drivers/CMSIS/DSP/Source/FilteringFunctions/arm_conv_partial_fast_q15.c ****         acc3 = __SMLADX(x2, c0, acc3);
1173:Drivers/CMSIS/DSP/Source/FilteringFunctions/arm_conv_partial_fast_q15.c ****       }
1174:Drivers/CMSIS/DSP/Source/FilteringFunctions/arm_conv_partial_fast_q15.c **** 
1175:Drivers/CMSIS/DSP/Source/FilteringFunctions/arm_conv_partial_fast_q15.c ****       if (k == 3U)
1176:Drivers/CMSIS/DSP/Source/FilteringFunctions/arm_conv_partial_fast_q15.c ****       {
1177:Drivers/CMSIS/DSP/Source/FilteringFunctions/arm_conv_partial_fast_q15.c ****         /* Read y[srcBLen - 5], y[srcBLen - 6] */
1178:Drivers/CMSIS/DSP/Source/FilteringFunctions/arm_conv_partial_fast_q15.c **** 		a = *py;
1179:Drivers/CMSIS/DSP/Source/FilteringFunctions/arm_conv_partial_fast_q15.c **** 		b = *(py+1);
1180:Drivers/CMSIS/DSP/Source/FilteringFunctions/arm_conv_partial_fast_q15.c **** 
1181:Drivers/CMSIS/DSP/Source/FilteringFunctions/arm_conv_partial_fast_q15.c **** #ifndef ARM_MATH_BIG_ENDIAN
1182:Drivers/CMSIS/DSP/Source/FilteringFunctions/arm_conv_partial_fast_q15.c **** 
1183:Drivers/CMSIS/DSP/Source/FilteringFunctions/arm_conv_partial_fast_q15.c **** 		c0 = __PKHBT(a, b, 16);
1184:Drivers/CMSIS/DSP/Source/FilteringFunctions/arm_conv_partial_fast_q15.c **** 
1185:Drivers/CMSIS/DSP/Source/FilteringFunctions/arm_conv_partial_fast_q15.c **** #else
1186:Drivers/CMSIS/DSP/Source/FilteringFunctions/arm_conv_partial_fast_q15.c **** 
1187:Drivers/CMSIS/DSP/Source/FilteringFunctions/arm_conv_partial_fast_q15.c ****  		c0 = __PKHBT(b, a, 16);;
1188:Drivers/CMSIS/DSP/Source/FilteringFunctions/arm_conv_partial_fast_q15.c **** 
1189:Drivers/CMSIS/DSP/Source/FilteringFunctions/arm_conv_partial_fast_q15.c **** #endif	/*	#ifndef ARM_MATH_BIG_ENDIAN	*/
1190:Drivers/CMSIS/DSP/Source/FilteringFunctions/arm_conv_partial_fast_q15.c **** 
1191:Drivers/CMSIS/DSP/Source/FilteringFunctions/arm_conv_partial_fast_q15.c ****         /* Read x[7], x[8], x[9] */
1192:Drivers/CMSIS/DSP/Source/FilteringFunctions/arm_conv_partial_fast_q15.c **** 	  a = *px;
1193:Drivers/CMSIS/DSP/Source/FilteringFunctions/arm_conv_partial_fast_q15.c **** 	  b = *(px + 1);
1194:Drivers/CMSIS/DSP/Source/FilteringFunctions/arm_conv_partial_fast_q15.c **** 
1195:Drivers/CMSIS/DSP/Source/FilteringFunctions/arm_conv_partial_fast_q15.c **** #ifndef ARM_MATH_BIG_ENDIAN
1196:Drivers/CMSIS/DSP/Source/FilteringFunctions/arm_conv_partial_fast_q15.c **** 
1197:Drivers/CMSIS/DSP/Source/FilteringFunctions/arm_conv_partial_fast_q15.c **** 	  x3 = __PKHBT(a, b, 16);
1198:Drivers/CMSIS/DSP/Source/FilteringFunctions/arm_conv_partial_fast_q15.c **** 	  a = *(px + 2);
1199:Drivers/CMSIS/DSP/Source/FilteringFunctions/arm_conv_partial_fast_q15.c **** 	  x2 = __PKHBT(b, a, 16);
1200:Drivers/CMSIS/DSP/Source/FilteringFunctions/arm_conv_partial_fast_q15.c **** 
1201:Drivers/CMSIS/DSP/Source/FilteringFunctions/arm_conv_partial_fast_q15.c **** #else
1202:Drivers/CMSIS/DSP/Source/FilteringFunctions/arm_conv_partial_fast_q15.c **** 
1203:Drivers/CMSIS/DSP/Source/FilteringFunctions/arm_conv_partial_fast_q15.c **** 	  x3 = __PKHBT(b, a, 16);
1204:Drivers/CMSIS/DSP/Source/FilteringFunctions/arm_conv_partial_fast_q15.c **** 	  a = *(px + 2);
1205:Drivers/CMSIS/DSP/Source/FilteringFunctions/arm_conv_partial_fast_q15.c **** 	  x2 = __PKHBT(a, b, 16);
1206:Drivers/CMSIS/DSP/Source/FilteringFunctions/arm_conv_partial_fast_q15.c **** 
1207:Drivers/CMSIS/DSP/Source/FilteringFunctions/arm_conv_partial_fast_q15.c **** #endif	/*	#ifndef ARM_MATH_BIG_ENDIAN	   */
1208:Drivers/CMSIS/DSP/Source/FilteringFunctions/arm_conv_partial_fast_q15.c **** 
1209:Drivers/CMSIS/DSP/Source/FilteringFunctions/arm_conv_partial_fast_q15.c ****         /* Perform the multiply-accumulates */
1210:Drivers/CMSIS/DSP/Source/FilteringFunctions/arm_conv_partial_fast_q15.c ****         acc0 = __SMLADX(x0, c0, acc0);
1211:Drivers/CMSIS/DSP/Source/FilteringFunctions/arm_conv_partial_fast_q15.c ****         acc1 = __SMLADX(x1, c0, acc1);
1212:Drivers/CMSIS/DSP/Source/FilteringFunctions/arm_conv_partial_fast_q15.c ****         acc2 = __SMLADX(x3, c0, acc2);
1213:Drivers/CMSIS/DSP/Source/FilteringFunctions/arm_conv_partial_fast_q15.c ****         acc3 = __SMLADX(x2, c0, acc3);
1214:Drivers/CMSIS/DSP/Source/FilteringFunctions/arm_conv_partial_fast_q15.c **** 
1215:Drivers/CMSIS/DSP/Source/FilteringFunctions/arm_conv_partial_fast_q15.c ****         /* Read y[srcBLen - 7] */
1216:Drivers/CMSIS/DSP/Source/FilteringFunctions/arm_conv_partial_fast_q15.c **** 		c0 = *(py-1);
1217:Drivers/CMSIS/DSP/Source/FilteringFunctions/arm_conv_partial_fast_q15.c **** #ifdef  ARM_MATH_BIG_ENDIAN
1218:Drivers/CMSIS/DSP/Source/FilteringFunctions/arm_conv_partial_fast_q15.c **** 
1219:Drivers/CMSIS/DSP/Source/FilteringFunctions/arm_conv_partial_fast_q15.c ****         c0 = c0 << 16U;
1220:Drivers/CMSIS/DSP/Source/FilteringFunctions/arm_conv_partial_fast_q15.c **** #else
1221:Drivers/CMSIS/DSP/Source/FilteringFunctions/arm_conv_partial_fast_q15.c **** 
1222:Drivers/CMSIS/DSP/Source/FilteringFunctions/arm_conv_partial_fast_q15.c ****         c0 = c0 & 0x0000FFFF;
1223:Drivers/CMSIS/DSP/Source/FilteringFunctions/arm_conv_partial_fast_q15.c **** #endif /*      #ifdef  ARM_MATH_BIG_ENDIAN     */
1224:Drivers/CMSIS/DSP/Source/FilteringFunctions/arm_conv_partial_fast_q15.c **** 
ARM GAS  C:\Users\Lamp\AppData\Local\Temp\ccxPEMG8.s 			page 74


1225:Drivers/CMSIS/DSP/Source/FilteringFunctions/arm_conv_partial_fast_q15.c ****         /* Read x[10] */
1226:Drivers/CMSIS/DSP/Source/FilteringFunctions/arm_conv_partial_fast_q15.c **** 		a = *(px+2);
1227:Drivers/CMSIS/DSP/Source/FilteringFunctions/arm_conv_partial_fast_q15.c **** 		b = *(px+3);
1228:Drivers/CMSIS/DSP/Source/FilteringFunctions/arm_conv_partial_fast_q15.c **** 
1229:Drivers/CMSIS/DSP/Source/FilteringFunctions/arm_conv_partial_fast_q15.c **** #ifndef ARM_MATH_BIG_ENDIAN
1230:Drivers/CMSIS/DSP/Source/FilteringFunctions/arm_conv_partial_fast_q15.c **** 
1231:Drivers/CMSIS/DSP/Source/FilteringFunctions/arm_conv_partial_fast_q15.c **** 		x3 = __PKHBT(a, b, 16);
1232:Drivers/CMSIS/DSP/Source/FilteringFunctions/arm_conv_partial_fast_q15.c **** 
1233:Drivers/CMSIS/DSP/Source/FilteringFunctions/arm_conv_partial_fast_q15.c **** #else
1234:Drivers/CMSIS/DSP/Source/FilteringFunctions/arm_conv_partial_fast_q15.c **** 
1235:Drivers/CMSIS/DSP/Source/FilteringFunctions/arm_conv_partial_fast_q15.c ****  		x3 = __PKHBT(b, a, 16);;
1236:Drivers/CMSIS/DSP/Source/FilteringFunctions/arm_conv_partial_fast_q15.c **** 
1237:Drivers/CMSIS/DSP/Source/FilteringFunctions/arm_conv_partial_fast_q15.c **** #endif	/*	#ifndef ARM_MATH_BIG_ENDIAN	*/
1238:Drivers/CMSIS/DSP/Source/FilteringFunctions/arm_conv_partial_fast_q15.c **** 
1239:Drivers/CMSIS/DSP/Source/FilteringFunctions/arm_conv_partial_fast_q15.c **** 		px += 3U;
1240:Drivers/CMSIS/DSP/Source/FilteringFunctions/arm_conv_partial_fast_q15.c **** 
1241:Drivers/CMSIS/DSP/Source/FilteringFunctions/arm_conv_partial_fast_q15.c ****         /* Perform the multiply-accumulates */
1242:Drivers/CMSIS/DSP/Source/FilteringFunctions/arm_conv_partial_fast_q15.c ****         acc0 = __SMLADX(x1, c0, acc0);
1243:Drivers/CMSIS/DSP/Source/FilteringFunctions/arm_conv_partial_fast_q15.c ****         acc1 = __SMLAD(x2, c0, acc1);
1244:Drivers/CMSIS/DSP/Source/FilteringFunctions/arm_conv_partial_fast_q15.c ****         acc2 = __SMLADX(x2, c0, acc2);
1245:Drivers/CMSIS/DSP/Source/FilteringFunctions/arm_conv_partial_fast_q15.c ****         acc3 = __SMLADX(x3, c0, acc3);
1246:Drivers/CMSIS/DSP/Source/FilteringFunctions/arm_conv_partial_fast_q15.c ****       }
1247:Drivers/CMSIS/DSP/Source/FilteringFunctions/arm_conv_partial_fast_q15.c **** 
1248:Drivers/CMSIS/DSP/Source/FilteringFunctions/arm_conv_partial_fast_q15.c ****       /* Store the results in the accumulators in the destination buffer. */
1249:Drivers/CMSIS/DSP/Source/FilteringFunctions/arm_conv_partial_fast_q15.c **** 	  *pOut++ = (q15_t)(acc0 >> 15);
1250:Drivers/CMSIS/DSP/Source/FilteringFunctions/arm_conv_partial_fast_q15.c **** 	  *pOut++ = (q15_t)(acc1 >> 15);
1251:Drivers/CMSIS/DSP/Source/FilteringFunctions/arm_conv_partial_fast_q15.c **** 	  *pOut++ = (q15_t)(acc2 >> 15);
1252:Drivers/CMSIS/DSP/Source/FilteringFunctions/arm_conv_partial_fast_q15.c **** 	  *pOut++ = (q15_t)(acc3 >> 15);
1253:Drivers/CMSIS/DSP/Source/FilteringFunctions/arm_conv_partial_fast_q15.c **** 
1254:Drivers/CMSIS/DSP/Source/FilteringFunctions/arm_conv_partial_fast_q15.c ****         /* Increment the pointer pIn1 index, count by 4 */
1255:Drivers/CMSIS/DSP/Source/FilteringFunctions/arm_conv_partial_fast_q15.c ****         count += 4U;
1256:Drivers/CMSIS/DSP/Source/FilteringFunctions/arm_conv_partial_fast_q15.c **** 
1257:Drivers/CMSIS/DSP/Source/FilteringFunctions/arm_conv_partial_fast_q15.c ****         /* Update the inputA and inputB pointers for next MAC calculation */
1258:Drivers/CMSIS/DSP/Source/FilteringFunctions/arm_conv_partial_fast_q15.c ****         px = pIn1 + count;
1259:Drivers/CMSIS/DSP/Source/FilteringFunctions/arm_conv_partial_fast_q15.c ****         py = pSrc2;
1260:Drivers/CMSIS/DSP/Source/FilteringFunctions/arm_conv_partial_fast_q15.c **** 
1261:Drivers/CMSIS/DSP/Source/FilteringFunctions/arm_conv_partial_fast_q15.c ****         /* Decrement the loop counter */
1262:Drivers/CMSIS/DSP/Source/FilteringFunctions/arm_conv_partial_fast_q15.c ****         blkCnt--;
1263:Drivers/CMSIS/DSP/Source/FilteringFunctions/arm_conv_partial_fast_q15.c ****       }
1264:Drivers/CMSIS/DSP/Source/FilteringFunctions/arm_conv_partial_fast_q15.c **** 
1265:Drivers/CMSIS/DSP/Source/FilteringFunctions/arm_conv_partial_fast_q15.c ****       /* If the blockSize2 is not a multiple of 4, compute any remaining output samples here.
1266:Drivers/CMSIS/DSP/Source/FilteringFunctions/arm_conv_partial_fast_q15.c ****        ** No loop unrolling is used. */
1267:Drivers/CMSIS/DSP/Source/FilteringFunctions/arm_conv_partial_fast_q15.c ****       blkCnt = (uint32_t) blockSize2 % 0x4U;
1268:Drivers/CMSIS/DSP/Source/FilteringFunctions/arm_conv_partial_fast_q15.c **** 
1269:Drivers/CMSIS/DSP/Source/FilteringFunctions/arm_conv_partial_fast_q15.c ****       while (blkCnt > 0U)
1270:Drivers/CMSIS/DSP/Source/FilteringFunctions/arm_conv_partial_fast_q15.c ****       {
1271:Drivers/CMSIS/DSP/Source/FilteringFunctions/arm_conv_partial_fast_q15.c ****         /* Accumulator is made zero for every iteration */
1272:Drivers/CMSIS/DSP/Source/FilteringFunctions/arm_conv_partial_fast_q15.c ****         sum = 0;
1273:Drivers/CMSIS/DSP/Source/FilteringFunctions/arm_conv_partial_fast_q15.c **** 
1274:Drivers/CMSIS/DSP/Source/FilteringFunctions/arm_conv_partial_fast_q15.c ****         /* Apply loop unrolling and compute 4 MACs simultaneously. */
1275:Drivers/CMSIS/DSP/Source/FilteringFunctions/arm_conv_partial_fast_q15.c ****         k = srcBLen >> 2U;
1276:Drivers/CMSIS/DSP/Source/FilteringFunctions/arm_conv_partial_fast_q15.c **** 
1277:Drivers/CMSIS/DSP/Source/FilteringFunctions/arm_conv_partial_fast_q15.c ****         /* First part of the processing with loop unrolling.  Compute 4 MACs at a time.
1278:Drivers/CMSIS/DSP/Source/FilteringFunctions/arm_conv_partial_fast_q15.c ****          ** a second loop below computes MACs for the remaining 1 to 3 samples. */
1279:Drivers/CMSIS/DSP/Source/FilteringFunctions/arm_conv_partial_fast_q15.c ****         while (k > 0U)
1280:Drivers/CMSIS/DSP/Source/FilteringFunctions/arm_conv_partial_fast_q15.c ****         {
1281:Drivers/CMSIS/DSP/Source/FilteringFunctions/arm_conv_partial_fast_q15.c ****           /* Perform the multiply-accumulates */
ARM GAS  C:\Users\Lamp\AppData\Local\Temp\ccxPEMG8.s 			page 75


1282:Drivers/CMSIS/DSP/Source/FilteringFunctions/arm_conv_partial_fast_q15.c ****           sum += ((q31_t) * px++ * *py--);
1283:Drivers/CMSIS/DSP/Source/FilteringFunctions/arm_conv_partial_fast_q15.c ****           sum += ((q31_t) * px++ * *py--);
1284:Drivers/CMSIS/DSP/Source/FilteringFunctions/arm_conv_partial_fast_q15.c ****           sum += ((q31_t) * px++ * *py--);
1285:Drivers/CMSIS/DSP/Source/FilteringFunctions/arm_conv_partial_fast_q15.c ****           sum += ((q31_t) * px++ * *py--);
1286:Drivers/CMSIS/DSP/Source/FilteringFunctions/arm_conv_partial_fast_q15.c **** 
1287:Drivers/CMSIS/DSP/Source/FilteringFunctions/arm_conv_partial_fast_q15.c ****           /* Decrement the loop counter */
1288:Drivers/CMSIS/DSP/Source/FilteringFunctions/arm_conv_partial_fast_q15.c ****           k--;
1289:Drivers/CMSIS/DSP/Source/FilteringFunctions/arm_conv_partial_fast_q15.c ****         }
1290:Drivers/CMSIS/DSP/Source/FilteringFunctions/arm_conv_partial_fast_q15.c **** 
1291:Drivers/CMSIS/DSP/Source/FilteringFunctions/arm_conv_partial_fast_q15.c ****         /* If the srcBLen is not a multiple of 4, compute any remaining MACs here.
1292:Drivers/CMSIS/DSP/Source/FilteringFunctions/arm_conv_partial_fast_q15.c ****          ** No loop unrolling is used. */
1293:Drivers/CMSIS/DSP/Source/FilteringFunctions/arm_conv_partial_fast_q15.c ****         k = srcBLen % 0x4U;
1294:Drivers/CMSIS/DSP/Source/FilteringFunctions/arm_conv_partial_fast_q15.c **** 
1295:Drivers/CMSIS/DSP/Source/FilteringFunctions/arm_conv_partial_fast_q15.c ****         while (k > 0U)
1296:Drivers/CMSIS/DSP/Source/FilteringFunctions/arm_conv_partial_fast_q15.c ****         {
1297:Drivers/CMSIS/DSP/Source/FilteringFunctions/arm_conv_partial_fast_q15.c ****           /* Perform the multiply-accumulates */
1298:Drivers/CMSIS/DSP/Source/FilteringFunctions/arm_conv_partial_fast_q15.c ****           sum += ((q31_t) * px++ * *py--);
1299:Drivers/CMSIS/DSP/Source/FilteringFunctions/arm_conv_partial_fast_q15.c **** 
1300:Drivers/CMSIS/DSP/Source/FilteringFunctions/arm_conv_partial_fast_q15.c ****           /* Decrement the loop counter */
1301:Drivers/CMSIS/DSP/Source/FilteringFunctions/arm_conv_partial_fast_q15.c ****           k--;
1302:Drivers/CMSIS/DSP/Source/FilteringFunctions/arm_conv_partial_fast_q15.c ****         }
1303:Drivers/CMSIS/DSP/Source/FilteringFunctions/arm_conv_partial_fast_q15.c **** 
1304:Drivers/CMSIS/DSP/Source/FilteringFunctions/arm_conv_partial_fast_q15.c ****         /* Store the result in the accumulator in the destination buffer. */
1305:Drivers/CMSIS/DSP/Source/FilteringFunctions/arm_conv_partial_fast_q15.c ****         *pOut++ = (q15_t) (sum >> 15);
1306:Drivers/CMSIS/DSP/Source/FilteringFunctions/arm_conv_partial_fast_q15.c **** 
1307:Drivers/CMSIS/DSP/Source/FilteringFunctions/arm_conv_partial_fast_q15.c ****         /* Increment the pointer pIn1 index, count by 1 */
1308:Drivers/CMSIS/DSP/Source/FilteringFunctions/arm_conv_partial_fast_q15.c ****         count++;
1309:Drivers/CMSIS/DSP/Source/FilteringFunctions/arm_conv_partial_fast_q15.c **** 
1310:Drivers/CMSIS/DSP/Source/FilteringFunctions/arm_conv_partial_fast_q15.c ****         /* Update the inputA and inputB pointers for next MAC calculation */
1311:Drivers/CMSIS/DSP/Source/FilteringFunctions/arm_conv_partial_fast_q15.c ****         px = pIn1 + count;
1312:Drivers/CMSIS/DSP/Source/FilteringFunctions/arm_conv_partial_fast_q15.c ****         py = pSrc2;
1313:Drivers/CMSIS/DSP/Source/FilteringFunctions/arm_conv_partial_fast_q15.c **** 
1314:Drivers/CMSIS/DSP/Source/FilteringFunctions/arm_conv_partial_fast_q15.c ****         /* Decrement the loop counter */
1315:Drivers/CMSIS/DSP/Source/FilteringFunctions/arm_conv_partial_fast_q15.c ****         blkCnt--;
1316:Drivers/CMSIS/DSP/Source/FilteringFunctions/arm_conv_partial_fast_q15.c ****       }
1317:Drivers/CMSIS/DSP/Source/FilteringFunctions/arm_conv_partial_fast_q15.c ****     }
1318:Drivers/CMSIS/DSP/Source/FilteringFunctions/arm_conv_partial_fast_q15.c ****     else
1319:Drivers/CMSIS/DSP/Source/FilteringFunctions/arm_conv_partial_fast_q15.c ****     {
1320:Drivers/CMSIS/DSP/Source/FilteringFunctions/arm_conv_partial_fast_q15.c ****       /* If the srcBLen is not a multiple of 4,
1321:Drivers/CMSIS/DSP/Source/FilteringFunctions/arm_conv_partial_fast_q15.c ****        * the blockSize2 loop cannot be unrolled by 4 */
1322:Drivers/CMSIS/DSP/Source/FilteringFunctions/arm_conv_partial_fast_q15.c ****       blkCnt = (uint32_t) blockSize2;
1323:Drivers/CMSIS/DSP/Source/FilteringFunctions/arm_conv_partial_fast_q15.c **** 
1324:Drivers/CMSIS/DSP/Source/FilteringFunctions/arm_conv_partial_fast_q15.c ****       while (blkCnt > 0U)
1325:Drivers/CMSIS/DSP/Source/FilteringFunctions/arm_conv_partial_fast_q15.c ****       {
1326:Drivers/CMSIS/DSP/Source/FilteringFunctions/arm_conv_partial_fast_q15.c ****         /* Accumulator is made zero for every iteration */
1327:Drivers/CMSIS/DSP/Source/FilteringFunctions/arm_conv_partial_fast_q15.c ****         sum = 0;
1328:Drivers/CMSIS/DSP/Source/FilteringFunctions/arm_conv_partial_fast_q15.c **** 
1329:Drivers/CMSIS/DSP/Source/FilteringFunctions/arm_conv_partial_fast_q15.c ****         /* srcBLen number of MACS should be performed */
1330:Drivers/CMSIS/DSP/Source/FilteringFunctions/arm_conv_partial_fast_q15.c ****         k = srcBLen;
1331:Drivers/CMSIS/DSP/Source/FilteringFunctions/arm_conv_partial_fast_q15.c **** 
1332:Drivers/CMSIS/DSP/Source/FilteringFunctions/arm_conv_partial_fast_q15.c ****         while (k > 0U)
1333:Drivers/CMSIS/DSP/Source/FilteringFunctions/arm_conv_partial_fast_q15.c ****         {
1334:Drivers/CMSIS/DSP/Source/FilteringFunctions/arm_conv_partial_fast_q15.c ****           /* Perform the multiply-accumulate */
1335:Drivers/CMSIS/DSP/Source/FilteringFunctions/arm_conv_partial_fast_q15.c ****           sum += ((q31_t) * px++ * *py--);
1336:Drivers/CMSIS/DSP/Source/FilteringFunctions/arm_conv_partial_fast_q15.c **** 
1337:Drivers/CMSIS/DSP/Source/FilteringFunctions/arm_conv_partial_fast_q15.c ****           /* Decrement the loop counter */
1338:Drivers/CMSIS/DSP/Source/FilteringFunctions/arm_conv_partial_fast_q15.c ****           k--;
ARM GAS  C:\Users\Lamp\AppData\Local\Temp\ccxPEMG8.s 			page 76


1339:Drivers/CMSIS/DSP/Source/FilteringFunctions/arm_conv_partial_fast_q15.c ****         }
1340:Drivers/CMSIS/DSP/Source/FilteringFunctions/arm_conv_partial_fast_q15.c **** 
1341:Drivers/CMSIS/DSP/Source/FilteringFunctions/arm_conv_partial_fast_q15.c ****         /* Store the result in the accumulator in the destination buffer. */
1342:Drivers/CMSIS/DSP/Source/FilteringFunctions/arm_conv_partial_fast_q15.c ****         *pOut++ = (q15_t) (sum >> 15);
1343:Drivers/CMSIS/DSP/Source/FilteringFunctions/arm_conv_partial_fast_q15.c **** 
1344:Drivers/CMSIS/DSP/Source/FilteringFunctions/arm_conv_partial_fast_q15.c ****         /* Increment the MAC count */
1345:Drivers/CMSIS/DSP/Source/FilteringFunctions/arm_conv_partial_fast_q15.c ****         count++;
1346:Drivers/CMSIS/DSP/Source/FilteringFunctions/arm_conv_partial_fast_q15.c **** 
1347:Drivers/CMSIS/DSP/Source/FilteringFunctions/arm_conv_partial_fast_q15.c ****         /* Update the inputA and inputB pointers for next MAC calculation */
1348:Drivers/CMSIS/DSP/Source/FilteringFunctions/arm_conv_partial_fast_q15.c ****         px = pIn1 + count;
1349:Drivers/CMSIS/DSP/Source/FilteringFunctions/arm_conv_partial_fast_q15.c ****         py = pSrc2;
1350:Drivers/CMSIS/DSP/Source/FilteringFunctions/arm_conv_partial_fast_q15.c **** 
1351:Drivers/CMSIS/DSP/Source/FilteringFunctions/arm_conv_partial_fast_q15.c ****         /* Decrement the loop counter */
1352:Drivers/CMSIS/DSP/Source/FilteringFunctions/arm_conv_partial_fast_q15.c ****         blkCnt--;
1353:Drivers/CMSIS/DSP/Source/FilteringFunctions/arm_conv_partial_fast_q15.c ****       }
1354:Drivers/CMSIS/DSP/Source/FilteringFunctions/arm_conv_partial_fast_q15.c ****     }
1355:Drivers/CMSIS/DSP/Source/FilteringFunctions/arm_conv_partial_fast_q15.c **** 
1356:Drivers/CMSIS/DSP/Source/FilteringFunctions/arm_conv_partial_fast_q15.c **** 
1357:Drivers/CMSIS/DSP/Source/FilteringFunctions/arm_conv_partial_fast_q15.c ****     /* --------------------------
1358:Drivers/CMSIS/DSP/Source/FilteringFunctions/arm_conv_partial_fast_q15.c ****      * Initializations of stage3
1359:Drivers/CMSIS/DSP/Source/FilteringFunctions/arm_conv_partial_fast_q15.c ****      * -------------------------*/
1360:Drivers/CMSIS/DSP/Source/FilteringFunctions/arm_conv_partial_fast_q15.c **** 
1361:Drivers/CMSIS/DSP/Source/FilteringFunctions/arm_conv_partial_fast_q15.c ****     /* sum += x[srcALen-srcBLen+1] * y[srcBLen-1] + x[srcALen-srcBLen+2] * y[srcBLen-2] +...+ x[src
1362:Drivers/CMSIS/DSP/Source/FilteringFunctions/arm_conv_partial_fast_q15.c ****      * sum += x[srcALen-srcBLen+2] * y[srcBLen-1] + x[srcALen-srcBLen+3] * y[srcBLen-2] +...+ x[src
1363:Drivers/CMSIS/DSP/Source/FilteringFunctions/arm_conv_partial_fast_q15.c ****      * ....
1364:Drivers/CMSIS/DSP/Source/FilteringFunctions/arm_conv_partial_fast_q15.c ****      * sum +=  x[srcALen-2] * y[srcBLen-1] + x[srcALen-1] * y[srcBLen-2]
1365:Drivers/CMSIS/DSP/Source/FilteringFunctions/arm_conv_partial_fast_q15.c ****      * sum +=  x[srcALen-1] * y[srcBLen-1]
1366:Drivers/CMSIS/DSP/Source/FilteringFunctions/arm_conv_partial_fast_q15.c ****      */
1367:Drivers/CMSIS/DSP/Source/FilteringFunctions/arm_conv_partial_fast_q15.c **** 
1368:Drivers/CMSIS/DSP/Source/FilteringFunctions/arm_conv_partial_fast_q15.c ****     /* In this stage the MAC operations are decreased by 1 for every iteration.
1369:Drivers/CMSIS/DSP/Source/FilteringFunctions/arm_conv_partial_fast_q15.c ****        The count variable holds the number of MAC operations performed */
1370:Drivers/CMSIS/DSP/Source/FilteringFunctions/arm_conv_partial_fast_q15.c ****     count = srcBLen - 1U;
1371:Drivers/CMSIS/DSP/Source/FilteringFunctions/arm_conv_partial_fast_q15.c **** 
1372:Drivers/CMSIS/DSP/Source/FilteringFunctions/arm_conv_partial_fast_q15.c ****     /* Working pointer of inputA */
1373:Drivers/CMSIS/DSP/Source/FilteringFunctions/arm_conv_partial_fast_q15.c ****     pSrc1 = (pIn1 + srcALen) - (srcBLen - 1U);
1374:Drivers/CMSIS/DSP/Source/FilteringFunctions/arm_conv_partial_fast_q15.c ****     px = pSrc1;
1375:Drivers/CMSIS/DSP/Source/FilteringFunctions/arm_conv_partial_fast_q15.c **** 
1376:Drivers/CMSIS/DSP/Source/FilteringFunctions/arm_conv_partial_fast_q15.c ****     /* Working pointer of inputB */
1377:Drivers/CMSIS/DSP/Source/FilteringFunctions/arm_conv_partial_fast_q15.c ****     pSrc2 = pIn2 + (srcBLen - 1U);
1378:Drivers/CMSIS/DSP/Source/FilteringFunctions/arm_conv_partial_fast_q15.c ****     pIn2 = pSrc2 - 1U;
1379:Drivers/CMSIS/DSP/Source/FilteringFunctions/arm_conv_partial_fast_q15.c ****     py = pIn2;
1380:Drivers/CMSIS/DSP/Source/FilteringFunctions/arm_conv_partial_fast_q15.c **** 
1381:Drivers/CMSIS/DSP/Source/FilteringFunctions/arm_conv_partial_fast_q15.c ****     /* -------------------
1382:Drivers/CMSIS/DSP/Source/FilteringFunctions/arm_conv_partial_fast_q15.c ****      * Stage3 process
1383:Drivers/CMSIS/DSP/Source/FilteringFunctions/arm_conv_partial_fast_q15.c ****      * ------------------*/
1384:Drivers/CMSIS/DSP/Source/FilteringFunctions/arm_conv_partial_fast_q15.c **** 
1385:Drivers/CMSIS/DSP/Source/FilteringFunctions/arm_conv_partial_fast_q15.c ****     /* For loop unrolling by 4, this stage is divided into two. */
1386:Drivers/CMSIS/DSP/Source/FilteringFunctions/arm_conv_partial_fast_q15.c ****     /* First part of this stage computes the MAC operations greater than 4 */
1387:Drivers/CMSIS/DSP/Source/FilteringFunctions/arm_conv_partial_fast_q15.c ****     /* Second part of this stage computes the MAC operations less than or equal to 4 */
1388:Drivers/CMSIS/DSP/Source/FilteringFunctions/arm_conv_partial_fast_q15.c **** 
1389:Drivers/CMSIS/DSP/Source/FilteringFunctions/arm_conv_partial_fast_q15.c ****     /* The first part of the stage starts here */
1390:Drivers/CMSIS/DSP/Source/FilteringFunctions/arm_conv_partial_fast_q15.c ****     j = count >> 2U;
1391:Drivers/CMSIS/DSP/Source/FilteringFunctions/arm_conv_partial_fast_q15.c **** 
1392:Drivers/CMSIS/DSP/Source/FilteringFunctions/arm_conv_partial_fast_q15.c ****     while ((j > 0U) && (blockSize3 > 0))
1393:Drivers/CMSIS/DSP/Source/FilteringFunctions/arm_conv_partial_fast_q15.c ****     {
1394:Drivers/CMSIS/DSP/Source/FilteringFunctions/arm_conv_partial_fast_q15.c ****       /* Accumulator is made zero for every iteration */
1395:Drivers/CMSIS/DSP/Source/FilteringFunctions/arm_conv_partial_fast_q15.c ****       sum = 0;
ARM GAS  C:\Users\Lamp\AppData\Local\Temp\ccxPEMG8.s 			page 77


1396:Drivers/CMSIS/DSP/Source/FilteringFunctions/arm_conv_partial_fast_q15.c **** 
1397:Drivers/CMSIS/DSP/Source/FilteringFunctions/arm_conv_partial_fast_q15.c ****       /* Apply loop unrolling and compute 4 MACs simultaneously. */
1398:Drivers/CMSIS/DSP/Source/FilteringFunctions/arm_conv_partial_fast_q15.c ****       k = count >> 2U;
1399:Drivers/CMSIS/DSP/Source/FilteringFunctions/arm_conv_partial_fast_q15.c **** 
1400:Drivers/CMSIS/DSP/Source/FilteringFunctions/arm_conv_partial_fast_q15.c ****       /* First part of the processing with loop unrolling.  Compute 4 MACs at a time.
1401:Drivers/CMSIS/DSP/Source/FilteringFunctions/arm_conv_partial_fast_q15.c ****        ** a second loop below computes MACs for the remaining 1 to 3 samples. */
1402:Drivers/CMSIS/DSP/Source/FilteringFunctions/arm_conv_partial_fast_q15.c **** 	py++;
1403:Drivers/CMSIS/DSP/Source/FilteringFunctions/arm_conv_partial_fast_q15.c **** 
1404:Drivers/CMSIS/DSP/Source/FilteringFunctions/arm_conv_partial_fast_q15.c ****     while (k > 0U)
1405:Drivers/CMSIS/DSP/Source/FilteringFunctions/arm_conv_partial_fast_q15.c ****     {
1406:Drivers/CMSIS/DSP/Source/FilteringFunctions/arm_conv_partial_fast_q15.c ****       /* Perform the multiply-accumulates */
1407:Drivers/CMSIS/DSP/Source/FilteringFunctions/arm_conv_partial_fast_q15.c ****         sum += ((q31_t) * px++ * *py--);
1408:Drivers/CMSIS/DSP/Source/FilteringFunctions/arm_conv_partial_fast_q15.c ****         sum += ((q31_t) * px++ * *py--);
1409:Drivers/CMSIS/DSP/Source/FilteringFunctions/arm_conv_partial_fast_q15.c ****         sum += ((q31_t) * px++ * *py--);
1410:Drivers/CMSIS/DSP/Source/FilteringFunctions/arm_conv_partial_fast_q15.c ****         sum += ((q31_t) * px++ * *py--);
1411:Drivers/CMSIS/DSP/Source/FilteringFunctions/arm_conv_partial_fast_q15.c ****       /* Decrement the loop counter */
1412:Drivers/CMSIS/DSP/Source/FilteringFunctions/arm_conv_partial_fast_q15.c ****       k--;
1413:Drivers/CMSIS/DSP/Source/FilteringFunctions/arm_conv_partial_fast_q15.c ****     }
1414:Drivers/CMSIS/DSP/Source/FilteringFunctions/arm_conv_partial_fast_q15.c **** 
1415:Drivers/CMSIS/DSP/Source/FilteringFunctions/arm_conv_partial_fast_q15.c **** 
1416:Drivers/CMSIS/DSP/Source/FilteringFunctions/arm_conv_partial_fast_q15.c ****       /* If the count is not a multiple of 4, compute any remaining MACs here.
1417:Drivers/CMSIS/DSP/Source/FilteringFunctions/arm_conv_partial_fast_q15.c ****        ** No loop unrolling is used. */
1418:Drivers/CMSIS/DSP/Source/FilteringFunctions/arm_conv_partial_fast_q15.c ****       k = count % 0x4U;
1419:Drivers/CMSIS/DSP/Source/FilteringFunctions/arm_conv_partial_fast_q15.c **** 
1420:Drivers/CMSIS/DSP/Source/FilteringFunctions/arm_conv_partial_fast_q15.c ****       while (k > 0U)
1421:Drivers/CMSIS/DSP/Source/FilteringFunctions/arm_conv_partial_fast_q15.c ****       {
1422:Drivers/CMSIS/DSP/Source/FilteringFunctions/arm_conv_partial_fast_q15.c ****       /* Perform the multiply-accumulates */
1423:Drivers/CMSIS/DSP/Source/FilteringFunctions/arm_conv_partial_fast_q15.c ****         sum += ((q31_t) * px++ * *py--);
1424:Drivers/CMSIS/DSP/Source/FilteringFunctions/arm_conv_partial_fast_q15.c **** 
1425:Drivers/CMSIS/DSP/Source/FilteringFunctions/arm_conv_partial_fast_q15.c ****         /* Decrement the loop counter */
1426:Drivers/CMSIS/DSP/Source/FilteringFunctions/arm_conv_partial_fast_q15.c ****         k--;
1427:Drivers/CMSIS/DSP/Source/FilteringFunctions/arm_conv_partial_fast_q15.c ****       }
1428:Drivers/CMSIS/DSP/Source/FilteringFunctions/arm_conv_partial_fast_q15.c **** 
1429:Drivers/CMSIS/DSP/Source/FilteringFunctions/arm_conv_partial_fast_q15.c ****       /* Store the result in the accumulator in the destination buffer. */
1430:Drivers/CMSIS/DSP/Source/FilteringFunctions/arm_conv_partial_fast_q15.c ****       *pOut++ = (q15_t) (sum >> 15);
1431:Drivers/CMSIS/DSP/Source/FilteringFunctions/arm_conv_partial_fast_q15.c **** 
1432:Drivers/CMSIS/DSP/Source/FilteringFunctions/arm_conv_partial_fast_q15.c ****       /* Update the inputA and inputB pointers for next MAC calculation */
1433:Drivers/CMSIS/DSP/Source/FilteringFunctions/arm_conv_partial_fast_q15.c ****       px = ++pSrc1;
1434:Drivers/CMSIS/DSP/Source/FilteringFunctions/arm_conv_partial_fast_q15.c ****       py = pIn2;
1435:Drivers/CMSIS/DSP/Source/FilteringFunctions/arm_conv_partial_fast_q15.c **** 
1436:Drivers/CMSIS/DSP/Source/FilteringFunctions/arm_conv_partial_fast_q15.c ****       /* Decrement the MAC count */
1437:Drivers/CMSIS/DSP/Source/FilteringFunctions/arm_conv_partial_fast_q15.c ****       count--;
1438:Drivers/CMSIS/DSP/Source/FilteringFunctions/arm_conv_partial_fast_q15.c **** 
1439:Drivers/CMSIS/DSP/Source/FilteringFunctions/arm_conv_partial_fast_q15.c ****       /* Decrement the loop counter */
1440:Drivers/CMSIS/DSP/Source/FilteringFunctions/arm_conv_partial_fast_q15.c ****       blockSize3--;
1441:Drivers/CMSIS/DSP/Source/FilteringFunctions/arm_conv_partial_fast_q15.c **** 
1442:Drivers/CMSIS/DSP/Source/FilteringFunctions/arm_conv_partial_fast_q15.c ****       j--;
1443:Drivers/CMSIS/DSP/Source/FilteringFunctions/arm_conv_partial_fast_q15.c ****     }
1444:Drivers/CMSIS/DSP/Source/FilteringFunctions/arm_conv_partial_fast_q15.c **** 
1445:Drivers/CMSIS/DSP/Source/FilteringFunctions/arm_conv_partial_fast_q15.c ****     /* The second part of the stage starts here */
1446:Drivers/CMSIS/DSP/Source/FilteringFunctions/arm_conv_partial_fast_q15.c ****     /* SIMD is not used for the next MAC operations,
1447:Drivers/CMSIS/DSP/Source/FilteringFunctions/arm_conv_partial_fast_q15.c ****      * so pointer py is updated to read only one sample at a time */
1448:Drivers/CMSIS/DSP/Source/FilteringFunctions/arm_conv_partial_fast_q15.c ****     py = py + 1U;
1449:Drivers/CMSIS/DSP/Source/FilteringFunctions/arm_conv_partial_fast_q15.c **** 
1450:Drivers/CMSIS/DSP/Source/FilteringFunctions/arm_conv_partial_fast_q15.c ****   while (blockSize3 > 0)
1451:Drivers/CMSIS/DSP/Source/FilteringFunctions/arm_conv_partial_fast_q15.c ****     {
1452:Drivers/CMSIS/DSP/Source/FilteringFunctions/arm_conv_partial_fast_q15.c ****       /* Accumulator is made zero for every iteration */
ARM GAS  C:\Users\Lamp\AppData\Local\Temp\ccxPEMG8.s 			page 78


1453:Drivers/CMSIS/DSP/Source/FilteringFunctions/arm_conv_partial_fast_q15.c ****       sum = 0;
1454:Drivers/CMSIS/DSP/Source/FilteringFunctions/arm_conv_partial_fast_q15.c **** 
1455:Drivers/CMSIS/DSP/Source/FilteringFunctions/arm_conv_partial_fast_q15.c ****       /* Apply loop unrolling and compute 4 MACs simultaneously. */
1456:Drivers/CMSIS/DSP/Source/FilteringFunctions/arm_conv_partial_fast_q15.c ****       k = count;
1457:Drivers/CMSIS/DSP/Source/FilteringFunctions/arm_conv_partial_fast_q15.c **** 
1458:Drivers/CMSIS/DSP/Source/FilteringFunctions/arm_conv_partial_fast_q15.c ****       while (k > 0U)
1459:Drivers/CMSIS/DSP/Source/FilteringFunctions/arm_conv_partial_fast_q15.c ****       {
1460:Drivers/CMSIS/DSP/Source/FilteringFunctions/arm_conv_partial_fast_q15.c ****         /* Perform the multiply-accumulates */
1461:Drivers/CMSIS/DSP/Source/FilteringFunctions/arm_conv_partial_fast_q15.c ****         /* sum +=  x[srcALen-1] * y[srcBLen-1] */
1462:Drivers/CMSIS/DSP/Source/FilteringFunctions/arm_conv_partial_fast_q15.c ****         sum += ((q31_t) * px++ * *py--);
1463:Drivers/CMSIS/DSP/Source/FilteringFunctions/arm_conv_partial_fast_q15.c **** 
1464:Drivers/CMSIS/DSP/Source/FilteringFunctions/arm_conv_partial_fast_q15.c ****         /* Decrement the loop counter */
1465:Drivers/CMSIS/DSP/Source/FilteringFunctions/arm_conv_partial_fast_q15.c ****         k--;
1466:Drivers/CMSIS/DSP/Source/FilteringFunctions/arm_conv_partial_fast_q15.c ****       }
1467:Drivers/CMSIS/DSP/Source/FilteringFunctions/arm_conv_partial_fast_q15.c **** 
1468:Drivers/CMSIS/DSP/Source/FilteringFunctions/arm_conv_partial_fast_q15.c ****       /* Store the result in the accumulator in the destination buffer. */
1469:Drivers/CMSIS/DSP/Source/FilteringFunctions/arm_conv_partial_fast_q15.c ****       *pOut++ = (q15_t) (sum >> 15);
1470:Drivers/CMSIS/DSP/Source/FilteringFunctions/arm_conv_partial_fast_q15.c **** 
1471:Drivers/CMSIS/DSP/Source/FilteringFunctions/arm_conv_partial_fast_q15.c ****       /* Update the inputA and inputB pointers for next MAC calculation */
1472:Drivers/CMSIS/DSP/Source/FilteringFunctions/arm_conv_partial_fast_q15.c ****       px = ++pSrc1;
1473:Drivers/CMSIS/DSP/Source/FilteringFunctions/arm_conv_partial_fast_q15.c ****       py = pSrc2;
1474:Drivers/CMSIS/DSP/Source/FilteringFunctions/arm_conv_partial_fast_q15.c **** 
1475:Drivers/CMSIS/DSP/Source/FilteringFunctions/arm_conv_partial_fast_q15.c ****       /* Decrement the MAC count */
1476:Drivers/CMSIS/DSP/Source/FilteringFunctions/arm_conv_partial_fast_q15.c ****       count--;
1477:Drivers/CMSIS/DSP/Source/FilteringFunctions/arm_conv_partial_fast_q15.c **** 
1478:Drivers/CMSIS/DSP/Source/FilteringFunctions/arm_conv_partial_fast_q15.c ****       /* Decrement the loop counter */
1479:Drivers/CMSIS/DSP/Source/FilteringFunctions/arm_conv_partial_fast_q15.c ****       blockSize3--;
1480:Drivers/CMSIS/DSP/Source/FilteringFunctions/arm_conv_partial_fast_q15.c ****     }
1481:Drivers/CMSIS/DSP/Source/FilteringFunctions/arm_conv_partial_fast_q15.c **** 
1482:Drivers/CMSIS/DSP/Source/FilteringFunctions/arm_conv_partial_fast_q15.c ****     /* set status as ARM_MATH_SUCCESS */
1483:Drivers/CMSIS/DSP/Source/FilteringFunctions/arm_conv_partial_fast_q15.c ****     status = ARM_MATH_SUCCESS;
1484:Drivers/CMSIS/DSP/Source/FilteringFunctions/arm_conv_partial_fast_q15.c ****   }
1485:Drivers/CMSIS/DSP/Source/FilteringFunctions/arm_conv_partial_fast_q15.c **** 
1486:Drivers/CMSIS/DSP/Source/FilteringFunctions/arm_conv_partial_fast_q15.c ****   /* Return to application */
1487:Drivers/CMSIS/DSP/Source/FilteringFunctions/arm_conv_partial_fast_q15.c ****   return (status);
1488:Drivers/CMSIS/DSP/Source/FilteringFunctions/arm_conv_partial_fast_q15.c **** 
1489:Drivers/CMSIS/DSP/Source/FilteringFunctions/arm_conv_partial_fast_q15.c **** #endif /*     #ifndef UNALIGNED_SUPPORT_DISABLE      */
1490:Drivers/CMSIS/DSP/Source/FilteringFunctions/arm_conv_partial_fast_q15.c **** }
 1747              		.loc 1 1490 1 is_stmt 0 view .LVU697
 1748 05e6 0FB0     		add	sp, sp, #60
 1749              	.LCFI2:
 1750              		.cfi_remember_state
 1751              		.cfi_def_cfa_offset 36
 1752              		@ sp needed
 1753 05e8 BDE8F08F 		pop	{r4, r5, r6, r7, r8, r9, r10, fp, pc}
 1754              	.LVL257:
 1755              	.L49:
 1756              	.LCFI3:
 1757              		.cfi_restore_state
  82:Drivers/CMSIS/DSP/Source/FilteringFunctions/arm_conv_partial_fast_q15.c ****   }
 1758              		.loc 1 82 12 view .LVU698
 1759 05ec 4FF0FF30 		mov	r0, #-1
 1760              	.LVL258:
  82:Drivers/CMSIS/DSP/Source/FilteringFunctions/arm_conv_partial_fast_q15.c ****   }
 1761              		.loc 1 82 12 view .LVU699
 1762 05f0 F9E7     		b	.L2
 1763              		.cfi_endproc
ARM GAS  C:\Users\Lamp\AppData\Local\Temp\ccxPEMG8.s 			page 79


 1764              	.LFE100:
 1766              		.text
 1767              	.Letext0:
 1768              		.file 3 "C:/ARM GNU Toolchain/arm-none-eabi/include/machine/_default_types.h"
 1769              		.file 4 "C:/ARM GNU Toolchain/arm-none-eabi/include/sys/_stdint.h"
ARM GAS  C:\Users\Lamp\AppData\Local\Temp\ccxPEMG8.s 			page 80


DEFINED SYMBOLS
                            *ABS*:00000000 arm_conv_partial_fast_q15.c
C:\Users\Lamp\AppData\Local\Temp\ccxPEMG8.s:19     .text.arm_conv_partial_fast_q15:00000000 $t
C:\Users\Lamp\AppData\Local\Temp\ccxPEMG8.s:25     .text.arm_conv_partial_fast_q15:00000000 arm_conv_partial_fast_q15

NO UNDEFINED SYMBOLS
