ARM GAS  C:\Users\Lamp\AppData\Local\Temp\ccj3X8ei.s 			page 1


   1              		.cpu cortex-m3
   2              		.arch armv7-m
   3              		.fpu softvfp
   4              		.eabi_attribute 20, 1
   5              		.eabi_attribute 21, 1
   6              		.eabi_attribute 23, 3
   7              		.eabi_attribute 24, 1
   8              		.eabi_attribute 25, 1
   9              		.eabi_attribute 26, 1
  10              		.eabi_attribute 30, 1
  11              		.eabi_attribute 34, 1
  12              		.eabi_attribute 18, 4
  13              		.file	"arm_correlate_fast_q15.c"
  14              		.text
  15              	.Ltext0:
  16              		.cfi_sections	.debug_frame
  17              		.file 1 "Drivers/CMSIS/DSP/Source/FilteringFunctions/arm_correlate_fast_q15.c"
  18              		.section	.text.arm_correlate_fast_q15,"ax",%progbits
  19              		.align	1
  20              		.global	arm_correlate_fast_q15
  21              		.syntax unified
  22              		.thumb
  23              		.thumb_func
  25              	arm_correlate_fast_q15:
  26              	.LVL0:
  27              	.LFB100:
   1:Drivers/CMSIS/DSP/Source/FilteringFunctions/arm_correlate_fast_q15.c **** /* ----------------------------------------------------------------------
   2:Drivers/CMSIS/DSP/Source/FilteringFunctions/arm_correlate_fast_q15.c ****  * Project:      CMSIS DSP Library
   3:Drivers/CMSIS/DSP/Source/FilteringFunctions/arm_correlate_fast_q15.c ****  * Title:        arm_correlate_fast_q15.c
   4:Drivers/CMSIS/DSP/Source/FilteringFunctions/arm_correlate_fast_q15.c ****  * Description:  Fast Q15 Correlation
   5:Drivers/CMSIS/DSP/Source/FilteringFunctions/arm_correlate_fast_q15.c ****  *
   6:Drivers/CMSIS/DSP/Source/FilteringFunctions/arm_correlate_fast_q15.c ****  * $Date:        27. January 2017
   7:Drivers/CMSIS/DSP/Source/FilteringFunctions/arm_correlate_fast_q15.c ****  * $Revision:    V.1.5.1
   8:Drivers/CMSIS/DSP/Source/FilteringFunctions/arm_correlate_fast_q15.c ****  *
   9:Drivers/CMSIS/DSP/Source/FilteringFunctions/arm_correlate_fast_q15.c ****  * Target Processor: Cortex-M cores
  10:Drivers/CMSIS/DSP/Source/FilteringFunctions/arm_correlate_fast_q15.c ****  * -------------------------------------------------------------------- */
  11:Drivers/CMSIS/DSP/Source/FilteringFunctions/arm_correlate_fast_q15.c **** /*
  12:Drivers/CMSIS/DSP/Source/FilteringFunctions/arm_correlate_fast_q15.c ****  * Copyright (C) 2010-2017 ARM Limited or its affiliates. All rights reserved.
  13:Drivers/CMSIS/DSP/Source/FilteringFunctions/arm_correlate_fast_q15.c ****  *
  14:Drivers/CMSIS/DSP/Source/FilteringFunctions/arm_correlate_fast_q15.c ****  * SPDX-License-Identifier: Apache-2.0
  15:Drivers/CMSIS/DSP/Source/FilteringFunctions/arm_correlate_fast_q15.c ****  *
  16:Drivers/CMSIS/DSP/Source/FilteringFunctions/arm_correlate_fast_q15.c ****  * Licensed under the Apache License, Version 2.0 (the License); you may
  17:Drivers/CMSIS/DSP/Source/FilteringFunctions/arm_correlate_fast_q15.c ****  * not use this file except in compliance with the License.
  18:Drivers/CMSIS/DSP/Source/FilteringFunctions/arm_correlate_fast_q15.c ****  * You may obtain a copy of the License at
  19:Drivers/CMSIS/DSP/Source/FilteringFunctions/arm_correlate_fast_q15.c ****  *
  20:Drivers/CMSIS/DSP/Source/FilteringFunctions/arm_correlate_fast_q15.c ****  * www.apache.org/licenses/LICENSE-2.0
  21:Drivers/CMSIS/DSP/Source/FilteringFunctions/arm_correlate_fast_q15.c ****  *
  22:Drivers/CMSIS/DSP/Source/FilteringFunctions/arm_correlate_fast_q15.c ****  * Unless required by applicable law or agreed to in writing, software
  23:Drivers/CMSIS/DSP/Source/FilteringFunctions/arm_correlate_fast_q15.c ****  * distributed under the License is distributed on an AS IS BASIS, WITHOUT
  24:Drivers/CMSIS/DSP/Source/FilteringFunctions/arm_correlate_fast_q15.c ****  * WARRANTIES OR CONDITIONS OF ANY KIND, either express or implied.
  25:Drivers/CMSIS/DSP/Source/FilteringFunctions/arm_correlate_fast_q15.c ****  * See the License for the specific language governing permissions and
  26:Drivers/CMSIS/DSP/Source/FilteringFunctions/arm_correlate_fast_q15.c ****  * limitations under the License.
  27:Drivers/CMSIS/DSP/Source/FilteringFunctions/arm_correlate_fast_q15.c ****  */
  28:Drivers/CMSIS/DSP/Source/FilteringFunctions/arm_correlate_fast_q15.c **** 
  29:Drivers/CMSIS/DSP/Source/FilteringFunctions/arm_correlate_fast_q15.c **** #include "arm_math.h"
  30:Drivers/CMSIS/DSP/Source/FilteringFunctions/arm_correlate_fast_q15.c **** 
  31:Drivers/CMSIS/DSP/Source/FilteringFunctions/arm_correlate_fast_q15.c **** /**
ARM GAS  C:\Users\Lamp\AppData\Local\Temp\ccj3X8ei.s 			page 2


  32:Drivers/CMSIS/DSP/Source/FilteringFunctions/arm_correlate_fast_q15.c ****  * @ingroup groupFilters
  33:Drivers/CMSIS/DSP/Source/FilteringFunctions/arm_correlate_fast_q15.c ****  */
  34:Drivers/CMSIS/DSP/Source/FilteringFunctions/arm_correlate_fast_q15.c **** 
  35:Drivers/CMSIS/DSP/Source/FilteringFunctions/arm_correlate_fast_q15.c **** /**
  36:Drivers/CMSIS/DSP/Source/FilteringFunctions/arm_correlate_fast_q15.c ****  * @addtogroup Corr
  37:Drivers/CMSIS/DSP/Source/FilteringFunctions/arm_correlate_fast_q15.c ****  * @{
  38:Drivers/CMSIS/DSP/Source/FilteringFunctions/arm_correlate_fast_q15.c ****  */
  39:Drivers/CMSIS/DSP/Source/FilteringFunctions/arm_correlate_fast_q15.c **** 
  40:Drivers/CMSIS/DSP/Source/FilteringFunctions/arm_correlate_fast_q15.c **** /**
  41:Drivers/CMSIS/DSP/Source/FilteringFunctions/arm_correlate_fast_q15.c ****  * @brief Correlation of Q15 sequences (fast version) for Cortex-M3 and Cortex-M4.
  42:Drivers/CMSIS/DSP/Source/FilteringFunctions/arm_correlate_fast_q15.c ****  * @param[in] *pSrcA points to the first input sequence.
  43:Drivers/CMSIS/DSP/Source/FilteringFunctions/arm_correlate_fast_q15.c ****  * @param[in] srcALen length of the first input sequence.
  44:Drivers/CMSIS/DSP/Source/FilteringFunctions/arm_correlate_fast_q15.c ****  * @param[in] *pSrcB points to the second input sequence.
  45:Drivers/CMSIS/DSP/Source/FilteringFunctions/arm_correlate_fast_q15.c ****  * @param[in] srcBLen length of the second input sequence.
  46:Drivers/CMSIS/DSP/Source/FilteringFunctions/arm_correlate_fast_q15.c ****  * @param[out] *pDst points to the location where the output result is written.  Length 2 * max(src
  47:Drivers/CMSIS/DSP/Source/FilteringFunctions/arm_correlate_fast_q15.c ****  * @return none.
  48:Drivers/CMSIS/DSP/Source/FilteringFunctions/arm_correlate_fast_q15.c ****  *
  49:Drivers/CMSIS/DSP/Source/FilteringFunctions/arm_correlate_fast_q15.c ****  * <b>Scaling and Overflow Behavior:</b>
  50:Drivers/CMSIS/DSP/Source/FilteringFunctions/arm_correlate_fast_q15.c ****  *
  51:Drivers/CMSIS/DSP/Source/FilteringFunctions/arm_correlate_fast_q15.c ****  * \par
  52:Drivers/CMSIS/DSP/Source/FilteringFunctions/arm_correlate_fast_q15.c ****  * This fast version uses a 32-bit accumulator with 2.30 format.
  53:Drivers/CMSIS/DSP/Source/FilteringFunctions/arm_correlate_fast_q15.c ****  * The accumulator maintains full precision of the intermediate multiplication results but provides
  54:Drivers/CMSIS/DSP/Source/FilteringFunctions/arm_correlate_fast_q15.c ****  * There is no saturation on intermediate additions.
  55:Drivers/CMSIS/DSP/Source/FilteringFunctions/arm_correlate_fast_q15.c ****  * Thus, if the accumulator overflows it wraps around and distorts the result.
  56:Drivers/CMSIS/DSP/Source/FilteringFunctions/arm_correlate_fast_q15.c ****  * The input signals should be scaled down to avoid intermediate overflows.
  57:Drivers/CMSIS/DSP/Source/FilteringFunctions/arm_correlate_fast_q15.c ****  * Scale down one of the inputs by 1/min(srcALen, srcBLen) to avoid overflow since a
  58:Drivers/CMSIS/DSP/Source/FilteringFunctions/arm_correlate_fast_q15.c ****  * maximum of min(srcALen, srcBLen) number of additions is carried internally.
  59:Drivers/CMSIS/DSP/Source/FilteringFunctions/arm_correlate_fast_q15.c ****  * The 2.30 accumulator is right shifted by 15 bits and then saturated to 1.15 format to yield the 
  60:Drivers/CMSIS/DSP/Source/FilteringFunctions/arm_correlate_fast_q15.c ****  *
  61:Drivers/CMSIS/DSP/Source/FilteringFunctions/arm_correlate_fast_q15.c ****  * \par
  62:Drivers/CMSIS/DSP/Source/FilteringFunctions/arm_correlate_fast_q15.c ****  * See <code>arm_correlate_q15()</code> for a slower implementation of this function which uses a 6
  63:Drivers/CMSIS/DSP/Source/FilteringFunctions/arm_correlate_fast_q15.c ****  */
  64:Drivers/CMSIS/DSP/Source/FilteringFunctions/arm_correlate_fast_q15.c **** 
  65:Drivers/CMSIS/DSP/Source/FilteringFunctions/arm_correlate_fast_q15.c **** void arm_correlate_fast_q15(
  66:Drivers/CMSIS/DSP/Source/FilteringFunctions/arm_correlate_fast_q15.c ****   q15_t * pSrcA,
  67:Drivers/CMSIS/DSP/Source/FilteringFunctions/arm_correlate_fast_q15.c ****   uint32_t srcALen,
  68:Drivers/CMSIS/DSP/Source/FilteringFunctions/arm_correlate_fast_q15.c ****   q15_t * pSrcB,
  69:Drivers/CMSIS/DSP/Source/FilteringFunctions/arm_correlate_fast_q15.c ****   uint32_t srcBLen,
  70:Drivers/CMSIS/DSP/Source/FilteringFunctions/arm_correlate_fast_q15.c ****   q15_t * pDst)
  71:Drivers/CMSIS/DSP/Source/FilteringFunctions/arm_correlate_fast_q15.c **** {
  28              		.loc 1 71 1 view -0
  29              		.cfi_startproc
  30              		@ args = 4, pretend = 0, frame = 48
  31              		@ frame_needed = 0, uses_anonymous_args = 0
  32              		.loc 1 71 1 is_stmt 0 view .LVU1
  33 0000 2DE9F04F 		push	{r4, r5, r6, r7, r8, r9, r10, fp, lr}
  34              	.LCFI0:
  35              		.cfi_def_cfa_offset 36
  36              		.cfi_offset 4, -36
  37              		.cfi_offset 5, -32
  38              		.cfi_offset 6, -28
  39              		.cfi_offset 7, -24
  40              		.cfi_offset 8, -20
  41              		.cfi_offset 9, -16
  42              		.cfi_offset 10, -12
  43              		.cfi_offset 11, -8
  44              		.cfi_offset 14, -4
ARM GAS  C:\Users\Lamp\AppData\Local\Temp\ccj3X8ei.s 			page 3


  45 0004 8DB0     		sub	sp, sp, #52
  46              	.LCFI1:
  47              		.cfi_def_cfa_offset 88
  48 0006 0690     		str	r0, [sp, #24]
  49 0008 0492     		str	r2, [sp, #16]
  50 000a 0593     		str	r3, [sp, #20]
  72:Drivers/CMSIS/DSP/Source/FilteringFunctions/arm_correlate_fast_q15.c **** #ifndef UNALIGNED_SUPPORT_DISABLE
  73:Drivers/CMSIS/DSP/Source/FilteringFunctions/arm_correlate_fast_q15.c **** 
  74:Drivers/CMSIS/DSP/Source/FilteringFunctions/arm_correlate_fast_q15.c ****   q15_t *pIn1;                                   /* inputA pointer               */
  51              		.loc 1 74 3 is_stmt 1 view .LVU2
  75:Drivers/CMSIS/DSP/Source/FilteringFunctions/arm_correlate_fast_q15.c ****   q15_t *pIn2;                                   /* inputB pointer               */
  52              		.loc 1 75 3 view .LVU3
  76:Drivers/CMSIS/DSP/Source/FilteringFunctions/arm_correlate_fast_q15.c ****   q15_t *pOut = pDst;                            /* output pointer               */
  53              		.loc 1 76 3 view .LVU4
  54              	.LVL1:
  77:Drivers/CMSIS/DSP/Source/FilteringFunctions/arm_correlate_fast_q15.c ****   q31_t sum, acc0, acc1, acc2, acc3;             /* Accumulators                  */
  55              		.loc 1 77 3 view .LVU5
  78:Drivers/CMSIS/DSP/Source/FilteringFunctions/arm_correlate_fast_q15.c ****   q15_t *px;                                     /* Intermediate inputA pointer  */
  56              		.loc 1 78 3 view .LVU6
  79:Drivers/CMSIS/DSP/Source/FilteringFunctions/arm_correlate_fast_q15.c ****   q15_t *py;                                     /* Intermediate inputB pointer  */
  57              		.loc 1 79 3 view .LVU7
  80:Drivers/CMSIS/DSP/Source/FilteringFunctions/arm_correlate_fast_q15.c ****   q15_t *pSrc1;                                  /* Intermediate pointers        */
  58              		.loc 1 80 3 view .LVU8
  81:Drivers/CMSIS/DSP/Source/FilteringFunctions/arm_correlate_fast_q15.c ****   q31_t x0, x1, x2, x3, c0;                      /* temporary variables for holding input and coeff
  59              		.loc 1 81 3 view .LVU9
  82:Drivers/CMSIS/DSP/Source/FilteringFunctions/arm_correlate_fast_q15.c ****   uint32_t j, k = 0U, count, blkCnt, outBlockSize, blockSize1, blockSize2, blockSize3;  /* loop cou
  60              		.loc 1 82 3 view .LVU10
  83:Drivers/CMSIS/DSP/Source/FilteringFunctions/arm_correlate_fast_q15.c ****   int32_t inc = 1;                               /* Destination address modifier */
  61              		.loc 1 83 3 view .LVU11
  84:Drivers/CMSIS/DSP/Source/FilteringFunctions/arm_correlate_fast_q15.c **** 
  85:Drivers/CMSIS/DSP/Source/FilteringFunctions/arm_correlate_fast_q15.c **** 
  86:Drivers/CMSIS/DSP/Source/FilteringFunctions/arm_correlate_fast_q15.c ****   /* The algorithm implementation is based on the lengths of the inputs. */
  87:Drivers/CMSIS/DSP/Source/FilteringFunctions/arm_correlate_fast_q15.c ****   /* srcB is always made to slide across srcA. */
  88:Drivers/CMSIS/DSP/Source/FilteringFunctions/arm_correlate_fast_q15.c ****   /* So srcBLen is always considered as shorter or equal to srcALen */
  89:Drivers/CMSIS/DSP/Source/FilteringFunctions/arm_correlate_fast_q15.c ****   /* But CORR(x, y) is reverse of CORR(y, x) */
  90:Drivers/CMSIS/DSP/Source/FilteringFunctions/arm_correlate_fast_q15.c ****   /* So, when srcBLen > srcALen, output pointer is made to point to the end of the output buffer */
  91:Drivers/CMSIS/DSP/Source/FilteringFunctions/arm_correlate_fast_q15.c ****   /* and the destination pointer modifier, inc is set to -1 */
  92:Drivers/CMSIS/DSP/Source/FilteringFunctions/arm_correlate_fast_q15.c ****   /* If srcALen > srcBLen, zero pad has to be done to srcB to make the two inputs of same length */
  93:Drivers/CMSIS/DSP/Source/FilteringFunctions/arm_correlate_fast_q15.c ****   /* But to improve the performance,
  94:Drivers/CMSIS/DSP/Source/FilteringFunctions/arm_correlate_fast_q15.c ****    * we include zeroes in the output instead of zero padding either of the the inputs*/
  95:Drivers/CMSIS/DSP/Source/FilteringFunctions/arm_correlate_fast_q15.c ****   /* If srcALen > srcBLen,
  96:Drivers/CMSIS/DSP/Source/FilteringFunctions/arm_correlate_fast_q15.c ****    * (srcALen - srcBLen) zeroes has to included in the starting of the output buffer */
  97:Drivers/CMSIS/DSP/Source/FilteringFunctions/arm_correlate_fast_q15.c ****   /* If srcALen < srcBLen,
  98:Drivers/CMSIS/DSP/Source/FilteringFunctions/arm_correlate_fast_q15.c ****    * (srcALen - srcBLen) zeroes has to included in the ending of the output buffer */
  99:Drivers/CMSIS/DSP/Source/FilteringFunctions/arm_correlate_fast_q15.c ****   if (srcALen >= srcBLen)
  62              		.loc 1 99 3 view .LVU12
  63              		.loc 1 99 6 is_stmt 0 view .LVU13
  64 000c 9942     		cmp	r1, r3
  65 000e 1ED3     		bcc	.L2
  66 0010 1A46     		mov	r2, r3
  67              	.LVL2:
 100:Drivers/CMSIS/DSP/Source/FilteringFunctions/arm_correlate_fast_q15.c ****   {
 101:Drivers/CMSIS/DSP/Source/FilteringFunctions/arm_correlate_fast_q15.c ****     /* Initialization of inputA pointer */
 102:Drivers/CMSIS/DSP/Source/FilteringFunctions/arm_correlate_fast_q15.c ****     pIn1 = (pSrcA);
  68              		.loc 1 102 5 is_stmt 1 view .LVU14
 103:Drivers/CMSIS/DSP/Source/FilteringFunctions/arm_correlate_fast_q15.c **** 
 104:Drivers/CMSIS/DSP/Source/FilteringFunctions/arm_correlate_fast_q15.c ****     /* Initialization of inputB pointer */
ARM GAS  C:\Users\Lamp\AppData\Local\Temp\ccj3X8ei.s 			page 4


 105:Drivers/CMSIS/DSP/Source/FilteringFunctions/arm_correlate_fast_q15.c ****     pIn2 = (pSrcB);
  69              		.loc 1 105 5 view .LVU15
 106:Drivers/CMSIS/DSP/Source/FilteringFunctions/arm_correlate_fast_q15.c **** 
 107:Drivers/CMSIS/DSP/Source/FilteringFunctions/arm_correlate_fast_q15.c ****     /* Number of output samples is calculated */
 108:Drivers/CMSIS/DSP/Source/FilteringFunctions/arm_correlate_fast_q15.c ****     outBlockSize = (2U * srcALen) - 1U;
  70              		.loc 1 108 5 view .LVU16
  71              		.loc 1 108 24 is_stmt 0 view .LVU17
  72 0012 4B00     		lsls	r3, r1, #1
  73              	.LVL3:
  74              		.loc 1 108 18 view .LVU18
  75 0014 013B     		subs	r3, r3, #1
  76              	.LVL4:
 109:Drivers/CMSIS/DSP/Source/FilteringFunctions/arm_correlate_fast_q15.c **** 
 110:Drivers/CMSIS/DSP/Source/FilteringFunctions/arm_correlate_fast_q15.c ****     /* When srcALen > srcBLen, zero padding is done to srcB
 111:Drivers/CMSIS/DSP/Source/FilteringFunctions/arm_correlate_fast_q15.c ****      * to make their lengths equal.
 112:Drivers/CMSIS/DSP/Source/FilteringFunctions/arm_correlate_fast_q15.c ****      * Instead, (outBlockSize - (srcALen + srcBLen - 1))
 113:Drivers/CMSIS/DSP/Source/FilteringFunctions/arm_correlate_fast_q15.c ****      * number of output samples are made zero */
 114:Drivers/CMSIS/DSP/Source/FilteringFunctions/arm_correlate_fast_q15.c ****     j = outBlockSize - (srcALen + (srcBLen - 1U));
  77              		.loc 1 114 5 is_stmt 1 view .LVU19
  78              		.loc 1 114 33 is_stmt 0 view .LVU20
  79 0016 8A18     		adds	r2, r1, r2
  80              	.LVL5:
  81              		.loc 1 114 22 view .LVU21
  82 0018 9B1A     		subs	r3, r3, r2
  83              	.LVL6:
  84              		.loc 1 114 7 view .LVU22
  85 001a 0133     		adds	r3, r3, #1
  86              	.LVL7:
 115:Drivers/CMSIS/DSP/Source/FilteringFunctions/arm_correlate_fast_q15.c **** 
 116:Drivers/CMSIS/DSP/Source/FilteringFunctions/arm_correlate_fast_q15.c ****     /* Updating the pointer position to non zero value */
 117:Drivers/CMSIS/DSP/Source/FilteringFunctions/arm_correlate_fast_q15.c ****     pOut += j;
  87              		.loc 1 117 5 is_stmt 1 view .LVU23
  88              		.loc 1 117 10 is_stmt 0 view .LVU24
  89 001c 169A     		ldr	r2, [sp, #88]
  90 001e 02EB4303 		add	r3, r2, r3, lsl #1
  91              	.LVL8:
  92              		.loc 1 117 10 view .LVU25
  93 0022 0393     		str	r3, [sp, #12]
  94              	.LVL9:
  83:Drivers/CMSIS/DSP/Source/FilteringFunctions/arm_correlate_fast_q15.c **** 
  95              		.loc 1 83 11 view .LVU26
  96 0024 0123     		movs	r3, #1
  97              	.LVL10:
  83:Drivers/CMSIS/DSP/Source/FilteringFunctions/arm_correlate_fast_q15.c **** 
  98              		.loc 1 83 11 view .LVU27
  99 0026 0993     		str	r3, [sp, #36]
 100              	.LVL11:
 101              	.L3:
 118:Drivers/CMSIS/DSP/Source/FilteringFunctions/arm_correlate_fast_q15.c **** 
 119:Drivers/CMSIS/DSP/Source/FilteringFunctions/arm_correlate_fast_q15.c ****   }
 120:Drivers/CMSIS/DSP/Source/FilteringFunctions/arm_correlate_fast_q15.c ****   else
 121:Drivers/CMSIS/DSP/Source/FilteringFunctions/arm_correlate_fast_q15.c ****   {
 122:Drivers/CMSIS/DSP/Source/FilteringFunctions/arm_correlate_fast_q15.c ****     /* Initialization of inputA pointer */
 123:Drivers/CMSIS/DSP/Source/FilteringFunctions/arm_correlate_fast_q15.c ****     pIn1 = (pSrcB);
 124:Drivers/CMSIS/DSP/Source/FilteringFunctions/arm_correlate_fast_q15.c **** 
 125:Drivers/CMSIS/DSP/Source/FilteringFunctions/arm_correlate_fast_q15.c ****     /* Initialization of inputB pointer */
 126:Drivers/CMSIS/DSP/Source/FilteringFunctions/arm_correlate_fast_q15.c ****     pIn2 = (pSrcA);
ARM GAS  C:\Users\Lamp\AppData\Local\Temp\ccj3X8ei.s 			page 5


 127:Drivers/CMSIS/DSP/Source/FilteringFunctions/arm_correlate_fast_q15.c **** 
 128:Drivers/CMSIS/DSP/Source/FilteringFunctions/arm_correlate_fast_q15.c ****     /* srcBLen is always considered as shorter or equal to srcALen */
 129:Drivers/CMSIS/DSP/Source/FilteringFunctions/arm_correlate_fast_q15.c ****     j = srcBLen;
 130:Drivers/CMSIS/DSP/Source/FilteringFunctions/arm_correlate_fast_q15.c ****     srcBLen = srcALen;
 131:Drivers/CMSIS/DSP/Source/FilteringFunctions/arm_correlate_fast_q15.c ****     srcALen = j;
 132:Drivers/CMSIS/DSP/Source/FilteringFunctions/arm_correlate_fast_q15.c **** 
 133:Drivers/CMSIS/DSP/Source/FilteringFunctions/arm_correlate_fast_q15.c ****     /* CORR(x, y) = Reverse order(CORR(y, x)) */
 134:Drivers/CMSIS/DSP/Source/FilteringFunctions/arm_correlate_fast_q15.c ****     /* Hence set the destination pointer to point to the last output sample */
 135:Drivers/CMSIS/DSP/Source/FilteringFunctions/arm_correlate_fast_q15.c ****     pOut = pDst + ((srcALen + srcBLen) - 2U);
 136:Drivers/CMSIS/DSP/Source/FilteringFunctions/arm_correlate_fast_q15.c **** 
 137:Drivers/CMSIS/DSP/Source/FilteringFunctions/arm_correlate_fast_q15.c ****     /* Destination address modifier is set to -1 */
 138:Drivers/CMSIS/DSP/Source/FilteringFunctions/arm_correlate_fast_q15.c ****     inc = -1;
 139:Drivers/CMSIS/DSP/Source/FilteringFunctions/arm_correlate_fast_q15.c **** 
 140:Drivers/CMSIS/DSP/Source/FilteringFunctions/arm_correlate_fast_q15.c ****   }
 141:Drivers/CMSIS/DSP/Source/FilteringFunctions/arm_correlate_fast_q15.c **** 
 142:Drivers/CMSIS/DSP/Source/FilteringFunctions/arm_correlate_fast_q15.c ****   /* The function is internally
 143:Drivers/CMSIS/DSP/Source/FilteringFunctions/arm_correlate_fast_q15.c ****    * divided into three parts according to the number of multiplications that has to be
 144:Drivers/CMSIS/DSP/Source/FilteringFunctions/arm_correlate_fast_q15.c ****    * taken place between inputA samples and inputB samples. In the first part of the
 145:Drivers/CMSIS/DSP/Source/FilteringFunctions/arm_correlate_fast_q15.c ****    * algorithm, the multiplications increase by one for every iteration.
 146:Drivers/CMSIS/DSP/Source/FilteringFunctions/arm_correlate_fast_q15.c ****    * In the second part of the algorithm, srcBLen number of multiplications are done.
 147:Drivers/CMSIS/DSP/Source/FilteringFunctions/arm_correlate_fast_q15.c ****    * In the third part of the algorithm, the multiplications decrease by one
 148:Drivers/CMSIS/DSP/Source/FilteringFunctions/arm_correlate_fast_q15.c ****    * for every iteration.*/
 149:Drivers/CMSIS/DSP/Source/FilteringFunctions/arm_correlate_fast_q15.c ****   /* The algorithm is implemented in three stages.
 150:Drivers/CMSIS/DSP/Source/FilteringFunctions/arm_correlate_fast_q15.c ****    * The loop counters of each stage is initiated here. */
 151:Drivers/CMSIS/DSP/Source/FilteringFunctions/arm_correlate_fast_q15.c ****   blockSize1 = srcBLen - 1U;
 102              		.loc 1 151 3 is_stmt 1 view .LVU28
 103              		.loc 1 151 14 is_stmt 0 view .LVU29
 104 0028 059B     		ldr	r3, [sp, #20]
 105 002a 5C1E     		subs	r4, r3, #1
 106              	.LVL12:
 152:Drivers/CMSIS/DSP/Source/FilteringFunctions/arm_correlate_fast_q15.c ****   blockSize2 = srcALen - (srcBLen - 1U);
 107              		.loc 1 152 3 is_stmt 1 view .LVU30
 108              		.loc 1 152 24 is_stmt 0 view .LVU31
 109 002c C91A     		subs	r1, r1, r3
 110              	.LVL13:
 111              		.loc 1 152 14 view .LVU32
 112 002e 4A1C     		adds	r2, r1, #1
 113              	.LVL14:
 153:Drivers/CMSIS/DSP/Source/FilteringFunctions/arm_correlate_fast_q15.c ****   blockSize3 = blockSize1;
 114              		.loc 1 153 3 is_stmt 1 view .LVU33
 154:Drivers/CMSIS/DSP/Source/FilteringFunctions/arm_correlate_fast_q15.c **** 
 155:Drivers/CMSIS/DSP/Source/FilteringFunctions/arm_correlate_fast_q15.c ****   /* --------------------------
 156:Drivers/CMSIS/DSP/Source/FilteringFunctions/arm_correlate_fast_q15.c ****    * Initializations of stage1
 157:Drivers/CMSIS/DSP/Source/FilteringFunctions/arm_correlate_fast_q15.c ****    * -------------------------*/
 158:Drivers/CMSIS/DSP/Source/FilteringFunctions/arm_correlate_fast_q15.c **** 
 159:Drivers/CMSIS/DSP/Source/FilteringFunctions/arm_correlate_fast_q15.c ****   /* sum = x[0] * y[srcBlen - 1]
 160:Drivers/CMSIS/DSP/Source/FilteringFunctions/arm_correlate_fast_q15.c ****    * sum = x[0] * y[srcBlen - 2] + x[1] * y[srcBlen - 1]
 161:Drivers/CMSIS/DSP/Source/FilteringFunctions/arm_correlate_fast_q15.c ****    * ....
 162:Drivers/CMSIS/DSP/Source/FilteringFunctions/arm_correlate_fast_q15.c ****    * sum = x[0] * y[0] + x[1] * y[1] +...+ x[srcBLen - 1] * y[srcBLen - 1]
 163:Drivers/CMSIS/DSP/Source/FilteringFunctions/arm_correlate_fast_q15.c ****    */
 164:Drivers/CMSIS/DSP/Source/FilteringFunctions/arm_correlate_fast_q15.c **** 
 165:Drivers/CMSIS/DSP/Source/FilteringFunctions/arm_correlate_fast_q15.c ****   /* In this stage the MAC operations are increased by 1 for every iteration.
 166:Drivers/CMSIS/DSP/Source/FilteringFunctions/arm_correlate_fast_q15.c ****      The count variable holds the number of MAC operations performed */
 167:Drivers/CMSIS/DSP/Source/FilteringFunctions/arm_correlate_fast_q15.c ****   count = 1U;
 115              		.loc 1 167 3 view .LVU34
 168:Drivers/CMSIS/DSP/Source/FilteringFunctions/arm_correlate_fast_q15.c **** 
 169:Drivers/CMSIS/DSP/Source/FilteringFunctions/arm_correlate_fast_q15.c ****   /* Working pointer of inputA */
ARM GAS  C:\Users\Lamp\AppData\Local\Temp\ccj3X8ei.s 			page 6


 170:Drivers/CMSIS/DSP/Source/FilteringFunctions/arm_correlate_fast_q15.c ****   px = pIn1;
 116              		.loc 1 170 3 view .LVU35
 171:Drivers/CMSIS/DSP/Source/FilteringFunctions/arm_correlate_fast_q15.c **** 
 172:Drivers/CMSIS/DSP/Source/FilteringFunctions/arm_correlate_fast_q15.c ****   /* Working pointer of inputB */
 173:Drivers/CMSIS/DSP/Source/FilteringFunctions/arm_correlate_fast_q15.c ****   pSrc1 = pIn2 + (srcBLen - 1U);
 117              		.loc 1 173 3 view .LVU36
 118              		.loc 1 173 16 is_stmt 0 view .LVU37
 119 0030 03F1004C 		add	ip, r3, #-2147483648
 120 0034 0CF1FF3C 		add	ip, ip, #-1
 121              		.loc 1 173 9 view .LVU38
 122 0038 049B     		ldr	r3, [sp, #16]
 123 003a 03EB4C0C 		add	ip, r3, ip, lsl #1
 124              	.LVL15:
 174:Drivers/CMSIS/DSP/Source/FilteringFunctions/arm_correlate_fast_q15.c ****   py = pSrc1;
 125              		.loc 1 174 3 is_stmt 1 view .LVU39
 175:Drivers/CMSIS/DSP/Source/FilteringFunctions/arm_correlate_fast_q15.c **** 
 176:Drivers/CMSIS/DSP/Source/FilteringFunctions/arm_correlate_fast_q15.c ****   /* ------------------------
 177:Drivers/CMSIS/DSP/Source/FilteringFunctions/arm_correlate_fast_q15.c ****    * Stage1 process
 178:Drivers/CMSIS/DSP/Source/FilteringFunctions/arm_correlate_fast_q15.c ****    * ----------------------*/
 179:Drivers/CMSIS/DSP/Source/FilteringFunctions/arm_correlate_fast_q15.c **** 
 180:Drivers/CMSIS/DSP/Source/FilteringFunctions/arm_correlate_fast_q15.c ****   /* The first loop starts here */
 181:Drivers/CMSIS/DSP/Source/FilteringFunctions/arm_correlate_fast_q15.c ****   while (blockSize1 > 0U)
 126              		.loc 1 181 3 view .LVU40
 174:Drivers/CMSIS/DSP/Source/FilteringFunctions/arm_correlate_fast_q15.c ****   py = pSrc1;
 127              		.loc 1 174 6 is_stmt 0 view .LVU41
 128 003e 6146     		mov	r1, ip
 167:Drivers/CMSIS/DSP/Source/FilteringFunctions/arm_correlate_fast_q15.c **** 
 129              		.loc 1 167 9 view .LVU42
 130 0040 0126     		movs	r6, #1
 131 0042 3746     		mov	r7, r6
 132 0044 A246     		mov	r10, r4
 133 0046 DDF82480 		ldr	r8, [sp, #36]
 134 004a 9146     		mov	r9, r2
 135              		.loc 1 181 9 view .LVU43
 136 004c 54E0     		b	.L4
 137              	.LVL16:
 138              	.L2:
 123:Drivers/CMSIS/DSP/Source/FilteringFunctions/arm_correlate_fast_q15.c **** 
 139              		.loc 1 123 5 is_stmt 1 view .LVU44
 126:Drivers/CMSIS/DSP/Source/FilteringFunctions/arm_correlate_fast_q15.c **** 
 140              		.loc 1 126 5 view .LVU45
 129:Drivers/CMSIS/DSP/Source/FilteringFunctions/arm_correlate_fast_q15.c ****     srcBLen = srcALen;
 141              		.loc 1 129 5 view .LVU46
 130:Drivers/CMSIS/DSP/Source/FilteringFunctions/arm_correlate_fast_q15.c ****     srcALen = j;
 142              		.loc 1 130 5 view .LVU47
 131:Drivers/CMSIS/DSP/Source/FilteringFunctions/arm_correlate_fast_q15.c **** 
 143              		.loc 1 131 5 view .LVU48
 135:Drivers/CMSIS/DSP/Source/FilteringFunctions/arm_correlate_fast_q15.c **** 
 144              		.loc 1 135 5 view .LVU49
 135:Drivers/CMSIS/DSP/Source/FilteringFunctions/arm_correlate_fast_q15.c **** 
 145              		.loc 1 135 29 is_stmt 0 view .LVU50
 146 004e 059A     		ldr	r2, [sp, #20]
 147              	.LVL17:
 135:Drivers/CMSIS/DSP/Source/FilteringFunctions/arm_correlate_fast_q15.c **** 
 148              		.loc 1 135 29 view .LVU51
 149 0050 8B18     		adds	r3, r1, r2
 135:Drivers/CMSIS/DSP/Source/FilteringFunctions/arm_correlate_fast_q15.c **** 
ARM GAS  C:\Users\Lamp\AppData\Local\Temp\ccj3X8ei.s 			page 7


 150              		.loc 1 135 17 view .LVU52
 151 0052 03F10043 		add	r3, r3, #-2147483648
 152 0056 023B     		subs	r3, r3, #2
 135:Drivers/CMSIS/DSP/Source/FilteringFunctions/arm_correlate_fast_q15.c **** 
 153              		.loc 1 135 10 view .LVU53
 154 0058 1698     		ldr	r0, [sp, #88]
 155              	.LVL18:
 135:Drivers/CMSIS/DSP/Source/FilteringFunctions/arm_correlate_fast_q15.c **** 
 156              		.loc 1 135 10 view .LVU54
 157 005a 00EB4303 		add	r3, r0, r3, lsl #1
 158 005e 0393     		str	r3, [sp, #12]
 159              	.LVL19:
 138:Drivers/CMSIS/DSP/Source/FilteringFunctions/arm_correlate_fast_q15.c **** 
 160              		.loc 1 138 5 is_stmt 1 view .LVU55
 135:Drivers/CMSIS/DSP/Source/FilteringFunctions/arm_correlate_fast_q15.c **** 
 161              		.loc 1 135 10 is_stmt 0 view .LVU56
 162 0060 069B     		ldr	r3, [sp, #24]
 163              	.LVL20:
 123:Drivers/CMSIS/DSP/Source/FilteringFunctions/arm_correlate_fast_q15.c **** 
 164              		.loc 1 123 10 view .LVU57
 165 0062 0498     		ldr	r0, [sp, #16]
 166 0064 0690     		str	r0, [sp, #24]
 167              	.LVL21:
 126:Drivers/CMSIS/DSP/Source/FilteringFunctions/arm_correlate_fast_q15.c **** 
 168              		.loc 1 126 10 view .LVU58
 169 0066 0493     		str	r3, [sp, #16]
 170              	.LVL22:
 135:Drivers/CMSIS/DSP/Source/FilteringFunctions/arm_correlate_fast_q15.c **** 
 171              		.loc 1 135 10 view .LVU59
 172 0068 0B46     		mov	r3, r1
 173              	.LVL23:
 131:Drivers/CMSIS/DSP/Source/FilteringFunctions/arm_correlate_fast_q15.c **** 
 174              		.loc 1 131 13 view .LVU60
 175 006a 1146     		mov	r1, r2
 176              	.LVL24:
 130:Drivers/CMSIS/DSP/Source/FilteringFunctions/arm_correlate_fast_q15.c ****     srcALen = j;
 177              		.loc 1 130 13 view .LVU61
 178 006c 0593     		str	r3, [sp, #20]
 179              	.LVL25:
 138:Drivers/CMSIS/DSP/Source/FilteringFunctions/arm_correlate_fast_q15.c **** 
 180              		.loc 1 138 9 view .LVU62
 181 006e 4FF0FF33 		mov	r3, #-1
 182              	.LVL26:
 138:Drivers/CMSIS/DSP/Source/FilteringFunctions/arm_correlate_fast_q15.c **** 
 183              		.loc 1 138 9 view .LVU63
 184 0072 0993     		str	r3, [sp, #36]
 185 0074 D8E7     		b	.L3
 186              	.LVL27:
 187              	.L6:
 182:Drivers/CMSIS/DSP/Source/FilteringFunctions/arm_correlate_fast_q15.c ****   {
 183:Drivers/CMSIS/DSP/Source/FilteringFunctions/arm_correlate_fast_q15.c ****     /* Accumulator is made zero for every iteration */
 184:Drivers/CMSIS/DSP/Source/FilteringFunctions/arm_correlate_fast_q15.c ****     sum = 0;
 185:Drivers/CMSIS/DSP/Source/FilteringFunctions/arm_correlate_fast_q15.c **** 
 186:Drivers/CMSIS/DSP/Source/FilteringFunctions/arm_correlate_fast_q15.c ****     /* Apply loop unrolling and compute 4 MACs simultaneously. */
 187:Drivers/CMSIS/DSP/Source/FilteringFunctions/arm_correlate_fast_q15.c ****     k = count >> 2;
 188:Drivers/CMSIS/DSP/Source/FilteringFunctions/arm_correlate_fast_q15.c **** 
 189:Drivers/CMSIS/DSP/Source/FilteringFunctions/arm_correlate_fast_q15.c ****     /* First part of the processing with loop unrolling.  Compute 4 MACs at a time.
ARM GAS  C:\Users\Lamp\AppData\Local\Temp\ccj3X8ei.s 			page 8


 190:Drivers/CMSIS/DSP/Source/FilteringFunctions/arm_correlate_fast_q15.c ****      ** a second loop below computes MACs for the remaining 1 to 3 samples. */
 191:Drivers/CMSIS/DSP/Source/FilteringFunctions/arm_correlate_fast_q15.c ****     while (k > 0U)
 192:Drivers/CMSIS/DSP/Source/FilteringFunctions/arm_correlate_fast_q15.c ****     {
 193:Drivers/CMSIS/DSP/Source/FilteringFunctions/arm_correlate_fast_q15.c ****       /* x[0] * y[srcBLen - 4] , x[1] * y[srcBLen - 3] */
 194:Drivers/CMSIS/DSP/Source/FilteringFunctions/arm_correlate_fast_q15.c ****       sum = __SMLAD(*__SIMD32(px)++, *__SIMD32(py)++, sum);
 188              		.loc 1 194 7 is_stmt 1 view .LVU64
 189              		.loc 1 194 21 is_stmt 0 view .LVU65
 190 0076 0546     		mov	r5, r0
 191 0078 55F8084B 		ldr	r4, [r5], #8
 192              	.LVL28:
 193              		.loc 1 194 38 view .LVU66
 194 007c 0F46     		mov	r7, r1
 195 007e 57F8082B 		ldr	r2, [r7], #8
 196              	.LVL29:
 197              	.LBB62:
 198              	.LBI62:
 199              		.file 2 "Drivers/CMSIS/DSP/Include/arm_math.h"
   1:Drivers/CMSIS/DSP/Include/arm_math.h **** /******************************************************************************
   2:Drivers/CMSIS/DSP/Include/arm_math.h ****  * @file     arm_math.h
   3:Drivers/CMSIS/DSP/Include/arm_math.h ****  * @brief    Public header file for CMSIS DSP LibraryU
   4:Drivers/CMSIS/DSP/Include/arm_math.h ****  * @version  V1.5.3
   5:Drivers/CMSIS/DSP/Include/arm_math.h ****  * @date     10. January 2018
   6:Drivers/CMSIS/DSP/Include/arm_math.h ****  ******************************************************************************/
   7:Drivers/CMSIS/DSP/Include/arm_math.h **** /*
   8:Drivers/CMSIS/DSP/Include/arm_math.h ****  * Copyright (c) 2010-2018 Arm Limited or its affiliates. All rights reserved.
   9:Drivers/CMSIS/DSP/Include/arm_math.h ****  *
  10:Drivers/CMSIS/DSP/Include/arm_math.h ****  * SPDX-License-Identifier: Apache-2.0
  11:Drivers/CMSIS/DSP/Include/arm_math.h ****  *
  12:Drivers/CMSIS/DSP/Include/arm_math.h ****  * Licensed under the Apache License, Version 2.0 (the License); you may
  13:Drivers/CMSIS/DSP/Include/arm_math.h ****  * not use this file except in compliance with the License.
  14:Drivers/CMSIS/DSP/Include/arm_math.h ****  * You may obtain a copy of the License at
  15:Drivers/CMSIS/DSP/Include/arm_math.h ****  *
  16:Drivers/CMSIS/DSP/Include/arm_math.h ****  * www.apache.org/licenses/LICENSE-2.0
  17:Drivers/CMSIS/DSP/Include/arm_math.h ****  *
  18:Drivers/CMSIS/DSP/Include/arm_math.h ****  * Unless required by applicable law or agreed to in writing, software
  19:Drivers/CMSIS/DSP/Include/arm_math.h ****  * distributed under the License is distributed on an AS IS BASIS, WITHOUT
  20:Drivers/CMSIS/DSP/Include/arm_math.h ****  * WARRANTIES OR CONDITIONS OF ANY KIND, either express or implied.
  21:Drivers/CMSIS/DSP/Include/arm_math.h ****  * See the License for the specific language governing permissions and
  22:Drivers/CMSIS/DSP/Include/arm_math.h ****  * limitations under the License.
  23:Drivers/CMSIS/DSP/Include/arm_math.h ****  */
  24:Drivers/CMSIS/DSP/Include/arm_math.h **** 
  25:Drivers/CMSIS/DSP/Include/arm_math.h **** /**
  26:Drivers/CMSIS/DSP/Include/arm_math.h ****    \mainpage CMSIS DSP Software Library
  27:Drivers/CMSIS/DSP/Include/arm_math.h ****    *
  28:Drivers/CMSIS/DSP/Include/arm_math.h ****    * Introduction
  29:Drivers/CMSIS/DSP/Include/arm_math.h ****    * ------------
  30:Drivers/CMSIS/DSP/Include/arm_math.h ****    *
  31:Drivers/CMSIS/DSP/Include/arm_math.h ****    * This user manual describes the CMSIS DSP software library,
  32:Drivers/CMSIS/DSP/Include/arm_math.h ****    * a suite of common signal processing functions for use on Cortex-M processor based devices.
  33:Drivers/CMSIS/DSP/Include/arm_math.h ****    *
  34:Drivers/CMSIS/DSP/Include/arm_math.h ****    * The library is divided into a number of functions each covering a specific category:
  35:Drivers/CMSIS/DSP/Include/arm_math.h ****    * - Basic math functions
  36:Drivers/CMSIS/DSP/Include/arm_math.h ****    * - Fast math functions
  37:Drivers/CMSIS/DSP/Include/arm_math.h ****    * - Complex math functions
  38:Drivers/CMSIS/DSP/Include/arm_math.h ****    * - Filters
  39:Drivers/CMSIS/DSP/Include/arm_math.h ****    * - Matrix functions
  40:Drivers/CMSIS/DSP/Include/arm_math.h ****    * - Transforms
ARM GAS  C:\Users\Lamp\AppData\Local\Temp\ccj3X8ei.s 			page 9


  41:Drivers/CMSIS/DSP/Include/arm_math.h ****    * - Motor control functions
  42:Drivers/CMSIS/DSP/Include/arm_math.h ****    * - Statistical functions
  43:Drivers/CMSIS/DSP/Include/arm_math.h ****    * - Support functions
  44:Drivers/CMSIS/DSP/Include/arm_math.h ****    * - Interpolation functions
  45:Drivers/CMSIS/DSP/Include/arm_math.h ****    *
  46:Drivers/CMSIS/DSP/Include/arm_math.h ****    * The library has separate functions for operating on 8-bit integers, 16-bit integers,
  47:Drivers/CMSIS/DSP/Include/arm_math.h ****    * 32-bit integer and 32-bit floating-point values.
  48:Drivers/CMSIS/DSP/Include/arm_math.h ****    *
  49:Drivers/CMSIS/DSP/Include/arm_math.h ****    * Using the Library
  50:Drivers/CMSIS/DSP/Include/arm_math.h ****    * ------------
  51:Drivers/CMSIS/DSP/Include/arm_math.h ****    *
  52:Drivers/CMSIS/DSP/Include/arm_math.h ****    * The library installer contains prebuilt versions of the libraries in the <code>Lib</code> fold
  53:Drivers/CMSIS/DSP/Include/arm_math.h ****    * - arm_cortexM7lfdp_math.lib (Cortex-M7, Little endian, Double Precision Floating Point Unit)
  54:Drivers/CMSIS/DSP/Include/arm_math.h ****    * - arm_cortexM7bfdp_math.lib (Cortex-M7, Big endian, Double Precision Floating Point Unit)
  55:Drivers/CMSIS/DSP/Include/arm_math.h ****    * - arm_cortexM7lfsp_math.lib (Cortex-M7, Little endian, Single Precision Floating Point Unit)
  56:Drivers/CMSIS/DSP/Include/arm_math.h ****    * - arm_cortexM7bfsp_math.lib (Cortex-M7, Big endian and Single Precision Floating Point Unit on
  57:Drivers/CMSIS/DSP/Include/arm_math.h ****    * - arm_cortexM7l_math.lib (Cortex-M7, Little endian)
  58:Drivers/CMSIS/DSP/Include/arm_math.h ****    * - arm_cortexM7b_math.lib (Cortex-M7, Big endian)
  59:Drivers/CMSIS/DSP/Include/arm_math.h ****    * - arm_cortexM4lf_math.lib (Cortex-M4, Little endian, Floating Point Unit)
  60:Drivers/CMSIS/DSP/Include/arm_math.h ****    * - arm_cortexM4bf_math.lib (Cortex-M4, Big endian, Floating Point Unit)
  61:Drivers/CMSIS/DSP/Include/arm_math.h ****    * - arm_cortexM4l_math.lib (Cortex-M4, Little endian)
  62:Drivers/CMSIS/DSP/Include/arm_math.h ****    * - arm_cortexM4b_math.lib (Cortex-M4, Big endian)
  63:Drivers/CMSIS/DSP/Include/arm_math.h ****    * - arm_cortexM3l_math.lib (Cortex-M3, Little endian)
  64:Drivers/CMSIS/DSP/Include/arm_math.h ****    * - arm_cortexM3b_math.lib (Cortex-M3, Big endian)
  65:Drivers/CMSIS/DSP/Include/arm_math.h ****    * - arm_cortexM0l_math.lib (Cortex-M0 / Cortex-M0+, Little endian)
  66:Drivers/CMSIS/DSP/Include/arm_math.h ****    * - arm_cortexM0b_math.lib (Cortex-M0 / Cortex-M0+, Big endian)
  67:Drivers/CMSIS/DSP/Include/arm_math.h ****    * - arm_ARMv8MBLl_math.lib (Armv8-M Baseline, Little endian)
  68:Drivers/CMSIS/DSP/Include/arm_math.h ****    * - arm_ARMv8MMLl_math.lib (Armv8-M Mainline, Little endian)
  69:Drivers/CMSIS/DSP/Include/arm_math.h ****    * - arm_ARMv8MMLlfsp_math.lib (Armv8-M Mainline, Little endian, Single Precision Floating Point 
  70:Drivers/CMSIS/DSP/Include/arm_math.h ****    * - arm_ARMv8MMLld_math.lib (Armv8-M Mainline, Little endian, DSP instructions)
  71:Drivers/CMSIS/DSP/Include/arm_math.h ****    * - arm_ARMv8MMLldfsp_math.lib (Armv8-M Mainline, Little endian, DSP instructions, Single Precis
  72:Drivers/CMSIS/DSP/Include/arm_math.h ****    *
  73:Drivers/CMSIS/DSP/Include/arm_math.h ****    * The library functions are declared in the public file <code>arm_math.h</code> which is placed 
  74:Drivers/CMSIS/DSP/Include/arm_math.h ****    * Simply include this file and link the appropriate library in the application and begin calling
  75:Drivers/CMSIS/DSP/Include/arm_math.h ****    * public header file <code> arm_math.h</code> for Cortex-M cores with little endian and big endi
  76:Drivers/CMSIS/DSP/Include/arm_math.h ****    * Define the appropriate preprocessor macro ARM_MATH_CM7 or ARM_MATH_CM4 or ARM_MATH_CM3 or
  77:Drivers/CMSIS/DSP/Include/arm_math.h ****    * ARM_MATH_CM0 or ARM_MATH_CM0PLUS depending on the target processor in the application.
  78:Drivers/CMSIS/DSP/Include/arm_math.h ****    * For Armv8-M cores define preprocessor macro ARM_MATH_ARMV8MBL or ARM_MATH_ARMV8MML.
  79:Drivers/CMSIS/DSP/Include/arm_math.h ****    * Set preprocessor macro __DSP_PRESENT if Armv8-M Mainline core supports DSP instructions.
  80:Drivers/CMSIS/DSP/Include/arm_math.h ****    * 
  81:Drivers/CMSIS/DSP/Include/arm_math.h ****    *
  82:Drivers/CMSIS/DSP/Include/arm_math.h ****    * Examples
  83:Drivers/CMSIS/DSP/Include/arm_math.h ****    * --------
  84:Drivers/CMSIS/DSP/Include/arm_math.h ****    *
  85:Drivers/CMSIS/DSP/Include/arm_math.h ****    * The library ships with a number of examples which demonstrate how to use the library functions
  86:Drivers/CMSIS/DSP/Include/arm_math.h ****    *
  87:Drivers/CMSIS/DSP/Include/arm_math.h ****    * Toolchain Support
  88:Drivers/CMSIS/DSP/Include/arm_math.h ****    * ------------
  89:Drivers/CMSIS/DSP/Include/arm_math.h ****    *
  90:Drivers/CMSIS/DSP/Include/arm_math.h ****    * The library has been developed and tested with MDK version 5.14.0.0
  91:Drivers/CMSIS/DSP/Include/arm_math.h ****    * The library is being tested in GCC and IAR toolchains and updates on this activity will be mad
  92:Drivers/CMSIS/DSP/Include/arm_math.h ****    *
  93:Drivers/CMSIS/DSP/Include/arm_math.h ****    * Building the Library
  94:Drivers/CMSIS/DSP/Include/arm_math.h ****    * ------------
  95:Drivers/CMSIS/DSP/Include/arm_math.h ****    *
  96:Drivers/CMSIS/DSP/Include/arm_math.h ****    * The library installer contains a project file to rebuild libraries on MDK toolchain in the <co
  97:Drivers/CMSIS/DSP/Include/arm_math.h ****    * - arm_cortexM_math.uvprojx
ARM GAS  C:\Users\Lamp\AppData\Local\Temp\ccj3X8ei.s 			page 10


  98:Drivers/CMSIS/DSP/Include/arm_math.h ****    *
  99:Drivers/CMSIS/DSP/Include/arm_math.h ****    *
 100:Drivers/CMSIS/DSP/Include/arm_math.h ****    * The libraries can be built by opening the arm_cortexM_math.uvprojx project in MDK-ARM, selecti
 101:Drivers/CMSIS/DSP/Include/arm_math.h ****    *
 102:Drivers/CMSIS/DSP/Include/arm_math.h ****    * Preprocessor Macros
 103:Drivers/CMSIS/DSP/Include/arm_math.h ****    * ------------
 104:Drivers/CMSIS/DSP/Include/arm_math.h ****    *
 105:Drivers/CMSIS/DSP/Include/arm_math.h ****    * Each library project have different preprocessor macros.
 106:Drivers/CMSIS/DSP/Include/arm_math.h ****    *
 107:Drivers/CMSIS/DSP/Include/arm_math.h ****    * - UNALIGNED_SUPPORT_DISABLE:
 108:Drivers/CMSIS/DSP/Include/arm_math.h ****    *
 109:Drivers/CMSIS/DSP/Include/arm_math.h ****    * Define macro UNALIGNED_SUPPORT_DISABLE, If the silicon does not support unaligned memory acces
 110:Drivers/CMSIS/DSP/Include/arm_math.h ****    *
 111:Drivers/CMSIS/DSP/Include/arm_math.h ****    * - ARM_MATH_BIG_ENDIAN:
 112:Drivers/CMSIS/DSP/Include/arm_math.h ****    *
 113:Drivers/CMSIS/DSP/Include/arm_math.h ****    * Define macro ARM_MATH_BIG_ENDIAN to build the library for big endian targets. By default libra
 114:Drivers/CMSIS/DSP/Include/arm_math.h ****    *
 115:Drivers/CMSIS/DSP/Include/arm_math.h ****    * - ARM_MATH_MATRIX_CHECK:
 116:Drivers/CMSIS/DSP/Include/arm_math.h ****    *
 117:Drivers/CMSIS/DSP/Include/arm_math.h ****    * Define macro ARM_MATH_MATRIX_CHECK for checking on the input and output sizes of matrices
 118:Drivers/CMSIS/DSP/Include/arm_math.h ****    *
 119:Drivers/CMSIS/DSP/Include/arm_math.h ****    * - ARM_MATH_ROUNDING:
 120:Drivers/CMSIS/DSP/Include/arm_math.h ****    *
 121:Drivers/CMSIS/DSP/Include/arm_math.h ****    * Define macro ARM_MATH_ROUNDING for rounding on support functions
 122:Drivers/CMSIS/DSP/Include/arm_math.h ****    *
 123:Drivers/CMSIS/DSP/Include/arm_math.h ****    * - ARM_MATH_CMx:
 124:Drivers/CMSIS/DSP/Include/arm_math.h ****    *
 125:Drivers/CMSIS/DSP/Include/arm_math.h ****    * Define macro ARM_MATH_CM4 for building the library on Cortex-M4 target, ARM_MATH_CM3 for build
 126:Drivers/CMSIS/DSP/Include/arm_math.h ****    * and ARM_MATH_CM0 for building library on Cortex-M0 target, ARM_MATH_CM0PLUS for building libra
 127:Drivers/CMSIS/DSP/Include/arm_math.h ****    * ARM_MATH_CM7 for building the library on cortex-M7.
 128:Drivers/CMSIS/DSP/Include/arm_math.h ****    *
 129:Drivers/CMSIS/DSP/Include/arm_math.h ****    * - ARM_MATH_ARMV8MxL:
 130:Drivers/CMSIS/DSP/Include/arm_math.h ****    *
 131:Drivers/CMSIS/DSP/Include/arm_math.h ****    * Define macro ARM_MATH_ARMV8MBL for building the library on Armv8-M Baseline target, ARM_MATH_A
 132:Drivers/CMSIS/DSP/Include/arm_math.h ****    * on Armv8-M Mainline target.
 133:Drivers/CMSIS/DSP/Include/arm_math.h ****    *
 134:Drivers/CMSIS/DSP/Include/arm_math.h ****    * - __FPU_PRESENT:
 135:Drivers/CMSIS/DSP/Include/arm_math.h ****    *
 136:Drivers/CMSIS/DSP/Include/arm_math.h ****    * Initialize macro __FPU_PRESENT = 1 when building on FPU supported Targets. Enable this macro f
 137:Drivers/CMSIS/DSP/Include/arm_math.h ****    *
 138:Drivers/CMSIS/DSP/Include/arm_math.h ****    * - __DSP_PRESENT:
 139:Drivers/CMSIS/DSP/Include/arm_math.h ****    *
 140:Drivers/CMSIS/DSP/Include/arm_math.h ****    * Initialize macro __DSP_PRESENT = 1 when Armv8-M Mainline core supports DSP instructions.
 141:Drivers/CMSIS/DSP/Include/arm_math.h ****    *
 142:Drivers/CMSIS/DSP/Include/arm_math.h ****    * <hr>
 143:Drivers/CMSIS/DSP/Include/arm_math.h ****    * CMSIS-DSP in ARM::CMSIS Pack
 144:Drivers/CMSIS/DSP/Include/arm_math.h ****    * -----------------------------
 145:Drivers/CMSIS/DSP/Include/arm_math.h ****    *
 146:Drivers/CMSIS/DSP/Include/arm_math.h ****    * The following files relevant to CMSIS-DSP are present in the <b>ARM::CMSIS</b> Pack directorie
 147:Drivers/CMSIS/DSP/Include/arm_math.h ****    * |File/Folder                   |Content                                                       
 148:Drivers/CMSIS/DSP/Include/arm_math.h ****    * |------------------------------|--------------------------------------------------------------
 149:Drivers/CMSIS/DSP/Include/arm_math.h ****    * |\b CMSIS\\Documentation\\DSP  | This documentation                                           
 150:Drivers/CMSIS/DSP/Include/arm_math.h ****    * |\b CMSIS\\DSP_Lib             | Software license agreement (license.txt)                     
 151:Drivers/CMSIS/DSP/Include/arm_math.h ****    * |\b CMSIS\\DSP_Lib\\Examples   | Example projects demonstrating the usage of the library funct
 152:Drivers/CMSIS/DSP/Include/arm_math.h ****    * |\b CMSIS\\DSP_Lib\\Source     | Source files for rebuilding the library                      
 153:Drivers/CMSIS/DSP/Include/arm_math.h ****    *
 154:Drivers/CMSIS/DSP/Include/arm_math.h ****    * <hr>
ARM GAS  C:\Users\Lamp\AppData\Local\Temp\ccj3X8ei.s 			page 11


 155:Drivers/CMSIS/DSP/Include/arm_math.h ****    * Revision History of CMSIS-DSP
 156:Drivers/CMSIS/DSP/Include/arm_math.h ****    * ------------
 157:Drivers/CMSIS/DSP/Include/arm_math.h ****    * Please refer to \ref ChangeLog_pg.
 158:Drivers/CMSIS/DSP/Include/arm_math.h ****    *
 159:Drivers/CMSIS/DSP/Include/arm_math.h ****    * Copyright Notice
 160:Drivers/CMSIS/DSP/Include/arm_math.h ****    * ------------
 161:Drivers/CMSIS/DSP/Include/arm_math.h ****    *
 162:Drivers/CMSIS/DSP/Include/arm_math.h ****    * Copyright (C) 2010-2015 Arm Limited. All rights reserved.
 163:Drivers/CMSIS/DSP/Include/arm_math.h ****    */
 164:Drivers/CMSIS/DSP/Include/arm_math.h **** 
 165:Drivers/CMSIS/DSP/Include/arm_math.h **** 
 166:Drivers/CMSIS/DSP/Include/arm_math.h **** /**
 167:Drivers/CMSIS/DSP/Include/arm_math.h ****  * @defgroup groupMath Basic Math Functions
 168:Drivers/CMSIS/DSP/Include/arm_math.h ****  */
 169:Drivers/CMSIS/DSP/Include/arm_math.h **** 
 170:Drivers/CMSIS/DSP/Include/arm_math.h **** /**
 171:Drivers/CMSIS/DSP/Include/arm_math.h ****  * @defgroup groupFastMath Fast Math Functions
 172:Drivers/CMSIS/DSP/Include/arm_math.h ****  * This set of functions provides a fast approximation to sine, cosine, and square root.
 173:Drivers/CMSIS/DSP/Include/arm_math.h ****  * As compared to most of the other functions in the CMSIS math library, the fast math functions
 174:Drivers/CMSIS/DSP/Include/arm_math.h ****  * operate on individual values and not arrays.
 175:Drivers/CMSIS/DSP/Include/arm_math.h ****  * There are separate functions for Q15, Q31, and floating-point data.
 176:Drivers/CMSIS/DSP/Include/arm_math.h ****  *
 177:Drivers/CMSIS/DSP/Include/arm_math.h ****  */
 178:Drivers/CMSIS/DSP/Include/arm_math.h **** 
 179:Drivers/CMSIS/DSP/Include/arm_math.h **** /**
 180:Drivers/CMSIS/DSP/Include/arm_math.h ****  * @defgroup groupCmplxMath Complex Math Functions
 181:Drivers/CMSIS/DSP/Include/arm_math.h ****  * This set of functions operates on complex data vectors.
 182:Drivers/CMSIS/DSP/Include/arm_math.h ****  * The data in the complex arrays is stored in an interleaved fashion
 183:Drivers/CMSIS/DSP/Include/arm_math.h ****  * (real, imag, real, imag, ...).
 184:Drivers/CMSIS/DSP/Include/arm_math.h ****  * In the API functions, the number of samples in a complex array refers
 185:Drivers/CMSIS/DSP/Include/arm_math.h ****  * to the number of complex values; the array contains twice this number of
 186:Drivers/CMSIS/DSP/Include/arm_math.h ****  * real values.
 187:Drivers/CMSIS/DSP/Include/arm_math.h ****  */
 188:Drivers/CMSIS/DSP/Include/arm_math.h **** 
 189:Drivers/CMSIS/DSP/Include/arm_math.h **** /**
 190:Drivers/CMSIS/DSP/Include/arm_math.h ****  * @defgroup groupFilters Filtering Functions
 191:Drivers/CMSIS/DSP/Include/arm_math.h ****  */
 192:Drivers/CMSIS/DSP/Include/arm_math.h **** 
 193:Drivers/CMSIS/DSP/Include/arm_math.h **** /**
 194:Drivers/CMSIS/DSP/Include/arm_math.h ****  * @defgroup groupMatrix Matrix Functions
 195:Drivers/CMSIS/DSP/Include/arm_math.h ****  *
 196:Drivers/CMSIS/DSP/Include/arm_math.h ****  * This set of functions provides basic matrix math operations.
 197:Drivers/CMSIS/DSP/Include/arm_math.h ****  * The functions operate on matrix data structures.  For example,
 198:Drivers/CMSIS/DSP/Include/arm_math.h ****  * the type
 199:Drivers/CMSIS/DSP/Include/arm_math.h ****  * definition for the floating-point matrix structure is shown
 200:Drivers/CMSIS/DSP/Include/arm_math.h ****  * below:
 201:Drivers/CMSIS/DSP/Include/arm_math.h ****  * <pre>
 202:Drivers/CMSIS/DSP/Include/arm_math.h ****  *     typedef struct
 203:Drivers/CMSIS/DSP/Include/arm_math.h ****  *     {
 204:Drivers/CMSIS/DSP/Include/arm_math.h ****  *       uint16_t numRows;     // number of rows of the matrix.
 205:Drivers/CMSIS/DSP/Include/arm_math.h ****  *       uint16_t numCols;     // number of columns of the matrix.
 206:Drivers/CMSIS/DSP/Include/arm_math.h ****  *       float32_t *pData;     // points to the data of the matrix.
 207:Drivers/CMSIS/DSP/Include/arm_math.h ****  *     } arm_matrix_instance_f32;
 208:Drivers/CMSIS/DSP/Include/arm_math.h ****  * </pre>
 209:Drivers/CMSIS/DSP/Include/arm_math.h ****  * There are similar definitions for Q15 and Q31 data types.
 210:Drivers/CMSIS/DSP/Include/arm_math.h ****  *
 211:Drivers/CMSIS/DSP/Include/arm_math.h ****  * The structure specifies the size of the matrix and then points to
ARM GAS  C:\Users\Lamp\AppData\Local\Temp\ccj3X8ei.s 			page 12


 212:Drivers/CMSIS/DSP/Include/arm_math.h ****  * an array of data.  The array is of size <code>numRows X numCols</code>
 213:Drivers/CMSIS/DSP/Include/arm_math.h ****  * and the values are arranged in row order.  That is, the
 214:Drivers/CMSIS/DSP/Include/arm_math.h ****  * matrix element (i, j) is stored at:
 215:Drivers/CMSIS/DSP/Include/arm_math.h ****  * <pre>
 216:Drivers/CMSIS/DSP/Include/arm_math.h ****  *     pData[i*numCols + j]
 217:Drivers/CMSIS/DSP/Include/arm_math.h ****  * </pre>
 218:Drivers/CMSIS/DSP/Include/arm_math.h ****  *
 219:Drivers/CMSIS/DSP/Include/arm_math.h ****  * \par Init Functions
 220:Drivers/CMSIS/DSP/Include/arm_math.h ****  * There is an associated initialization function for each type of matrix
 221:Drivers/CMSIS/DSP/Include/arm_math.h ****  * data structure.
 222:Drivers/CMSIS/DSP/Include/arm_math.h ****  * The initialization function sets the values of the internal structure fields.
 223:Drivers/CMSIS/DSP/Include/arm_math.h ****  * Refer to the function <code>arm_mat_init_f32()</code>, <code>arm_mat_init_q31()</code>
 224:Drivers/CMSIS/DSP/Include/arm_math.h ****  * and <code>arm_mat_init_q15()</code> for floating-point, Q31 and Q15 types,  respectively.
 225:Drivers/CMSIS/DSP/Include/arm_math.h ****  *
 226:Drivers/CMSIS/DSP/Include/arm_math.h ****  * \par
 227:Drivers/CMSIS/DSP/Include/arm_math.h ****  * Use of the initialization function is optional. However, if initialization function is used
 228:Drivers/CMSIS/DSP/Include/arm_math.h ****  * then the instance structure cannot be placed into a const data section.
 229:Drivers/CMSIS/DSP/Include/arm_math.h ****  * To place the instance structure in a const data
 230:Drivers/CMSIS/DSP/Include/arm_math.h ****  * section, manually initialize the data structure.  For example:
 231:Drivers/CMSIS/DSP/Include/arm_math.h ****  * <pre>
 232:Drivers/CMSIS/DSP/Include/arm_math.h ****  * <code>arm_matrix_instance_f32 S = {nRows, nColumns, pData};</code>
 233:Drivers/CMSIS/DSP/Include/arm_math.h ****  * <code>arm_matrix_instance_q31 S = {nRows, nColumns, pData};</code>
 234:Drivers/CMSIS/DSP/Include/arm_math.h ****  * <code>arm_matrix_instance_q15 S = {nRows, nColumns, pData};</code>
 235:Drivers/CMSIS/DSP/Include/arm_math.h ****  * </pre>
 236:Drivers/CMSIS/DSP/Include/arm_math.h ****  * where <code>nRows</code> specifies the number of rows, <code>nColumns</code>
 237:Drivers/CMSIS/DSP/Include/arm_math.h ****  * specifies the number of columns, and <code>pData</code> points to the
 238:Drivers/CMSIS/DSP/Include/arm_math.h ****  * data array.
 239:Drivers/CMSIS/DSP/Include/arm_math.h ****  *
 240:Drivers/CMSIS/DSP/Include/arm_math.h ****  * \par Size Checking
 241:Drivers/CMSIS/DSP/Include/arm_math.h ****  * By default all of the matrix functions perform size checking on the input and
 242:Drivers/CMSIS/DSP/Include/arm_math.h ****  * output matrices. For example, the matrix addition function verifies that the
 243:Drivers/CMSIS/DSP/Include/arm_math.h ****  * two input matrices and the output matrix all have the same number of rows and
 244:Drivers/CMSIS/DSP/Include/arm_math.h ****  * columns. If the size check fails the functions return:
 245:Drivers/CMSIS/DSP/Include/arm_math.h ****  * <pre>
 246:Drivers/CMSIS/DSP/Include/arm_math.h ****  *     ARM_MATH_SIZE_MISMATCH
 247:Drivers/CMSIS/DSP/Include/arm_math.h ****  * </pre>
 248:Drivers/CMSIS/DSP/Include/arm_math.h ****  * Otherwise the functions return
 249:Drivers/CMSIS/DSP/Include/arm_math.h ****  * <pre>
 250:Drivers/CMSIS/DSP/Include/arm_math.h ****  *     ARM_MATH_SUCCESS
 251:Drivers/CMSIS/DSP/Include/arm_math.h ****  * </pre>
 252:Drivers/CMSIS/DSP/Include/arm_math.h ****  * There is some overhead associated with this matrix size checking.
 253:Drivers/CMSIS/DSP/Include/arm_math.h ****  * The matrix size checking is enabled via the \#define
 254:Drivers/CMSIS/DSP/Include/arm_math.h ****  * <pre>
 255:Drivers/CMSIS/DSP/Include/arm_math.h ****  *     ARM_MATH_MATRIX_CHECK
 256:Drivers/CMSIS/DSP/Include/arm_math.h ****  * </pre>
 257:Drivers/CMSIS/DSP/Include/arm_math.h ****  * within the library project settings.  By default this macro is defined
 258:Drivers/CMSIS/DSP/Include/arm_math.h ****  * and size checking is enabled. By changing the project settings and
 259:Drivers/CMSIS/DSP/Include/arm_math.h ****  * undefining this macro size checking is eliminated and the functions
 260:Drivers/CMSIS/DSP/Include/arm_math.h ****  * run a bit faster. With size checking disabled the functions always
 261:Drivers/CMSIS/DSP/Include/arm_math.h ****  * return <code>ARM_MATH_SUCCESS</code>.
 262:Drivers/CMSIS/DSP/Include/arm_math.h ****  */
 263:Drivers/CMSIS/DSP/Include/arm_math.h **** 
 264:Drivers/CMSIS/DSP/Include/arm_math.h **** /**
 265:Drivers/CMSIS/DSP/Include/arm_math.h ****  * @defgroup groupTransforms Transform Functions
 266:Drivers/CMSIS/DSP/Include/arm_math.h ****  */
 267:Drivers/CMSIS/DSP/Include/arm_math.h **** 
 268:Drivers/CMSIS/DSP/Include/arm_math.h **** /**
ARM GAS  C:\Users\Lamp\AppData\Local\Temp\ccj3X8ei.s 			page 13


 269:Drivers/CMSIS/DSP/Include/arm_math.h ****  * @defgroup groupController Controller Functions
 270:Drivers/CMSIS/DSP/Include/arm_math.h ****  */
 271:Drivers/CMSIS/DSP/Include/arm_math.h **** 
 272:Drivers/CMSIS/DSP/Include/arm_math.h **** /**
 273:Drivers/CMSIS/DSP/Include/arm_math.h ****  * @defgroup groupStats Statistics Functions
 274:Drivers/CMSIS/DSP/Include/arm_math.h ****  */
 275:Drivers/CMSIS/DSP/Include/arm_math.h **** /**
 276:Drivers/CMSIS/DSP/Include/arm_math.h ****  * @defgroup groupSupport Support Functions
 277:Drivers/CMSIS/DSP/Include/arm_math.h ****  */
 278:Drivers/CMSIS/DSP/Include/arm_math.h **** 
 279:Drivers/CMSIS/DSP/Include/arm_math.h **** /**
 280:Drivers/CMSIS/DSP/Include/arm_math.h ****  * @defgroup groupInterpolation Interpolation Functions
 281:Drivers/CMSIS/DSP/Include/arm_math.h ****  * These functions perform 1- and 2-dimensional interpolation of data.
 282:Drivers/CMSIS/DSP/Include/arm_math.h ****  * Linear interpolation is used for 1-dimensional data and
 283:Drivers/CMSIS/DSP/Include/arm_math.h ****  * bilinear interpolation is used for 2-dimensional data.
 284:Drivers/CMSIS/DSP/Include/arm_math.h ****  */
 285:Drivers/CMSIS/DSP/Include/arm_math.h **** 
 286:Drivers/CMSIS/DSP/Include/arm_math.h **** /**
 287:Drivers/CMSIS/DSP/Include/arm_math.h ****  * @defgroup groupExamples Examples
 288:Drivers/CMSIS/DSP/Include/arm_math.h ****  */
 289:Drivers/CMSIS/DSP/Include/arm_math.h **** #ifndef _ARM_MATH_H
 290:Drivers/CMSIS/DSP/Include/arm_math.h **** #define _ARM_MATH_H
 291:Drivers/CMSIS/DSP/Include/arm_math.h **** 
 292:Drivers/CMSIS/DSP/Include/arm_math.h **** /* Compiler specific diagnostic adjustment */
 293:Drivers/CMSIS/DSP/Include/arm_math.h **** #if   defined ( __CC_ARM )
 294:Drivers/CMSIS/DSP/Include/arm_math.h **** 
 295:Drivers/CMSIS/DSP/Include/arm_math.h **** #elif defined ( __ARMCC_VERSION ) && ( __ARMCC_VERSION >= 6010050 )
 296:Drivers/CMSIS/DSP/Include/arm_math.h **** 
 297:Drivers/CMSIS/DSP/Include/arm_math.h **** #elif defined ( __GNUC__ )
 298:Drivers/CMSIS/DSP/Include/arm_math.h **** #pragma GCC diagnostic push
 299:Drivers/CMSIS/DSP/Include/arm_math.h **** #pragma GCC diagnostic ignored "-Wsign-conversion"
 300:Drivers/CMSIS/DSP/Include/arm_math.h **** #pragma GCC diagnostic ignored "-Wconversion"
 301:Drivers/CMSIS/DSP/Include/arm_math.h **** #pragma GCC diagnostic ignored "-Wunused-parameter"
 302:Drivers/CMSIS/DSP/Include/arm_math.h **** 
 303:Drivers/CMSIS/DSP/Include/arm_math.h **** #elif defined ( __ICCARM__ )
 304:Drivers/CMSIS/DSP/Include/arm_math.h **** 
 305:Drivers/CMSIS/DSP/Include/arm_math.h **** #elif defined ( __TI_ARM__ )
 306:Drivers/CMSIS/DSP/Include/arm_math.h **** 
 307:Drivers/CMSIS/DSP/Include/arm_math.h **** #elif defined ( __CSMC__ )
 308:Drivers/CMSIS/DSP/Include/arm_math.h **** 
 309:Drivers/CMSIS/DSP/Include/arm_math.h **** #elif defined ( __TASKING__ )
 310:Drivers/CMSIS/DSP/Include/arm_math.h **** 
 311:Drivers/CMSIS/DSP/Include/arm_math.h **** #else
 312:Drivers/CMSIS/DSP/Include/arm_math.h ****   #error Unknown compiler
 313:Drivers/CMSIS/DSP/Include/arm_math.h **** #endif
 314:Drivers/CMSIS/DSP/Include/arm_math.h **** 
 315:Drivers/CMSIS/DSP/Include/arm_math.h **** 
 316:Drivers/CMSIS/DSP/Include/arm_math.h **** #define __CMSIS_GENERIC         /* disable NVIC and Systick functions */
 317:Drivers/CMSIS/DSP/Include/arm_math.h **** 
 318:Drivers/CMSIS/DSP/Include/arm_math.h **** #if defined(ARM_MATH_CM7)
 319:Drivers/CMSIS/DSP/Include/arm_math.h ****   #include "core_cm7.h"
 320:Drivers/CMSIS/DSP/Include/arm_math.h ****   #define ARM_MATH_DSP
 321:Drivers/CMSIS/DSP/Include/arm_math.h **** #elif defined (ARM_MATH_CM4)
 322:Drivers/CMSIS/DSP/Include/arm_math.h ****   #include "core_cm4.h"
 323:Drivers/CMSIS/DSP/Include/arm_math.h ****   #define ARM_MATH_DSP
 324:Drivers/CMSIS/DSP/Include/arm_math.h **** #elif defined (ARM_MATH_CM3)
 325:Drivers/CMSIS/DSP/Include/arm_math.h ****   #include "core_cm3.h"
ARM GAS  C:\Users\Lamp\AppData\Local\Temp\ccj3X8ei.s 			page 14


 326:Drivers/CMSIS/DSP/Include/arm_math.h **** #elif defined (ARM_MATH_CM0)
 327:Drivers/CMSIS/DSP/Include/arm_math.h ****   #include "core_cm0.h"
 328:Drivers/CMSIS/DSP/Include/arm_math.h ****   #define ARM_MATH_CM0_FAMILY
 329:Drivers/CMSIS/DSP/Include/arm_math.h **** #elif defined (ARM_MATH_CM0PLUS)
 330:Drivers/CMSIS/DSP/Include/arm_math.h ****   #include "core_cm0plus.h"
 331:Drivers/CMSIS/DSP/Include/arm_math.h ****   #define ARM_MATH_CM0_FAMILY
 332:Drivers/CMSIS/DSP/Include/arm_math.h **** #elif defined (ARM_MATH_ARMV8MBL)
 333:Drivers/CMSIS/DSP/Include/arm_math.h ****   #include "core_armv8mbl.h"
 334:Drivers/CMSIS/DSP/Include/arm_math.h ****   #define ARM_MATH_CM0_FAMILY
 335:Drivers/CMSIS/DSP/Include/arm_math.h **** #elif defined (ARM_MATH_ARMV8MML)
 336:Drivers/CMSIS/DSP/Include/arm_math.h ****   #include "core_armv8mml.h"
 337:Drivers/CMSIS/DSP/Include/arm_math.h ****   #if (defined (__DSP_PRESENT) && (__DSP_PRESENT == 1))
 338:Drivers/CMSIS/DSP/Include/arm_math.h ****     #define ARM_MATH_DSP
 339:Drivers/CMSIS/DSP/Include/arm_math.h ****   #endif
 340:Drivers/CMSIS/DSP/Include/arm_math.h **** #else
 341:Drivers/CMSIS/DSP/Include/arm_math.h ****   #error "Define according the used Cortex core ARM_MATH_CM7, ARM_MATH_CM4, ARM_MATH_CM3, ARM_MATH_
 342:Drivers/CMSIS/DSP/Include/arm_math.h **** #endif
 343:Drivers/CMSIS/DSP/Include/arm_math.h **** 
 344:Drivers/CMSIS/DSP/Include/arm_math.h **** #undef  __CMSIS_GENERIC         /* enable NVIC and Systick functions */
 345:Drivers/CMSIS/DSP/Include/arm_math.h **** #include "string.h"
 346:Drivers/CMSIS/DSP/Include/arm_math.h **** #include "math.h"
 347:Drivers/CMSIS/DSP/Include/arm_math.h **** #ifdef   __cplusplus
 348:Drivers/CMSIS/DSP/Include/arm_math.h **** extern "C"
 349:Drivers/CMSIS/DSP/Include/arm_math.h **** {
 350:Drivers/CMSIS/DSP/Include/arm_math.h **** #endif
 351:Drivers/CMSIS/DSP/Include/arm_math.h **** 
 352:Drivers/CMSIS/DSP/Include/arm_math.h **** 
 353:Drivers/CMSIS/DSP/Include/arm_math.h ****   /**
 354:Drivers/CMSIS/DSP/Include/arm_math.h ****    * @brief Macros required for reciprocal calculation in Normalized LMS
 355:Drivers/CMSIS/DSP/Include/arm_math.h ****    */
 356:Drivers/CMSIS/DSP/Include/arm_math.h **** 
 357:Drivers/CMSIS/DSP/Include/arm_math.h **** #define DELTA_Q31          (0x100)
 358:Drivers/CMSIS/DSP/Include/arm_math.h **** #define DELTA_Q15          0x5
 359:Drivers/CMSIS/DSP/Include/arm_math.h **** #define INDEX_MASK         0x0000003F
 360:Drivers/CMSIS/DSP/Include/arm_math.h **** #ifndef PI
 361:Drivers/CMSIS/DSP/Include/arm_math.h ****   #define PI               3.14159265358979f
 362:Drivers/CMSIS/DSP/Include/arm_math.h **** #endif
 363:Drivers/CMSIS/DSP/Include/arm_math.h **** 
 364:Drivers/CMSIS/DSP/Include/arm_math.h ****   /**
 365:Drivers/CMSIS/DSP/Include/arm_math.h ****    * @brief Macros required for SINE and COSINE Fast math approximations
 366:Drivers/CMSIS/DSP/Include/arm_math.h ****    */
 367:Drivers/CMSIS/DSP/Include/arm_math.h **** 
 368:Drivers/CMSIS/DSP/Include/arm_math.h **** #define FAST_MATH_TABLE_SIZE  512
 369:Drivers/CMSIS/DSP/Include/arm_math.h **** #define FAST_MATH_Q31_SHIFT   (32 - 10)
 370:Drivers/CMSIS/DSP/Include/arm_math.h **** #define FAST_MATH_Q15_SHIFT   (16 - 10)
 371:Drivers/CMSIS/DSP/Include/arm_math.h **** #define CONTROLLER_Q31_SHIFT  (32 - 9)
 372:Drivers/CMSIS/DSP/Include/arm_math.h **** #define TABLE_SPACING_Q31     0x400000
 373:Drivers/CMSIS/DSP/Include/arm_math.h **** #define TABLE_SPACING_Q15     0x80
 374:Drivers/CMSIS/DSP/Include/arm_math.h **** 
 375:Drivers/CMSIS/DSP/Include/arm_math.h ****   /**
 376:Drivers/CMSIS/DSP/Include/arm_math.h ****    * @brief Macros required for SINE and COSINE Controller functions
 377:Drivers/CMSIS/DSP/Include/arm_math.h ****    */
 378:Drivers/CMSIS/DSP/Include/arm_math.h ****   /* 1.31(q31) Fixed value of 2/360 */
 379:Drivers/CMSIS/DSP/Include/arm_math.h ****   /* -1 to +1 is divided into 360 values so total spacing is (2/360) */
 380:Drivers/CMSIS/DSP/Include/arm_math.h **** #define INPUT_SPACING         0xB60B61
 381:Drivers/CMSIS/DSP/Include/arm_math.h **** 
 382:Drivers/CMSIS/DSP/Include/arm_math.h ****   /**
ARM GAS  C:\Users\Lamp\AppData\Local\Temp\ccj3X8ei.s 			page 15


 383:Drivers/CMSIS/DSP/Include/arm_math.h ****    * @brief Macro for Unaligned Support
 384:Drivers/CMSIS/DSP/Include/arm_math.h ****    */
 385:Drivers/CMSIS/DSP/Include/arm_math.h **** #ifndef UNALIGNED_SUPPORT_DISABLE
 386:Drivers/CMSIS/DSP/Include/arm_math.h ****     #define ALIGN4
 387:Drivers/CMSIS/DSP/Include/arm_math.h **** #else
 388:Drivers/CMSIS/DSP/Include/arm_math.h ****   #if defined  (__GNUC__)
 389:Drivers/CMSIS/DSP/Include/arm_math.h ****     #define ALIGN4 __attribute__((aligned(4)))
 390:Drivers/CMSIS/DSP/Include/arm_math.h ****   #else
 391:Drivers/CMSIS/DSP/Include/arm_math.h ****     #define ALIGN4 __align(4)
 392:Drivers/CMSIS/DSP/Include/arm_math.h ****   #endif
 393:Drivers/CMSIS/DSP/Include/arm_math.h **** #endif   /* #ifndef UNALIGNED_SUPPORT_DISABLE */
 394:Drivers/CMSIS/DSP/Include/arm_math.h **** 
 395:Drivers/CMSIS/DSP/Include/arm_math.h ****   /**
 396:Drivers/CMSIS/DSP/Include/arm_math.h ****    * @brief Error status returned by some functions in the library.
 397:Drivers/CMSIS/DSP/Include/arm_math.h ****    */
 398:Drivers/CMSIS/DSP/Include/arm_math.h **** 
 399:Drivers/CMSIS/DSP/Include/arm_math.h ****   typedef enum
 400:Drivers/CMSIS/DSP/Include/arm_math.h ****   {
 401:Drivers/CMSIS/DSP/Include/arm_math.h ****     ARM_MATH_SUCCESS = 0,                /**< No error */
 402:Drivers/CMSIS/DSP/Include/arm_math.h ****     ARM_MATH_ARGUMENT_ERROR = -1,        /**< One or more arguments are incorrect */
 403:Drivers/CMSIS/DSP/Include/arm_math.h ****     ARM_MATH_LENGTH_ERROR = -2,          /**< Length of data buffer is incorrect */
 404:Drivers/CMSIS/DSP/Include/arm_math.h ****     ARM_MATH_SIZE_MISMATCH = -3,         /**< Size of matrices is not compatible with the operation
 405:Drivers/CMSIS/DSP/Include/arm_math.h ****     ARM_MATH_NANINF = -4,                /**< Not-a-number (NaN) or infinity is generated */
 406:Drivers/CMSIS/DSP/Include/arm_math.h ****     ARM_MATH_SINGULAR = -5,              /**< Generated by matrix inversion if the input matrix is 
 407:Drivers/CMSIS/DSP/Include/arm_math.h ****     ARM_MATH_TEST_FAILURE = -6           /**< Test Failed  */
 408:Drivers/CMSIS/DSP/Include/arm_math.h ****   } arm_status;
 409:Drivers/CMSIS/DSP/Include/arm_math.h **** 
 410:Drivers/CMSIS/DSP/Include/arm_math.h ****   /**
 411:Drivers/CMSIS/DSP/Include/arm_math.h ****    * @brief 8-bit fractional data type in 1.7 format.
 412:Drivers/CMSIS/DSP/Include/arm_math.h ****    */
 413:Drivers/CMSIS/DSP/Include/arm_math.h ****   typedef int8_t q7_t;
 414:Drivers/CMSIS/DSP/Include/arm_math.h **** 
 415:Drivers/CMSIS/DSP/Include/arm_math.h ****   /**
 416:Drivers/CMSIS/DSP/Include/arm_math.h ****    * @brief 16-bit fractional data type in 1.15 format.
 417:Drivers/CMSIS/DSP/Include/arm_math.h ****    */
 418:Drivers/CMSIS/DSP/Include/arm_math.h ****   typedef int16_t q15_t;
 419:Drivers/CMSIS/DSP/Include/arm_math.h **** 
 420:Drivers/CMSIS/DSP/Include/arm_math.h ****   /**
 421:Drivers/CMSIS/DSP/Include/arm_math.h ****    * @brief 32-bit fractional data type in 1.31 format.
 422:Drivers/CMSIS/DSP/Include/arm_math.h ****    */
 423:Drivers/CMSIS/DSP/Include/arm_math.h ****   typedef int32_t q31_t;
 424:Drivers/CMSIS/DSP/Include/arm_math.h **** 
 425:Drivers/CMSIS/DSP/Include/arm_math.h ****   /**
 426:Drivers/CMSIS/DSP/Include/arm_math.h ****    * @brief 64-bit fractional data type in 1.63 format.
 427:Drivers/CMSIS/DSP/Include/arm_math.h ****    */
 428:Drivers/CMSIS/DSP/Include/arm_math.h ****   typedef int64_t q63_t;
 429:Drivers/CMSIS/DSP/Include/arm_math.h **** 
 430:Drivers/CMSIS/DSP/Include/arm_math.h ****   /**
 431:Drivers/CMSIS/DSP/Include/arm_math.h ****    * @brief 32-bit floating-point type definition.
 432:Drivers/CMSIS/DSP/Include/arm_math.h ****    */
 433:Drivers/CMSIS/DSP/Include/arm_math.h ****   typedef float float32_t;
 434:Drivers/CMSIS/DSP/Include/arm_math.h **** 
 435:Drivers/CMSIS/DSP/Include/arm_math.h ****   /**
 436:Drivers/CMSIS/DSP/Include/arm_math.h ****    * @brief 64-bit floating-point type definition.
 437:Drivers/CMSIS/DSP/Include/arm_math.h ****    */
 438:Drivers/CMSIS/DSP/Include/arm_math.h ****   typedef double float64_t;
 439:Drivers/CMSIS/DSP/Include/arm_math.h **** 
ARM GAS  C:\Users\Lamp\AppData\Local\Temp\ccj3X8ei.s 			page 16


 440:Drivers/CMSIS/DSP/Include/arm_math.h ****   /**
 441:Drivers/CMSIS/DSP/Include/arm_math.h ****    * @brief definition to read/write two 16 bit values.
 442:Drivers/CMSIS/DSP/Include/arm_math.h ****    */
 443:Drivers/CMSIS/DSP/Include/arm_math.h **** #if   defined ( __CC_ARM )
 444:Drivers/CMSIS/DSP/Include/arm_math.h ****   #define __SIMD32_TYPE int32_t __packed
 445:Drivers/CMSIS/DSP/Include/arm_math.h ****   #define CMSIS_UNUSED __attribute__((unused))
 446:Drivers/CMSIS/DSP/Include/arm_math.h ****   #define CMSIS_INLINE __attribute__((always_inline))
 447:Drivers/CMSIS/DSP/Include/arm_math.h **** 
 448:Drivers/CMSIS/DSP/Include/arm_math.h **** #elif defined ( __ARMCC_VERSION ) && ( __ARMCC_VERSION >= 6010050 )
 449:Drivers/CMSIS/DSP/Include/arm_math.h ****   #define __SIMD32_TYPE int32_t
 450:Drivers/CMSIS/DSP/Include/arm_math.h ****   #define CMSIS_UNUSED __attribute__((unused))
 451:Drivers/CMSIS/DSP/Include/arm_math.h ****   #define CMSIS_INLINE __attribute__((always_inline))
 452:Drivers/CMSIS/DSP/Include/arm_math.h **** 
 453:Drivers/CMSIS/DSP/Include/arm_math.h **** #elif defined ( __GNUC__ )
 454:Drivers/CMSIS/DSP/Include/arm_math.h ****   #define __SIMD32_TYPE int32_t
 455:Drivers/CMSIS/DSP/Include/arm_math.h ****   #define CMSIS_UNUSED __attribute__((unused))
 456:Drivers/CMSIS/DSP/Include/arm_math.h ****   #define CMSIS_INLINE __attribute__((always_inline))
 457:Drivers/CMSIS/DSP/Include/arm_math.h **** 
 458:Drivers/CMSIS/DSP/Include/arm_math.h **** #elif defined ( __ICCARM__ )
 459:Drivers/CMSIS/DSP/Include/arm_math.h ****   #define __SIMD32_TYPE int32_t __packed
 460:Drivers/CMSIS/DSP/Include/arm_math.h ****   #define CMSIS_UNUSED
 461:Drivers/CMSIS/DSP/Include/arm_math.h ****   #define CMSIS_INLINE
 462:Drivers/CMSIS/DSP/Include/arm_math.h **** 
 463:Drivers/CMSIS/DSP/Include/arm_math.h **** #elif defined ( __TI_ARM__ )
 464:Drivers/CMSIS/DSP/Include/arm_math.h ****   #define __SIMD32_TYPE int32_t
 465:Drivers/CMSIS/DSP/Include/arm_math.h ****   #define CMSIS_UNUSED __attribute__((unused))
 466:Drivers/CMSIS/DSP/Include/arm_math.h ****   #define CMSIS_INLINE
 467:Drivers/CMSIS/DSP/Include/arm_math.h **** 
 468:Drivers/CMSIS/DSP/Include/arm_math.h **** #elif defined ( __CSMC__ )
 469:Drivers/CMSIS/DSP/Include/arm_math.h ****   #define __SIMD32_TYPE int32_t
 470:Drivers/CMSIS/DSP/Include/arm_math.h ****   #define CMSIS_UNUSED
 471:Drivers/CMSIS/DSP/Include/arm_math.h ****   #define CMSIS_INLINE
 472:Drivers/CMSIS/DSP/Include/arm_math.h **** 
 473:Drivers/CMSIS/DSP/Include/arm_math.h **** #elif defined ( __TASKING__ )
 474:Drivers/CMSIS/DSP/Include/arm_math.h ****   #define __SIMD32_TYPE __unaligned int32_t
 475:Drivers/CMSIS/DSP/Include/arm_math.h ****   #define CMSIS_UNUSED
 476:Drivers/CMSIS/DSP/Include/arm_math.h ****   #define CMSIS_INLINE
 477:Drivers/CMSIS/DSP/Include/arm_math.h **** 
 478:Drivers/CMSIS/DSP/Include/arm_math.h **** #else
 479:Drivers/CMSIS/DSP/Include/arm_math.h ****   #error Unknown compiler
 480:Drivers/CMSIS/DSP/Include/arm_math.h **** #endif
 481:Drivers/CMSIS/DSP/Include/arm_math.h **** 
 482:Drivers/CMSIS/DSP/Include/arm_math.h **** #define __SIMD32(addr)        (*(__SIMD32_TYPE **) & (addr))
 483:Drivers/CMSIS/DSP/Include/arm_math.h **** #define __SIMD32_CONST(addr)  ((__SIMD32_TYPE *)(addr))
 484:Drivers/CMSIS/DSP/Include/arm_math.h **** #define _SIMD32_OFFSET(addr)  (*(__SIMD32_TYPE *)  (addr))
 485:Drivers/CMSIS/DSP/Include/arm_math.h **** #define __SIMD64(addr)        (*(int64_t **) & (addr))
 486:Drivers/CMSIS/DSP/Include/arm_math.h **** 
 487:Drivers/CMSIS/DSP/Include/arm_math.h **** #if !defined (ARM_MATH_DSP)
 488:Drivers/CMSIS/DSP/Include/arm_math.h ****   /**
 489:Drivers/CMSIS/DSP/Include/arm_math.h ****    * @brief definition to pack two 16 bit values.
 490:Drivers/CMSIS/DSP/Include/arm_math.h ****    */
 491:Drivers/CMSIS/DSP/Include/arm_math.h **** #define __PKHBT(ARG1, ARG2, ARG3) ( (((int32_t)(ARG1) <<    0) & (int32_t)0x0000FFFF) | \
 492:Drivers/CMSIS/DSP/Include/arm_math.h ****                                     (((int32_t)(ARG2) << ARG3) & (int32_t)0xFFFF0000)  )
 493:Drivers/CMSIS/DSP/Include/arm_math.h **** #define __PKHTB(ARG1, ARG2, ARG3) ( (((int32_t)(ARG1) <<    0) & (int32_t)0xFFFF0000) | \
 494:Drivers/CMSIS/DSP/Include/arm_math.h ****                                     (((int32_t)(ARG2) >> ARG3) & (int32_t)0x0000FFFF)  )
 495:Drivers/CMSIS/DSP/Include/arm_math.h **** 
 496:Drivers/CMSIS/DSP/Include/arm_math.h **** #endif /* !defined (ARM_MATH_DSP) */
ARM GAS  C:\Users\Lamp\AppData\Local\Temp\ccj3X8ei.s 			page 17


 497:Drivers/CMSIS/DSP/Include/arm_math.h **** 
 498:Drivers/CMSIS/DSP/Include/arm_math.h ****    /**
 499:Drivers/CMSIS/DSP/Include/arm_math.h ****    * @brief definition to pack four 8 bit values.
 500:Drivers/CMSIS/DSP/Include/arm_math.h ****    */
 501:Drivers/CMSIS/DSP/Include/arm_math.h **** #ifndef ARM_MATH_BIG_ENDIAN
 502:Drivers/CMSIS/DSP/Include/arm_math.h **** 
 503:Drivers/CMSIS/DSP/Include/arm_math.h **** #define __PACKq7(v0,v1,v2,v3) ( (((int32_t)(v0) <<  0) & (int32_t)0x000000FF) | \
 504:Drivers/CMSIS/DSP/Include/arm_math.h ****                                 (((int32_t)(v1) <<  8) & (int32_t)0x0000FF00) | \
 505:Drivers/CMSIS/DSP/Include/arm_math.h ****                                 (((int32_t)(v2) << 16) & (int32_t)0x00FF0000) | \
 506:Drivers/CMSIS/DSP/Include/arm_math.h ****                                 (((int32_t)(v3) << 24) & (int32_t)0xFF000000)  )
 507:Drivers/CMSIS/DSP/Include/arm_math.h **** #else
 508:Drivers/CMSIS/DSP/Include/arm_math.h **** 
 509:Drivers/CMSIS/DSP/Include/arm_math.h **** #define __PACKq7(v0,v1,v2,v3) ( (((int32_t)(v3) <<  0) & (int32_t)0x000000FF) | \
 510:Drivers/CMSIS/DSP/Include/arm_math.h ****                                 (((int32_t)(v2) <<  8) & (int32_t)0x0000FF00) | \
 511:Drivers/CMSIS/DSP/Include/arm_math.h ****                                 (((int32_t)(v1) << 16) & (int32_t)0x00FF0000) | \
 512:Drivers/CMSIS/DSP/Include/arm_math.h ****                                 (((int32_t)(v0) << 24) & (int32_t)0xFF000000)  )
 513:Drivers/CMSIS/DSP/Include/arm_math.h **** 
 514:Drivers/CMSIS/DSP/Include/arm_math.h **** #endif
 515:Drivers/CMSIS/DSP/Include/arm_math.h **** 
 516:Drivers/CMSIS/DSP/Include/arm_math.h **** 
 517:Drivers/CMSIS/DSP/Include/arm_math.h ****   /**
 518:Drivers/CMSIS/DSP/Include/arm_math.h ****    * @brief Clips Q63 to Q31 values.
 519:Drivers/CMSIS/DSP/Include/arm_math.h ****    */
 520:Drivers/CMSIS/DSP/Include/arm_math.h ****   CMSIS_INLINE __STATIC_INLINE q31_t clip_q63_to_q31(
 521:Drivers/CMSIS/DSP/Include/arm_math.h ****   q63_t x)
 522:Drivers/CMSIS/DSP/Include/arm_math.h ****   {
 523:Drivers/CMSIS/DSP/Include/arm_math.h ****     return ((q31_t) (x >> 32) != ((q31_t) x >> 31)) ?
 524:Drivers/CMSIS/DSP/Include/arm_math.h ****       ((0x7FFFFFFF ^ ((q31_t) (x >> 63)))) : (q31_t) x;
 525:Drivers/CMSIS/DSP/Include/arm_math.h ****   }
 526:Drivers/CMSIS/DSP/Include/arm_math.h **** 
 527:Drivers/CMSIS/DSP/Include/arm_math.h ****   /**
 528:Drivers/CMSIS/DSP/Include/arm_math.h ****    * @brief Clips Q63 to Q15 values.
 529:Drivers/CMSIS/DSP/Include/arm_math.h ****    */
 530:Drivers/CMSIS/DSP/Include/arm_math.h ****   CMSIS_INLINE __STATIC_INLINE q15_t clip_q63_to_q15(
 531:Drivers/CMSIS/DSP/Include/arm_math.h ****   q63_t x)
 532:Drivers/CMSIS/DSP/Include/arm_math.h ****   {
 533:Drivers/CMSIS/DSP/Include/arm_math.h ****     return ((q31_t) (x >> 32) != ((q31_t) x >> 31)) ?
 534:Drivers/CMSIS/DSP/Include/arm_math.h ****       ((0x7FFF ^ ((q15_t) (x >> 63)))) : (q15_t) (x >> 15);
 535:Drivers/CMSIS/DSP/Include/arm_math.h ****   }
 536:Drivers/CMSIS/DSP/Include/arm_math.h **** 
 537:Drivers/CMSIS/DSP/Include/arm_math.h ****   /**
 538:Drivers/CMSIS/DSP/Include/arm_math.h ****    * @brief Clips Q31 to Q7 values.
 539:Drivers/CMSIS/DSP/Include/arm_math.h ****    */
 540:Drivers/CMSIS/DSP/Include/arm_math.h ****   CMSIS_INLINE __STATIC_INLINE q7_t clip_q31_to_q7(
 541:Drivers/CMSIS/DSP/Include/arm_math.h ****   q31_t x)
 542:Drivers/CMSIS/DSP/Include/arm_math.h ****   {
 543:Drivers/CMSIS/DSP/Include/arm_math.h ****     return ((q31_t) (x >> 24) != ((q31_t) x >> 23)) ?
 544:Drivers/CMSIS/DSP/Include/arm_math.h ****       ((0x7F ^ ((q7_t) (x >> 31)))) : (q7_t) x;
 545:Drivers/CMSIS/DSP/Include/arm_math.h ****   }
 546:Drivers/CMSIS/DSP/Include/arm_math.h **** 
 547:Drivers/CMSIS/DSP/Include/arm_math.h ****   /**
 548:Drivers/CMSIS/DSP/Include/arm_math.h ****    * @brief Clips Q31 to Q15 values.
 549:Drivers/CMSIS/DSP/Include/arm_math.h ****    */
 550:Drivers/CMSIS/DSP/Include/arm_math.h ****   CMSIS_INLINE __STATIC_INLINE q15_t clip_q31_to_q15(
 551:Drivers/CMSIS/DSP/Include/arm_math.h ****   q31_t x)
 552:Drivers/CMSIS/DSP/Include/arm_math.h ****   {
 553:Drivers/CMSIS/DSP/Include/arm_math.h ****     return ((q31_t) (x >> 16) != ((q31_t) x >> 15)) ?
ARM GAS  C:\Users\Lamp\AppData\Local\Temp\ccj3X8ei.s 			page 18


 554:Drivers/CMSIS/DSP/Include/arm_math.h ****       ((0x7FFF ^ ((q15_t) (x >> 31)))) : (q15_t) x;
 555:Drivers/CMSIS/DSP/Include/arm_math.h ****   }
 556:Drivers/CMSIS/DSP/Include/arm_math.h **** 
 557:Drivers/CMSIS/DSP/Include/arm_math.h ****   /**
 558:Drivers/CMSIS/DSP/Include/arm_math.h ****    * @brief Multiplies 32 X 64 and returns 32 bit result in 2.30 format.
 559:Drivers/CMSIS/DSP/Include/arm_math.h ****    */
 560:Drivers/CMSIS/DSP/Include/arm_math.h **** 
 561:Drivers/CMSIS/DSP/Include/arm_math.h ****   CMSIS_INLINE __STATIC_INLINE q63_t mult32x64(
 562:Drivers/CMSIS/DSP/Include/arm_math.h ****   q63_t x,
 563:Drivers/CMSIS/DSP/Include/arm_math.h ****   q31_t y)
 564:Drivers/CMSIS/DSP/Include/arm_math.h ****   {
 565:Drivers/CMSIS/DSP/Include/arm_math.h ****     return ((((q63_t) (x & 0x00000000FFFFFFFF) * y) >> 32) +
 566:Drivers/CMSIS/DSP/Include/arm_math.h ****             (((q63_t) (x >> 32) * y)));
 567:Drivers/CMSIS/DSP/Include/arm_math.h ****   }
 568:Drivers/CMSIS/DSP/Include/arm_math.h **** 
 569:Drivers/CMSIS/DSP/Include/arm_math.h ****   /**
 570:Drivers/CMSIS/DSP/Include/arm_math.h ****    * @brief Function to Calculates 1/in (reciprocal) value of Q31 Data type.
 571:Drivers/CMSIS/DSP/Include/arm_math.h ****    */
 572:Drivers/CMSIS/DSP/Include/arm_math.h **** 
 573:Drivers/CMSIS/DSP/Include/arm_math.h ****   CMSIS_INLINE __STATIC_INLINE uint32_t arm_recip_q31(
 574:Drivers/CMSIS/DSP/Include/arm_math.h ****   q31_t in,
 575:Drivers/CMSIS/DSP/Include/arm_math.h ****   q31_t * dst,
 576:Drivers/CMSIS/DSP/Include/arm_math.h ****   q31_t * pRecipTable)
 577:Drivers/CMSIS/DSP/Include/arm_math.h ****   {
 578:Drivers/CMSIS/DSP/Include/arm_math.h ****     q31_t out;
 579:Drivers/CMSIS/DSP/Include/arm_math.h ****     uint32_t tempVal;
 580:Drivers/CMSIS/DSP/Include/arm_math.h ****     uint32_t index, i;
 581:Drivers/CMSIS/DSP/Include/arm_math.h ****     uint32_t signBits;
 582:Drivers/CMSIS/DSP/Include/arm_math.h **** 
 583:Drivers/CMSIS/DSP/Include/arm_math.h ****     if (in > 0)
 584:Drivers/CMSIS/DSP/Include/arm_math.h ****     {
 585:Drivers/CMSIS/DSP/Include/arm_math.h ****       signBits = ((uint32_t) (__CLZ( in) - 1));
 586:Drivers/CMSIS/DSP/Include/arm_math.h ****     }
 587:Drivers/CMSIS/DSP/Include/arm_math.h ****     else
 588:Drivers/CMSIS/DSP/Include/arm_math.h ****     {
 589:Drivers/CMSIS/DSP/Include/arm_math.h ****       signBits = ((uint32_t) (__CLZ(-in) - 1));
 590:Drivers/CMSIS/DSP/Include/arm_math.h ****     }
 591:Drivers/CMSIS/DSP/Include/arm_math.h **** 
 592:Drivers/CMSIS/DSP/Include/arm_math.h ****     /* Convert input sample to 1.31 format */
 593:Drivers/CMSIS/DSP/Include/arm_math.h ****     in = (in << signBits);
 594:Drivers/CMSIS/DSP/Include/arm_math.h **** 
 595:Drivers/CMSIS/DSP/Include/arm_math.h ****     /* calculation of index for initial approximated Val */
 596:Drivers/CMSIS/DSP/Include/arm_math.h ****     index = (uint32_t)(in >> 24);
 597:Drivers/CMSIS/DSP/Include/arm_math.h ****     index = (index & INDEX_MASK);
 598:Drivers/CMSIS/DSP/Include/arm_math.h **** 
 599:Drivers/CMSIS/DSP/Include/arm_math.h ****     /* 1.31 with exp 1 */
 600:Drivers/CMSIS/DSP/Include/arm_math.h ****     out = pRecipTable[index];
 601:Drivers/CMSIS/DSP/Include/arm_math.h **** 
 602:Drivers/CMSIS/DSP/Include/arm_math.h ****     /* calculation of reciprocal value */
 603:Drivers/CMSIS/DSP/Include/arm_math.h ****     /* running approximation for two iterations */
 604:Drivers/CMSIS/DSP/Include/arm_math.h ****     for (i = 0U; i < 2U; i++)
 605:Drivers/CMSIS/DSP/Include/arm_math.h ****     {
 606:Drivers/CMSIS/DSP/Include/arm_math.h ****       tempVal = (uint32_t) (((q63_t) in * out) >> 31);
 607:Drivers/CMSIS/DSP/Include/arm_math.h ****       tempVal = 0x7FFFFFFFu - tempVal;
 608:Drivers/CMSIS/DSP/Include/arm_math.h ****       /*      1.31 with exp 1 */
 609:Drivers/CMSIS/DSP/Include/arm_math.h ****       /* out = (q31_t) (((q63_t) out * tempVal) >> 30); */
 610:Drivers/CMSIS/DSP/Include/arm_math.h ****       out = clip_q63_to_q31(((q63_t) out * tempVal) >> 30);
ARM GAS  C:\Users\Lamp\AppData\Local\Temp\ccj3X8ei.s 			page 19


 611:Drivers/CMSIS/DSP/Include/arm_math.h ****     }
 612:Drivers/CMSIS/DSP/Include/arm_math.h **** 
 613:Drivers/CMSIS/DSP/Include/arm_math.h ****     /* write output */
 614:Drivers/CMSIS/DSP/Include/arm_math.h ****     *dst = out;
 615:Drivers/CMSIS/DSP/Include/arm_math.h **** 
 616:Drivers/CMSIS/DSP/Include/arm_math.h ****     /* return num of signbits of out = 1/in value */
 617:Drivers/CMSIS/DSP/Include/arm_math.h ****     return (signBits + 1U);
 618:Drivers/CMSIS/DSP/Include/arm_math.h ****   }
 619:Drivers/CMSIS/DSP/Include/arm_math.h **** 
 620:Drivers/CMSIS/DSP/Include/arm_math.h **** 
 621:Drivers/CMSIS/DSP/Include/arm_math.h ****   /**
 622:Drivers/CMSIS/DSP/Include/arm_math.h ****    * @brief Function to Calculates 1/in (reciprocal) value of Q15 Data type.
 623:Drivers/CMSIS/DSP/Include/arm_math.h ****    */
 624:Drivers/CMSIS/DSP/Include/arm_math.h ****   CMSIS_INLINE __STATIC_INLINE uint32_t arm_recip_q15(
 625:Drivers/CMSIS/DSP/Include/arm_math.h ****   q15_t in,
 626:Drivers/CMSIS/DSP/Include/arm_math.h ****   q15_t * dst,
 627:Drivers/CMSIS/DSP/Include/arm_math.h ****   q15_t * pRecipTable)
 628:Drivers/CMSIS/DSP/Include/arm_math.h ****   {
 629:Drivers/CMSIS/DSP/Include/arm_math.h ****     q15_t out = 0;
 630:Drivers/CMSIS/DSP/Include/arm_math.h ****     uint32_t tempVal = 0;
 631:Drivers/CMSIS/DSP/Include/arm_math.h ****     uint32_t index = 0, i = 0;
 632:Drivers/CMSIS/DSP/Include/arm_math.h ****     uint32_t signBits = 0;
 633:Drivers/CMSIS/DSP/Include/arm_math.h **** 
 634:Drivers/CMSIS/DSP/Include/arm_math.h ****     if (in > 0)
 635:Drivers/CMSIS/DSP/Include/arm_math.h ****     {
 636:Drivers/CMSIS/DSP/Include/arm_math.h ****       signBits = ((uint32_t)(__CLZ( in) - 17));
 637:Drivers/CMSIS/DSP/Include/arm_math.h ****     }
 638:Drivers/CMSIS/DSP/Include/arm_math.h ****     else
 639:Drivers/CMSIS/DSP/Include/arm_math.h ****     {
 640:Drivers/CMSIS/DSP/Include/arm_math.h ****       signBits = ((uint32_t)(__CLZ(-in) - 17));
 641:Drivers/CMSIS/DSP/Include/arm_math.h ****     }
 642:Drivers/CMSIS/DSP/Include/arm_math.h **** 
 643:Drivers/CMSIS/DSP/Include/arm_math.h ****     /* Convert input sample to 1.15 format */
 644:Drivers/CMSIS/DSP/Include/arm_math.h ****     in = (in << signBits);
 645:Drivers/CMSIS/DSP/Include/arm_math.h **** 
 646:Drivers/CMSIS/DSP/Include/arm_math.h ****     /* calculation of index for initial approximated Val */
 647:Drivers/CMSIS/DSP/Include/arm_math.h ****     index = (uint32_t)(in >>  8);
 648:Drivers/CMSIS/DSP/Include/arm_math.h ****     index = (index & INDEX_MASK);
 649:Drivers/CMSIS/DSP/Include/arm_math.h **** 
 650:Drivers/CMSIS/DSP/Include/arm_math.h ****     /*      1.15 with exp 1  */
 651:Drivers/CMSIS/DSP/Include/arm_math.h ****     out = pRecipTable[index];
 652:Drivers/CMSIS/DSP/Include/arm_math.h **** 
 653:Drivers/CMSIS/DSP/Include/arm_math.h ****     /* calculation of reciprocal value */
 654:Drivers/CMSIS/DSP/Include/arm_math.h ****     /* running approximation for two iterations */
 655:Drivers/CMSIS/DSP/Include/arm_math.h ****     for (i = 0U; i < 2U; i++)
 656:Drivers/CMSIS/DSP/Include/arm_math.h ****     {
 657:Drivers/CMSIS/DSP/Include/arm_math.h ****       tempVal = (uint32_t) (((q31_t) in * out) >> 15);
 658:Drivers/CMSIS/DSP/Include/arm_math.h ****       tempVal = 0x7FFFu - tempVal;
 659:Drivers/CMSIS/DSP/Include/arm_math.h ****       /*      1.15 with exp 1 */
 660:Drivers/CMSIS/DSP/Include/arm_math.h ****       out = (q15_t) (((q31_t) out * tempVal) >> 14);
 661:Drivers/CMSIS/DSP/Include/arm_math.h ****       /* out = clip_q31_to_q15(((q31_t) out * tempVal) >> 14); */
 662:Drivers/CMSIS/DSP/Include/arm_math.h ****     }
 663:Drivers/CMSIS/DSP/Include/arm_math.h **** 
 664:Drivers/CMSIS/DSP/Include/arm_math.h ****     /* write output */
 665:Drivers/CMSIS/DSP/Include/arm_math.h ****     *dst = out;
 666:Drivers/CMSIS/DSP/Include/arm_math.h **** 
 667:Drivers/CMSIS/DSP/Include/arm_math.h ****     /* return num of signbits of out = 1/in value */
ARM GAS  C:\Users\Lamp\AppData\Local\Temp\ccj3X8ei.s 			page 20


 668:Drivers/CMSIS/DSP/Include/arm_math.h ****     return (signBits + 1);
 669:Drivers/CMSIS/DSP/Include/arm_math.h ****   }
 670:Drivers/CMSIS/DSP/Include/arm_math.h **** 
 671:Drivers/CMSIS/DSP/Include/arm_math.h **** 
 672:Drivers/CMSIS/DSP/Include/arm_math.h **** /*
 673:Drivers/CMSIS/DSP/Include/arm_math.h ****  * @brief C custom defined intrinsic function for M3 and M0 processors
 674:Drivers/CMSIS/DSP/Include/arm_math.h ****  */
 675:Drivers/CMSIS/DSP/Include/arm_math.h **** #if !defined (ARM_MATH_DSP)
 676:Drivers/CMSIS/DSP/Include/arm_math.h **** 
 677:Drivers/CMSIS/DSP/Include/arm_math.h ****   /*
 678:Drivers/CMSIS/DSP/Include/arm_math.h ****    * @brief C custom defined QADD8 for M3 and M0 processors
 679:Drivers/CMSIS/DSP/Include/arm_math.h ****    */
 680:Drivers/CMSIS/DSP/Include/arm_math.h ****   CMSIS_INLINE __STATIC_INLINE uint32_t __QADD8(
 681:Drivers/CMSIS/DSP/Include/arm_math.h ****   uint32_t x,
 682:Drivers/CMSIS/DSP/Include/arm_math.h ****   uint32_t y)
 683:Drivers/CMSIS/DSP/Include/arm_math.h ****   {
 684:Drivers/CMSIS/DSP/Include/arm_math.h ****     q31_t r, s, t, u;
 685:Drivers/CMSIS/DSP/Include/arm_math.h **** 
 686:Drivers/CMSIS/DSP/Include/arm_math.h ****     r = __SSAT(((((q31_t)x << 24) >> 24) + (((q31_t)y << 24) >> 24)), 8) & (int32_t)0x000000FF;
 687:Drivers/CMSIS/DSP/Include/arm_math.h ****     s = __SSAT(((((q31_t)x << 16) >> 24) + (((q31_t)y << 16) >> 24)), 8) & (int32_t)0x000000FF;
 688:Drivers/CMSIS/DSP/Include/arm_math.h ****     t = __SSAT(((((q31_t)x <<  8) >> 24) + (((q31_t)y <<  8) >> 24)), 8) & (int32_t)0x000000FF;
 689:Drivers/CMSIS/DSP/Include/arm_math.h ****     u = __SSAT(((((q31_t)x      ) >> 24) + (((q31_t)y      ) >> 24)), 8) & (int32_t)0x000000FF;
 690:Drivers/CMSIS/DSP/Include/arm_math.h **** 
 691:Drivers/CMSIS/DSP/Include/arm_math.h ****     return ((uint32_t)((u << 24) | (t << 16) | (s <<  8) | (r      )));
 692:Drivers/CMSIS/DSP/Include/arm_math.h ****   }
 693:Drivers/CMSIS/DSP/Include/arm_math.h **** 
 694:Drivers/CMSIS/DSP/Include/arm_math.h **** 
 695:Drivers/CMSIS/DSP/Include/arm_math.h ****   /*
 696:Drivers/CMSIS/DSP/Include/arm_math.h ****    * @brief C custom defined QSUB8 for M3 and M0 processors
 697:Drivers/CMSIS/DSP/Include/arm_math.h ****    */
 698:Drivers/CMSIS/DSP/Include/arm_math.h ****   CMSIS_INLINE __STATIC_INLINE uint32_t __QSUB8(
 699:Drivers/CMSIS/DSP/Include/arm_math.h ****   uint32_t x,
 700:Drivers/CMSIS/DSP/Include/arm_math.h ****   uint32_t y)
 701:Drivers/CMSIS/DSP/Include/arm_math.h ****   {
 702:Drivers/CMSIS/DSP/Include/arm_math.h ****     q31_t r, s, t, u;
 703:Drivers/CMSIS/DSP/Include/arm_math.h **** 
 704:Drivers/CMSIS/DSP/Include/arm_math.h ****     r = __SSAT(((((q31_t)x << 24) >> 24) - (((q31_t)y << 24) >> 24)), 8) & (int32_t)0x000000FF;
 705:Drivers/CMSIS/DSP/Include/arm_math.h ****     s = __SSAT(((((q31_t)x << 16) >> 24) - (((q31_t)y << 16) >> 24)), 8) & (int32_t)0x000000FF;
 706:Drivers/CMSIS/DSP/Include/arm_math.h ****     t = __SSAT(((((q31_t)x <<  8) >> 24) - (((q31_t)y <<  8) >> 24)), 8) & (int32_t)0x000000FF;
 707:Drivers/CMSIS/DSP/Include/arm_math.h ****     u = __SSAT(((((q31_t)x      ) >> 24) - (((q31_t)y      ) >> 24)), 8) & (int32_t)0x000000FF;
 708:Drivers/CMSIS/DSP/Include/arm_math.h **** 
 709:Drivers/CMSIS/DSP/Include/arm_math.h ****     return ((uint32_t)((u << 24) | (t << 16) | (s <<  8) | (r      )));
 710:Drivers/CMSIS/DSP/Include/arm_math.h ****   }
 711:Drivers/CMSIS/DSP/Include/arm_math.h **** 
 712:Drivers/CMSIS/DSP/Include/arm_math.h **** 
 713:Drivers/CMSIS/DSP/Include/arm_math.h ****   /*
 714:Drivers/CMSIS/DSP/Include/arm_math.h ****    * @brief C custom defined QADD16 for M3 and M0 processors
 715:Drivers/CMSIS/DSP/Include/arm_math.h ****    */
 716:Drivers/CMSIS/DSP/Include/arm_math.h ****   CMSIS_INLINE __STATIC_INLINE uint32_t __QADD16(
 717:Drivers/CMSIS/DSP/Include/arm_math.h ****   uint32_t x,
 718:Drivers/CMSIS/DSP/Include/arm_math.h ****   uint32_t y)
 719:Drivers/CMSIS/DSP/Include/arm_math.h ****   {
 720:Drivers/CMSIS/DSP/Include/arm_math.h **** /*  q31_t r,     s;  without initialisation 'arm_offset_q15 test' fails  but 'intrinsic' tests pass
 721:Drivers/CMSIS/DSP/Include/arm_math.h ****     q31_t r = 0, s = 0;
 722:Drivers/CMSIS/DSP/Include/arm_math.h **** 
 723:Drivers/CMSIS/DSP/Include/arm_math.h ****     r = __SSAT(((((q31_t)x << 16) >> 16) + (((q31_t)y << 16) >> 16)), 16) & (int32_t)0x0000FFFF;
 724:Drivers/CMSIS/DSP/Include/arm_math.h ****     s = __SSAT(((((q31_t)x      ) >> 16) + (((q31_t)y      ) >> 16)), 16) & (int32_t)0x0000FFFF;
ARM GAS  C:\Users\Lamp\AppData\Local\Temp\ccj3X8ei.s 			page 21


 725:Drivers/CMSIS/DSP/Include/arm_math.h **** 
 726:Drivers/CMSIS/DSP/Include/arm_math.h ****     return ((uint32_t)((s << 16) | (r      )));
 727:Drivers/CMSIS/DSP/Include/arm_math.h ****   }
 728:Drivers/CMSIS/DSP/Include/arm_math.h **** 
 729:Drivers/CMSIS/DSP/Include/arm_math.h **** 
 730:Drivers/CMSIS/DSP/Include/arm_math.h ****   /*
 731:Drivers/CMSIS/DSP/Include/arm_math.h ****    * @brief C custom defined SHADD16 for M3 and M0 processors
 732:Drivers/CMSIS/DSP/Include/arm_math.h ****    */
 733:Drivers/CMSIS/DSP/Include/arm_math.h ****   CMSIS_INLINE __STATIC_INLINE uint32_t __SHADD16(
 734:Drivers/CMSIS/DSP/Include/arm_math.h ****   uint32_t x,
 735:Drivers/CMSIS/DSP/Include/arm_math.h ****   uint32_t y)
 736:Drivers/CMSIS/DSP/Include/arm_math.h ****   {
 737:Drivers/CMSIS/DSP/Include/arm_math.h ****     q31_t r, s;
 738:Drivers/CMSIS/DSP/Include/arm_math.h **** 
 739:Drivers/CMSIS/DSP/Include/arm_math.h ****     r = (((((q31_t)x << 16) >> 16) + (((q31_t)y << 16) >> 16)) >> 1) & (int32_t)0x0000FFFF;
 740:Drivers/CMSIS/DSP/Include/arm_math.h ****     s = (((((q31_t)x      ) >> 16) + (((q31_t)y      ) >> 16)) >> 1) & (int32_t)0x0000FFFF;
 741:Drivers/CMSIS/DSP/Include/arm_math.h **** 
 742:Drivers/CMSIS/DSP/Include/arm_math.h ****     return ((uint32_t)((s << 16) | (r      )));
 743:Drivers/CMSIS/DSP/Include/arm_math.h ****   }
 744:Drivers/CMSIS/DSP/Include/arm_math.h **** 
 745:Drivers/CMSIS/DSP/Include/arm_math.h **** 
 746:Drivers/CMSIS/DSP/Include/arm_math.h ****   /*
 747:Drivers/CMSIS/DSP/Include/arm_math.h ****    * @brief C custom defined QSUB16 for M3 and M0 processors
 748:Drivers/CMSIS/DSP/Include/arm_math.h ****    */
 749:Drivers/CMSIS/DSP/Include/arm_math.h ****   CMSIS_INLINE __STATIC_INLINE uint32_t __QSUB16(
 750:Drivers/CMSIS/DSP/Include/arm_math.h ****   uint32_t x,
 751:Drivers/CMSIS/DSP/Include/arm_math.h ****   uint32_t y)
 752:Drivers/CMSIS/DSP/Include/arm_math.h ****   {
 753:Drivers/CMSIS/DSP/Include/arm_math.h ****     q31_t r, s;
 754:Drivers/CMSIS/DSP/Include/arm_math.h **** 
 755:Drivers/CMSIS/DSP/Include/arm_math.h ****     r = __SSAT(((((q31_t)x << 16) >> 16) - (((q31_t)y << 16) >> 16)), 16) & (int32_t)0x0000FFFF;
 756:Drivers/CMSIS/DSP/Include/arm_math.h ****     s = __SSAT(((((q31_t)x      ) >> 16) - (((q31_t)y      ) >> 16)), 16) & (int32_t)0x0000FFFF;
 757:Drivers/CMSIS/DSP/Include/arm_math.h **** 
 758:Drivers/CMSIS/DSP/Include/arm_math.h ****     return ((uint32_t)((s << 16) | (r      )));
 759:Drivers/CMSIS/DSP/Include/arm_math.h ****   }
 760:Drivers/CMSIS/DSP/Include/arm_math.h **** 
 761:Drivers/CMSIS/DSP/Include/arm_math.h **** 
 762:Drivers/CMSIS/DSP/Include/arm_math.h ****   /*
 763:Drivers/CMSIS/DSP/Include/arm_math.h ****    * @brief C custom defined SHSUB16 for M3 and M0 processors
 764:Drivers/CMSIS/DSP/Include/arm_math.h ****    */
 765:Drivers/CMSIS/DSP/Include/arm_math.h ****   CMSIS_INLINE __STATIC_INLINE uint32_t __SHSUB16(
 766:Drivers/CMSIS/DSP/Include/arm_math.h ****   uint32_t x,
 767:Drivers/CMSIS/DSP/Include/arm_math.h ****   uint32_t y)
 768:Drivers/CMSIS/DSP/Include/arm_math.h ****   {
 769:Drivers/CMSIS/DSP/Include/arm_math.h ****     q31_t r, s;
 770:Drivers/CMSIS/DSP/Include/arm_math.h **** 
 771:Drivers/CMSIS/DSP/Include/arm_math.h ****     r = (((((q31_t)x << 16) >> 16) - (((q31_t)y << 16) >> 16)) >> 1) & (int32_t)0x0000FFFF;
 772:Drivers/CMSIS/DSP/Include/arm_math.h ****     s = (((((q31_t)x      ) >> 16) - (((q31_t)y      ) >> 16)) >> 1) & (int32_t)0x0000FFFF;
 773:Drivers/CMSIS/DSP/Include/arm_math.h **** 
 774:Drivers/CMSIS/DSP/Include/arm_math.h ****     return ((uint32_t)((s << 16) | (r      )));
 775:Drivers/CMSIS/DSP/Include/arm_math.h ****   }
 776:Drivers/CMSIS/DSP/Include/arm_math.h **** 
 777:Drivers/CMSIS/DSP/Include/arm_math.h **** 
 778:Drivers/CMSIS/DSP/Include/arm_math.h ****   /*
 779:Drivers/CMSIS/DSP/Include/arm_math.h ****    * @brief C custom defined QASX for M3 and M0 processors
 780:Drivers/CMSIS/DSP/Include/arm_math.h ****    */
 781:Drivers/CMSIS/DSP/Include/arm_math.h ****   CMSIS_INLINE __STATIC_INLINE uint32_t __QASX(
ARM GAS  C:\Users\Lamp\AppData\Local\Temp\ccj3X8ei.s 			page 22


 782:Drivers/CMSIS/DSP/Include/arm_math.h ****   uint32_t x,
 783:Drivers/CMSIS/DSP/Include/arm_math.h ****   uint32_t y)
 784:Drivers/CMSIS/DSP/Include/arm_math.h ****   {
 785:Drivers/CMSIS/DSP/Include/arm_math.h ****     q31_t r, s;
 786:Drivers/CMSIS/DSP/Include/arm_math.h **** 
 787:Drivers/CMSIS/DSP/Include/arm_math.h ****     r = __SSAT(((((q31_t)x << 16) >> 16) - (((q31_t)y      ) >> 16)), 16) & (int32_t)0x0000FFFF;
 788:Drivers/CMSIS/DSP/Include/arm_math.h ****     s = __SSAT(((((q31_t)x      ) >> 16) + (((q31_t)y << 16) >> 16)), 16) & (int32_t)0x0000FFFF;
 789:Drivers/CMSIS/DSP/Include/arm_math.h **** 
 790:Drivers/CMSIS/DSP/Include/arm_math.h ****     return ((uint32_t)((s << 16) | (r      )));
 791:Drivers/CMSIS/DSP/Include/arm_math.h ****   }
 792:Drivers/CMSIS/DSP/Include/arm_math.h **** 
 793:Drivers/CMSIS/DSP/Include/arm_math.h **** 
 794:Drivers/CMSIS/DSP/Include/arm_math.h ****   /*
 795:Drivers/CMSIS/DSP/Include/arm_math.h ****    * @brief C custom defined SHASX for M3 and M0 processors
 796:Drivers/CMSIS/DSP/Include/arm_math.h ****    */
 797:Drivers/CMSIS/DSP/Include/arm_math.h ****   CMSIS_INLINE __STATIC_INLINE uint32_t __SHASX(
 798:Drivers/CMSIS/DSP/Include/arm_math.h ****   uint32_t x,
 799:Drivers/CMSIS/DSP/Include/arm_math.h ****   uint32_t y)
 800:Drivers/CMSIS/DSP/Include/arm_math.h ****   {
 801:Drivers/CMSIS/DSP/Include/arm_math.h ****     q31_t r, s;
 802:Drivers/CMSIS/DSP/Include/arm_math.h **** 
 803:Drivers/CMSIS/DSP/Include/arm_math.h ****     r = (((((q31_t)x << 16) >> 16) - (((q31_t)y      ) >> 16)) >> 1) & (int32_t)0x0000FFFF;
 804:Drivers/CMSIS/DSP/Include/arm_math.h ****     s = (((((q31_t)x      ) >> 16) + (((q31_t)y << 16) >> 16)) >> 1) & (int32_t)0x0000FFFF;
 805:Drivers/CMSIS/DSP/Include/arm_math.h **** 
 806:Drivers/CMSIS/DSP/Include/arm_math.h ****     return ((uint32_t)((s << 16) | (r      )));
 807:Drivers/CMSIS/DSP/Include/arm_math.h ****   }
 808:Drivers/CMSIS/DSP/Include/arm_math.h **** 
 809:Drivers/CMSIS/DSP/Include/arm_math.h **** 
 810:Drivers/CMSIS/DSP/Include/arm_math.h ****   /*
 811:Drivers/CMSIS/DSP/Include/arm_math.h ****    * @brief C custom defined QSAX for M3 and M0 processors
 812:Drivers/CMSIS/DSP/Include/arm_math.h ****    */
 813:Drivers/CMSIS/DSP/Include/arm_math.h ****   CMSIS_INLINE __STATIC_INLINE uint32_t __QSAX(
 814:Drivers/CMSIS/DSP/Include/arm_math.h ****   uint32_t x,
 815:Drivers/CMSIS/DSP/Include/arm_math.h ****   uint32_t y)
 816:Drivers/CMSIS/DSP/Include/arm_math.h ****   {
 817:Drivers/CMSIS/DSP/Include/arm_math.h ****     q31_t r, s;
 818:Drivers/CMSIS/DSP/Include/arm_math.h **** 
 819:Drivers/CMSIS/DSP/Include/arm_math.h ****     r = __SSAT(((((q31_t)x << 16) >> 16) + (((q31_t)y      ) >> 16)), 16) & (int32_t)0x0000FFFF;
 820:Drivers/CMSIS/DSP/Include/arm_math.h ****     s = __SSAT(((((q31_t)x      ) >> 16) - (((q31_t)y << 16) >> 16)), 16) & (int32_t)0x0000FFFF;
 821:Drivers/CMSIS/DSP/Include/arm_math.h **** 
 822:Drivers/CMSIS/DSP/Include/arm_math.h ****     return ((uint32_t)((s << 16) | (r      )));
 823:Drivers/CMSIS/DSP/Include/arm_math.h ****   }
 824:Drivers/CMSIS/DSP/Include/arm_math.h **** 
 825:Drivers/CMSIS/DSP/Include/arm_math.h **** 
 826:Drivers/CMSIS/DSP/Include/arm_math.h ****   /*
 827:Drivers/CMSIS/DSP/Include/arm_math.h ****    * @brief C custom defined SHSAX for M3 and M0 processors
 828:Drivers/CMSIS/DSP/Include/arm_math.h ****    */
 829:Drivers/CMSIS/DSP/Include/arm_math.h ****   CMSIS_INLINE __STATIC_INLINE uint32_t __SHSAX(
 830:Drivers/CMSIS/DSP/Include/arm_math.h ****   uint32_t x,
 831:Drivers/CMSIS/DSP/Include/arm_math.h ****   uint32_t y)
 832:Drivers/CMSIS/DSP/Include/arm_math.h ****   {
 833:Drivers/CMSIS/DSP/Include/arm_math.h ****     q31_t r, s;
 834:Drivers/CMSIS/DSP/Include/arm_math.h **** 
 835:Drivers/CMSIS/DSP/Include/arm_math.h ****     r = (((((q31_t)x << 16) >> 16) + (((q31_t)y      ) >> 16)) >> 1) & (int32_t)0x0000FFFF;
 836:Drivers/CMSIS/DSP/Include/arm_math.h ****     s = (((((q31_t)x      ) >> 16) - (((q31_t)y << 16) >> 16)) >> 1) & (int32_t)0x0000FFFF;
 837:Drivers/CMSIS/DSP/Include/arm_math.h **** 
 838:Drivers/CMSIS/DSP/Include/arm_math.h ****     return ((uint32_t)((s << 16) | (r      )));
ARM GAS  C:\Users\Lamp\AppData\Local\Temp\ccj3X8ei.s 			page 23


 839:Drivers/CMSIS/DSP/Include/arm_math.h ****   }
 840:Drivers/CMSIS/DSP/Include/arm_math.h **** 
 841:Drivers/CMSIS/DSP/Include/arm_math.h **** 
 842:Drivers/CMSIS/DSP/Include/arm_math.h ****   /*
 843:Drivers/CMSIS/DSP/Include/arm_math.h ****    * @brief C custom defined SMUSDX for M3 and M0 processors
 844:Drivers/CMSIS/DSP/Include/arm_math.h ****    */
 845:Drivers/CMSIS/DSP/Include/arm_math.h ****   CMSIS_INLINE __STATIC_INLINE uint32_t __SMUSDX(
 846:Drivers/CMSIS/DSP/Include/arm_math.h ****   uint32_t x,
 847:Drivers/CMSIS/DSP/Include/arm_math.h ****   uint32_t y)
 848:Drivers/CMSIS/DSP/Include/arm_math.h ****   {
 849:Drivers/CMSIS/DSP/Include/arm_math.h ****     return ((uint32_t)(((((q31_t)x << 16) >> 16) * (((q31_t)y      ) >> 16)) -
 850:Drivers/CMSIS/DSP/Include/arm_math.h ****                        ((((q31_t)x      ) >> 16) * (((q31_t)y << 16) >> 16))   ));
 851:Drivers/CMSIS/DSP/Include/arm_math.h ****   }
 852:Drivers/CMSIS/DSP/Include/arm_math.h **** 
 853:Drivers/CMSIS/DSP/Include/arm_math.h ****   /*
 854:Drivers/CMSIS/DSP/Include/arm_math.h ****    * @brief C custom defined SMUADX for M3 and M0 processors
 855:Drivers/CMSIS/DSP/Include/arm_math.h ****    */
 856:Drivers/CMSIS/DSP/Include/arm_math.h ****   CMSIS_INLINE __STATIC_INLINE uint32_t __SMUADX(
 857:Drivers/CMSIS/DSP/Include/arm_math.h ****   uint32_t x,
 858:Drivers/CMSIS/DSP/Include/arm_math.h ****   uint32_t y)
 859:Drivers/CMSIS/DSP/Include/arm_math.h ****   {
 860:Drivers/CMSIS/DSP/Include/arm_math.h ****     return ((uint32_t)(((((q31_t)x << 16) >> 16) * (((q31_t)y      ) >> 16)) +
 861:Drivers/CMSIS/DSP/Include/arm_math.h ****                        ((((q31_t)x      ) >> 16) * (((q31_t)y << 16) >> 16))   ));
 862:Drivers/CMSIS/DSP/Include/arm_math.h ****   }
 863:Drivers/CMSIS/DSP/Include/arm_math.h **** 
 864:Drivers/CMSIS/DSP/Include/arm_math.h **** 
 865:Drivers/CMSIS/DSP/Include/arm_math.h ****   /*
 866:Drivers/CMSIS/DSP/Include/arm_math.h ****    * @brief C custom defined QADD for M3 and M0 processors
 867:Drivers/CMSIS/DSP/Include/arm_math.h ****    */
 868:Drivers/CMSIS/DSP/Include/arm_math.h ****   CMSIS_INLINE __STATIC_INLINE int32_t __QADD(
 869:Drivers/CMSIS/DSP/Include/arm_math.h ****   int32_t x,
 870:Drivers/CMSIS/DSP/Include/arm_math.h ****   int32_t y)
 871:Drivers/CMSIS/DSP/Include/arm_math.h ****   {
 872:Drivers/CMSIS/DSP/Include/arm_math.h ****     return ((int32_t)(clip_q63_to_q31((q63_t)x + (q31_t)y)));
 873:Drivers/CMSIS/DSP/Include/arm_math.h ****   }
 874:Drivers/CMSIS/DSP/Include/arm_math.h **** 
 875:Drivers/CMSIS/DSP/Include/arm_math.h **** 
 876:Drivers/CMSIS/DSP/Include/arm_math.h ****   /*
 877:Drivers/CMSIS/DSP/Include/arm_math.h ****    * @brief C custom defined QSUB for M3 and M0 processors
 878:Drivers/CMSIS/DSP/Include/arm_math.h ****    */
 879:Drivers/CMSIS/DSP/Include/arm_math.h ****   CMSIS_INLINE __STATIC_INLINE int32_t __QSUB(
 880:Drivers/CMSIS/DSP/Include/arm_math.h ****   int32_t x,
 881:Drivers/CMSIS/DSP/Include/arm_math.h ****   int32_t y)
 882:Drivers/CMSIS/DSP/Include/arm_math.h ****   {
 883:Drivers/CMSIS/DSP/Include/arm_math.h ****     return ((int32_t)(clip_q63_to_q31((q63_t)x - (q31_t)y)));
 884:Drivers/CMSIS/DSP/Include/arm_math.h ****   }
 885:Drivers/CMSIS/DSP/Include/arm_math.h **** 
 886:Drivers/CMSIS/DSP/Include/arm_math.h **** 
 887:Drivers/CMSIS/DSP/Include/arm_math.h ****   /*
 888:Drivers/CMSIS/DSP/Include/arm_math.h ****    * @brief C custom defined SMLAD for M3 and M0 processors
 889:Drivers/CMSIS/DSP/Include/arm_math.h ****    */
 890:Drivers/CMSIS/DSP/Include/arm_math.h ****   CMSIS_INLINE __STATIC_INLINE uint32_t __SMLAD(
 200              		.loc 2 890 41 is_stmt 1 view .LVU67
 201              	.LBB63:
 891:Drivers/CMSIS/DSP/Include/arm_math.h ****   uint32_t x,
 892:Drivers/CMSIS/DSP/Include/arm_math.h ****   uint32_t y,
 893:Drivers/CMSIS/DSP/Include/arm_math.h ****   uint32_t sum)
ARM GAS  C:\Users\Lamp\AppData\Local\Temp\ccj3X8ei.s 			page 24


 894:Drivers/CMSIS/DSP/Include/arm_math.h ****   {
 895:Drivers/CMSIS/DSP/Include/arm_math.h ****     return ((uint32_t)(((((q31_t)x << 16) >> 16) * (((q31_t)y << 16) >> 16)) +
 202              		.loc 2 895 5 view .LVU68
 203              		.loc 2 895 43 is_stmt 0 view .LVU69
 204 0082 0FFA84FB 		sxth	fp, r4
 205              		.loc 2 895 70 view .LVU70
 206 0086 0FFA82FE 		sxth	lr, r2
 896:Drivers/CMSIS/DSP/Include/arm_math.h ****                        ((((q31_t)x      ) >> 16) * (((q31_t)y      ) >> 16)) +
 207              		.loc 2 896 43 view .LVU71
 208 008a 2414     		asrs	r4, r4, #16
 209              	.LVL30:
 210              		.loc 2 896 70 view .LVU72
 211 008c 1214     		asrs	r2, r2, #16
 212              	.LVL31:
 213              		.loc 2 896 50 view .LVU73
 214 008e 04FB02F2 		mul	r2, r4, r2
 895:Drivers/CMSIS/DSP/Include/arm_math.h ****                        ((((q31_t)x      ) >> 16) * (((q31_t)y      ) >> 16)) +
 215              		.loc 2 895 78 view .LVU74
 216 0092 0BFB0E22 		mla	r2, fp, lr, r2
 217              		.loc 2 896 78 view .LVU75
 218 0096 1A44     		add	r2, r2, r3
 219              	.LVL32:
 220              		.loc 2 896 78 view .LVU76
 221              	.LBE63:
 222              	.LBE62:
 195:Drivers/CMSIS/DSP/Source/FilteringFunctions/arm_correlate_fast_q15.c ****       /* x[3] * y[srcBLen - 1] , x[2] * y[srcBLen - 2] */
 196:Drivers/CMSIS/DSP/Source/FilteringFunctions/arm_correlate_fast_q15.c ****       sum = __SMLAD(*__SIMD32(px)++, *__SIMD32(py)++, sum);
 223              		.loc 1 196 7 is_stmt 1 view .LVU77
 224              		.loc 1 196 21 is_stmt 0 view .LVU78
 225 0098 4068     		ldr	r0, [r0, #4]
 226              	.LVL33:
 227              		.loc 1 196 38 view .LVU79
 228 009a 4968     		ldr	r1, [r1, #4]
 229              	.LVL34:
 230              	.LBB64:
 231              	.LBI64:
 890:Drivers/CMSIS/DSP/Include/arm_math.h ****   uint32_t x,
 232              		.loc 2 890 41 is_stmt 1 view .LVU80
 233              	.LBB65:
 895:Drivers/CMSIS/DSP/Include/arm_math.h ****                        ((((q31_t)x      ) >> 16) * (((q31_t)y      ) >> 16)) +
 234              		.loc 2 895 5 view .LVU81
 895:Drivers/CMSIS/DSP/Include/arm_math.h ****                        ((((q31_t)x      ) >> 16) * (((q31_t)y      ) >> 16)) +
 235              		.loc 2 895 43 is_stmt 0 view .LVU82
 236 009c 0FFA80FE 		sxth	lr, r0
 895:Drivers/CMSIS/DSP/Include/arm_math.h ****                        ((((q31_t)x      ) >> 16) * (((q31_t)y      ) >> 16)) +
 237              		.loc 2 895 70 view .LVU83
 238 00a0 0CB2     		sxth	r4, r1
 239              		.loc 2 896 43 view .LVU84
 240 00a2 0014     		asrs	r0, r0, #16
 241              	.LVL35:
 242              		.loc 2 896 70 view .LVU85
 243 00a4 0914     		asrs	r1, r1, #16
 244              	.LVL36:
 245              		.loc 2 896 50 view .LVU86
 246 00a6 00FB01F1 		mul	r1, r0, r1
 895:Drivers/CMSIS/DSP/Include/arm_math.h ****                        ((((q31_t)x      ) >> 16) * (((q31_t)y      ) >> 16)) +
 247              		.loc 2 895 78 view .LVU87
ARM GAS  C:\Users\Lamp\AppData\Local\Temp\ccj3X8ei.s 			page 25


 248 00aa 0EFB0413 		mla	r3, lr, r4, r1
 249              		.loc 2 896 78 view .LVU88
 250 00ae 1344     		add	r3, r3, r2
 251              	.LVL37:
 252              		.loc 2 896 78 view .LVU89
 253              	.LBE65:
 254              	.LBE64:
 197:Drivers/CMSIS/DSP/Source/FilteringFunctions/arm_correlate_fast_q15.c **** 
 198:Drivers/CMSIS/DSP/Source/FilteringFunctions/arm_correlate_fast_q15.c ****       /* Decrement the loop counter */
 199:Drivers/CMSIS/DSP/Source/FilteringFunctions/arm_correlate_fast_q15.c ****       k--;
 255              		.loc 1 199 7 is_stmt 1 view .LVU90
 256              		.loc 1 199 8 is_stmt 0 view .LVU91
 257 00b0 013E     		subs	r6, r6, #1
 258              	.LVL38:
 196:Drivers/CMSIS/DSP/Source/FilteringFunctions/arm_correlate_fast_q15.c **** 
 259              		.loc 1 196 51 view .LVU92
 260 00b2 3946     		mov	r1, r7
 196:Drivers/CMSIS/DSP/Source/FilteringFunctions/arm_correlate_fast_q15.c **** 
 261              		.loc 1 196 34 view .LVU93
 262 00b4 2846     		mov	r0, r5
 263              	.LVL39:
 264              	.L5:
 191:Drivers/CMSIS/DSP/Source/FilteringFunctions/arm_correlate_fast_q15.c ****     {
 265              		.loc 1 191 14 is_stmt 1 view .LVU94
 266 00b6 002E     		cmp	r6, #0
 267 00b8 DDD1     		bne	.L6
 200:Drivers/CMSIS/DSP/Source/FilteringFunctions/arm_correlate_fast_q15.c ****     }
 201:Drivers/CMSIS/DSP/Source/FilteringFunctions/arm_correlate_fast_q15.c **** 
 202:Drivers/CMSIS/DSP/Source/FilteringFunctions/arm_correlate_fast_q15.c ****     /* If the count is not a multiple of 4, compute any remaining MACs here.
 203:Drivers/CMSIS/DSP/Source/FilteringFunctions/arm_correlate_fast_q15.c ****      ** No loop unrolling is used. */
 204:Drivers/CMSIS/DSP/Source/FilteringFunctions/arm_correlate_fast_q15.c ****     k = count % 0x4U;
 268              		.loc 1 204 7 is_stmt 0 view .LVU95
 269 00ba 009F     		ldr	r7, [sp]
 270 00bc 019C     		ldr	r4, [sp, #4]
 271              		.loc 1 204 5 is_stmt 1 view .LVU96
 272              		.loc 1 204 7 is_stmt 0 view .LVU97
 273 00be 07F00305 		and	r5, r7, #3
 274              	.LVL40:
 205:Drivers/CMSIS/DSP/Source/FilteringFunctions/arm_correlate_fast_q15.c **** 
 206:Drivers/CMSIS/DSP/Source/FilteringFunctions/arm_correlate_fast_q15.c ****     while (k > 0U)
 275              		.loc 1 206 5 is_stmt 1 view .LVU98
 276              		.loc 1 206 11 is_stmt 0 view .LVU99
 277 00c2 0CE0     		b	.L7
 278              	.L8:
 207:Drivers/CMSIS/DSP/Source/FilteringFunctions/arm_correlate_fast_q15.c ****     {
 208:Drivers/CMSIS/DSP/Source/FilteringFunctions/arm_correlate_fast_q15.c ****       /* Perform the multiply-accumulates */
 209:Drivers/CMSIS/DSP/Source/FilteringFunctions/arm_correlate_fast_q15.c ****       /* x[0] * y[srcBLen - 1] */
 210:Drivers/CMSIS/DSP/Source/FilteringFunctions/arm_correlate_fast_q15.c ****       sum = __SMLAD(*px++, *py++, sum);
 279              		.loc 1 210 7 is_stmt 1 view .LVU100
 280              	.LVL41:
 281              		.loc 1 210 21 is_stmt 0 view .LVU101
 282 00c4 30F9026B 		ldrsh	r6, [r0], #2
 283              	.LVL42:
 284              		.loc 1 210 28 view .LVU102
 285 00c8 31F902EB 		ldrsh	lr, [r1], #2
 286              	.LVL43:
 287              	.LBB66:
ARM GAS  C:\Users\Lamp\AppData\Local\Temp\ccj3X8ei.s 			page 26


 288              	.LBI66:
 890:Drivers/CMSIS/DSP/Include/arm_math.h ****   uint32_t x,
 289              		.loc 2 890 41 is_stmt 1 view .LVU103
 290              	.LBB67:
 895:Drivers/CMSIS/DSP/Include/arm_math.h ****                        ((((q31_t)x      ) >> 16) * (((q31_t)y      ) >> 16)) +
 291              		.loc 2 895 5 view .LVU104
 292              		.loc 2 896 43 is_stmt 0 view .LVU105
 293 00cc 3214     		asrs	r2, r6, #16
 294              		.loc 2 896 70 view .LVU106
 295 00ce 4FEA2E4B 		asr	fp, lr, #16
 296              		.loc 2 896 50 view .LVU107
 297 00d2 0BFB02F2 		mul	r2, fp, r2
 895:Drivers/CMSIS/DSP/Include/arm_math.h ****                        ((((q31_t)x      ) >> 16) * (((q31_t)y      ) >> 16)) +
 298              		.loc 2 895 78 view .LVU108
 299 00d6 0EFB0622 		mla	r2, lr, r6, r2
 300              		.loc 2 896 78 view .LVU109
 301 00da 1344     		add	r3, r3, r2
 302              	.LVL44:
 303              		.loc 2 896 78 view .LVU110
 304              	.LBE67:
 305              	.LBE66:
 211:Drivers/CMSIS/DSP/Source/FilteringFunctions/arm_correlate_fast_q15.c **** 
 212:Drivers/CMSIS/DSP/Source/FilteringFunctions/arm_correlate_fast_q15.c ****       /* Decrement the loop counter */
 213:Drivers/CMSIS/DSP/Source/FilteringFunctions/arm_correlate_fast_q15.c ****       k--;
 306              		.loc 1 213 7 is_stmt 1 view .LVU111
 307              		.loc 1 213 8 is_stmt 0 view .LVU112
 308 00dc 013D     		subs	r5, r5, #1
 309              	.LVL45:
 310              	.L7:
 206:Drivers/CMSIS/DSP/Source/FilteringFunctions/arm_correlate_fast_q15.c ****     {
 311              		.loc 1 206 14 is_stmt 1 view .LVU113
 312 00de 002D     		cmp	r5, #0
 313 00e0 F0D1     		bne	.L8
 214:Drivers/CMSIS/DSP/Source/FilteringFunctions/arm_correlate_fast_q15.c ****     }
 215:Drivers/CMSIS/DSP/Source/FilteringFunctions/arm_correlate_fast_q15.c **** 
 216:Drivers/CMSIS/DSP/Source/FilteringFunctions/arm_correlate_fast_q15.c ****     /* Store the result in the accumulator in the destination buffer. */
 217:Drivers/CMSIS/DSP/Source/FilteringFunctions/arm_correlate_fast_q15.c ****     *pOut = (q15_t) (sum >> 15);
 314              		.loc 1 217 5 view .LVU114
 315              		.loc 1 217 13 is_stmt 0 view .LVU115
 316 00e2 43F3CF33 		sbfx	r3, r3, #15, #16
 317              	.LVL46:
 318              		.loc 1 217 11 view .LVU116
 319 00e6 039A     		ldr	r2, [sp, #12]
 320 00e8 1380     		strh	r3, [r2]	@ movhi
 218:Drivers/CMSIS/DSP/Source/FilteringFunctions/arm_correlate_fast_q15.c ****     /* Destination pointer is updated according to the address modifier, inc */
 219:Drivers/CMSIS/DSP/Source/FilteringFunctions/arm_correlate_fast_q15.c ****     pOut += inc;
 321              		.loc 1 219 5 is_stmt 1 view .LVU117
 322              		.loc 1 219 10 is_stmt 0 view .LVU118
 323 00ea 02EB4803 		add	r3, r2, r8, lsl #1
 324 00ee 0393     		str	r3, [sp, #12]
 325              	.LVL47:
 220:Drivers/CMSIS/DSP/Source/FilteringFunctions/arm_correlate_fast_q15.c **** 
 221:Drivers/CMSIS/DSP/Source/FilteringFunctions/arm_correlate_fast_q15.c ****     /* Update the inputA and inputB pointers for next MAC calculation */
 222:Drivers/CMSIS/DSP/Source/FilteringFunctions/arm_correlate_fast_q15.c ****     py = pSrc1 - count;
 326              		.loc 1 222 5 is_stmt 1 view .LVU119
 327              		.loc 1 222 16 is_stmt 0 view .LVU120
 328 00f0 ACEB4701 		sub	r1, ip, r7, lsl #1
ARM GAS  C:\Users\Lamp\AppData\Local\Temp\ccj3X8ei.s 			page 27


 329              	.LVL48:
 223:Drivers/CMSIS/DSP/Source/FilteringFunctions/arm_correlate_fast_q15.c ****     px = pIn1;
 330              		.loc 1 223 5 is_stmt 1 view .LVU121
 224:Drivers/CMSIS/DSP/Source/FilteringFunctions/arm_correlate_fast_q15.c **** 
 225:Drivers/CMSIS/DSP/Source/FilteringFunctions/arm_correlate_fast_q15.c ****     /* Increment the MAC count */
 226:Drivers/CMSIS/DSP/Source/FilteringFunctions/arm_correlate_fast_q15.c ****     count++;
 331              		.loc 1 226 5 view .LVU122
 332              		.loc 1 226 10 is_stmt 0 view .LVU123
 333 00f4 0137     		adds	r7, r7, #1
 334              	.LVL49:
 227:Drivers/CMSIS/DSP/Source/FilteringFunctions/arm_correlate_fast_q15.c **** 
 228:Drivers/CMSIS/DSP/Source/FilteringFunctions/arm_correlate_fast_q15.c ****     /* Decrement the loop counter */
 229:Drivers/CMSIS/DSP/Source/FilteringFunctions/arm_correlate_fast_q15.c ****     blockSize1--;
 335              		.loc 1 229 5 is_stmt 1 view .LVU124
 336              		.loc 1 229 15 is_stmt 0 view .LVU125
 337 00f6 013C     		subs	r4, r4, #1
 338              	.LVL50:
 339              	.L4:
 181:Drivers/CMSIS/DSP/Source/FilteringFunctions/arm_correlate_fast_q15.c ****   {
 340              		.loc 1 181 21 is_stmt 1 view .LVU126
 341 00f8 2CB1     		cbz	r4, .L35
 184:Drivers/CMSIS/DSP/Source/FilteringFunctions/arm_correlate_fast_q15.c **** 
 342              		.loc 1 184 5 view .LVU127
 343              	.LVL51:
 187:Drivers/CMSIS/DSP/Source/FilteringFunctions/arm_correlate_fast_q15.c **** 
 344              		.loc 1 187 5 view .LVU128
 187:Drivers/CMSIS/DSP/Source/FilteringFunctions/arm_correlate_fast_q15.c **** 
 345              		.loc 1 187 7 is_stmt 0 view .LVU129
 346 00fa BE08     		lsrs	r6, r7, #2
 347              	.LVL52:
 191:Drivers/CMSIS/DSP/Source/FilteringFunctions/arm_correlate_fast_q15.c ****     {
 348              		.loc 1 191 5 is_stmt 1 view .LVU130
 191:Drivers/CMSIS/DSP/Source/FilteringFunctions/arm_correlate_fast_q15.c ****     {
 349              		.loc 1 191 11 is_stmt 0 view .LVU131
 350 00fc 0698     		ldr	r0, [sp, #24]
 184:Drivers/CMSIS/DSP/Source/FilteringFunctions/arm_correlate_fast_q15.c **** 
 351              		.loc 1 184 9 view .LVU132
 352 00fe 0023     		movs	r3, #0
 353 0100 0097     		str	r7, [sp]
 354 0102 0194     		str	r4, [sp, #4]
 191:Drivers/CMSIS/DSP/Source/FilteringFunctions/arm_correlate_fast_q15.c ****     {
 355              		.loc 1 191 11 view .LVU133
 356 0104 D7E7     		b	.L5
 357              	.LVL53:
 358              	.L35:
 230:Drivers/CMSIS/DSP/Source/FilteringFunctions/arm_correlate_fast_q15.c ****   }
 231:Drivers/CMSIS/DSP/Source/FilteringFunctions/arm_correlate_fast_q15.c **** 
 232:Drivers/CMSIS/DSP/Source/FilteringFunctions/arm_correlate_fast_q15.c ****   /* --------------------------
 233:Drivers/CMSIS/DSP/Source/FilteringFunctions/arm_correlate_fast_q15.c ****    * Initializations of stage2
 234:Drivers/CMSIS/DSP/Source/FilteringFunctions/arm_correlate_fast_q15.c ****    * ------------------------*/
 235:Drivers/CMSIS/DSP/Source/FilteringFunctions/arm_correlate_fast_q15.c **** 
 236:Drivers/CMSIS/DSP/Source/FilteringFunctions/arm_correlate_fast_q15.c ****   /* sum = x[0] * y[0] + x[1] * y[1] +...+ x[srcBLen-1] * y[srcBLen-1]
 237:Drivers/CMSIS/DSP/Source/FilteringFunctions/arm_correlate_fast_q15.c ****    * sum = x[1] * y[0] + x[2] * y[1] +...+ x[srcBLen] * y[srcBLen-1]
 238:Drivers/CMSIS/DSP/Source/FilteringFunctions/arm_correlate_fast_q15.c ****    * ....
 239:Drivers/CMSIS/DSP/Source/FilteringFunctions/arm_correlate_fast_q15.c ****    * sum = x[srcALen-srcBLen-2] * y[0] + x[srcALen-srcBLen-1] * y[1] +...+ x[srcALen-1] * y[srcBLen
 240:Drivers/CMSIS/DSP/Source/FilteringFunctions/arm_correlate_fast_q15.c ****    */
 241:Drivers/CMSIS/DSP/Source/FilteringFunctions/arm_correlate_fast_q15.c **** 
ARM GAS  C:\Users\Lamp\AppData\Local\Temp\ccj3X8ei.s 			page 28


 242:Drivers/CMSIS/DSP/Source/FilteringFunctions/arm_correlate_fast_q15.c ****   /* Working pointer of inputA */
 243:Drivers/CMSIS/DSP/Source/FilteringFunctions/arm_correlate_fast_q15.c ****   px = pIn1;
 244:Drivers/CMSIS/DSP/Source/FilteringFunctions/arm_correlate_fast_q15.c **** 
 245:Drivers/CMSIS/DSP/Source/FilteringFunctions/arm_correlate_fast_q15.c ****   /* Working pointer of inputB */
 246:Drivers/CMSIS/DSP/Source/FilteringFunctions/arm_correlate_fast_q15.c ****   py = pIn2;
 247:Drivers/CMSIS/DSP/Source/FilteringFunctions/arm_correlate_fast_q15.c **** 
 248:Drivers/CMSIS/DSP/Source/FilteringFunctions/arm_correlate_fast_q15.c ****   /* count is index by which the pointer pIn1 to be incremented */
 249:Drivers/CMSIS/DSP/Source/FilteringFunctions/arm_correlate_fast_q15.c ****   count = 0U;
 250:Drivers/CMSIS/DSP/Source/FilteringFunctions/arm_correlate_fast_q15.c **** 
 251:Drivers/CMSIS/DSP/Source/FilteringFunctions/arm_correlate_fast_q15.c ****   /* -------------------
 252:Drivers/CMSIS/DSP/Source/FilteringFunctions/arm_correlate_fast_q15.c ****    * Stage2 process
 253:Drivers/CMSIS/DSP/Source/FilteringFunctions/arm_correlate_fast_q15.c ****    * ------------------*/
 254:Drivers/CMSIS/DSP/Source/FilteringFunctions/arm_correlate_fast_q15.c **** 
 255:Drivers/CMSIS/DSP/Source/FilteringFunctions/arm_correlate_fast_q15.c ****   /* Stage2 depends on srcBLen as in this stage srcBLen number of MACS are performed.
 256:Drivers/CMSIS/DSP/Source/FilteringFunctions/arm_correlate_fast_q15.c ****    * So, to loop unroll over blockSize2,
 257:Drivers/CMSIS/DSP/Source/FilteringFunctions/arm_correlate_fast_q15.c ****    * srcBLen should be greater than or equal to 4, to loop unroll the srcBLen loop */
 258:Drivers/CMSIS/DSP/Source/FilteringFunctions/arm_correlate_fast_q15.c ****   if (srcBLen >= 4U)
 359              		.loc 1 258 6 view .LVU134
 360 0106 0894     		str	r4, [sp, #32]
 361 0108 5446     		mov	r4, r10
 362              	.LVL54:
 363              		.loc 1 258 6 view .LVU135
 364 010a 4A46     		mov	r2, r9
 243:Drivers/CMSIS/DSP/Source/FilteringFunctions/arm_correlate_fast_q15.c **** 
 365              		.loc 1 243 3 is_stmt 1 view .LVU136
 246:Drivers/CMSIS/DSP/Source/FilteringFunctions/arm_correlate_fast_q15.c **** 
 366              		.loc 1 246 3 view .LVU137
 367              	.LVL55:
 249:Drivers/CMSIS/DSP/Source/FilteringFunctions/arm_correlate_fast_q15.c **** 
 368              		.loc 1 249 3 view .LVU138
 369              		.loc 1 258 3 view .LVU139
 370              		.loc 1 258 6 is_stmt 0 view .LVU140
 371 010c 059B     		ldr	r3, [sp, #20]
 372 010e 032B     		cmp	r3, #3
 373 0110 40F26D81 		bls	.L32
 374              	.LVL56:
 259:Drivers/CMSIS/DSP/Source/FilteringFunctions/arm_correlate_fast_q15.c ****   {
 260:Drivers/CMSIS/DSP/Source/FilteringFunctions/arm_correlate_fast_q15.c ****     /* Loop unroll over blockSize2, by 4 */
 261:Drivers/CMSIS/DSP/Source/FilteringFunctions/arm_correlate_fast_q15.c ****     blkCnt = blockSize2 >> 2U;
 375              		.loc 1 261 5 is_stmt 1 view .LVU141
 376              		.loc 1 261 12 is_stmt 0 view .LVU142
 377 0114 9308     		lsrs	r3, r2, #2
 378 0116 0793     		str	r3, [sp, #28]
 379              	.LVL57:
 262:Drivers/CMSIS/DSP/Source/FilteringFunctions/arm_correlate_fast_q15.c **** 
 263:Drivers/CMSIS/DSP/Source/FilteringFunctions/arm_correlate_fast_q15.c ****     while (blkCnt > 0U)
 380              		.loc 1 263 5 is_stmt 1 view .LVU143
 243:Drivers/CMSIS/DSP/Source/FilteringFunctions/arm_correlate_fast_q15.c **** 
 381              		.loc 1 243 6 is_stmt 0 view .LVU144
 382 0118 069B     		ldr	r3, [sp, #24]
 383              	.LVL58:
 243:Drivers/CMSIS/DSP/Source/FilteringFunctions/arm_correlate_fast_q15.c **** 
 384              		.loc 1 243 6 view .LVU145
 385 011a CDF828A0 		str	r10, [sp, #40]
 386 011e CDF82C90 		str	r9, [sp, #44]
 387              		.loc 1 263 11 view .LVU146
 388 0122 56E0     		b	.L11
ARM GAS  C:\Users\Lamp\AppData\Local\Temp\ccj3X8ei.s 			page 29


 389              	.LVL59:
 390              	.L37:
 264:Drivers/CMSIS/DSP/Source/FilteringFunctions/arm_correlate_fast_q15.c ****     {
 265:Drivers/CMSIS/DSP/Source/FilteringFunctions/arm_correlate_fast_q15.c ****       /* Set all accumulators to zero */
 266:Drivers/CMSIS/DSP/Source/FilteringFunctions/arm_correlate_fast_q15.c ****       acc0 = 0;
 267:Drivers/CMSIS/DSP/Source/FilteringFunctions/arm_correlate_fast_q15.c ****       acc1 = 0;
 268:Drivers/CMSIS/DSP/Source/FilteringFunctions/arm_correlate_fast_q15.c ****       acc2 = 0;
 269:Drivers/CMSIS/DSP/Source/FilteringFunctions/arm_correlate_fast_q15.c ****       acc3 = 0;
 270:Drivers/CMSIS/DSP/Source/FilteringFunctions/arm_correlate_fast_q15.c **** 
 271:Drivers/CMSIS/DSP/Source/FilteringFunctions/arm_correlate_fast_q15.c ****       /* read x[0], x[1] samples */
 272:Drivers/CMSIS/DSP/Source/FilteringFunctions/arm_correlate_fast_q15.c ****       x0 = *__SIMD32(px);
 273:Drivers/CMSIS/DSP/Source/FilteringFunctions/arm_correlate_fast_q15.c ****       /* read x[1], x[2] samples */
 274:Drivers/CMSIS/DSP/Source/FilteringFunctions/arm_correlate_fast_q15.c ****       x1 = _SIMD32_OFFSET(px + 1);
 275:Drivers/CMSIS/DSP/Source/FilteringFunctions/arm_correlate_fast_q15.c **** 	  px += 2U;
 276:Drivers/CMSIS/DSP/Source/FilteringFunctions/arm_correlate_fast_q15.c **** 
 277:Drivers/CMSIS/DSP/Source/FilteringFunctions/arm_correlate_fast_q15.c ****       /* Apply loop unrolling and compute 4 MACs simultaneously. */
 278:Drivers/CMSIS/DSP/Source/FilteringFunctions/arm_correlate_fast_q15.c ****       k = srcBLen >> 2U;
 279:Drivers/CMSIS/DSP/Source/FilteringFunctions/arm_correlate_fast_q15.c **** 
 280:Drivers/CMSIS/DSP/Source/FilteringFunctions/arm_correlate_fast_q15.c ****       /* First part of the processing with loop unrolling.  Compute 4 MACs at a time.
 281:Drivers/CMSIS/DSP/Source/FilteringFunctions/arm_correlate_fast_q15.c ****        ** a second loop below computes MACs for the remaining 1 to 3 samples. */
 282:Drivers/CMSIS/DSP/Source/FilteringFunctions/arm_correlate_fast_q15.c ****       do
 283:Drivers/CMSIS/DSP/Source/FilteringFunctions/arm_correlate_fast_q15.c ****       {
 284:Drivers/CMSIS/DSP/Source/FilteringFunctions/arm_correlate_fast_q15.c ****         /* Read the first two inputB samples using SIMD:
 285:Drivers/CMSIS/DSP/Source/FilteringFunctions/arm_correlate_fast_q15.c ****          * y[0] and y[1] */
 286:Drivers/CMSIS/DSP/Source/FilteringFunctions/arm_correlate_fast_q15.c ****         c0 = *__SIMD32(py)++;
 287:Drivers/CMSIS/DSP/Source/FilteringFunctions/arm_correlate_fast_q15.c **** 
 288:Drivers/CMSIS/DSP/Source/FilteringFunctions/arm_correlate_fast_q15.c ****         /* acc0 +=  x[0] * y[0] + x[1] * y[1] */
 289:Drivers/CMSIS/DSP/Source/FilteringFunctions/arm_correlate_fast_q15.c ****         acc0 = __SMLAD(x0, c0, acc0);
 290:Drivers/CMSIS/DSP/Source/FilteringFunctions/arm_correlate_fast_q15.c **** 
 291:Drivers/CMSIS/DSP/Source/FilteringFunctions/arm_correlate_fast_q15.c ****         /* acc1 +=  x[1] * y[0] + x[2] * y[1] */
 292:Drivers/CMSIS/DSP/Source/FilteringFunctions/arm_correlate_fast_q15.c ****         acc1 = __SMLAD(x1, c0, acc1);
 293:Drivers/CMSIS/DSP/Source/FilteringFunctions/arm_correlate_fast_q15.c **** 
 294:Drivers/CMSIS/DSP/Source/FilteringFunctions/arm_correlate_fast_q15.c ****         /* Read x[2], x[3] */
 295:Drivers/CMSIS/DSP/Source/FilteringFunctions/arm_correlate_fast_q15.c ****         x2 = *__SIMD32(px);
 296:Drivers/CMSIS/DSP/Source/FilteringFunctions/arm_correlate_fast_q15.c **** 
 297:Drivers/CMSIS/DSP/Source/FilteringFunctions/arm_correlate_fast_q15.c ****         /* Read x[3], x[4] */
 298:Drivers/CMSIS/DSP/Source/FilteringFunctions/arm_correlate_fast_q15.c ****         x3 = _SIMD32_OFFSET(px + 1);
 299:Drivers/CMSIS/DSP/Source/FilteringFunctions/arm_correlate_fast_q15.c **** 
 300:Drivers/CMSIS/DSP/Source/FilteringFunctions/arm_correlate_fast_q15.c ****         /* acc2 +=  x[2] * y[0] + x[3] * y[1] */
 301:Drivers/CMSIS/DSP/Source/FilteringFunctions/arm_correlate_fast_q15.c ****         acc2 = __SMLAD(x2, c0, acc2);
 302:Drivers/CMSIS/DSP/Source/FilteringFunctions/arm_correlate_fast_q15.c **** 
 303:Drivers/CMSIS/DSP/Source/FilteringFunctions/arm_correlate_fast_q15.c ****         /* acc3 +=  x[3] * y[0] + x[4] * y[1] */
 304:Drivers/CMSIS/DSP/Source/FilteringFunctions/arm_correlate_fast_q15.c ****         acc3 = __SMLAD(x3, c0, acc3);
 305:Drivers/CMSIS/DSP/Source/FilteringFunctions/arm_correlate_fast_q15.c **** 
 306:Drivers/CMSIS/DSP/Source/FilteringFunctions/arm_correlate_fast_q15.c ****         /* Read y[2] and y[3] */
 307:Drivers/CMSIS/DSP/Source/FilteringFunctions/arm_correlate_fast_q15.c ****         c0 = *__SIMD32(py)++;
 308:Drivers/CMSIS/DSP/Source/FilteringFunctions/arm_correlate_fast_q15.c **** 
 309:Drivers/CMSIS/DSP/Source/FilteringFunctions/arm_correlate_fast_q15.c ****         /* acc0 +=  x[2] * y[2] + x[3] * y[3] */
 310:Drivers/CMSIS/DSP/Source/FilteringFunctions/arm_correlate_fast_q15.c ****         acc0 = __SMLAD(x2, c0, acc0);
 311:Drivers/CMSIS/DSP/Source/FilteringFunctions/arm_correlate_fast_q15.c **** 
 312:Drivers/CMSIS/DSP/Source/FilteringFunctions/arm_correlate_fast_q15.c ****         /* acc1 +=  x[3] * y[2] + x[4] * y[3] */
 313:Drivers/CMSIS/DSP/Source/FilteringFunctions/arm_correlate_fast_q15.c ****         acc1 = __SMLAD(x3, c0, acc1);
 314:Drivers/CMSIS/DSP/Source/FilteringFunctions/arm_correlate_fast_q15.c **** 
 315:Drivers/CMSIS/DSP/Source/FilteringFunctions/arm_correlate_fast_q15.c ****         /* Read x[4], x[5] */
 316:Drivers/CMSIS/DSP/Source/FilteringFunctions/arm_correlate_fast_q15.c ****         x0 = _SIMD32_OFFSET(px + 2);
 317:Drivers/CMSIS/DSP/Source/FilteringFunctions/arm_correlate_fast_q15.c **** 
 318:Drivers/CMSIS/DSP/Source/FilteringFunctions/arm_correlate_fast_q15.c ****         /* Read x[5], x[6] */
ARM GAS  C:\Users\Lamp\AppData\Local\Temp\ccj3X8ei.s 			page 30


 319:Drivers/CMSIS/DSP/Source/FilteringFunctions/arm_correlate_fast_q15.c ****         x1 = _SIMD32_OFFSET(px + 3);
 320:Drivers/CMSIS/DSP/Source/FilteringFunctions/arm_correlate_fast_q15.c **** 		px += 4U;
 321:Drivers/CMSIS/DSP/Source/FilteringFunctions/arm_correlate_fast_q15.c **** 
 322:Drivers/CMSIS/DSP/Source/FilteringFunctions/arm_correlate_fast_q15.c ****         /* acc2 +=  x[4] * y[2] + x[5] * y[3] */
 323:Drivers/CMSIS/DSP/Source/FilteringFunctions/arm_correlate_fast_q15.c ****         acc2 = __SMLAD(x0, c0, acc2);
 324:Drivers/CMSIS/DSP/Source/FilteringFunctions/arm_correlate_fast_q15.c **** 
 325:Drivers/CMSIS/DSP/Source/FilteringFunctions/arm_correlate_fast_q15.c ****         /* acc3 +=  x[5] * y[2] + x[6] * y[3] */
 326:Drivers/CMSIS/DSP/Source/FilteringFunctions/arm_correlate_fast_q15.c ****         acc3 = __SMLAD(x1, c0, acc3);
 327:Drivers/CMSIS/DSP/Source/FilteringFunctions/arm_correlate_fast_q15.c **** 
 328:Drivers/CMSIS/DSP/Source/FilteringFunctions/arm_correlate_fast_q15.c ****       } while (--k);
 329:Drivers/CMSIS/DSP/Source/FilteringFunctions/arm_correlate_fast_q15.c **** 
 330:Drivers/CMSIS/DSP/Source/FilteringFunctions/arm_correlate_fast_q15.c ****       /* For the next MAC operations, SIMD is not used
 331:Drivers/CMSIS/DSP/Source/FilteringFunctions/arm_correlate_fast_q15.c ****        * So, the 16 bit pointer if inputB, py is updated */
 332:Drivers/CMSIS/DSP/Source/FilteringFunctions/arm_correlate_fast_q15.c **** 
 333:Drivers/CMSIS/DSP/Source/FilteringFunctions/arm_correlate_fast_q15.c ****       /* If the srcBLen is not a multiple of 4, compute any remaining MACs here.
 334:Drivers/CMSIS/DSP/Source/FilteringFunctions/arm_correlate_fast_q15.c ****        ** No loop unrolling is used. */
 335:Drivers/CMSIS/DSP/Source/FilteringFunctions/arm_correlate_fast_q15.c ****       k = srcBLen % 0x4U;
 336:Drivers/CMSIS/DSP/Source/FilteringFunctions/arm_correlate_fast_q15.c **** 
 337:Drivers/CMSIS/DSP/Source/FilteringFunctions/arm_correlate_fast_q15.c ****       if (k == 1U)
 338:Drivers/CMSIS/DSP/Source/FilteringFunctions/arm_correlate_fast_q15.c ****       {
 339:Drivers/CMSIS/DSP/Source/FilteringFunctions/arm_correlate_fast_q15.c ****         /* Read y[4] */
 340:Drivers/CMSIS/DSP/Source/FilteringFunctions/arm_correlate_fast_q15.c ****         c0 = *py;
 391              		.loc 1 340 9 is_stmt 1 view .LVU147
 341:Drivers/CMSIS/DSP/Source/FilteringFunctions/arm_correlate_fast_q15.c **** #ifdef  ARM_MATH_BIG_ENDIAN
 342:Drivers/CMSIS/DSP/Source/FilteringFunctions/arm_correlate_fast_q15.c **** 
 343:Drivers/CMSIS/DSP/Source/FilteringFunctions/arm_correlate_fast_q15.c ****         c0 = c0 << 16U;
 344:Drivers/CMSIS/DSP/Source/FilteringFunctions/arm_correlate_fast_q15.c **** 
 345:Drivers/CMSIS/DSP/Source/FilteringFunctions/arm_correlate_fast_q15.c **** #else
 346:Drivers/CMSIS/DSP/Source/FilteringFunctions/arm_correlate_fast_q15.c **** 
 347:Drivers/CMSIS/DSP/Source/FilteringFunctions/arm_correlate_fast_q15.c ****         c0 = c0 & 0x0000FFFF;
 392              		.loc 1 347 9 view .LVU148
 348:Drivers/CMSIS/DSP/Source/FilteringFunctions/arm_correlate_fast_q15.c **** 
 349:Drivers/CMSIS/DSP/Source/FilteringFunctions/arm_correlate_fast_q15.c **** #endif /*      #ifdef  ARM_MATH_BIG_ENDIAN     */
 350:Drivers/CMSIS/DSP/Source/FilteringFunctions/arm_correlate_fast_q15.c **** 
 351:Drivers/CMSIS/DSP/Source/FilteringFunctions/arm_correlate_fast_q15.c ****         /* Read x[7] */
 352:Drivers/CMSIS/DSP/Source/FilteringFunctions/arm_correlate_fast_q15.c ****         x3 = *__SIMD32(px);
 393              		.loc 1 352 9 view .LVU149
 353:Drivers/CMSIS/DSP/Source/FilteringFunctions/arm_correlate_fast_q15.c **** 		px++;
 394              		.loc 1 353 3 view .LVU150
 395              		.loc 1 353 5 is_stmt 0 view .LVU151
 396 0124 0299     		ldr	r1, [sp, #8]
 397              	.LVL60:
 398              		.loc 1 353 5 view .LVU152
 399 0126 01F10A05 		add	r5, r1, #10
 400              	.LVL61:
 354:Drivers/CMSIS/DSP/Source/FilteringFunctions/arm_correlate_fast_q15.c **** 
 355:Drivers/CMSIS/DSP/Source/FilteringFunctions/arm_correlate_fast_q15.c ****         /* Perform the multiply-accumulates */
 356:Drivers/CMSIS/DSP/Source/FilteringFunctions/arm_correlate_fast_q15.c ****         acc0 = __SMLAD(x0, c0, acc0);
 401              		.loc 1 356 9 is_stmt 1 view .LVU153
 402              	.LBB68:
 403              	.LBI68:
 890:Drivers/CMSIS/DSP/Include/arm_math.h ****   uint32_t x,
 404              		.loc 2 890 41 view .LVU154
 405              	.LBB69:
 895:Drivers/CMSIS/DSP/Include/arm_math.h ****                        ((((q31_t)x      ) >> 16) * (((q31_t)y      ) >> 16)) +
 406              		.loc 2 895 5 view .LVU155
 895:Drivers/CMSIS/DSP/Include/arm_math.h ****                        ((((q31_t)x      ) >> 16) * (((q31_t)y      ) >> 16)) +
ARM GAS  C:\Users\Lamp\AppData\Local\Temp\ccj3X8ei.s 			page 31


 407              		.loc 2 895 70 is_stmt 0 view .LVU156
 408 012a BEF90830 		ldrsh	r3, [lr, #8]
 409              		.loc 2 896 78 view .LVU157
 410 012e 03FB0988 		mla	r8, r3, r9, r8
 411              	.LVL62:
 412              		.loc 2 896 78 view .LVU158
 413              	.LBE69:
 414              	.LBE68:
 357:Drivers/CMSIS/DSP/Source/FilteringFunctions/arm_correlate_fast_q15.c ****         acc1 = __SMLAD(x1, c0, acc1);
 415              		.loc 1 357 9 is_stmt 1 view .LVU159
 416              	.LBB70:
 417              	.LBI70:
 890:Drivers/CMSIS/DSP/Include/arm_math.h ****   uint32_t x,
 418              		.loc 2 890 41 view .LVU160
 419              	.LBB71:
 895:Drivers/CMSIS/DSP/Include/arm_math.h ****                        ((((q31_t)x      ) >> 16) * (((q31_t)y      ) >> 16)) +
 420              		.loc 2 895 5 view .LVU161
 421              		.loc 2 896 78 is_stmt 0 view .LVU162
 422 0132 03FB0C77 		mla	r7, r3, ip, r7
 423              	.LVL63:
 424              		.loc 2 896 78 view .LVU163
 425              	.LBE71:
 426              	.LBE70:
 358:Drivers/CMSIS/DSP/Source/FilteringFunctions/arm_correlate_fast_q15.c ****         acc2 = __SMLADX(x1, c0, acc2);
 427              		.loc 1 358 9 is_stmt 1 view .LVU164
 428              	.LBB72:
 429              	.LBI72:
 897:Drivers/CMSIS/DSP/Include/arm_math.h ****                        ( ((q31_t)sum    )                                  )   ));
 898:Drivers/CMSIS/DSP/Include/arm_math.h ****   }
 899:Drivers/CMSIS/DSP/Include/arm_math.h **** 
 900:Drivers/CMSIS/DSP/Include/arm_math.h **** 
 901:Drivers/CMSIS/DSP/Include/arm_math.h ****   /*
 902:Drivers/CMSIS/DSP/Include/arm_math.h ****    * @brief C custom defined SMLADX for M3 and M0 processors
 903:Drivers/CMSIS/DSP/Include/arm_math.h ****    */
 904:Drivers/CMSIS/DSP/Include/arm_math.h ****   CMSIS_INLINE __STATIC_INLINE uint32_t __SMLADX(
 430              		.loc 2 904 41 view .LVU165
 431              	.LBB73:
 905:Drivers/CMSIS/DSP/Include/arm_math.h ****   uint32_t x,
 906:Drivers/CMSIS/DSP/Include/arm_math.h ****   uint32_t y,
 907:Drivers/CMSIS/DSP/Include/arm_math.h ****   uint32_t sum)
 908:Drivers/CMSIS/DSP/Include/arm_math.h ****   {
 909:Drivers/CMSIS/DSP/Include/arm_math.h ****     return ((uint32_t)(((((q31_t)x << 16) >> 16) * (((q31_t)y      ) >> 16)) +
 432              		.loc 2 909 5 view .LVU166
 910:Drivers/CMSIS/DSP/Include/arm_math.h ****                        ((((q31_t)x      ) >> 16) * (((q31_t)y << 16) >> 16)) +
 433              		.loc 2 910 78 is_stmt 0 view .LVU167
 434 0136 03FB06AA 		mla	r10, r3, r6, r10
 435              	.LVL64:
 436              		.loc 2 910 78 view .LVU168
 437              	.LBE73:
 438              	.LBE72:
 359:Drivers/CMSIS/DSP/Source/FilteringFunctions/arm_correlate_fast_q15.c ****         acc3 = __SMLADX(x3, c0, acc3);
 439              		.loc 1 359 9 is_stmt 1 view .LVU169
 440              	.LBB74:
 441              	.LBI74:
 904:Drivers/CMSIS/DSP/Include/arm_math.h ****   uint32_t x,
 442              		.loc 2 904 41 view .LVU170
 443              	.LBB75:
ARM GAS  C:\Users\Lamp\AppData\Local\Temp\ccj3X8ei.s 			page 32


 909:Drivers/CMSIS/DSP/Include/arm_math.h ****                        ((((q31_t)x      ) >> 16) * (((q31_t)y << 16) >> 16)) +
 444              		.loc 2 909 5 view .LVU171
 445              		.loc 2 910 43 is_stmt 0 view .LVU172
 446 013a B1F90A10 		ldrsh	r1, [r1, #10]
 447              		.loc 2 910 78 view .LVU173
 448 013e 03FB01BB 		mla	fp, r3, r1, fp
 449              	.LVL65:
 450              		.loc 2 910 78 view .LVU174
 451 0142 B6E0     		b	.L13
 452              	.LVL66:
 453              	.L38:
 454              		.loc 2 910 78 view .LVU175
 455              	.LBE75:
 456              	.LBE74:
 360:Drivers/CMSIS/DSP/Source/FilteringFunctions/arm_correlate_fast_q15.c ****       }
 361:Drivers/CMSIS/DSP/Source/FilteringFunctions/arm_correlate_fast_q15.c **** 
 362:Drivers/CMSIS/DSP/Source/FilteringFunctions/arm_correlate_fast_q15.c ****       if (k == 2U)
 363:Drivers/CMSIS/DSP/Source/FilteringFunctions/arm_correlate_fast_q15.c ****       {
 364:Drivers/CMSIS/DSP/Source/FilteringFunctions/arm_correlate_fast_q15.c ****         /* Read y[4], y[5] */
 365:Drivers/CMSIS/DSP/Source/FilteringFunctions/arm_correlate_fast_q15.c ****         c0 = *__SIMD32(py);
 457              		.loc 1 365 9 is_stmt 1 view .LVU176
 458              		.loc 1 365 12 is_stmt 0 view .LVU177
 459 0144 DEF80830 		ldr	r3, [lr, #8]
 460              	.LVL67:
 366:Drivers/CMSIS/DSP/Source/FilteringFunctions/arm_correlate_fast_q15.c **** 
 367:Drivers/CMSIS/DSP/Source/FilteringFunctions/arm_correlate_fast_q15.c ****         /* Read x[7], x[8] */
 368:Drivers/CMSIS/DSP/Source/FilteringFunctions/arm_correlate_fast_q15.c ****         x3 = *__SIMD32(px);
 461              		.loc 1 368 9 is_stmt 1 view .LVU178
 462              		.loc 1 368 12 is_stmt 0 view .LVU179
 463 0148 2868     		ldr	r0, [r5]
 464              	.LVL68:
 369:Drivers/CMSIS/DSP/Source/FilteringFunctions/arm_correlate_fast_q15.c **** 
 370:Drivers/CMSIS/DSP/Source/FilteringFunctions/arm_correlate_fast_q15.c ****         /* Read x[9] */
 371:Drivers/CMSIS/DSP/Source/FilteringFunctions/arm_correlate_fast_q15.c ****         x2 = _SIMD32_OFFSET(px + 1);
 465              		.loc 1 371 9 is_stmt 1 view .LVU180
 466              		.loc 1 371 12 is_stmt 0 view .LVU181
 467 014a D5F80210 		ldr	r1, [r5, #2]
 468 014e 0291     		str	r1, [sp, #8]
 469              	.LVL69:
 372:Drivers/CMSIS/DSP/Source/FilteringFunctions/arm_correlate_fast_q15.c **** 		px += 2U;
 470              		.loc 1 372 3 is_stmt 1 view .LVU182
 471              		.loc 1 372 6 is_stmt 0 view .LVU183
 472 0150 0435     		adds	r5, r5, #4
 473              	.LVL70:
 373:Drivers/CMSIS/DSP/Source/FilteringFunctions/arm_correlate_fast_q15.c **** 
 374:Drivers/CMSIS/DSP/Source/FilteringFunctions/arm_correlate_fast_q15.c ****         /* Perform the multiply-accumulates */
 375:Drivers/CMSIS/DSP/Source/FilteringFunctions/arm_correlate_fast_q15.c ****         acc0 = __SMLAD(x0, c0, acc0);
 474              		.loc 1 375 9 is_stmt 1 view .LVU184
 475              	.LBB76:
 476              	.LBI76:
 890:Drivers/CMSIS/DSP/Include/arm_math.h ****   uint32_t x,
 477              		.loc 2 890 41 view .LVU185
 478              	.LBB77:
 895:Drivers/CMSIS/DSP/Include/arm_math.h ****                        ((((q31_t)x      ) >> 16) * (((q31_t)y      ) >> 16)) +
 479              		.loc 2 895 5 view .LVU186
 895:Drivers/CMSIS/DSP/Include/arm_math.h ****                        ((((q31_t)x      ) >> 16) * (((q31_t)y      ) >> 16)) +
 480              		.loc 2 895 70 is_stmt 0 view .LVU187
ARM GAS  C:\Users\Lamp\AppData\Local\Temp\ccj3X8ei.s 			page 33


 481 0152 0FFA83FC 		sxth	ip, r3
 896:Drivers/CMSIS/DSP/Include/arm_math.h ****                        ( ((q31_t)sum    )                                  )   ));
 482              		.loc 2 896 70 view .LVU188
 483 0156 1B14     		asrs	r3, r3, #16
 484              	.LVL71:
 896:Drivers/CMSIS/DSP/Include/arm_math.h ****                        ( ((q31_t)sum    )                                  )   ));
 485              		.loc 2 896 50 view .LVU189
 486 0158 03FB04F1 		mul	r1, r3, r4
 487              	.LVL72:
 895:Drivers/CMSIS/DSP/Include/arm_math.h ****                        ((((q31_t)x      ) >> 16) * (((q31_t)y      ) >> 16)) +
 488              		.loc 2 895 78 view .LVU190
 489 015c 0CFB0911 		mla	r1, ip, r9, r1
 896:Drivers/CMSIS/DSP/Include/arm_math.h ****                        ( ((q31_t)sum    )                                  )   ));
 490              		.loc 2 896 78 view .LVU191
 491 0160 8844     		add	r8, r8, r1
 492              	.LVL73:
 896:Drivers/CMSIS/DSP/Include/arm_math.h ****                        ( ((q31_t)sum    )                                  )   ));
 493              		.loc 2 896 78 view .LVU192
 494              	.LBE77:
 495              	.LBE76:
 376:Drivers/CMSIS/DSP/Source/FilteringFunctions/arm_correlate_fast_q15.c ****         acc1 = __SMLAD(x1, c0, acc1);
 496              		.loc 1 376 9 is_stmt 1 view .LVU193
 497              	.LBB78:
 498              	.LBI78:
 890:Drivers/CMSIS/DSP/Include/arm_math.h ****   uint32_t x,
 499              		.loc 2 890 41 view .LVU194
 500              	.LBB79:
 895:Drivers/CMSIS/DSP/Include/arm_math.h ****                        ((((q31_t)x      ) >> 16) * (((q31_t)y      ) >> 16)) +
 501              		.loc 2 895 5 view .LVU195
 896:Drivers/CMSIS/DSP/Include/arm_math.h ****                        ( ((q31_t)sum    )                                  )   ));
 502              		.loc 2 896 50 is_stmt 0 view .LVU196
 503 0162 0193     		str	r3, [sp, #4]
 504 0164 03FB06F1 		mul	r1, r3, r6
 895:Drivers/CMSIS/DSP/Include/arm_math.h ****                        ((((q31_t)x      ) >> 16) * (((q31_t)y      ) >> 16)) +
 505              		.loc 2 895 78 view .LVU197
 506 0168 009B     		ldr	r3, [sp]
 507 016a 0CFB0311 		mla	r1, ip, r3, r1
 896:Drivers/CMSIS/DSP/Include/arm_math.h ****                        ( ((q31_t)sum    )                                  )   ));
 508              		.loc 2 896 78 view .LVU198
 509 016e 0F44     		add	r7, r7, r1
 510              	.LVL74:
 896:Drivers/CMSIS/DSP/Include/arm_math.h ****                        ( ((q31_t)sum    )                                  )   ));
 511              		.loc 2 896 78 view .LVU199
 512              	.LBE79:
 513              	.LBE78:
 377:Drivers/CMSIS/DSP/Source/FilteringFunctions/arm_correlate_fast_q15.c ****         acc2 = __SMLAD(x3, c0, acc2);
 514              		.loc 1 377 9 is_stmt 1 view .LVU200
 515              	.LBB80:
 516              	.LBI80:
 890:Drivers/CMSIS/DSP/Include/arm_math.h ****   uint32_t x,
 517              		.loc 2 890 41 view .LVU201
 518              	.LBB81:
 895:Drivers/CMSIS/DSP/Include/arm_math.h ****                        ((((q31_t)x      ) >> 16) * (((q31_t)y      ) >> 16)) +
 519              		.loc 2 895 5 view .LVU202
 895:Drivers/CMSIS/DSP/Include/arm_math.h ****                        ((((q31_t)x      ) >> 16) * (((q31_t)y      ) >> 16)) +
 520              		.loc 2 895 43 is_stmt 0 view .LVU203
 521 0170 03B2     		sxth	r3, r0
ARM GAS  C:\Users\Lamp\AppData\Local\Temp\ccj3X8ei.s 			page 34


 896:Drivers/CMSIS/DSP/Include/arm_math.h ****                        ( ((q31_t)sum    )                                  )   ));
 522              		.loc 2 896 43 view .LVU204
 523 0172 0114     		asrs	r1, r0, #16
 896:Drivers/CMSIS/DSP/Include/arm_math.h ****                        ( ((q31_t)sum    )                                  )   ));
 524              		.loc 2 896 50 view .LVU205
 525 0174 0198     		ldr	r0, [sp, #4]
 526              	.LVL75:
 896:Drivers/CMSIS/DSP/Include/arm_math.h ****                        ( ((q31_t)sum    )                                  )   ));
 527              		.loc 2 896 50 view .LVU206
 528 0176 00FB01F1 		mul	r1, r0, r1
 895:Drivers/CMSIS/DSP/Include/arm_math.h ****                        ((((q31_t)x      ) >> 16) * (((q31_t)y      ) >> 16)) +
 529              		.loc 2 895 78 view .LVU207
 530 017a 0CFB0311 		mla	r1, ip, r3, r1
 896:Drivers/CMSIS/DSP/Include/arm_math.h ****                        ( ((q31_t)sum    )                                  )   ));
 531              		.loc 2 896 78 view .LVU208
 532 017e 8A44     		add	r10, r10, r1
 533              	.LVL76:
 896:Drivers/CMSIS/DSP/Include/arm_math.h ****                        ( ((q31_t)sum    )                                  )   ));
 534              		.loc 2 896 78 view .LVU209
 535              	.LBE81:
 536              	.LBE80:
 378:Drivers/CMSIS/DSP/Source/FilteringFunctions/arm_correlate_fast_q15.c ****         acc3 = __SMLAD(x2, c0, acc3);
 537              		.loc 1 378 9 is_stmt 1 view .LVU210
 538              	.LBB82:
 539              	.LBI82:
 890:Drivers/CMSIS/DSP/Include/arm_math.h ****   uint32_t x,
 540              		.loc 2 890 41 view .LVU211
 541              	.LBB83:
 895:Drivers/CMSIS/DSP/Include/arm_math.h ****                        ((((q31_t)x      ) >> 16) * (((q31_t)y      ) >> 16)) +
 542              		.loc 2 895 5 view .LVU212
 895:Drivers/CMSIS/DSP/Include/arm_math.h ****                        ((((q31_t)x      ) >> 16) * (((q31_t)y      ) >> 16)) +
 543              		.loc 2 895 43 is_stmt 0 view .LVU213
 544 0180 0299     		ldr	r1, [sp, #8]
 545 0182 08B2     		sxth	r0, r1
 896:Drivers/CMSIS/DSP/Include/arm_math.h ****                        ( ((q31_t)sum    )                                  )   ));
 546              		.loc 2 896 43 view .LVU214
 547 0184 0914     		asrs	r1, r1, #16
 896:Drivers/CMSIS/DSP/Include/arm_math.h ****                        ( ((q31_t)sum    )                                  )   ));
 548              		.loc 2 896 50 view .LVU215
 549 0186 019B     		ldr	r3, [sp, #4]
 550 0188 03FB01F1 		mul	r1, r3, r1
 895:Drivers/CMSIS/DSP/Include/arm_math.h ****                        ((((q31_t)x      ) >> 16) * (((q31_t)y      ) >> 16)) +
 551              		.loc 2 895 78 view .LVU216
 552 018c 0CFB0011 		mla	r1, ip, r0, r1
 896:Drivers/CMSIS/DSP/Include/arm_math.h ****                        ( ((q31_t)sum    )                                  )   ));
 553              		.loc 2 896 78 view .LVU217
 554 0190 8B44     		add	fp, fp, r1
 555              	.LVL77:
 896:Drivers/CMSIS/DSP/Include/arm_math.h ****                        ( ((q31_t)sum    )                                  )   ));
 556              		.loc 2 896 78 view .LVU218
 557 0192 91E0     		b	.L14
 558              	.LVL78:
 559              	.L15:
 896:Drivers/CMSIS/DSP/Include/arm_math.h ****                        ( ((q31_t)sum    )                                  )   ));
 560              		.loc 2 896 78 view .LVU219
 561              	.LBE83:
 562              	.LBE82:
ARM GAS  C:\Users\Lamp\AppData\Local\Temp\ccj3X8ei.s 			page 35


 379:Drivers/CMSIS/DSP/Source/FilteringFunctions/arm_correlate_fast_q15.c ****       }
 380:Drivers/CMSIS/DSP/Source/FilteringFunctions/arm_correlate_fast_q15.c **** 
 381:Drivers/CMSIS/DSP/Source/FilteringFunctions/arm_correlate_fast_q15.c ****       if (k == 3U)
 382:Drivers/CMSIS/DSP/Source/FilteringFunctions/arm_correlate_fast_q15.c ****       {
 383:Drivers/CMSIS/DSP/Source/FilteringFunctions/arm_correlate_fast_q15.c ****         /* Read y[4], y[5] */
 384:Drivers/CMSIS/DSP/Source/FilteringFunctions/arm_correlate_fast_q15.c ****         c0 = *__SIMD32(py)++;
 385:Drivers/CMSIS/DSP/Source/FilteringFunctions/arm_correlate_fast_q15.c **** 
 386:Drivers/CMSIS/DSP/Source/FilteringFunctions/arm_correlate_fast_q15.c ****         /* Read x[7], x[8] */
 387:Drivers/CMSIS/DSP/Source/FilteringFunctions/arm_correlate_fast_q15.c ****         x3 = *__SIMD32(px);
 388:Drivers/CMSIS/DSP/Source/FilteringFunctions/arm_correlate_fast_q15.c **** 
 389:Drivers/CMSIS/DSP/Source/FilteringFunctions/arm_correlate_fast_q15.c ****         /* Read x[9] */
 390:Drivers/CMSIS/DSP/Source/FilteringFunctions/arm_correlate_fast_q15.c ****         x2 = _SIMD32_OFFSET(px + 1);
 391:Drivers/CMSIS/DSP/Source/FilteringFunctions/arm_correlate_fast_q15.c **** 
 392:Drivers/CMSIS/DSP/Source/FilteringFunctions/arm_correlate_fast_q15.c ****         /* Perform the multiply-accumulates */
 393:Drivers/CMSIS/DSP/Source/FilteringFunctions/arm_correlate_fast_q15.c ****         acc0 = __SMLAD(x0, c0, acc0);
 394:Drivers/CMSIS/DSP/Source/FilteringFunctions/arm_correlate_fast_q15.c ****         acc1 = __SMLAD(x1, c0, acc1);
 395:Drivers/CMSIS/DSP/Source/FilteringFunctions/arm_correlate_fast_q15.c ****         acc2 = __SMLAD(x3, c0, acc2);
 396:Drivers/CMSIS/DSP/Source/FilteringFunctions/arm_correlate_fast_q15.c ****         acc3 = __SMLAD(x2, c0, acc3);
 397:Drivers/CMSIS/DSP/Source/FilteringFunctions/arm_correlate_fast_q15.c **** 
 398:Drivers/CMSIS/DSP/Source/FilteringFunctions/arm_correlate_fast_q15.c ****         c0 = (*py);
 399:Drivers/CMSIS/DSP/Source/FilteringFunctions/arm_correlate_fast_q15.c ****         /* Read y[6] */
 400:Drivers/CMSIS/DSP/Source/FilteringFunctions/arm_correlate_fast_q15.c **** #ifdef  ARM_MATH_BIG_ENDIAN
 401:Drivers/CMSIS/DSP/Source/FilteringFunctions/arm_correlate_fast_q15.c **** 
 402:Drivers/CMSIS/DSP/Source/FilteringFunctions/arm_correlate_fast_q15.c ****         c0 = c0 << 16U;
 403:Drivers/CMSIS/DSP/Source/FilteringFunctions/arm_correlate_fast_q15.c **** #else
 404:Drivers/CMSIS/DSP/Source/FilteringFunctions/arm_correlate_fast_q15.c **** 
 405:Drivers/CMSIS/DSP/Source/FilteringFunctions/arm_correlate_fast_q15.c ****         c0 = c0 & 0x0000FFFF;
 406:Drivers/CMSIS/DSP/Source/FilteringFunctions/arm_correlate_fast_q15.c **** #endif /*      #ifdef  ARM_MATH_BIG_ENDIAN     */
 407:Drivers/CMSIS/DSP/Source/FilteringFunctions/arm_correlate_fast_q15.c **** 
 408:Drivers/CMSIS/DSP/Source/FilteringFunctions/arm_correlate_fast_q15.c ****         /* Read x[10] */
 409:Drivers/CMSIS/DSP/Source/FilteringFunctions/arm_correlate_fast_q15.c ****         x3 = _SIMD32_OFFSET(px + 2);
 410:Drivers/CMSIS/DSP/Source/FilteringFunctions/arm_correlate_fast_q15.c **** 		px += 3U;
 411:Drivers/CMSIS/DSP/Source/FilteringFunctions/arm_correlate_fast_q15.c **** 
 412:Drivers/CMSIS/DSP/Source/FilteringFunctions/arm_correlate_fast_q15.c ****         /* Perform the multiply-accumulates */
 413:Drivers/CMSIS/DSP/Source/FilteringFunctions/arm_correlate_fast_q15.c ****         acc0 = __SMLADX(x1, c0, acc0);
 414:Drivers/CMSIS/DSP/Source/FilteringFunctions/arm_correlate_fast_q15.c ****         acc1 = __SMLAD(x2, c0, acc1);
 415:Drivers/CMSIS/DSP/Source/FilteringFunctions/arm_correlate_fast_q15.c ****         acc2 = __SMLADX(x2, c0, acc2);
 416:Drivers/CMSIS/DSP/Source/FilteringFunctions/arm_correlate_fast_q15.c ****         acc3 = __SMLADX(x3, c0, acc3);
 417:Drivers/CMSIS/DSP/Source/FilteringFunctions/arm_correlate_fast_q15.c ****       }
 418:Drivers/CMSIS/DSP/Source/FilteringFunctions/arm_correlate_fast_q15.c **** 
 419:Drivers/CMSIS/DSP/Source/FilteringFunctions/arm_correlate_fast_q15.c ****       /* Store the result in the accumulator in the destination buffer. */
 420:Drivers/CMSIS/DSP/Source/FilteringFunctions/arm_correlate_fast_q15.c ****       *pOut = (q15_t) (acc0 >> 15);
 563              		.loc 1 420 7 is_stmt 1 view .LVU220
 564              		.loc 1 420 15 is_stmt 0 view .LVU221
 565 0194 48F3CF33 		sbfx	r3, r8, #15, #16
 566              		.loc 1 420 13 view .LVU222
 567 0198 0399     		ldr	r1, [sp, #12]
 568 019a 0B80     		strh	r3, [r1]	@ movhi
 569              	.LVL79:
 421:Drivers/CMSIS/DSP/Source/FilteringFunctions/arm_correlate_fast_q15.c ****       /* Destination pointer is updated according to the address modifier, inc */
 422:Drivers/CMSIS/DSP/Source/FilteringFunctions/arm_correlate_fast_q15.c ****       pOut += inc;
 570              		.loc 1 422 7 is_stmt 1 view .LVU223
 423:Drivers/CMSIS/DSP/Source/FilteringFunctions/arm_correlate_fast_q15.c **** 
 424:Drivers/CMSIS/DSP/Source/FilteringFunctions/arm_correlate_fast_q15.c ****       *pOut = (q15_t) (acc1 >> 15);
 571              		.loc 1 424 7 view .LVU224
 572              		.loc 1 424 15 is_stmt 0 view .LVU225
 573 019c 47F3CF33 		sbfx	r3, r7, #15, #16
ARM GAS  C:\Users\Lamp\AppData\Local\Temp\ccj3X8ei.s 			page 36


 574              		.loc 1 424 13 view .LVU226
 575 01a0 099A     		ldr	r2, [sp, #36]
 576 01a2 21F81230 		strh	r3, [r1, r2, lsl #1]	@ movhi
 425:Drivers/CMSIS/DSP/Source/FilteringFunctions/arm_correlate_fast_q15.c ****       pOut += inc;
 577              		.loc 1 425 7 is_stmt 1 view .LVU227
 578              		.loc 1 425 12 is_stmt 0 view .LVU228
 579 01a6 01EB8203 		add	r3, r1, r2, lsl #2
 580              	.LVL80:
 426:Drivers/CMSIS/DSP/Source/FilteringFunctions/arm_correlate_fast_q15.c **** 
 427:Drivers/CMSIS/DSP/Source/FilteringFunctions/arm_correlate_fast_q15.c ****       *pOut = (q15_t) (acc2 >> 15);
 581              		.loc 1 427 7 is_stmt 1 view .LVU229
 582              		.loc 1 427 15 is_stmt 0 view .LVU230
 583 01aa 4AF3CF3A 		sbfx	r10, r10, #15, #16
 584              	.LVL81:
 585              		.loc 1 427 13 view .LVU231
 586 01ae 21F822A0 		strh	r10, [r1, r2, lsl #2]	@ movhi
 428:Drivers/CMSIS/DSP/Source/FilteringFunctions/arm_correlate_fast_q15.c ****       pOut += inc;
 587              		.loc 1 428 7 is_stmt 1 view .LVU232
 588              	.LVL82:
 429:Drivers/CMSIS/DSP/Source/FilteringFunctions/arm_correlate_fast_q15.c **** 
 430:Drivers/CMSIS/DSP/Source/FilteringFunctions/arm_correlate_fast_q15.c ****       *pOut = (q15_t) (acc3 >> 15);
 589              		.loc 1 430 7 view .LVU233
 590              		.loc 1 430 15 is_stmt 0 view .LVU234
 591 01b2 4BF3CF3B 		sbfx	fp, fp, #15, #16
 592              	.LVL83:
 593              		.loc 1 430 13 view .LVU235
 594 01b6 23F812B0 		strh	fp, [r3, r2, lsl #1]	@ movhi
 431:Drivers/CMSIS/DSP/Source/FilteringFunctions/arm_correlate_fast_q15.c ****       pOut += inc;
 595              		.loc 1 431 7 is_stmt 1 view .LVU236
 596              		.loc 1 431 12 is_stmt 0 view .LVU237
 597 01ba 03EB8203 		add	r3, r3, r2, lsl #2
 598              	.LVL84:
 599              		.loc 1 431 12 view .LVU238
 600 01be 0393     		str	r3, [sp, #12]
 601              	.LVL85:
 432:Drivers/CMSIS/DSP/Source/FilteringFunctions/arm_correlate_fast_q15.c **** 
 433:Drivers/CMSIS/DSP/Source/FilteringFunctions/arm_correlate_fast_q15.c ****       /* Increment the pointer pIn1 index, count by 1 */
 434:Drivers/CMSIS/DSP/Source/FilteringFunctions/arm_correlate_fast_q15.c ****       count += 4U;
 602              		.loc 1 434 7 is_stmt 1 view .LVU239
 603              		.loc 1 434 13 is_stmt 0 view .LVU240
 604 01c0 089B     		ldr	r3, [sp, #32]
 605              	.LVL86:
 606              		.loc 1 434 13 view .LVU241
 607 01c2 0433     		adds	r3, r3, #4
 608 01c4 0893     		str	r3, [sp, #32]
 609              	.LVL87:
 435:Drivers/CMSIS/DSP/Source/FilteringFunctions/arm_correlate_fast_q15.c **** 
 436:Drivers/CMSIS/DSP/Source/FilteringFunctions/arm_correlate_fast_q15.c ****       /* Update the inputA and inputB pointers for next MAC calculation */
 437:Drivers/CMSIS/DSP/Source/FilteringFunctions/arm_correlate_fast_q15.c ****       px = pIn1 + count;
 610              		.loc 1 437 7 is_stmt 1 view .LVU242
 611              		.loc 1 437 17 is_stmt 0 view .LVU243
 612 01c6 069A     		ldr	r2, [sp, #24]
 613 01c8 02EB4303 		add	r3, r2, r3, lsl #1
 614              	.LVL88:
 438:Drivers/CMSIS/DSP/Source/FilteringFunctions/arm_correlate_fast_q15.c ****       py = pIn2;
 615              		.loc 1 438 7 is_stmt 1 view .LVU244
 439:Drivers/CMSIS/DSP/Source/FilteringFunctions/arm_correlate_fast_q15.c **** 
ARM GAS  C:\Users\Lamp\AppData\Local\Temp\ccj3X8ei.s 			page 37


 440:Drivers/CMSIS/DSP/Source/FilteringFunctions/arm_correlate_fast_q15.c **** 
 441:Drivers/CMSIS/DSP/Source/FilteringFunctions/arm_correlate_fast_q15.c ****       /* Decrement the loop counter */
 442:Drivers/CMSIS/DSP/Source/FilteringFunctions/arm_correlate_fast_q15.c ****       blkCnt--;
 616              		.loc 1 442 7 view .LVU245
 617              		.loc 1 442 13 is_stmt 0 view .LVU246
 618 01cc 079A     		ldr	r2, [sp, #28]
 619 01ce 013A     		subs	r2, r2, #1
 620 01d0 0792     		str	r2, [sp, #28]
 621              	.LVL89:
 622              	.L11:
 263:Drivers/CMSIS/DSP/Source/FilteringFunctions/arm_correlate_fast_q15.c ****     {
 623              		.loc 1 263 19 is_stmt 1 view .LVU247
 624 01d2 079A     		ldr	r2, [sp, #28]
 625 01d4 002A     		cmp	r2, #0
 626 01d6 00F0A280 		beq	.L36
 266:Drivers/CMSIS/DSP/Source/FilteringFunctions/arm_correlate_fast_q15.c ****       acc1 = 0;
 627              		.loc 1 266 7 view .LVU248
 628              	.LVL90:
 267:Drivers/CMSIS/DSP/Source/FilteringFunctions/arm_correlate_fast_q15.c ****       acc2 = 0;
 629              		.loc 1 267 7 view .LVU249
 268:Drivers/CMSIS/DSP/Source/FilteringFunctions/arm_correlate_fast_q15.c ****       acc3 = 0;
 630              		.loc 1 268 7 view .LVU250
 269:Drivers/CMSIS/DSP/Source/FilteringFunctions/arm_correlate_fast_q15.c **** 
 631              		.loc 1 269 7 view .LVU251
 272:Drivers/CMSIS/DSP/Source/FilteringFunctions/arm_correlate_fast_q15.c ****       /* read x[1], x[2] samples */
 632              		.loc 1 272 7 view .LVU252
 272:Drivers/CMSIS/DSP/Source/FilteringFunctions/arm_correlate_fast_q15.c ****       /* read x[1], x[2] samples */
 633              		.loc 1 272 10 is_stmt 0 view .LVU253
 634 01da 1968     		ldr	r1, [r3]
 635              	.LVL91:
 274:Drivers/CMSIS/DSP/Source/FilteringFunctions/arm_correlate_fast_q15.c **** 	  px += 2U;
 636              		.loc 1 274 7 is_stmt 1 view .LVU254
 274:Drivers/CMSIS/DSP/Source/FilteringFunctions/arm_correlate_fast_q15.c **** 	  px += 2U;
 637              		.loc 1 274 10 is_stmt 0 view .LVU255
 638 01dc D3F80220 		ldr	r2, [r3, #2]
 639              	.LVL92:
 275:Drivers/CMSIS/DSP/Source/FilteringFunctions/arm_correlate_fast_q15.c **** 
 640              		.loc 1 275 4 is_stmt 1 view .LVU256
 275:Drivers/CMSIS/DSP/Source/FilteringFunctions/arm_correlate_fast_q15.c **** 
 641              		.loc 1 275 7 is_stmt 0 view .LVU257
 642 01e0 1D1D     		adds	r5, r3, #4
 643              	.LVL93:
 278:Drivers/CMSIS/DSP/Source/FilteringFunctions/arm_correlate_fast_q15.c **** 
 644              		.loc 1 278 7 is_stmt 1 view .LVU258
 278:Drivers/CMSIS/DSP/Source/FilteringFunctions/arm_correlate_fast_q15.c **** 
 645              		.loc 1 278 9 is_stmt 0 view .LVU259
 646 01e2 059B     		ldr	r3, [sp, #20]
 647 01e4 9B08     		lsrs	r3, r3, #2
 648 01e6 0093     		str	r3, [sp]
 649              	.LVL94:
 278:Drivers/CMSIS/DSP/Source/FilteringFunctions/arm_correlate_fast_q15.c **** 
 650              		.loc 1 278 9 view .LVU260
 651 01e8 DDF810C0 		ldr	ip, [sp, #16]
 269:Drivers/CMSIS/DSP/Source/FilteringFunctions/arm_correlate_fast_q15.c **** 
 652              		.loc 1 269 12 view .LVU261
 653 01ec 4FF0000B 		mov	fp, #0
 268:Drivers/CMSIS/DSP/Source/FilteringFunctions/arm_correlate_fast_q15.c ****       acc3 = 0;
ARM GAS  C:\Users\Lamp\AppData\Local\Temp\ccj3X8ei.s 			page 38


 654              		.loc 1 268 12 view .LVU262
 655 01f0 DA46     		mov	r10, fp
 267:Drivers/CMSIS/DSP/Source/FilteringFunctions/arm_correlate_fast_q15.c ****       acc2 = 0;
 656              		.loc 1 267 12 view .LVU263
 657 01f2 5F46     		mov	r7, fp
 266:Drivers/CMSIS/DSP/Source/FilteringFunctions/arm_correlate_fast_q15.c ****       acc1 = 0;
 658              		.loc 1 266 12 view .LVU264
 659 01f4 D846     		mov	r8, fp
 660 01f6 E646     		mov	lr, ip
 661 01f8 0846     		mov	r0, r1
 662              	.LVL95:
 663              	.L12:
 282:Drivers/CMSIS/DSP/Source/FilteringFunctions/arm_correlate_fast_q15.c ****       {
 664              		.loc 1 282 7 is_stmt 1 view .LVU265
 286:Drivers/CMSIS/DSP/Source/FilteringFunctions/arm_correlate_fast_q15.c **** 
 665              		.loc 1 286 9 view .LVU266
 286:Drivers/CMSIS/DSP/Source/FilteringFunctions/arm_correlate_fast_q15.c **** 
 666              		.loc 1 286 12 is_stmt 0 view .LVU267
 667 01fa DEF80010 		ldr	r1, [lr]
 668              	.LVL96:
 289:Drivers/CMSIS/DSP/Source/FilteringFunctions/arm_correlate_fast_q15.c **** 
 669              		.loc 1 289 9 is_stmt 1 view .LVU268
 670              	.LBB84:
 671              	.LBI84:
 890:Drivers/CMSIS/DSP/Include/arm_math.h ****   uint32_t x,
 672              		.loc 2 890 41 view .LVU269
 673              	.LBB85:
 895:Drivers/CMSIS/DSP/Include/arm_math.h ****                        ((((q31_t)x      ) >> 16) * (((q31_t)y      ) >> 16)) +
 674              		.loc 2 895 5 view .LVU270
 895:Drivers/CMSIS/DSP/Include/arm_math.h ****                        ((((q31_t)x      ) >> 16) * (((q31_t)y      ) >> 16)) +
 675              		.loc 2 895 43 is_stmt 0 view .LVU271
 676 01fe 03B2     		sxth	r3, r0
 895:Drivers/CMSIS/DSP/Include/arm_math.h ****                        ((((q31_t)x      ) >> 16) * (((q31_t)y      ) >> 16)) +
 677              		.loc 2 895 70 view .LVU272
 678 0200 0CB2     		sxth	r4, r1
 896:Drivers/CMSIS/DSP/Include/arm_math.h ****                        ( ((q31_t)sum    )                                  )   ));
 679              		.loc 2 896 43 view .LVU273
 680 0202 0014     		asrs	r0, r0, #16
 896:Drivers/CMSIS/DSP/Include/arm_math.h ****                        ( ((q31_t)sum    )                                  )   ));
 681              		.loc 2 896 70 view .LVU274
 682 0204 0914     		asrs	r1, r1, #16
 683              	.LVL97:
 896:Drivers/CMSIS/DSP/Include/arm_math.h ****                        ( ((q31_t)sum    )                                  )   ));
 684              		.loc 2 896 50 view .LVU275
 685 0206 01FB00F0 		mul	r0, r1, r0
 895:Drivers/CMSIS/DSP/Include/arm_math.h ****                        ((((q31_t)x      ) >> 16) * (((q31_t)y      ) >> 16)) +
 686              		.loc 2 895 78 view .LVU276
 687 020a 04FB0300 		mla	r0, r4, r3, r0
 896:Drivers/CMSIS/DSP/Include/arm_math.h ****                        ( ((q31_t)sum    )                                  )   ));
 688              		.loc 2 896 78 view .LVU277
 689 020e 8044     		add	r8, r8, r0
 690              	.LVL98:
 896:Drivers/CMSIS/DSP/Include/arm_math.h ****                        ( ((q31_t)sum    )                                  )   ));
 691              		.loc 2 896 78 view .LVU278
 692              	.LBE85:
 693              	.LBE84:
 292:Drivers/CMSIS/DSP/Source/FilteringFunctions/arm_correlate_fast_q15.c **** 
ARM GAS  C:\Users\Lamp\AppData\Local\Temp\ccj3X8ei.s 			page 39


 694              		.loc 1 292 9 is_stmt 1 view .LVU279
 695              	.LBB86:
 696              	.LBI86:
 890:Drivers/CMSIS/DSP/Include/arm_math.h ****   uint32_t x,
 697              		.loc 2 890 41 view .LVU280
 698              	.LBB87:
 895:Drivers/CMSIS/DSP/Include/arm_math.h ****                        ((((q31_t)x      ) >> 16) * (((q31_t)y      ) >> 16)) +
 699              		.loc 2 895 5 view .LVU281
 895:Drivers/CMSIS/DSP/Include/arm_math.h ****                        ((((q31_t)x      ) >> 16) * (((q31_t)y      ) >> 16)) +
 700              		.loc 2 895 43 is_stmt 0 view .LVU282
 701 0210 13B2     		sxth	r3, r2
 896:Drivers/CMSIS/DSP/Include/arm_math.h ****                        ( ((q31_t)sum    )                                  )   ));
 702              		.loc 2 896 43 view .LVU283
 703 0212 1214     		asrs	r2, r2, #16
 896:Drivers/CMSIS/DSP/Include/arm_math.h ****                        ( ((q31_t)sum    )                                  )   ));
 704              		.loc 2 896 50 view .LVU284
 705 0214 01FB02F2 		mul	r2, r1, r2
 895:Drivers/CMSIS/DSP/Include/arm_math.h ****                        ((((q31_t)x      ) >> 16) * (((q31_t)y      ) >> 16)) +
 706              		.loc 2 895 78 view .LVU285
 707 0218 04FB0322 		mla	r2, r4, r3, r2
 896:Drivers/CMSIS/DSP/Include/arm_math.h ****                        ( ((q31_t)sum    )                                  )   ));
 708              		.loc 2 896 78 view .LVU286
 709 021c 1744     		add	r7, r7, r2
 710              	.LVL99:
 896:Drivers/CMSIS/DSP/Include/arm_math.h ****                        ( ((q31_t)sum    )                                  )   ));
 711              		.loc 2 896 78 view .LVU287
 712              	.LBE87:
 713              	.LBE86:
 295:Drivers/CMSIS/DSP/Source/FilteringFunctions/arm_correlate_fast_q15.c **** 
 714              		.loc 1 295 9 is_stmt 1 view .LVU288
 295:Drivers/CMSIS/DSP/Source/FilteringFunctions/arm_correlate_fast_q15.c **** 
 715              		.loc 1 295 12 is_stmt 0 view .LVU289
 716 021e 2B68     		ldr	r3, [r5]
 717              	.LVL100:
 298:Drivers/CMSIS/DSP/Source/FilteringFunctions/arm_correlate_fast_q15.c **** 
 718              		.loc 1 298 9 is_stmt 1 view .LVU290
 298:Drivers/CMSIS/DSP/Source/FilteringFunctions/arm_correlate_fast_q15.c **** 
 719              		.loc 1 298 12 is_stmt 0 view .LVU291
 720 0220 D5F80200 		ldr	r0, [r5, #2]
 721              	.LVL101:
 301:Drivers/CMSIS/DSP/Source/FilteringFunctions/arm_correlate_fast_q15.c **** 
 722              		.loc 1 301 9 is_stmt 1 view .LVU292
 723              	.LBB88:
 724              	.LBI88:
 890:Drivers/CMSIS/DSP/Include/arm_math.h ****   uint32_t x,
 725              		.loc 2 890 41 view .LVU293
 726              	.LBB89:
 895:Drivers/CMSIS/DSP/Include/arm_math.h ****                        ((((q31_t)x      ) >> 16) * (((q31_t)y      ) >> 16)) +
 727              		.loc 2 895 5 view .LVU294
 895:Drivers/CMSIS/DSP/Include/arm_math.h ****                        ((((q31_t)x      ) >> 16) * (((q31_t)y      ) >> 16)) +
 728              		.loc 2 895 43 is_stmt 0 view .LVU295
 729 0224 0FFA83FC 		sxth	ip, r3
 896:Drivers/CMSIS/DSP/Include/arm_math.h ****                        ( ((q31_t)sum    )                                  )   ));
 730              		.loc 2 896 43 view .LVU296
 731 0228 1A14     		asrs	r2, r3, #16
 896:Drivers/CMSIS/DSP/Include/arm_math.h ****                        ( ((q31_t)sum    )                                  )   ));
 732              		.loc 2 896 50 view .LVU297
ARM GAS  C:\Users\Lamp\AppData\Local\Temp\ccj3X8ei.s 			page 40


 733 022a 01FB02F6 		mul	r6, r1, r2
 895:Drivers/CMSIS/DSP/Include/arm_math.h ****                        ((((q31_t)x      ) >> 16) * (((q31_t)y      ) >> 16)) +
 734              		.loc 2 895 78 view .LVU298
 735 022e 04FB0C66 		mla	r6, r4, ip, r6
 896:Drivers/CMSIS/DSP/Include/arm_math.h ****                        ( ((q31_t)sum    )                                  )   ));
 736              		.loc 2 896 78 view .LVU299
 737 0232 5644     		add	r6, r6, r10
 738              	.LVL102:
 896:Drivers/CMSIS/DSP/Include/arm_math.h ****                        ( ((q31_t)sum    )                                  )   ));
 739              		.loc 2 896 78 view .LVU300
 740              	.LBE89:
 741              	.LBE88:
 304:Drivers/CMSIS/DSP/Source/FilteringFunctions/arm_correlate_fast_q15.c **** 
 742              		.loc 1 304 9 is_stmt 1 view .LVU301
 743              	.LBB90:
 744              	.LBI90:
 890:Drivers/CMSIS/DSP/Include/arm_math.h ****   uint32_t x,
 745              		.loc 2 890 41 view .LVU302
 746              	.LBB91:
 895:Drivers/CMSIS/DSP/Include/arm_math.h ****                        ((((q31_t)x      ) >> 16) * (((q31_t)y      ) >> 16)) +
 747              		.loc 2 895 5 view .LVU303
 895:Drivers/CMSIS/DSP/Include/arm_math.h ****                        ((((q31_t)x      ) >> 16) * (((q31_t)y      ) >> 16)) +
 748              		.loc 2 895 43 is_stmt 0 view .LVU304
 749 0234 0FFA80F9 		sxth	r9, r0
 896:Drivers/CMSIS/DSP/Include/arm_math.h ****                        ( ((q31_t)sum    )                                  )   ));
 750              		.loc 2 896 43 view .LVU305
 751 0238 0014     		asrs	r0, r0, #16
 752              	.LVL103:
 896:Drivers/CMSIS/DSP/Include/arm_math.h ****                        ( ((q31_t)sum    )                                  )   ));
 753              		.loc 2 896 50 view .LVU306
 754 023a 00FB01F1 		mul	r1, r0, r1
 895:Drivers/CMSIS/DSP/Include/arm_math.h ****                        ((((q31_t)x      ) >> 16) * (((q31_t)y      ) >> 16)) +
 755              		.loc 2 895 78 view .LVU307
 756 023e 04FB0911 		mla	r1, r4, r9, r1
 896:Drivers/CMSIS/DSP/Include/arm_math.h ****                        ( ((q31_t)sum    )                                  )   ));
 757              		.loc 2 896 78 view .LVU308
 758 0242 0BEB0103 		add	r3, fp, r1
 759              	.LVL104:
 896:Drivers/CMSIS/DSP/Include/arm_math.h ****                        ( ((q31_t)sum    )                                  )   ));
 760              		.loc 2 896 78 view .LVU309
 761 0246 0193     		str	r3, [sp, #4]
 762              	.LVL105:
 896:Drivers/CMSIS/DSP/Include/arm_math.h ****                        ( ((q31_t)sum    )                                  )   ));
 763              		.loc 2 896 78 view .LVU310
 764              	.LBE91:
 765              	.LBE90:
 307:Drivers/CMSIS/DSP/Source/FilteringFunctions/arm_correlate_fast_q15.c **** 
 766              		.loc 1 307 9 is_stmt 1 view .LVU311
 767 0248 7146     		mov	r1, lr
 768              	.LVL106:
 307:Drivers/CMSIS/DSP/Source/FilteringFunctions/arm_correlate_fast_q15.c **** 
 769              		.loc 1 307 27 is_stmt 0 view .LVU312
 770 024a 0EF1080E 		add	lr, lr, #8
 771              	.LVL107:
 307:Drivers/CMSIS/DSP/Source/FilteringFunctions/arm_correlate_fast_q15.c **** 
 772              		.loc 1 307 12 view .LVU313
 773 024e 4B68     		ldr	r3, [r1, #4]
ARM GAS  C:\Users\Lamp\AppData\Local\Temp\ccj3X8ei.s 			page 41


 774              	.LVL108:
 310:Drivers/CMSIS/DSP/Source/FilteringFunctions/arm_correlate_fast_q15.c **** 
 775              		.loc 1 310 9 is_stmt 1 view .LVU314
 776              	.LBB92:
 777              	.LBI92:
 890:Drivers/CMSIS/DSP/Include/arm_math.h ****   uint32_t x,
 778              		.loc 2 890 41 view .LVU315
 779              	.LBB93:
 895:Drivers/CMSIS/DSP/Include/arm_math.h ****                        ((((q31_t)x      ) >> 16) * (((q31_t)y      ) >> 16)) +
 780              		.loc 2 895 5 view .LVU316
 895:Drivers/CMSIS/DSP/Include/arm_math.h ****                        ((((q31_t)x      ) >> 16) * (((q31_t)y      ) >> 16)) +
 781              		.loc 2 895 70 is_stmt 0 view .LVU317
 782 0250 0FFA83FB 		sxth	fp, r3
 896:Drivers/CMSIS/DSP/Include/arm_math.h ****                        ( ((q31_t)sum    )                                  )   ));
 783              		.loc 2 896 70 view .LVU318
 784 0254 1B14     		asrs	r3, r3, #16
 785              	.LVL109:
 896:Drivers/CMSIS/DSP/Include/arm_math.h ****                        ( ((q31_t)sum    )                                  )   ));
 786              		.loc 2 896 50 view .LVU319
 787 0256 03FB02F2 		mul	r2, r3, r2
 895:Drivers/CMSIS/DSP/Include/arm_math.h ****                        ((((q31_t)x      ) >> 16) * (((q31_t)y      ) >> 16)) +
 788              		.loc 2 895 78 view .LVU320
 789 025a 0CFB0B22 		mla	r2, ip, fp, r2
 896:Drivers/CMSIS/DSP/Include/arm_math.h ****                        ( ((q31_t)sum    )                                  )   ));
 790              		.loc 2 896 78 view .LVU321
 791 025e 9044     		add	r8, r8, r2
 792              	.LVL110:
 896:Drivers/CMSIS/DSP/Include/arm_math.h ****                        ( ((q31_t)sum    )                                  )   ));
 793              		.loc 2 896 78 view .LVU322
 794              	.LBE93:
 795              	.LBE92:
 313:Drivers/CMSIS/DSP/Source/FilteringFunctions/arm_correlate_fast_q15.c **** 
 796              		.loc 1 313 9 is_stmt 1 view .LVU323
 797              	.LBB94:
 798              	.LBI94:
 890:Drivers/CMSIS/DSP/Include/arm_math.h ****   uint32_t x,
 799              		.loc 2 890 41 view .LVU324
 800              	.LBB95:
 895:Drivers/CMSIS/DSP/Include/arm_math.h ****                        ((((q31_t)x      ) >> 16) * (((q31_t)y      ) >> 16)) +
 801              		.loc 2 895 5 view .LVU325
 896:Drivers/CMSIS/DSP/Include/arm_math.h ****                        ( ((q31_t)sum    )                                  )   ));
 802              		.loc 2 896 50 is_stmt 0 view .LVU326
 803 0260 03FB00F0 		mul	r0, r3, r0
 895:Drivers/CMSIS/DSP/Include/arm_math.h ****                        ((((q31_t)x      ) >> 16) * (((q31_t)y      ) >> 16)) +
 804              		.loc 2 895 78 view .LVU327
 805 0264 09FB0B00 		mla	r0, r9, fp, r0
 896:Drivers/CMSIS/DSP/Include/arm_math.h ****                        ( ((q31_t)sum    )                                  )   ));
 806              		.loc 2 896 78 view .LVU328
 807 0268 0744     		add	r7, r7, r0
 808              	.LVL111:
 896:Drivers/CMSIS/DSP/Include/arm_math.h ****                        ( ((q31_t)sum    )                                  )   ));
 809              		.loc 2 896 78 view .LVU329
 810              	.LBE95:
 811              	.LBE94:
 316:Drivers/CMSIS/DSP/Source/FilteringFunctions/arm_correlate_fast_q15.c **** 
 812              		.loc 1 316 9 is_stmt 1 view .LVU330
 316:Drivers/CMSIS/DSP/Source/FilteringFunctions/arm_correlate_fast_q15.c **** 
ARM GAS  C:\Users\Lamp\AppData\Local\Temp\ccj3X8ei.s 			page 42


 813              		.loc 1 316 12 is_stmt 0 view .LVU331
 814 026a 6868     		ldr	r0, [r5, #4]
 319:Drivers/CMSIS/DSP/Source/FilteringFunctions/arm_correlate_fast_q15.c **** 		px += 4U;
 815              		.loc 1 319 9 is_stmt 1 view .LVU332
 816              	.LVL112:
 319:Drivers/CMSIS/DSP/Source/FilteringFunctions/arm_correlate_fast_q15.c **** 		px += 4U;
 817              		.loc 1 319 12 is_stmt 0 view .LVU333
 818 026c D5F80620 		ldr	r2, [r5, #6]
 320:Drivers/CMSIS/DSP/Source/FilteringFunctions/arm_correlate_fast_q15.c **** 
 819              		.loc 1 320 3 is_stmt 1 view .LVU334
 820 0270 0295     		str	r5, [sp, #8]
 821              	.LVL113:
 320:Drivers/CMSIS/DSP/Source/FilteringFunctions/arm_correlate_fast_q15.c **** 
 822              		.loc 1 320 6 is_stmt 0 view .LVU335
 823 0272 0835     		adds	r5, r5, #8
 824              	.LVL114:
 323:Drivers/CMSIS/DSP/Source/FilteringFunctions/arm_correlate_fast_q15.c **** 
 825              		.loc 1 323 9 is_stmt 1 view .LVU336
 826              	.LBB96:
 827              	.LBI96:
 890:Drivers/CMSIS/DSP/Include/arm_math.h ****   uint32_t x,
 828              		.loc 2 890 41 view .LVU337
 829              	.LBB97:
 895:Drivers/CMSIS/DSP/Include/arm_math.h ****                        ((((q31_t)x      ) >> 16) * (((q31_t)y      ) >> 16)) +
 830              		.loc 2 895 5 view .LVU338
 895:Drivers/CMSIS/DSP/Include/arm_math.h ****                        ((((q31_t)x      ) >> 16) * (((q31_t)y      ) >> 16)) +
 831              		.loc 2 895 43 is_stmt 0 view .LVU339
 832 0274 0FFA80F9 		sxth	r9, r0
 896:Drivers/CMSIS/DSP/Include/arm_math.h ****                        ( ((q31_t)sum    )                                  )   ));
 833              		.loc 2 896 43 view .LVU340
 834 0278 0414     		asrs	r4, r0, #16
 896:Drivers/CMSIS/DSP/Include/arm_math.h ****                        ( ((q31_t)sum    )                                  )   ));
 835              		.loc 2 896 50 view .LVU341
 836 027a 03FB04FA 		mul	r10, r3, r4
 895:Drivers/CMSIS/DSP/Include/arm_math.h ****                        ((((q31_t)x      ) >> 16) * (((q31_t)y      ) >> 16)) +
 837              		.loc 2 895 78 view .LVU342
 838 027e 0BFB09AA 		mla	r10, fp, r9, r10
 896:Drivers/CMSIS/DSP/Include/arm_math.h ****                        ( ((q31_t)sum    )                                  )   ));
 839              		.loc 2 896 78 view .LVU343
 840 0282 B244     		add	r10, r10, r6
 841              	.LVL115:
 896:Drivers/CMSIS/DSP/Include/arm_math.h ****                        ( ((q31_t)sum    )                                  )   ));
 842              		.loc 2 896 78 view .LVU344
 843              	.LBE97:
 844              	.LBE96:
 326:Drivers/CMSIS/DSP/Source/FilteringFunctions/arm_correlate_fast_q15.c **** 
 845              		.loc 1 326 9 is_stmt 1 view .LVU345
 846              	.LBB98:
 847              	.LBI98:
 890:Drivers/CMSIS/DSP/Include/arm_math.h ****   uint32_t x,
 848              		.loc 2 890 41 view .LVU346
 849              	.LBB99:
 895:Drivers/CMSIS/DSP/Include/arm_math.h ****                        ((((q31_t)x      ) >> 16) * (((q31_t)y      ) >> 16)) +
 850              		.loc 2 895 5 view .LVU347
 895:Drivers/CMSIS/DSP/Include/arm_math.h ****                        ((((q31_t)x      ) >> 16) * (((q31_t)y      ) >> 16)) +
 851              		.loc 2 895 43 is_stmt 0 view .LVU348
 852 0284 0FFA82FC 		sxth	ip, r2
ARM GAS  C:\Users\Lamp\AppData\Local\Temp\ccj3X8ei.s 			page 43


 896:Drivers/CMSIS/DSP/Include/arm_math.h ****                        ( ((q31_t)sum    )                                  )   ));
 853              		.loc 2 896 43 view .LVU349
 854 0288 1614     		asrs	r6, r2, #16
 896:Drivers/CMSIS/DSP/Include/arm_math.h ****                        ( ((q31_t)sum    )                                  )   ));
 855              		.loc 2 896 50 view .LVU350
 856 028a 06FB03F3 		mul	r3, r6, r3
 895:Drivers/CMSIS/DSP/Include/arm_math.h ****                        ((((q31_t)x      ) >> 16) * (((q31_t)y      ) >> 16)) +
 857              		.loc 2 895 78 view .LVU351
 858 028e 0BFB0C33 		mla	r3, fp, ip, r3
 896:Drivers/CMSIS/DSP/Include/arm_math.h ****                        ( ((q31_t)sum    )                                  )   ));
 859              		.loc 2 896 78 view .LVU352
 860 0292 DDF804B0 		ldr	fp, [sp, #4]
 861 0296 9B44     		add	fp, r3, fp
 862              	.LVL116:
 896:Drivers/CMSIS/DSP/Include/arm_math.h ****                        ( ((q31_t)sum    )                                  )   ));
 863              		.loc 2 896 78 view .LVU353
 864              	.LBE99:
 865              	.LBE98:
 328:Drivers/CMSIS/DSP/Source/FilteringFunctions/arm_correlate_fast_q15.c **** 
 866              		.loc 1 328 16 is_stmt 1 discriminator 1 view .LVU354
 328:Drivers/CMSIS/DSP/Source/FilteringFunctions/arm_correlate_fast_q15.c **** 
 867              		.loc 1 328 16 is_stmt 0 discriminator 1 view .LVU355
 868 0298 009B     		ldr	r3, [sp]
 869 029a 013B     		subs	r3, r3, #1
 870              	.LVL117:
 328:Drivers/CMSIS/DSP/Source/FilteringFunctions/arm_correlate_fast_q15.c **** 
 871              		.loc 1 328 16 discriminator 1 view .LVU356
 872 029c 0093     		str	r3, [sp]
 873 029e ACD1     		bne	.L12
 335:Drivers/CMSIS/DSP/Source/FilteringFunctions/arm_correlate_fast_q15.c **** 
 874              		.loc 1 335 9 view .LVU357
 875 02a0 CDF800C0 		str	ip, [sp]
 876 02a4 8E46     		mov	lr, r1
 877              	.LVL118:
 335:Drivers/CMSIS/DSP/Source/FilteringFunctions/arm_correlate_fast_q15.c **** 
 878              		.loc 1 335 7 is_stmt 1 view .LVU358
 335:Drivers/CMSIS/DSP/Source/FilteringFunctions/arm_correlate_fast_q15.c **** 
 879              		.loc 1 335 9 is_stmt 0 view .LVU359
 880 02a6 059B     		ldr	r3, [sp, #20]
 881              	.LVL119:
 335:Drivers/CMSIS/DSP/Source/FilteringFunctions/arm_correlate_fast_q15.c **** 
 882              		.loc 1 335 9 view .LVU360
 883 02a8 03F00302 		and	r2, r3, #3
 884              	.LVL120:
 337:Drivers/CMSIS/DSP/Source/FilteringFunctions/arm_correlate_fast_q15.c ****       {
 885              		.loc 1 337 7 is_stmt 1 view .LVU361
 337:Drivers/CMSIS/DSP/Source/FilteringFunctions/arm_correlate_fast_q15.c ****       {
 886              		.loc 1 337 10 is_stmt 0 view .LVU362
 887 02ac 012A     		cmp	r2, #1
 888 02ae 3FF439AF 		beq	.L37
 889              	.LVL121:
 890              	.L13:
 362:Drivers/CMSIS/DSP/Source/FilteringFunctions/arm_correlate_fast_q15.c ****       {
 891              		.loc 1 362 7 is_stmt 1 view .LVU363
 362:Drivers/CMSIS/DSP/Source/FilteringFunctions/arm_correlate_fast_q15.c ****       {
 892              		.loc 1 362 10 is_stmt 0 view .LVU364
 893 02b2 022A     		cmp	r2, #2
ARM GAS  C:\Users\Lamp\AppData\Local\Temp\ccj3X8ei.s 			page 44


 894 02b4 3FF446AF 		beq	.L38
 895              	.LVL122:
 896              	.L14:
 381:Drivers/CMSIS/DSP/Source/FilteringFunctions/arm_correlate_fast_q15.c ****       {
 897              		.loc 1 381 7 is_stmt 1 view .LVU365
 381:Drivers/CMSIS/DSP/Source/FilteringFunctions/arm_correlate_fast_q15.c ****       {
 898              		.loc 1 381 10 is_stmt 0 view .LVU366
 899 02b8 032A     		cmp	r2, #3
 900 02ba 7FF46BAF 		bne	.L15
 384:Drivers/CMSIS/DSP/Source/FilteringFunctions/arm_correlate_fast_q15.c **** 
 901              		.loc 1 384 9 is_stmt 1 view .LVU367
 902              	.LVL123:
 384:Drivers/CMSIS/DSP/Source/FilteringFunctions/arm_correlate_fast_q15.c **** 
 903              		.loc 1 384 12 is_stmt 0 view .LVU368
 904 02be DEF80830 		ldr	r3, [lr, #8]
 905              	.LVL124:
 387:Drivers/CMSIS/DSP/Source/FilteringFunctions/arm_correlate_fast_q15.c **** 
 906              		.loc 1 387 9 is_stmt 1 view .LVU369
 387:Drivers/CMSIS/DSP/Source/FilteringFunctions/arm_correlate_fast_q15.c **** 
 907              		.loc 1 387 12 is_stmt 0 view .LVU370
 908 02c2 2A68     		ldr	r2, [r5]
 909              	.LVL125:
 390:Drivers/CMSIS/DSP/Source/FilteringFunctions/arm_correlate_fast_q15.c **** 
 910              		.loc 1 390 9 is_stmt 1 view .LVU371
 390:Drivers/CMSIS/DSP/Source/FilteringFunctions/arm_correlate_fast_q15.c **** 
 911              		.loc 1 390 12 is_stmt 0 view .LVU372
 912 02c4 D5F80210 		ldr	r1, [r5, #2]
 913              	.LVL126:
 393:Drivers/CMSIS/DSP/Source/FilteringFunctions/arm_correlate_fast_q15.c ****         acc1 = __SMLAD(x1, c0, acc1);
 914              		.loc 1 393 9 is_stmt 1 view .LVU373
 915              	.LBB100:
 916              	.LBI100:
 890:Drivers/CMSIS/DSP/Include/arm_math.h ****   uint32_t x,
 917              		.loc 2 890 41 view .LVU374
 918              	.LBB101:
 895:Drivers/CMSIS/DSP/Include/arm_math.h ****                        ((((q31_t)x      ) >> 16) * (((q31_t)y      ) >> 16)) +
 919              		.loc 2 895 5 view .LVU375
 895:Drivers/CMSIS/DSP/Include/arm_math.h ****                        ((((q31_t)x      ) >> 16) * (((q31_t)y      ) >> 16)) +
 920              		.loc 2 895 70 is_stmt 0 view .LVU376
 921 02c8 18B2     		sxth	r0, r3
 896:Drivers/CMSIS/DSP/Include/arm_math.h ****                        ( ((q31_t)sum    )                                  )   ));
 922              		.loc 2 896 70 view .LVU377
 923 02ca 1B14     		asrs	r3, r3, #16
 924              	.LVL127:
 896:Drivers/CMSIS/DSP/Include/arm_math.h ****                        ( ((q31_t)sum    )                                  )   ));
 925              		.loc 2 896 50 view .LVU378
 926 02cc 03FB04F4 		mul	r4, r3, r4
 895:Drivers/CMSIS/DSP/Include/arm_math.h ****                        ((((q31_t)x      ) >> 16) * (((q31_t)y      ) >> 16)) +
 927              		.loc 2 895 78 view .LVU379
 928 02d0 00FB0944 		mla	r4, r0, r9, r4
 896:Drivers/CMSIS/DSP/Include/arm_math.h ****                        ( ((q31_t)sum    )                                  )   ));
 929              		.loc 2 896 78 view .LVU380
 930 02d4 4444     		add	r4, r4, r8
 931              	.LVL128:
 896:Drivers/CMSIS/DSP/Include/arm_math.h ****                        ( ((q31_t)sum    )                                  )   ));
 932              		.loc 2 896 78 view .LVU381
 933              	.LBE101:
ARM GAS  C:\Users\Lamp\AppData\Local\Temp\ccj3X8ei.s 			page 45


 934              	.LBE100:
 394:Drivers/CMSIS/DSP/Source/FilteringFunctions/arm_correlate_fast_q15.c ****         acc2 = __SMLAD(x3, c0, acc2);
 935              		.loc 1 394 9 is_stmt 1 view .LVU382
 936              	.LBB102:
 937              	.LBI102:
 890:Drivers/CMSIS/DSP/Include/arm_math.h ****   uint32_t x,
 938              		.loc 2 890 41 view .LVU383
 939              	.LBB103:
 895:Drivers/CMSIS/DSP/Include/arm_math.h ****                        ((((q31_t)x      ) >> 16) * (((q31_t)y      ) >> 16)) +
 940              		.loc 2 895 5 view .LVU384
 896:Drivers/CMSIS/DSP/Include/arm_math.h ****                        ( ((q31_t)sum    )                                  )   ));
 941              		.loc 2 896 50 is_stmt 0 view .LVU385
 942 02d6 03FB06FC 		mul	ip, r3, r6
 895:Drivers/CMSIS/DSP/Include/arm_math.h ****                        ((((q31_t)x      ) >> 16) * (((q31_t)y      ) >> 16)) +
 943              		.loc 2 895 78 view .LVU386
 944 02da DDF80080 		ldr	r8, [sp]
 945 02de 00FB08CC 		mla	ip, r0, r8, ip
 896:Drivers/CMSIS/DSP/Include/arm_math.h ****                        ( ((q31_t)sum    )                                  )   ));
 946              		.loc 2 896 78 view .LVU387
 947 02e2 6744     		add	r7, r7, ip
 948              	.LVL129:
 896:Drivers/CMSIS/DSP/Include/arm_math.h ****                        ( ((q31_t)sum    )                                  )   ));
 949              		.loc 2 896 78 view .LVU388
 950              	.LBE103:
 951              	.LBE102:
 395:Drivers/CMSIS/DSP/Source/FilteringFunctions/arm_correlate_fast_q15.c ****         acc3 = __SMLAD(x2, c0, acc3);
 952              		.loc 1 395 9 is_stmt 1 view .LVU389
 953              	.LBB104:
 954              	.LBI104:
 890:Drivers/CMSIS/DSP/Include/arm_math.h ****   uint32_t x,
 955              		.loc 2 890 41 view .LVU390
 956              	.LBB105:
 895:Drivers/CMSIS/DSP/Include/arm_math.h ****                        ((((q31_t)x      ) >> 16) * (((q31_t)y      ) >> 16)) +
 957              		.loc 2 895 5 view .LVU391
 895:Drivers/CMSIS/DSP/Include/arm_math.h ****                        ((((q31_t)x      ) >> 16) * (((q31_t)y      ) >> 16)) +
 958              		.loc 2 895 43 is_stmt 0 view .LVU392
 959 02e4 0FFA82FC 		sxth	ip, r2
 896:Drivers/CMSIS/DSP/Include/arm_math.h ****                        ( ((q31_t)sum    )                                  )   ));
 960              		.loc 2 896 43 view .LVU393
 961 02e8 1214     		asrs	r2, r2, #16
 962              	.LVL130:
 896:Drivers/CMSIS/DSP/Include/arm_math.h ****                        ( ((q31_t)sum    )                                  )   ));
 963              		.loc 2 896 50 view .LVU394
 964 02ea 03FB02F2 		mul	r2, r3, r2
 895:Drivers/CMSIS/DSP/Include/arm_math.h ****                        ((((q31_t)x      ) >> 16) * (((q31_t)y      ) >> 16)) +
 965              		.loc 2 895 78 view .LVU395
 966 02ee 00FB0C22 		mla	r2, r0, ip, r2
 896:Drivers/CMSIS/DSP/Include/arm_math.h ****                        ( ((q31_t)sum    )                                  )   ));
 967              		.loc 2 896 78 view .LVU396
 968 02f2 5244     		add	r2, r2, r10
 969              	.LVL131:
 896:Drivers/CMSIS/DSP/Include/arm_math.h ****                        ( ((q31_t)sum    )                                  )   ));
 970              		.loc 2 896 78 view .LVU397
 971              	.LBE105:
 972              	.LBE104:
 396:Drivers/CMSIS/DSP/Source/FilteringFunctions/arm_correlate_fast_q15.c **** 
 973              		.loc 1 396 9 is_stmt 1 view .LVU398
ARM GAS  C:\Users\Lamp\AppData\Local\Temp\ccj3X8ei.s 			page 46


 974              	.LBB106:
 975              	.LBI106:
 890:Drivers/CMSIS/DSP/Include/arm_math.h ****   uint32_t x,
 976              		.loc 2 890 41 view .LVU399
 977              	.LBB107:
 895:Drivers/CMSIS/DSP/Include/arm_math.h ****                        ((((q31_t)x      ) >> 16) * (((q31_t)y      ) >> 16)) +
 978              		.loc 2 895 5 view .LVU400
 895:Drivers/CMSIS/DSP/Include/arm_math.h ****                        ((((q31_t)x      ) >> 16) * (((q31_t)y      ) >> 16)) +
 979              		.loc 2 895 43 is_stmt 0 view .LVU401
 980 02f4 0FFA81FC 		sxth	ip, r1
 896:Drivers/CMSIS/DSP/Include/arm_math.h ****                        ( ((q31_t)sum    )                                  )   ));
 981              		.loc 2 896 43 view .LVU402
 982 02f8 0914     		asrs	r1, r1, #16
 983              	.LVL132:
 896:Drivers/CMSIS/DSP/Include/arm_math.h ****                        ( ((q31_t)sum    )                                  )   ));
 984              		.loc 2 896 50 view .LVU403
 985 02fa 01FB03F3 		mul	r3, r1, r3
 895:Drivers/CMSIS/DSP/Include/arm_math.h ****                        ((((q31_t)x      ) >> 16) * (((q31_t)y      ) >> 16)) +
 986              		.loc 2 895 78 view .LVU404
 987 02fe 00FB0C33 		mla	r3, r0, ip, r3
 896:Drivers/CMSIS/DSP/Include/arm_math.h ****                        ( ((q31_t)sum    )                                  )   ));
 988              		.loc 2 896 78 view .LVU405
 989 0302 5B44     		add	r3, r3, fp
 990              	.LVL133:
 896:Drivers/CMSIS/DSP/Include/arm_math.h ****                        ( ((q31_t)sum    )                                  )   ));
 991              		.loc 2 896 78 view .LVU406
 992              	.LBE107:
 993              	.LBE106:
 398:Drivers/CMSIS/DSP/Source/FilteringFunctions/arm_correlate_fast_q15.c ****         /* Read y[6] */
 994              		.loc 1 398 9 is_stmt 1 view .LVU407
 405:Drivers/CMSIS/DSP/Source/FilteringFunctions/arm_correlate_fast_q15.c **** #endif /*      #ifdef  ARM_MATH_BIG_ENDIAN     */
 995              		.loc 1 405 9 view .LVU408
 409:Drivers/CMSIS/DSP/Source/FilteringFunctions/arm_correlate_fast_q15.c **** 		px += 3U;
 996              		.loc 1 409 9 view .LVU409
 410:Drivers/CMSIS/DSP/Source/FilteringFunctions/arm_correlate_fast_q15.c **** 
 997              		.loc 1 410 3 view .LVU410
 413:Drivers/CMSIS/DSP/Source/FilteringFunctions/arm_correlate_fast_q15.c ****         acc1 = __SMLAD(x2, c0, acc1);
 998              		.loc 1 413 9 view .LVU411
 999              	.LBB108:
 1000              	.LBI108:
 904:Drivers/CMSIS/DSP/Include/arm_math.h ****   uint32_t x,
 1001              		.loc 2 904 41 view .LVU412
 1002              	.LBB109:
 909:Drivers/CMSIS/DSP/Include/arm_math.h ****                        ((((q31_t)x      ) >> 16) * (((q31_t)y << 16) >> 16)) +
 1003              		.loc 2 909 5 view .LVU413
 1004              		.loc 2 910 70 is_stmt 0 view .LVU414
 1005 0304 BEF90C00 		ldrsh	r0, [lr, #12]
 1006              		.loc 2 910 78 view .LVU415
 1007 0308 00FB0648 		mla	r8, r0, r6, r4
 1008              	.LVL134:
 1009              		.loc 2 910 78 view .LVU416
 1010              	.LBE109:
 1011              	.LBE108:
 414:Drivers/CMSIS/DSP/Source/FilteringFunctions/arm_correlate_fast_q15.c ****         acc2 = __SMLADX(x2, c0, acc2);
 1012              		.loc 1 414 9 is_stmt 1 view .LVU417
 1013              	.LBB110:
 1014              	.LBI110:
ARM GAS  C:\Users\Lamp\AppData\Local\Temp\ccj3X8ei.s 			page 47


 890:Drivers/CMSIS/DSP/Include/arm_math.h ****   uint32_t x,
 1015              		.loc 2 890 41 view .LVU418
 1016              	.LBB111:
 895:Drivers/CMSIS/DSP/Include/arm_math.h ****                        ((((q31_t)x      ) >> 16) * (((q31_t)y      ) >> 16)) +
 1017              		.loc 2 895 5 view .LVU419
 896:Drivers/CMSIS/DSP/Include/arm_math.h ****                        ( ((q31_t)sum    )                                  )   ));
 1018              		.loc 2 896 78 is_stmt 0 view .LVU420
 1019 030c 0CFB0077 		mla	r7, ip, r0, r7
 1020              	.LVL135:
 896:Drivers/CMSIS/DSP/Include/arm_math.h ****                        ( ((q31_t)sum    )                                  )   ));
 1021              		.loc 2 896 78 view .LVU421
 1022              	.LBE111:
 1023              	.LBE110:
 415:Drivers/CMSIS/DSP/Source/FilteringFunctions/arm_correlate_fast_q15.c ****         acc3 = __SMLADX(x3, c0, acc3);
 1024              		.loc 1 415 9 is_stmt 1 view .LVU422
 1025              	.LBB112:
 1026              	.LBI112:
 904:Drivers/CMSIS/DSP/Include/arm_math.h ****   uint32_t x,
 1027              		.loc 2 904 41 view .LVU423
 1028              	.LBB113:
 909:Drivers/CMSIS/DSP/Include/arm_math.h ****                        ((((q31_t)x      ) >> 16) * (((q31_t)y << 16) >> 16)) +
 1029              		.loc 2 909 5 view .LVU424
 1030              		.loc 2 910 78 is_stmt 0 view .LVU425
 1031 0310 01FB002A 		mla	r10, r1, r0, r2
 1032              	.LVL136:
 1033              		.loc 2 910 78 view .LVU426
 1034              	.LBE113:
 1035              	.LBE112:
 416:Drivers/CMSIS/DSP/Source/FilteringFunctions/arm_correlate_fast_q15.c ****       }
 1036              		.loc 1 416 9 is_stmt 1 view .LVU427
 1037              	.LBB114:
 1038              	.LBI114:
 904:Drivers/CMSIS/DSP/Include/arm_math.h ****   uint32_t x,
 1039              		.loc 2 904 41 view .LVU428
 1040              	.LBB115:
 909:Drivers/CMSIS/DSP/Include/arm_math.h ****                        ((((q31_t)x      ) >> 16) * (((q31_t)y << 16) >> 16)) +
 1041              		.loc 2 909 5 view .LVU429
 1042              		.loc 2 910 43 is_stmt 0 view .LVU430
 1043 0314 B5F90620 		ldrsh	r2, [r5, #6]
 1044              		.loc 2 910 78 view .LVU431
 1045 0318 00FB023B 		mla	fp, r0, r2, r3
 1046              	.LVL137:
 1047              		.loc 2 910 78 view .LVU432
 1048 031c 3AE7     		b	.L15
 1049              	.LVL138:
 1050              	.L36:
 1051              		.loc 2 910 78 view .LVU433
 1052              	.LBE115:
 1053              	.LBE114:
 443:Drivers/CMSIS/DSP/Source/FilteringFunctions/arm_correlate_fast_q15.c ****     }
 444:Drivers/CMSIS/DSP/Source/FilteringFunctions/arm_correlate_fast_q15.c **** 
 445:Drivers/CMSIS/DSP/Source/FilteringFunctions/arm_correlate_fast_q15.c ****     /* If the blockSize2 is not a multiple of 4, compute any remaining output samples here.
 446:Drivers/CMSIS/DSP/Source/FilteringFunctions/arm_correlate_fast_q15.c ****      ** No loop unrolling is used. */
 447:Drivers/CMSIS/DSP/Source/FilteringFunctions/arm_correlate_fast_q15.c ****     blkCnt = blockSize2 % 0x4U;
 1054              		.loc 1 447 12 view .LVU434
 1055 031e 0A9C     		ldr	r4, [sp, #40]
 1056 0320 0B9A     		ldr	r2, [sp, #44]
ARM GAS  C:\Users\Lamp\AppData\Local\Temp\ccj3X8ei.s 			page 48


 1057              	.LVL139:
 1058              		.loc 1 447 5 is_stmt 1 view .LVU435
 1059              		.loc 1 447 12 is_stmt 0 view .LVU436
 1060 0322 02F00305 		and	r5, r2, #3
 1061              	.LVL140:
 448:Drivers/CMSIS/DSP/Source/FilteringFunctions/arm_correlate_fast_q15.c **** 
 449:Drivers/CMSIS/DSP/Source/FilteringFunctions/arm_correlate_fast_q15.c ****     while (blkCnt > 0U)
 1062              		.loc 1 449 5 is_stmt 1 view .LVU437
 1063 0326 039F     		ldr	r7, [sp, #12]
 1064 0328 DDF820C0 		ldr	ip, [sp, #32]
 1065 032c DDF82480 		ldr	r8, [sp, #36]
 1066 0330 DDF81890 		ldr	r9, [sp, #24]
 1067 0334 DDF814E0 		ldr	lr, [sp, #20]
 1068              		.loc 1 449 11 is_stmt 0 view .LVU438
 1069 0338 14E0     		b	.L17
 1070              	.LVL141:
 1071              	.L41:
 450:Drivers/CMSIS/DSP/Source/FilteringFunctions/arm_correlate_fast_q15.c ****     {
 451:Drivers/CMSIS/DSP/Source/FilteringFunctions/arm_correlate_fast_q15.c ****       /* Accumulator is made zero for every iteration */
 452:Drivers/CMSIS/DSP/Source/FilteringFunctions/arm_correlate_fast_q15.c ****       sum = 0;
 453:Drivers/CMSIS/DSP/Source/FilteringFunctions/arm_correlate_fast_q15.c **** 
 454:Drivers/CMSIS/DSP/Source/FilteringFunctions/arm_correlate_fast_q15.c ****       /* Apply loop unrolling and compute 4 MACs simultaneously. */
 455:Drivers/CMSIS/DSP/Source/FilteringFunctions/arm_correlate_fast_q15.c ****       k = srcBLen >> 2U;
 456:Drivers/CMSIS/DSP/Source/FilteringFunctions/arm_correlate_fast_q15.c **** 
 457:Drivers/CMSIS/DSP/Source/FilteringFunctions/arm_correlate_fast_q15.c ****       /* First part of the processing with loop unrolling.  Compute 4 MACs at a time.
 458:Drivers/CMSIS/DSP/Source/FilteringFunctions/arm_correlate_fast_q15.c ****        ** a second loop below computes MACs for the remaining 1 to 3 samples. */
 459:Drivers/CMSIS/DSP/Source/FilteringFunctions/arm_correlate_fast_q15.c ****       while (k > 0U)
 460:Drivers/CMSIS/DSP/Source/FilteringFunctions/arm_correlate_fast_q15.c ****       {
 461:Drivers/CMSIS/DSP/Source/FilteringFunctions/arm_correlate_fast_q15.c ****         /* Perform the multiply-accumulates */
 462:Drivers/CMSIS/DSP/Source/FilteringFunctions/arm_correlate_fast_q15.c ****         sum += ((q31_t) * px++ * *py++);
 463:Drivers/CMSIS/DSP/Source/FilteringFunctions/arm_correlate_fast_q15.c ****         sum += ((q31_t) * px++ * *py++);
 464:Drivers/CMSIS/DSP/Source/FilteringFunctions/arm_correlate_fast_q15.c ****         sum += ((q31_t) * px++ * *py++);
 465:Drivers/CMSIS/DSP/Source/FilteringFunctions/arm_correlate_fast_q15.c ****         sum += ((q31_t) * px++ * *py++);
 466:Drivers/CMSIS/DSP/Source/FilteringFunctions/arm_correlate_fast_q15.c **** 
 467:Drivers/CMSIS/DSP/Source/FilteringFunctions/arm_correlate_fast_q15.c ****         /* Decrement the loop counter */
 468:Drivers/CMSIS/DSP/Source/FilteringFunctions/arm_correlate_fast_q15.c ****         k--;
 469:Drivers/CMSIS/DSP/Source/FilteringFunctions/arm_correlate_fast_q15.c ****       }
 470:Drivers/CMSIS/DSP/Source/FilteringFunctions/arm_correlate_fast_q15.c **** 
 471:Drivers/CMSIS/DSP/Source/FilteringFunctions/arm_correlate_fast_q15.c ****       /* If the srcBLen is not a multiple of 4, compute any remaining MACs here.
 472:Drivers/CMSIS/DSP/Source/FilteringFunctions/arm_correlate_fast_q15.c ****        ** No loop unrolling is used. */
 473:Drivers/CMSIS/DSP/Source/FilteringFunctions/arm_correlate_fast_q15.c ****       k = srcBLen % 0x4U;
 1072              		.loc 1 473 7 is_stmt 1 view .LVU439
 1073              		.loc 1 473 9 is_stmt 0 view .LVU440
 1074 033a 0EF00306 		and	r6, lr, #3
 1075              	.LVL142:
 474:Drivers/CMSIS/DSP/Source/FilteringFunctions/arm_correlate_fast_q15.c **** 
 475:Drivers/CMSIS/DSP/Source/FilteringFunctions/arm_correlate_fast_q15.c ****       while (k > 0U)
 1076              		.loc 1 475 7 is_stmt 1 view .LVU441
 1077              	.L20:
 1078              		.loc 1 475 16 view .LVU442
 1079 033e 3EB1     		cbz	r6, .L39
 476:Drivers/CMSIS/DSP/Source/FilteringFunctions/arm_correlate_fast_q15.c ****       {
 477:Drivers/CMSIS/DSP/Source/FilteringFunctions/arm_correlate_fast_q15.c ****         /* Perform the multiply-accumulates */
 478:Drivers/CMSIS/DSP/Source/FilteringFunctions/arm_correlate_fast_q15.c ****         sum += ((q31_t) * px++ * *py++);
 1080              		.loc 1 478 9 view .LVU443
 1081              	.LVL143:
 1082              		.loc 1 478 25 is_stmt 0 view .LVU444
ARM GAS  C:\Users\Lamp\AppData\Local\Temp\ccj3X8ei.s 			page 49


 1083 0340 33F902AB 		ldrsh	r10, [r3], #2
 1084              	.LVL144:
 1085              		.loc 1 478 34 view .LVU445
 1086 0344 30F902BB 		ldrsh	fp, [r0], #2
 1087              	.LVL145:
 1088              		.loc 1 478 13 view .LVU446
 1089 0348 0BFB0A11 		mla	r1, fp, r10, r1
 1090              	.LVL146:
 479:Drivers/CMSIS/DSP/Source/FilteringFunctions/arm_correlate_fast_q15.c **** 
 480:Drivers/CMSIS/DSP/Source/FilteringFunctions/arm_correlate_fast_q15.c ****         /* Decrement the loop counter */
 481:Drivers/CMSIS/DSP/Source/FilteringFunctions/arm_correlate_fast_q15.c ****         k--;
 1091              		.loc 1 481 9 is_stmt 1 view .LVU447
 1092              		.loc 1 481 10 is_stmt 0 view .LVU448
 1093 034c 013E     		subs	r6, r6, #1
 1094              	.LVL147:
 1095              		.loc 1 481 10 view .LVU449
 1096 034e F6E7     		b	.L20
 1097              	.L39:
 482:Drivers/CMSIS/DSP/Source/FilteringFunctions/arm_correlate_fast_q15.c ****       }
 483:Drivers/CMSIS/DSP/Source/FilteringFunctions/arm_correlate_fast_q15.c **** 
 484:Drivers/CMSIS/DSP/Source/FilteringFunctions/arm_correlate_fast_q15.c ****       /* Store the result in the accumulator in the destination buffer. */
 485:Drivers/CMSIS/DSP/Source/FilteringFunctions/arm_correlate_fast_q15.c ****       *pOut = (q15_t) (sum >> 15);
 1098              		.loc 1 485 7 is_stmt 1 view .LVU450
 1099              		.loc 1 485 15 is_stmt 0 view .LVU451
 1100 0350 41F3CF31 		sbfx	r1, r1, #15, #16
 1101              	.LVL148:
 1102              		.loc 1 485 13 view .LVU452
 1103 0354 3980     		strh	r1, [r7]	@ movhi
 486:Drivers/CMSIS/DSP/Source/FilteringFunctions/arm_correlate_fast_q15.c ****       /* Destination pointer is updated according to the address modifier, inc */
 487:Drivers/CMSIS/DSP/Source/FilteringFunctions/arm_correlate_fast_q15.c ****       pOut += inc;
 1104              		.loc 1 487 7 is_stmt 1 view .LVU453
 1105              		.loc 1 487 12 is_stmt 0 view .LVU454
 1106 0356 07EB4807 		add	r7, r7, r8, lsl #1
 1107              	.LVL149:
 488:Drivers/CMSIS/DSP/Source/FilteringFunctions/arm_correlate_fast_q15.c **** 
 489:Drivers/CMSIS/DSP/Source/FilteringFunctions/arm_correlate_fast_q15.c ****       /* Increment the pointer pIn1 index, count by 1 */
 490:Drivers/CMSIS/DSP/Source/FilteringFunctions/arm_correlate_fast_q15.c ****       count++;
 1108              		.loc 1 490 7 is_stmt 1 view .LVU455
 1109              		.loc 1 490 12 is_stmt 0 view .LVU456
 1110 035a 0CF1010C 		add	ip, ip, #1
 1111              	.LVL150:
 491:Drivers/CMSIS/DSP/Source/FilteringFunctions/arm_correlate_fast_q15.c **** 
 492:Drivers/CMSIS/DSP/Source/FilteringFunctions/arm_correlate_fast_q15.c ****       /* Update the inputA and inputB pointers for next MAC calculation */
 493:Drivers/CMSIS/DSP/Source/FilteringFunctions/arm_correlate_fast_q15.c ****       px = pIn1 + count;
 1112              		.loc 1 493 7 is_stmt 1 view .LVU457
 1113              		.loc 1 493 17 is_stmt 0 view .LVU458
 1114 035e 09EB4C03 		add	r3, r9, ip, lsl #1
 1115              	.LVL151:
 494:Drivers/CMSIS/DSP/Source/FilteringFunctions/arm_correlate_fast_q15.c ****       py = pIn2;
 1116              		.loc 1 494 7 is_stmt 1 view .LVU459
 495:Drivers/CMSIS/DSP/Source/FilteringFunctions/arm_correlate_fast_q15.c **** 
 496:Drivers/CMSIS/DSP/Source/FilteringFunctions/arm_correlate_fast_q15.c ****       /* Decrement the loop counter */
 497:Drivers/CMSIS/DSP/Source/FilteringFunctions/arm_correlate_fast_q15.c ****       blkCnt--;
 1117              		.loc 1 497 7 view .LVU460
 1118              		.loc 1 497 13 is_stmt 0 view .LVU461
 1119 0362 013D     		subs	r5, r5, #1
 1120              	.LVL152:
ARM GAS  C:\Users\Lamp\AppData\Local\Temp\ccj3X8ei.s 			page 50


 1121              	.L17:
 449:Drivers/CMSIS/DSP/Source/FilteringFunctions/arm_correlate_fast_q15.c ****     {
 1122              		.loc 1 449 19 is_stmt 1 view .LVU462
 1123 0364 0DB3     		cbz	r5, .L40
 452:Drivers/CMSIS/DSP/Source/FilteringFunctions/arm_correlate_fast_q15.c **** 
 1124              		.loc 1 452 7 view .LVU463
 1125              	.LVL153:
 455:Drivers/CMSIS/DSP/Source/FilteringFunctions/arm_correlate_fast_q15.c **** 
 1126              		.loc 1 455 7 view .LVU464
 455:Drivers/CMSIS/DSP/Source/FilteringFunctions/arm_correlate_fast_q15.c **** 
 1127              		.loc 1 455 9 is_stmt 0 view .LVU465
 1128 0366 4FEA9E06 		lsr	r6, lr, #2
 1129              	.LVL154:
 459:Drivers/CMSIS/DSP/Source/FilteringFunctions/arm_correlate_fast_q15.c ****       {
 1130              		.loc 1 459 7 is_stmt 1 view .LVU466
 459:Drivers/CMSIS/DSP/Source/FilteringFunctions/arm_correlate_fast_q15.c ****       {
 1131              		.loc 1 459 13 is_stmt 0 view .LVU467
 1132 036a 0498     		ldr	r0, [sp, #16]
 452:Drivers/CMSIS/DSP/Source/FilteringFunctions/arm_correlate_fast_q15.c **** 
 1133              		.loc 1 452 11 view .LVU468
 1134 036c 0021     		movs	r1, #0
 1135              	.LVL155:
 1136              	.L18:
 459:Drivers/CMSIS/DSP/Source/FilteringFunctions/arm_correlate_fast_q15.c ****       {
 1137              		.loc 1 459 16 is_stmt 1 view .LVU469
 1138 036e 002E     		cmp	r6, #0
 1139 0370 E3D0     		beq	.L41
 462:Drivers/CMSIS/DSP/Source/FilteringFunctions/arm_correlate_fast_q15.c ****         sum += ((q31_t) * px++ * *py++);
 1140              		.loc 1 462 9 view .LVU470
 1141              	.LVL156:
 462:Drivers/CMSIS/DSP/Source/FilteringFunctions/arm_correlate_fast_q15.c ****         sum += ((q31_t) * px++ * *py++);
 1142              		.loc 1 462 25 is_stmt 0 view .LVU471
 1143 0372 B3F900A0 		ldrsh	r10, [r3]
 1144              	.LVL157:
 462:Drivers/CMSIS/DSP/Source/FilteringFunctions/arm_correlate_fast_q15.c ****         sum += ((q31_t) * px++ * *py++);
 1145              		.loc 1 462 34 view .LVU472
 1146 0376 B0F900B0 		ldrsh	fp, [r0]
 462:Drivers/CMSIS/DSP/Source/FilteringFunctions/arm_correlate_fast_q15.c ****         sum += ((q31_t) * px++ * *py++);
 1147              		.loc 1 462 13 view .LVU473
 1148 037a 0BFB0A11 		mla	r1, fp, r10, r1
 1149              	.LVL158:
 463:Drivers/CMSIS/DSP/Source/FilteringFunctions/arm_correlate_fast_q15.c ****         sum += ((q31_t) * px++ * *py++);
 1150              		.loc 1 463 9 is_stmt 1 view .LVU474
 463:Drivers/CMSIS/DSP/Source/FilteringFunctions/arm_correlate_fast_q15.c ****         sum += ((q31_t) * px++ * *py++);
 1151              		.loc 1 463 25 is_stmt 0 view .LVU475
 1152 037e B3F902A0 		ldrsh	r10, [r3, #2]
 1153              	.LVL159:
 463:Drivers/CMSIS/DSP/Source/FilteringFunctions/arm_correlate_fast_q15.c ****         sum += ((q31_t) * px++ * *py++);
 1154              		.loc 1 463 34 view .LVU476
 1155 0382 B0F902B0 		ldrsh	fp, [r0, #2]
 463:Drivers/CMSIS/DSP/Source/FilteringFunctions/arm_correlate_fast_q15.c ****         sum += ((q31_t) * px++ * *py++);
 1156              		.loc 1 463 13 view .LVU477
 1157 0386 0BFB0A11 		mla	r1, fp, r10, r1
 1158              	.LVL160:
 464:Drivers/CMSIS/DSP/Source/FilteringFunctions/arm_correlate_fast_q15.c ****         sum += ((q31_t) * px++ * *py++);
 1159              		.loc 1 464 9 is_stmt 1 view .LVU478
 464:Drivers/CMSIS/DSP/Source/FilteringFunctions/arm_correlate_fast_q15.c ****         sum += ((q31_t) * px++ * *py++);
ARM GAS  C:\Users\Lamp\AppData\Local\Temp\ccj3X8ei.s 			page 51


 1160              		.loc 1 464 25 is_stmt 0 view .LVU479
 1161 038a B3F904A0 		ldrsh	r10, [r3, #4]
 1162              	.LVL161:
 464:Drivers/CMSIS/DSP/Source/FilteringFunctions/arm_correlate_fast_q15.c ****         sum += ((q31_t) * px++ * *py++);
 1163              		.loc 1 464 34 view .LVU480
 1164 038e B0F904B0 		ldrsh	fp, [r0, #4]
 464:Drivers/CMSIS/DSP/Source/FilteringFunctions/arm_correlate_fast_q15.c ****         sum += ((q31_t) * px++ * *py++);
 1165              		.loc 1 464 13 view .LVU481
 1166 0392 0BFB0A11 		mla	r1, fp, r10, r1
 1167              	.LVL162:
 465:Drivers/CMSIS/DSP/Source/FilteringFunctions/arm_correlate_fast_q15.c **** 
 1168              		.loc 1 465 9 is_stmt 1 view .LVU482
 465:Drivers/CMSIS/DSP/Source/FilteringFunctions/arm_correlate_fast_q15.c **** 
 1169              		.loc 1 465 25 is_stmt 0 view .LVU483
 1170 0396 B3F906A0 		ldrsh	r10, [r3, #6]
 1171              	.LVL163:
 465:Drivers/CMSIS/DSP/Source/FilteringFunctions/arm_correlate_fast_q15.c **** 
 1172              		.loc 1 465 34 view .LVU484
 1173 039a B0F906B0 		ldrsh	fp, [r0, #6]
 465:Drivers/CMSIS/DSP/Source/FilteringFunctions/arm_correlate_fast_q15.c **** 
 1174              		.loc 1 465 13 view .LVU485
 1175 039e 0BFB0A11 		mla	r1, fp, r10, r1
 1176              	.LVL164:
 468:Drivers/CMSIS/DSP/Source/FilteringFunctions/arm_correlate_fast_q15.c ****       }
 1177              		.loc 1 468 9 is_stmt 1 view .LVU486
 468:Drivers/CMSIS/DSP/Source/FilteringFunctions/arm_correlate_fast_q15.c ****       }
 1178              		.loc 1 468 10 is_stmt 0 view .LVU487
 1179 03a2 013E     		subs	r6, r6, #1
 1180              	.LVL165:
 465:Drivers/CMSIS/DSP/Source/FilteringFunctions/arm_correlate_fast_q15.c **** 
 1181              		.loc 1 465 37 view .LVU488
 1182 03a4 0830     		adds	r0, r0, #8
 1183              	.LVL166:
 465:Drivers/CMSIS/DSP/Source/FilteringFunctions/arm_correlate_fast_q15.c **** 
 1184              		.loc 1 465 29 view .LVU489
 1185 03a6 0833     		adds	r3, r3, #8
 1186              	.LVL167:
 465:Drivers/CMSIS/DSP/Source/FilteringFunctions/arm_correlate_fast_q15.c **** 
 1187              		.loc 1 465 29 view .LVU490
 1188 03a8 E1E7     		b	.L18
 1189              	.LVL168:
 1190              	.L40:
 465:Drivers/CMSIS/DSP/Source/FilteringFunctions/arm_correlate_fast_q15.c **** 
 1191              		.loc 1 465 29 view .LVU491
 1192 03aa 0397     		str	r7, [sp, #12]
 1193              	.LVL169:
 1194              	.L23:
 498:Drivers/CMSIS/DSP/Source/FilteringFunctions/arm_correlate_fast_q15.c ****     }
 499:Drivers/CMSIS/DSP/Source/FilteringFunctions/arm_correlate_fast_q15.c ****   }
 500:Drivers/CMSIS/DSP/Source/FilteringFunctions/arm_correlate_fast_q15.c ****   else
 501:Drivers/CMSIS/DSP/Source/FilteringFunctions/arm_correlate_fast_q15.c ****   {
 502:Drivers/CMSIS/DSP/Source/FilteringFunctions/arm_correlate_fast_q15.c ****     /* If the srcBLen is not a multiple of 4,
 503:Drivers/CMSIS/DSP/Source/FilteringFunctions/arm_correlate_fast_q15.c ****      * the blockSize2 loop cannot be unrolled by 4 */
 504:Drivers/CMSIS/DSP/Source/FilteringFunctions/arm_correlate_fast_q15.c ****     blkCnt = blockSize2;
 505:Drivers/CMSIS/DSP/Source/FilteringFunctions/arm_correlate_fast_q15.c **** 
 506:Drivers/CMSIS/DSP/Source/FilteringFunctions/arm_correlate_fast_q15.c ****     while (blkCnt > 0U)
 507:Drivers/CMSIS/DSP/Source/FilteringFunctions/arm_correlate_fast_q15.c ****     {
ARM GAS  C:\Users\Lamp\AppData\Local\Temp\ccj3X8ei.s 			page 52


 508:Drivers/CMSIS/DSP/Source/FilteringFunctions/arm_correlate_fast_q15.c ****       /* Accumulator is made zero for every iteration */
 509:Drivers/CMSIS/DSP/Source/FilteringFunctions/arm_correlate_fast_q15.c ****       sum = 0;
 510:Drivers/CMSIS/DSP/Source/FilteringFunctions/arm_correlate_fast_q15.c **** 
 511:Drivers/CMSIS/DSP/Source/FilteringFunctions/arm_correlate_fast_q15.c ****       /* Loop over srcBLen */
 512:Drivers/CMSIS/DSP/Source/FilteringFunctions/arm_correlate_fast_q15.c ****       k = srcBLen;
 513:Drivers/CMSIS/DSP/Source/FilteringFunctions/arm_correlate_fast_q15.c **** 
 514:Drivers/CMSIS/DSP/Source/FilteringFunctions/arm_correlate_fast_q15.c ****       while (k > 0U)
 515:Drivers/CMSIS/DSP/Source/FilteringFunctions/arm_correlate_fast_q15.c ****       {
 516:Drivers/CMSIS/DSP/Source/FilteringFunctions/arm_correlate_fast_q15.c ****         /* Perform the multiply-accumulate */
 517:Drivers/CMSIS/DSP/Source/FilteringFunctions/arm_correlate_fast_q15.c ****         sum += ((q31_t) * px++ * *py++);
 518:Drivers/CMSIS/DSP/Source/FilteringFunctions/arm_correlate_fast_q15.c **** 
 519:Drivers/CMSIS/DSP/Source/FilteringFunctions/arm_correlate_fast_q15.c ****         /* Decrement the loop counter */
 520:Drivers/CMSIS/DSP/Source/FilteringFunctions/arm_correlate_fast_q15.c ****         k--;
 521:Drivers/CMSIS/DSP/Source/FilteringFunctions/arm_correlate_fast_q15.c ****       }
 522:Drivers/CMSIS/DSP/Source/FilteringFunctions/arm_correlate_fast_q15.c **** 
 523:Drivers/CMSIS/DSP/Source/FilteringFunctions/arm_correlate_fast_q15.c ****       /* Store the result in the accumulator in the destination buffer. */
 524:Drivers/CMSIS/DSP/Source/FilteringFunctions/arm_correlate_fast_q15.c ****       *pOut = (q15_t) (sum >> 15);
 525:Drivers/CMSIS/DSP/Source/FilteringFunctions/arm_correlate_fast_q15.c ****       /* Destination pointer is updated according to the address modifier, inc */
 526:Drivers/CMSIS/DSP/Source/FilteringFunctions/arm_correlate_fast_q15.c ****       pOut += inc;
 527:Drivers/CMSIS/DSP/Source/FilteringFunctions/arm_correlate_fast_q15.c **** 
 528:Drivers/CMSIS/DSP/Source/FilteringFunctions/arm_correlate_fast_q15.c ****       /* Increment the MAC count */
 529:Drivers/CMSIS/DSP/Source/FilteringFunctions/arm_correlate_fast_q15.c ****       count++;
 530:Drivers/CMSIS/DSP/Source/FilteringFunctions/arm_correlate_fast_q15.c **** 
 531:Drivers/CMSIS/DSP/Source/FilteringFunctions/arm_correlate_fast_q15.c ****       /* Update the inputA and inputB pointers for next MAC calculation */
 532:Drivers/CMSIS/DSP/Source/FilteringFunctions/arm_correlate_fast_q15.c ****       px = pIn1 + count;
 533:Drivers/CMSIS/DSP/Source/FilteringFunctions/arm_correlate_fast_q15.c ****       py = pIn2;
 534:Drivers/CMSIS/DSP/Source/FilteringFunctions/arm_correlate_fast_q15.c **** 
 535:Drivers/CMSIS/DSP/Source/FilteringFunctions/arm_correlate_fast_q15.c ****       /* Decrement the loop counter */
 536:Drivers/CMSIS/DSP/Source/FilteringFunctions/arm_correlate_fast_q15.c ****       blkCnt--;
 537:Drivers/CMSIS/DSP/Source/FilteringFunctions/arm_correlate_fast_q15.c ****     }
 538:Drivers/CMSIS/DSP/Source/FilteringFunctions/arm_correlate_fast_q15.c ****   }
 539:Drivers/CMSIS/DSP/Source/FilteringFunctions/arm_correlate_fast_q15.c **** 
 540:Drivers/CMSIS/DSP/Source/FilteringFunctions/arm_correlate_fast_q15.c ****   /* --------------------------
 541:Drivers/CMSIS/DSP/Source/FilteringFunctions/arm_correlate_fast_q15.c ****    * Initializations of stage3
 542:Drivers/CMSIS/DSP/Source/FilteringFunctions/arm_correlate_fast_q15.c ****    * -------------------------*/
 543:Drivers/CMSIS/DSP/Source/FilteringFunctions/arm_correlate_fast_q15.c **** 
 544:Drivers/CMSIS/DSP/Source/FilteringFunctions/arm_correlate_fast_q15.c ****   /* sum += x[srcALen-srcBLen+1] * y[0] + x[srcALen-srcBLen+2] * y[1] +...+ x[srcALen-1] * y[srcBLe
 545:Drivers/CMSIS/DSP/Source/FilteringFunctions/arm_correlate_fast_q15.c ****    * sum += x[srcALen-srcBLen+2] * y[0] + x[srcALen-srcBLen+3] * y[1] +...+ x[srcALen-1] * y[srcBLe
 546:Drivers/CMSIS/DSP/Source/FilteringFunctions/arm_correlate_fast_q15.c ****    * ....
 547:Drivers/CMSIS/DSP/Source/FilteringFunctions/arm_correlate_fast_q15.c ****    * sum +=  x[srcALen-2] * y[0] + x[srcALen-1] * y[1]
 548:Drivers/CMSIS/DSP/Source/FilteringFunctions/arm_correlate_fast_q15.c ****    * sum +=  x[srcALen-1] * y[0]
 549:Drivers/CMSIS/DSP/Source/FilteringFunctions/arm_correlate_fast_q15.c ****    */
 550:Drivers/CMSIS/DSP/Source/FilteringFunctions/arm_correlate_fast_q15.c **** 
 551:Drivers/CMSIS/DSP/Source/FilteringFunctions/arm_correlate_fast_q15.c ****   /* In this stage the MAC operations are decreased by 1 for every iteration.
 552:Drivers/CMSIS/DSP/Source/FilteringFunctions/arm_correlate_fast_q15.c ****      The count variable holds the number of MAC operations performed */
 553:Drivers/CMSIS/DSP/Source/FilteringFunctions/arm_correlate_fast_q15.c ****   count = srcBLen - 1U;
 1195              		.loc 1 553 3 is_stmt 1 view .LVU492
 554:Drivers/CMSIS/DSP/Source/FilteringFunctions/arm_correlate_fast_q15.c **** 
 555:Drivers/CMSIS/DSP/Source/FilteringFunctions/arm_correlate_fast_q15.c ****   /* Working pointer of inputA */
 556:Drivers/CMSIS/DSP/Source/FilteringFunctions/arm_correlate_fast_q15.c ****   pSrc1 = (pIn1 + srcALen) - (srcBLen - 1U);
 1196              		.loc 1 556 3 view .LVU493
 1197              		.loc 1 556 9 is_stmt 0 view .LVU494
 1198 03ac 069B     		ldr	r3, [sp, #24]
 1199              	.LVL170:
 1200              		.loc 1 556 9 view .LVU495
 1201 03ae 03EB420C 		add	ip, r3, r2, lsl #1
 1202              	.LVL171:
ARM GAS  C:\Users\Lamp\AppData\Local\Temp\ccj3X8ei.s 			page 53


 557:Drivers/CMSIS/DSP/Source/FilteringFunctions/arm_correlate_fast_q15.c ****   px = pSrc1;
 1203              		.loc 1 557 3 is_stmt 1 view .LVU496
 558:Drivers/CMSIS/DSP/Source/FilteringFunctions/arm_correlate_fast_q15.c **** 
 559:Drivers/CMSIS/DSP/Source/FilteringFunctions/arm_correlate_fast_q15.c ****   /* Working pointer of inputB */
 560:Drivers/CMSIS/DSP/Source/FilteringFunctions/arm_correlate_fast_q15.c ****   py = pIn2;
 1204              		.loc 1 560 3 view .LVU497
 561:Drivers/CMSIS/DSP/Source/FilteringFunctions/arm_correlate_fast_q15.c **** 
 562:Drivers/CMSIS/DSP/Source/FilteringFunctions/arm_correlate_fast_q15.c ****   /* -------------------
 563:Drivers/CMSIS/DSP/Source/FilteringFunctions/arm_correlate_fast_q15.c ****    * Stage3 process
 564:Drivers/CMSIS/DSP/Source/FilteringFunctions/arm_correlate_fast_q15.c ****    * ------------------*/
 565:Drivers/CMSIS/DSP/Source/FilteringFunctions/arm_correlate_fast_q15.c **** 
 566:Drivers/CMSIS/DSP/Source/FilteringFunctions/arm_correlate_fast_q15.c ****   while (blockSize3 > 0U)
 1205              		.loc 1 566 3 view .LVU498
 153:Drivers/CMSIS/DSP/Source/FilteringFunctions/arm_correlate_fast_q15.c **** 
 1206              		.loc 1 153 14 is_stmt 0 view .LVU499
 1207 03b2 2646     		mov	r6, r4
 1208 03b4 DDF80C80 		ldr	r8, [sp, #12]
 1209 03b8 A646     		mov	lr, r4
 1210 03ba 099D     		ldr	r5, [sp, #36]
 1211              	.LVL172:
 1212              		.loc 1 566 9 view .LVU500
 1213 03bc 66E0     		b	.L26
 1214              	.LVL173:
 1215              	.L24:
 517:Drivers/CMSIS/DSP/Source/FilteringFunctions/arm_correlate_fast_q15.c **** 
 1216              		.loc 1 517 9 is_stmt 1 view .LVU501
 517:Drivers/CMSIS/DSP/Source/FilteringFunctions/arm_correlate_fast_q15.c **** 
 1217              		.loc 1 517 25 is_stmt 0 view .LVU502
 1218 03be 33F9029B 		ldrsh	r9, [r3], #2
 1219              	.LVL174:
 517:Drivers/CMSIS/DSP/Source/FilteringFunctions/arm_correlate_fast_q15.c **** 
 1220              		.loc 1 517 34 view .LVU503
 1221 03c2 31F902AB 		ldrsh	r10, [r1], #2
 1222              	.LVL175:
 517:Drivers/CMSIS/DSP/Source/FilteringFunctions/arm_correlate_fast_q15.c **** 
 1223              		.loc 1 517 13 view .LVU504
 1224 03c6 0AFB0966 		mla	r6, r10, r9, r6
 1225              	.LVL176:
 520:Drivers/CMSIS/DSP/Source/FilteringFunctions/arm_correlate_fast_q15.c ****       }
 1226              		.loc 1 520 9 is_stmt 1 view .LVU505
 520:Drivers/CMSIS/DSP/Source/FilteringFunctions/arm_correlate_fast_q15.c ****       }
 1227              		.loc 1 520 10 is_stmt 0 view .LVU506
 1228 03ca 0138     		subs	r0, r0, #1
 1229              	.LVL177:
 1230              	.L25:
 514:Drivers/CMSIS/DSP/Source/FilteringFunctions/arm_correlate_fast_q15.c ****       {
 1231              		.loc 1 514 16 is_stmt 1 view .LVU507
 1232 03cc 0028     		cmp	r0, #0
 1233 03ce F6D1     		bne	.L24
 524:Drivers/CMSIS/DSP/Source/FilteringFunctions/arm_correlate_fast_q15.c ****       /* Destination pointer is updated according to the address modifier, inc */
 1234              		.loc 1 524 7 view .LVU508
 524:Drivers/CMSIS/DSP/Source/FilteringFunctions/arm_correlate_fast_q15.c ****       /* Destination pointer is updated according to the address modifier, inc */
 1235              		.loc 1 524 15 is_stmt 0 view .LVU509
 1236 03d0 46F3CF36 		sbfx	r6, r6, #15, #16
 1237              	.LVL178:
 524:Drivers/CMSIS/DSP/Source/FilteringFunctions/arm_correlate_fast_q15.c ****       /* Destination pointer is updated according to the address modifier, inc */
 1238              		.loc 1 524 13 view .LVU510
ARM GAS  C:\Users\Lamp\AppData\Local\Temp\ccj3X8ei.s 			page 54


 1239 03d4 3E80     		strh	r6, [r7]	@ movhi
 526:Drivers/CMSIS/DSP/Source/FilteringFunctions/arm_correlate_fast_q15.c **** 
 1240              		.loc 1 526 7 is_stmt 1 view .LVU511
 526:Drivers/CMSIS/DSP/Source/FilteringFunctions/arm_correlate_fast_q15.c **** 
 1241              		.loc 1 526 12 is_stmt 0 view .LVU512
 1242 03d6 07EB4E07 		add	r7, r7, lr, lsl #1
 1243              	.LVL179:
 529:Drivers/CMSIS/DSP/Source/FilteringFunctions/arm_correlate_fast_q15.c **** 
 1244              		.loc 1 529 7 is_stmt 1 view .LVU513
 529:Drivers/CMSIS/DSP/Source/FilteringFunctions/arm_correlate_fast_q15.c **** 
 1245              		.loc 1 529 12 is_stmt 0 view .LVU514
 1246 03da 0CF1010C 		add	ip, ip, #1
 1247              	.LVL180:
 532:Drivers/CMSIS/DSP/Source/FilteringFunctions/arm_correlate_fast_q15.c ****       py = pIn2;
 1248              		.loc 1 532 7 is_stmt 1 view .LVU515
 532:Drivers/CMSIS/DSP/Source/FilteringFunctions/arm_correlate_fast_q15.c ****       py = pIn2;
 1249              		.loc 1 532 17 is_stmt 0 view .LVU516
 1250 03de 08EB4C03 		add	r3, r8, ip, lsl #1
 1251              	.LVL181:
 533:Drivers/CMSIS/DSP/Source/FilteringFunctions/arm_correlate_fast_q15.c **** 
 1252              		.loc 1 533 7 is_stmt 1 view .LVU517
 536:Drivers/CMSIS/DSP/Source/FilteringFunctions/arm_correlate_fast_q15.c ****     }
 1253              		.loc 1 536 7 view .LVU518
 536:Drivers/CMSIS/DSP/Source/FilteringFunctions/arm_correlate_fast_q15.c ****     }
 1254              		.loc 1 536 13 is_stmt 0 view .LVU519
 1255 03e2 013D     		subs	r5, r5, #1
 1256              	.LVL182:
 1257              	.L10:
 506:Drivers/CMSIS/DSP/Source/FilteringFunctions/arm_correlate_fast_q15.c ****     {
 1258              		.loc 1 506 19 is_stmt 1 view .LVU520
 1259 03e4 6DB1     		cbz	r5, .L42
 1260 03e6 0499     		ldr	r1, [sp, #16]
 512:Drivers/CMSIS/DSP/Source/FilteringFunctions/arm_correlate_fast_q15.c **** 
 1261              		.loc 1 512 9 is_stmt 0 view .LVU521
 1262 03e8 0598     		ldr	r0, [sp, #20]
 509:Drivers/CMSIS/DSP/Source/FilteringFunctions/arm_correlate_fast_q15.c **** 
 1263              		.loc 1 509 11 view .LVU522
 1264 03ea 0026     		movs	r6, #0
 1265 03ec EEE7     		b	.L25
 1266              	.LVL183:
 1267              	.L32:
 243:Drivers/CMSIS/DSP/Source/FilteringFunctions/arm_correlate_fast_q15.c **** 
 1268              		.loc 1 243 6 view .LVU523
 1269 03ee DDF81880 		ldr	r8, [sp, #24]
 1270              	.LVL184:
 243:Drivers/CMSIS/DSP/Source/FilteringFunctions/arm_correlate_fast_q15.c **** 
 1271              		.loc 1 243 6 view .LVU524
 1272 03f2 4346     		mov	r3, r8
 504:Drivers/CMSIS/DSP/Source/FilteringFunctions/arm_correlate_fast_q15.c **** 
 1273              		.loc 1 504 12 view .LVU525
 1274 03f4 4D46     		mov	r5, r9
 1275 03f6 039F     		ldr	r7, [sp, #12]
 1276 03f8 DDF820C0 		ldr	ip, [sp, #32]
 1277              	.LVL185:
 504:Drivers/CMSIS/DSP/Source/FilteringFunctions/arm_correlate_fast_q15.c **** 
 1278              		.loc 1 504 12 view .LVU526
 1279 03fc DDF824E0 		ldr	lr, [sp, #36]
ARM GAS  C:\Users\Lamp\AppData\Local\Temp\ccj3X8ei.s 			page 55


 1280 0400 F0E7     		b	.L10
 1281              	.LVL186:
 1282              	.L42:
 504:Drivers/CMSIS/DSP/Source/FilteringFunctions/arm_correlate_fast_q15.c **** 
 1283              		.loc 1 504 12 view .LVU527
 1284 0402 0397     		str	r7, [sp, #12]
 1285 0404 D2E7     		b	.L23
 1286              	.LVL187:
 1287              	.L28:
 567:Drivers/CMSIS/DSP/Source/FilteringFunctions/arm_correlate_fast_q15.c ****   {
 568:Drivers/CMSIS/DSP/Source/FilteringFunctions/arm_correlate_fast_q15.c ****     /* Accumulator is made zero for every iteration */
 569:Drivers/CMSIS/DSP/Source/FilteringFunctions/arm_correlate_fast_q15.c ****     sum = 0;
 570:Drivers/CMSIS/DSP/Source/FilteringFunctions/arm_correlate_fast_q15.c **** 
 571:Drivers/CMSIS/DSP/Source/FilteringFunctions/arm_correlate_fast_q15.c ****     /* Apply loop unrolling and compute 4 MACs simultaneously. */
 572:Drivers/CMSIS/DSP/Source/FilteringFunctions/arm_correlate_fast_q15.c ****     k = count >> 2U;
 573:Drivers/CMSIS/DSP/Source/FilteringFunctions/arm_correlate_fast_q15.c **** 
 574:Drivers/CMSIS/DSP/Source/FilteringFunctions/arm_correlate_fast_q15.c ****     /* First part of the processing with loop unrolling.  Compute 4 MACs at a time.
 575:Drivers/CMSIS/DSP/Source/FilteringFunctions/arm_correlate_fast_q15.c ****      ** a second loop below computes MACs for the remaining 1 to 3 samples. */
 576:Drivers/CMSIS/DSP/Source/FilteringFunctions/arm_correlate_fast_q15.c ****     while (k > 0U)
 577:Drivers/CMSIS/DSP/Source/FilteringFunctions/arm_correlate_fast_q15.c ****     {
 578:Drivers/CMSIS/DSP/Source/FilteringFunctions/arm_correlate_fast_q15.c ****       /* Perform the multiply-accumulates */
 579:Drivers/CMSIS/DSP/Source/FilteringFunctions/arm_correlate_fast_q15.c ****       /* sum += x[srcALen - srcBLen + 4] * y[3] , sum += x[srcALen - srcBLen + 3] * y[2] */
 580:Drivers/CMSIS/DSP/Source/FilteringFunctions/arm_correlate_fast_q15.c ****       sum = __SMLAD(*__SIMD32(px)++, *__SIMD32(py)++, sum);
 1288              		.loc 1 580 7 is_stmt 1 view .LVU528
 1289              		.loc 1 580 21 is_stmt 0 view .LVU529
 1290 0406 8846     		mov	r8, r1
 1291 0408 58F8082B 		ldr	r2, [r8], #8
 1292              	.LVL188:
 1293              		.loc 1 580 38 view .LVU530
 1294 040c 8146     		mov	r9, r0
 1295 040e 59F8087B 		ldr	r7, [r9], #8
 1296              	.LVL189:
 1297              	.LBB116:
 1298              	.LBI116:
 890:Drivers/CMSIS/DSP/Include/arm_math.h ****   uint32_t x,
 1299              		.loc 2 890 41 is_stmt 1 view .LVU531
 1300              	.LBB117:
 895:Drivers/CMSIS/DSP/Include/arm_math.h ****                        ((((q31_t)x      ) >> 16) * (((q31_t)y      ) >> 16)) +
 1301              		.loc 2 895 5 view .LVU532
 895:Drivers/CMSIS/DSP/Include/arm_math.h ****                        ((((q31_t)x      ) >> 16) * (((q31_t)y      ) >> 16)) +
 1302              		.loc 2 895 43 is_stmt 0 view .LVU533
 1303 0412 0FFA82FA 		sxth	r10, r2
 895:Drivers/CMSIS/DSP/Include/arm_math.h ****                        ((((q31_t)x      ) >> 16) * (((q31_t)y      ) >> 16)) +
 1304              		.loc 2 895 70 view .LVU534
 1305 0416 0FFA87FB 		sxth	fp, r7
 896:Drivers/CMSIS/DSP/Include/arm_math.h ****                        ( ((q31_t)sum    )                                  )   ));
 1306              		.loc 2 896 43 view .LVU535
 1307 041a 1214     		asrs	r2, r2, #16
 1308              	.LVL190:
 896:Drivers/CMSIS/DSP/Include/arm_math.h ****                        ( ((q31_t)sum    )                                  )   ));
 1309              		.loc 2 896 70 view .LVU536
 1310 041c 3F14     		asrs	r7, r7, #16
 1311              	.LVL191:
 896:Drivers/CMSIS/DSP/Include/arm_math.h ****                        ( ((q31_t)sum    )                                  )   ));
 1312              		.loc 2 896 50 view .LVU537
 1313 041e 07FB02F2 		mul	r2, r7, r2
 895:Drivers/CMSIS/DSP/Include/arm_math.h ****                        ((((q31_t)x      ) >> 16) * (((q31_t)y      ) >> 16)) +
ARM GAS  C:\Users\Lamp\AppData\Local\Temp\ccj3X8ei.s 			page 56


 1314              		.loc 2 895 78 view .LVU538
 1315 0422 0BFB0A22 		mla	r2, fp, r10, r2
 896:Drivers/CMSIS/DSP/Include/arm_math.h ****                        ( ((q31_t)sum    )                                  )   ));
 1316              		.loc 2 896 78 view .LVU539
 1317 0426 1A44     		add	r2, r2, r3
 1318              	.LVL192:
 896:Drivers/CMSIS/DSP/Include/arm_math.h ****                        ( ((q31_t)sum    )                                  )   ));
 1319              		.loc 2 896 78 view .LVU540
 1320              	.LBE117:
 1321              	.LBE116:
 581:Drivers/CMSIS/DSP/Source/FilteringFunctions/arm_correlate_fast_q15.c ****       /* sum += x[srcALen - srcBLen + 2] * y[1] , sum += x[srcALen - srcBLen + 1] * y[0] */
 582:Drivers/CMSIS/DSP/Source/FilteringFunctions/arm_correlate_fast_q15.c ****       sum = __SMLAD(*__SIMD32(px)++, *__SIMD32(py)++, sum);
 1322              		.loc 1 582 7 is_stmt 1 view .LVU541
 1323              		.loc 1 582 21 is_stmt 0 view .LVU542
 1324 0428 4B68     		ldr	r3, [r1, #4]
 1325              	.LVL193:
 1326              		.loc 1 582 38 view .LVU543
 1327 042a D0F804A0 		ldr	r10, [r0, #4]
 1328              	.LVL194:
 1329              	.LBB118:
 1330              	.LBI118:
 890:Drivers/CMSIS/DSP/Include/arm_math.h ****   uint32_t x,
 1331              		.loc 2 890 41 is_stmt 1 view .LVU544
 1332              	.LBB119:
 895:Drivers/CMSIS/DSP/Include/arm_math.h ****                        ((((q31_t)x      ) >> 16) * (((q31_t)y      ) >> 16)) +
 1333              		.loc 2 895 5 view .LVU545
 895:Drivers/CMSIS/DSP/Include/arm_math.h ****                        ((((q31_t)x      ) >> 16) * (((q31_t)y      ) >> 16)) +
 1334              		.loc 2 895 43 is_stmt 0 view .LVU546
 1335 042e 18B2     		sxth	r0, r3
 895:Drivers/CMSIS/DSP/Include/arm_math.h ****                        ((((q31_t)x      ) >> 16) * (((q31_t)y      ) >> 16)) +
 1336              		.loc 2 895 70 view .LVU547
 1337 0430 0FFA8AF7 		sxth	r7, r10
 896:Drivers/CMSIS/DSP/Include/arm_math.h ****                        ( ((q31_t)sum    )                                  )   ));
 1338              		.loc 2 896 43 view .LVU548
 1339 0434 1B14     		asrs	r3, r3, #16
 1340              	.LVL195:
 896:Drivers/CMSIS/DSP/Include/arm_math.h ****                        ( ((q31_t)sum    )                                  )   ));
 1341              		.loc 2 896 70 view .LVU549
 1342 0436 4FEA2A4A 		asr	r10, r10, #16
 1343              	.LVL196:
 896:Drivers/CMSIS/DSP/Include/arm_math.h ****                        ( ((q31_t)sum    )                                  )   ));
 1344              		.loc 2 896 50 view .LVU550
 1345 043a 0AFB03F3 		mul	r3, r10, r3
 895:Drivers/CMSIS/DSP/Include/arm_math.h ****                        ((((q31_t)x      ) >> 16) * (((q31_t)y      ) >> 16)) +
 1346              		.loc 2 895 78 view .LVU551
 1347 043e 07FB0033 		mla	r3, r7, r0, r3
 896:Drivers/CMSIS/DSP/Include/arm_math.h ****                        ( ((q31_t)sum    )                                  )   ));
 1348              		.loc 2 896 78 view .LVU552
 1349 0442 1344     		add	r3, r3, r2
 1350              	.LVL197:
 896:Drivers/CMSIS/DSP/Include/arm_math.h ****                        ( ((q31_t)sum    )                                  )   ));
 1351              		.loc 2 896 78 view .LVU553
 1352              	.LBE119:
 1353              	.LBE118:
 583:Drivers/CMSIS/DSP/Source/FilteringFunctions/arm_correlate_fast_q15.c **** 
 584:Drivers/CMSIS/DSP/Source/FilteringFunctions/arm_correlate_fast_q15.c ****       /* Decrement the loop counter */
 585:Drivers/CMSIS/DSP/Source/FilteringFunctions/arm_correlate_fast_q15.c ****       k--;
ARM GAS  C:\Users\Lamp\AppData\Local\Temp\ccj3X8ei.s 			page 57


 1354              		.loc 1 585 7 is_stmt 1 view .LVU554
 1355              		.loc 1 585 8 is_stmt 0 view .LVU555
 1356 0444 013C     		subs	r4, r4, #1
 1357              	.LVL198:
 582:Drivers/CMSIS/DSP/Source/FilteringFunctions/arm_correlate_fast_q15.c **** 
 1358              		.loc 1 582 51 view .LVU556
 1359 0446 4846     		mov	r0, r9
 582:Drivers/CMSIS/DSP/Source/FilteringFunctions/arm_correlate_fast_q15.c **** 
 1360              		.loc 1 582 34 view .LVU557
 1361 0448 4146     		mov	r1, r8
 1362              	.LVL199:
 1363              	.L27:
 576:Drivers/CMSIS/DSP/Source/FilteringFunctions/arm_correlate_fast_q15.c ****     {
 1364              		.loc 1 576 14 is_stmt 1 view .LVU558
 1365 044a 002C     		cmp	r4, #0
 1366 044c DBD1     		bne	.L28
 586:Drivers/CMSIS/DSP/Source/FilteringFunctions/arm_correlate_fast_q15.c ****     }
 587:Drivers/CMSIS/DSP/Source/FilteringFunctions/arm_correlate_fast_q15.c **** 
 588:Drivers/CMSIS/DSP/Source/FilteringFunctions/arm_correlate_fast_q15.c ****     /* If the count is not a multiple of 4, compute any remaining MACs here.
 589:Drivers/CMSIS/DSP/Source/FilteringFunctions/arm_correlate_fast_q15.c ****      ** No loop unrolling is used. */
 590:Drivers/CMSIS/DSP/Source/FilteringFunctions/arm_correlate_fast_q15.c ****     k = count % 0x4U;
 1367              		.loc 1 590 7 is_stmt 0 view .LVU559
 1368 044e DDF80080 		ldr	r8, [sp]
 1369              		.loc 1 590 5 is_stmt 1 view .LVU560
 1370              		.loc 1 590 7 is_stmt 0 view .LVU561
 1371 0452 0EF00304 		and	r4, lr, #3
 1372              	.LVL200:
 591:Drivers/CMSIS/DSP/Source/FilteringFunctions/arm_correlate_fast_q15.c **** 
 592:Drivers/CMSIS/DSP/Source/FilteringFunctions/arm_correlate_fast_q15.c ****     while (k > 0U)
 1373              		.loc 1 592 5 is_stmt 1 view .LVU562
 1374              		.loc 1 592 11 is_stmt 0 view .LVU563
 1375 0456 0CE0     		b	.L29
 1376              	.L30:
 593:Drivers/CMSIS/DSP/Source/FilteringFunctions/arm_correlate_fast_q15.c ****     {
 594:Drivers/CMSIS/DSP/Source/FilteringFunctions/arm_correlate_fast_q15.c ****       /* Perform the multiply-accumulates */
 595:Drivers/CMSIS/DSP/Source/FilteringFunctions/arm_correlate_fast_q15.c ****       sum = __SMLAD(*px++, *py++, sum);
 1377              		.loc 1 595 7 is_stmt 1 view .LVU564
 1378              	.LVL201:
 1379              		.loc 1 595 21 is_stmt 0 view .LVU565
 1380 0458 31F9027B 		ldrsh	r7, [r1], #2
 1381              	.LVL202:
 1382              		.loc 1 595 28 view .LVU566
 1383 045c 30F9029B 		ldrsh	r9, [r0], #2
 1384              	.LVL203:
 1385              	.LBB120:
 1386              	.LBI120:
 890:Drivers/CMSIS/DSP/Include/arm_math.h ****   uint32_t x,
 1387              		.loc 2 890 41 is_stmt 1 view .LVU567
 1388              	.LBB121:
 895:Drivers/CMSIS/DSP/Include/arm_math.h ****                        ((((q31_t)x      ) >> 16) * (((q31_t)y      ) >> 16)) +
 1389              		.loc 2 895 5 view .LVU568
 896:Drivers/CMSIS/DSP/Include/arm_math.h ****                        ( ((q31_t)sum    )                                  )   ));
 1390              		.loc 2 896 43 is_stmt 0 view .LVU569
 1391 0460 3A14     		asrs	r2, r7, #16
 896:Drivers/CMSIS/DSP/Include/arm_math.h ****                        ( ((q31_t)sum    )                                  )   ));
 1392              		.loc 2 896 70 view .LVU570
 1393 0462 4FEA294A 		asr	r10, r9, #16
ARM GAS  C:\Users\Lamp\AppData\Local\Temp\ccj3X8ei.s 			page 58


 896:Drivers/CMSIS/DSP/Include/arm_math.h ****                        ( ((q31_t)sum    )                                  )   ));
 1394              		.loc 2 896 50 view .LVU571
 1395 0466 0AFB02F2 		mul	r2, r10, r2
 895:Drivers/CMSIS/DSP/Include/arm_math.h ****                        ((((q31_t)x      ) >> 16) * (((q31_t)y      ) >> 16)) +
 1396              		.loc 2 895 78 view .LVU572
 1397 046a 09FB0722 		mla	r2, r9, r7, r2
 896:Drivers/CMSIS/DSP/Include/arm_math.h ****                        ( ((q31_t)sum    )                                  )   ));
 1398              		.loc 2 896 78 view .LVU573
 1399 046e 1344     		add	r3, r3, r2
 1400              	.LVL204:
 896:Drivers/CMSIS/DSP/Include/arm_math.h ****                        ( ((q31_t)sum    )                                  )   ));
 1401              		.loc 2 896 78 view .LVU574
 1402              	.LBE121:
 1403              	.LBE120:
 596:Drivers/CMSIS/DSP/Source/FilteringFunctions/arm_correlate_fast_q15.c **** 
 597:Drivers/CMSIS/DSP/Source/FilteringFunctions/arm_correlate_fast_q15.c ****       /* Decrement the loop counter */
 598:Drivers/CMSIS/DSP/Source/FilteringFunctions/arm_correlate_fast_q15.c ****       k--;
 1404              		.loc 1 598 7 is_stmt 1 view .LVU575
 1405              		.loc 1 598 8 is_stmt 0 view .LVU576
 1406 0470 013C     		subs	r4, r4, #1
 1407              	.LVL205:
 1408              	.L29:
 592:Drivers/CMSIS/DSP/Source/FilteringFunctions/arm_correlate_fast_q15.c ****     {
 1409              		.loc 1 592 14 is_stmt 1 view .LVU577
 1410 0472 002C     		cmp	r4, #0
 1411 0474 F0D1     		bne	.L30
 599:Drivers/CMSIS/DSP/Source/FilteringFunctions/arm_correlate_fast_q15.c ****     }
 600:Drivers/CMSIS/DSP/Source/FilteringFunctions/arm_correlate_fast_q15.c **** 
 601:Drivers/CMSIS/DSP/Source/FilteringFunctions/arm_correlate_fast_q15.c ****     /* Store the result in the accumulator in the destination buffer. */
 602:Drivers/CMSIS/DSP/Source/FilteringFunctions/arm_correlate_fast_q15.c ****     *pOut = (q15_t) (sum >> 15);
 1412              		.loc 1 602 5 view .LVU578
 1413              		.loc 1 602 13 is_stmt 0 view .LVU579
 1414 0476 43F3CF33 		sbfx	r3, r3, #15, #16
 1415              	.LVL206:
 1416              		.loc 1 602 11 view .LVU580
 1417 047a A8F80030 		strh	r3, [r8]	@ movhi
 603:Drivers/CMSIS/DSP/Source/FilteringFunctions/arm_correlate_fast_q15.c ****     /* Destination pointer is updated according to the address modifier, inc */
 604:Drivers/CMSIS/DSP/Source/FilteringFunctions/arm_correlate_fast_q15.c ****     pOut += inc;
 1418              		.loc 1 604 5 is_stmt 1 view .LVU581
 1419              		.loc 1 604 10 is_stmt 0 view .LVU582
 1420 047e 08EB4508 		add	r8, r8, r5, lsl #1
 1421              	.LVL207:
 605:Drivers/CMSIS/DSP/Source/FilteringFunctions/arm_correlate_fast_q15.c **** 
 606:Drivers/CMSIS/DSP/Source/FilteringFunctions/arm_correlate_fast_q15.c ****     /* Update the inputA and inputB pointers for next MAC calculation */
 607:Drivers/CMSIS/DSP/Source/FilteringFunctions/arm_correlate_fast_q15.c ****     px = ++pSrc1;
 1422              		.loc 1 607 5 is_stmt 1 view .LVU583
 1423              		.loc 1 607 8 is_stmt 0 view .LVU584
 1424 0482 0CF1020C 		add	ip, ip, #2
 1425              	.LVL208:
 608:Drivers/CMSIS/DSP/Source/FilteringFunctions/arm_correlate_fast_q15.c ****     py = pIn2;
 1426              		.loc 1 608 5 is_stmt 1 view .LVU585
 609:Drivers/CMSIS/DSP/Source/FilteringFunctions/arm_correlate_fast_q15.c **** 
 610:Drivers/CMSIS/DSP/Source/FilteringFunctions/arm_correlate_fast_q15.c ****     /* Decrement the MAC count */
 611:Drivers/CMSIS/DSP/Source/FilteringFunctions/arm_correlate_fast_q15.c ****     count--;
 1427              		.loc 1 611 5 view .LVU586
 1428              		.loc 1 611 10 is_stmt 0 view .LVU587
 1429 0486 0EF1FF3E 		add	lr, lr, #-1
ARM GAS  C:\Users\Lamp\AppData\Local\Temp\ccj3X8ei.s 			page 59


 1430              	.LVL209:
 612:Drivers/CMSIS/DSP/Source/FilteringFunctions/arm_correlate_fast_q15.c **** 
 613:Drivers/CMSIS/DSP/Source/FilteringFunctions/arm_correlate_fast_q15.c ****     /* Decrement the loop counter */
 614:Drivers/CMSIS/DSP/Source/FilteringFunctions/arm_correlate_fast_q15.c ****     blockSize3--;
 1431              		.loc 1 614 5 is_stmt 1 view .LVU588
 1432              		.loc 1 614 15 is_stmt 0 view .LVU589
 1433 048a 013E     		subs	r6, r6, #1
 1434              	.LVL210:
 1435              	.L26:
 566:Drivers/CMSIS/DSP/Source/FilteringFunctions/arm_correlate_fast_q15.c ****   {
 1436              		.loc 1 566 21 is_stmt 1 view .LVU590
 1437 048c 3EB1     		cbz	r6, .L43
 569:Drivers/CMSIS/DSP/Source/FilteringFunctions/arm_correlate_fast_q15.c **** 
 1438              		.loc 1 569 5 view .LVU591
 1439              	.LVL211:
 572:Drivers/CMSIS/DSP/Source/FilteringFunctions/arm_correlate_fast_q15.c **** 
 1440              		.loc 1 572 5 view .LVU592
 572:Drivers/CMSIS/DSP/Source/FilteringFunctions/arm_correlate_fast_q15.c **** 
 1441              		.loc 1 572 7 is_stmt 0 view .LVU593
 1442 048e 4FEA9E04 		lsr	r4, lr, #2
 1443              	.LVL212:
 576:Drivers/CMSIS/DSP/Source/FilteringFunctions/arm_correlate_fast_q15.c ****     {
 1444              		.loc 1 576 5 is_stmt 1 view .LVU594
 576:Drivers/CMSIS/DSP/Source/FilteringFunctions/arm_correlate_fast_q15.c ****     {
 1445              		.loc 1 576 11 is_stmt 0 view .LVU595
 1446 0492 0498     		ldr	r0, [sp, #16]
 1447 0494 6146     		mov	r1, ip
 569:Drivers/CMSIS/DSP/Source/FilteringFunctions/arm_correlate_fast_q15.c **** 
 1448              		.loc 1 569 9 view .LVU596
 1449 0496 0023     		movs	r3, #0
 1450 0498 CDF80080 		str	r8, [sp]
 576:Drivers/CMSIS/DSP/Source/FilteringFunctions/arm_correlate_fast_q15.c ****     {
 1451              		.loc 1 576 11 view .LVU597
 1452 049c D5E7     		b	.L27
 1453              	.LVL213:
 1454              	.L43:
 615:Drivers/CMSIS/DSP/Source/FilteringFunctions/arm_correlate_fast_q15.c ****   }
 616:Drivers/CMSIS/DSP/Source/FilteringFunctions/arm_correlate_fast_q15.c **** 
 617:Drivers/CMSIS/DSP/Source/FilteringFunctions/arm_correlate_fast_q15.c **** #else
 618:Drivers/CMSIS/DSP/Source/FilteringFunctions/arm_correlate_fast_q15.c **** 
 619:Drivers/CMSIS/DSP/Source/FilteringFunctions/arm_correlate_fast_q15.c ****   q15_t *pIn1;                                   /* inputA pointer               */
 620:Drivers/CMSIS/DSP/Source/FilteringFunctions/arm_correlate_fast_q15.c ****   q15_t *pIn2;                                   /* inputB pointer               */
 621:Drivers/CMSIS/DSP/Source/FilteringFunctions/arm_correlate_fast_q15.c ****   q15_t *pOut = pDst;                            /* output pointer               */
 622:Drivers/CMSIS/DSP/Source/FilteringFunctions/arm_correlate_fast_q15.c ****   q31_t sum, acc0, acc1, acc2, acc3;             /* Accumulators                  */
 623:Drivers/CMSIS/DSP/Source/FilteringFunctions/arm_correlate_fast_q15.c ****   q15_t *px;                                     /* Intermediate inputA pointer  */
 624:Drivers/CMSIS/DSP/Source/FilteringFunctions/arm_correlate_fast_q15.c ****   q15_t *py;                                     /* Intermediate inputB pointer  */
 625:Drivers/CMSIS/DSP/Source/FilteringFunctions/arm_correlate_fast_q15.c ****   q15_t *pSrc1;                                  /* Intermediate pointers        */
 626:Drivers/CMSIS/DSP/Source/FilteringFunctions/arm_correlate_fast_q15.c ****   q31_t x0, x1, x2, x3, c0;                      /* temporary variables for holding input and coeff
 627:Drivers/CMSIS/DSP/Source/FilteringFunctions/arm_correlate_fast_q15.c ****   uint32_t j, k = 0U, count, blkCnt, outBlockSize, blockSize1, blockSize2, blockSize3;  /* loop cou
 628:Drivers/CMSIS/DSP/Source/FilteringFunctions/arm_correlate_fast_q15.c ****   int32_t inc = 1;                               /* Destination address modifier */
 629:Drivers/CMSIS/DSP/Source/FilteringFunctions/arm_correlate_fast_q15.c ****   q15_t a, b;
 630:Drivers/CMSIS/DSP/Source/FilteringFunctions/arm_correlate_fast_q15.c **** 
 631:Drivers/CMSIS/DSP/Source/FilteringFunctions/arm_correlate_fast_q15.c **** 
 632:Drivers/CMSIS/DSP/Source/FilteringFunctions/arm_correlate_fast_q15.c ****   /* The algorithm implementation is based on the lengths of the inputs. */
 633:Drivers/CMSIS/DSP/Source/FilteringFunctions/arm_correlate_fast_q15.c ****   /* srcB is always made to slide across srcA. */
 634:Drivers/CMSIS/DSP/Source/FilteringFunctions/arm_correlate_fast_q15.c ****   /* So srcBLen is always considered as shorter or equal to srcALen */
 635:Drivers/CMSIS/DSP/Source/FilteringFunctions/arm_correlate_fast_q15.c ****   /* But CORR(x, y) is reverse of CORR(y, x) */
ARM GAS  C:\Users\Lamp\AppData\Local\Temp\ccj3X8ei.s 			page 60


 636:Drivers/CMSIS/DSP/Source/FilteringFunctions/arm_correlate_fast_q15.c ****   /* So, when srcBLen > srcALen, output pointer is made to point to the end of the output buffer */
 637:Drivers/CMSIS/DSP/Source/FilteringFunctions/arm_correlate_fast_q15.c ****   /* and the destination pointer modifier, inc is set to -1 */
 638:Drivers/CMSIS/DSP/Source/FilteringFunctions/arm_correlate_fast_q15.c ****   /* If srcALen > srcBLen, zero pad has to be done to srcB to make the two inputs of same length */
 639:Drivers/CMSIS/DSP/Source/FilteringFunctions/arm_correlate_fast_q15.c ****   /* But to improve the performance,
 640:Drivers/CMSIS/DSP/Source/FilteringFunctions/arm_correlate_fast_q15.c ****    * we include zeroes in the output instead of zero padding either of the the inputs*/
 641:Drivers/CMSIS/DSP/Source/FilteringFunctions/arm_correlate_fast_q15.c ****   /* If srcALen > srcBLen,
 642:Drivers/CMSIS/DSP/Source/FilteringFunctions/arm_correlate_fast_q15.c ****    * (srcALen - srcBLen) zeroes has to included in the starting of the output buffer */
 643:Drivers/CMSIS/DSP/Source/FilteringFunctions/arm_correlate_fast_q15.c ****   /* If srcALen < srcBLen,
 644:Drivers/CMSIS/DSP/Source/FilteringFunctions/arm_correlate_fast_q15.c ****    * (srcALen - srcBLen) zeroes has to included in the ending of the output buffer */
 645:Drivers/CMSIS/DSP/Source/FilteringFunctions/arm_correlate_fast_q15.c ****   if (srcALen >= srcBLen)
 646:Drivers/CMSIS/DSP/Source/FilteringFunctions/arm_correlate_fast_q15.c ****   {
 647:Drivers/CMSIS/DSP/Source/FilteringFunctions/arm_correlate_fast_q15.c ****     /* Initialization of inputA pointer */
 648:Drivers/CMSIS/DSP/Source/FilteringFunctions/arm_correlate_fast_q15.c ****     pIn1 = (pSrcA);
 649:Drivers/CMSIS/DSP/Source/FilteringFunctions/arm_correlate_fast_q15.c **** 
 650:Drivers/CMSIS/DSP/Source/FilteringFunctions/arm_correlate_fast_q15.c ****     /* Initialization of inputB pointer */
 651:Drivers/CMSIS/DSP/Source/FilteringFunctions/arm_correlate_fast_q15.c ****     pIn2 = (pSrcB);
 652:Drivers/CMSIS/DSP/Source/FilteringFunctions/arm_correlate_fast_q15.c **** 
 653:Drivers/CMSIS/DSP/Source/FilteringFunctions/arm_correlate_fast_q15.c ****     /* Number of output samples is calculated */
 654:Drivers/CMSIS/DSP/Source/FilteringFunctions/arm_correlate_fast_q15.c ****     outBlockSize = (2U * srcALen) - 1U;
 655:Drivers/CMSIS/DSP/Source/FilteringFunctions/arm_correlate_fast_q15.c **** 
 656:Drivers/CMSIS/DSP/Source/FilteringFunctions/arm_correlate_fast_q15.c ****     /* When srcALen > srcBLen, zero padding is done to srcB
 657:Drivers/CMSIS/DSP/Source/FilteringFunctions/arm_correlate_fast_q15.c ****      * to make their lengths equal.
 658:Drivers/CMSIS/DSP/Source/FilteringFunctions/arm_correlate_fast_q15.c ****      * Instead, (outBlockSize - (srcALen + srcBLen - 1))
 659:Drivers/CMSIS/DSP/Source/FilteringFunctions/arm_correlate_fast_q15.c ****      * number of output samples are made zero */
 660:Drivers/CMSIS/DSP/Source/FilteringFunctions/arm_correlate_fast_q15.c ****     j = outBlockSize - (srcALen + (srcBLen - 1U));
 661:Drivers/CMSIS/DSP/Source/FilteringFunctions/arm_correlate_fast_q15.c **** 
 662:Drivers/CMSIS/DSP/Source/FilteringFunctions/arm_correlate_fast_q15.c ****     /* Updating the pointer position to non zero value */
 663:Drivers/CMSIS/DSP/Source/FilteringFunctions/arm_correlate_fast_q15.c ****     pOut += j;
 664:Drivers/CMSIS/DSP/Source/FilteringFunctions/arm_correlate_fast_q15.c **** 
 665:Drivers/CMSIS/DSP/Source/FilteringFunctions/arm_correlate_fast_q15.c ****   }
 666:Drivers/CMSIS/DSP/Source/FilteringFunctions/arm_correlate_fast_q15.c ****   else
 667:Drivers/CMSIS/DSP/Source/FilteringFunctions/arm_correlate_fast_q15.c ****   {
 668:Drivers/CMSIS/DSP/Source/FilteringFunctions/arm_correlate_fast_q15.c ****     /* Initialization of inputA pointer */
 669:Drivers/CMSIS/DSP/Source/FilteringFunctions/arm_correlate_fast_q15.c ****     pIn1 = (pSrcB);
 670:Drivers/CMSIS/DSP/Source/FilteringFunctions/arm_correlate_fast_q15.c **** 
 671:Drivers/CMSIS/DSP/Source/FilteringFunctions/arm_correlate_fast_q15.c ****     /* Initialization of inputB pointer */
 672:Drivers/CMSIS/DSP/Source/FilteringFunctions/arm_correlate_fast_q15.c ****     pIn2 = (pSrcA);
 673:Drivers/CMSIS/DSP/Source/FilteringFunctions/arm_correlate_fast_q15.c **** 
 674:Drivers/CMSIS/DSP/Source/FilteringFunctions/arm_correlate_fast_q15.c ****     /* srcBLen is always considered as shorter or equal to srcALen */
 675:Drivers/CMSIS/DSP/Source/FilteringFunctions/arm_correlate_fast_q15.c ****     j = srcBLen;
 676:Drivers/CMSIS/DSP/Source/FilteringFunctions/arm_correlate_fast_q15.c ****     srcBLen = srcALen;
 677:Drivers/CMSIS/DSP/Source/FilteringFunctions/arm_correlate_fast_q15.c ****     srcALen = j;
 678:Drivers/CMSIS/DSP/Source/FilteringFunctions/arm_correlate_fast_q15.c **** 
 679:Drivers/CMSIS/DSP/Source/FilteringFunctions/arm_correlate_fast_q15.c ****     /* CORR(x, y) = Reverse order(CORR(y, x)) */
 680:Drivers/CMSIS/DSP/Source/FilteringFunctions/arm_correlate_fast_q15.c ****     /* Hence set the destination pointer to point to the last output sample */
 681:Drivers/CMSIS/DSP/Source/FilteringFunctions/arm_correlate_fast_q15.c ****     pOut = pDst + ((srcALen + srcBLen) - 2U);
 682:Drivers/CMSIS/DSP/Source/FilteringFunctions/arm_correlate_fast_q15.c **** 
 683:Drivers/CMSIS/DSP/Source/FilteringFunctions/arm_correlate_fast_q15.c ****     /* Destination address modifier is set to -1 */
 684:Drivers/CMSIS/DSP/Source/FilteringFunctions/arm_correlate_fast_q15.c ****     inc = -1;
 685:Drivers/CMSIS/DSP/Source/FilteringFunctions/arm_correlate_fast_q15.c **** 
 686:Drivers/CMSIS/DSP/Source/FilteringFunctions/arm_correlate_fast_q15.c ****   }
 687:Drivers/CMSIS/DSP/Source/FilteringFunctions/arm_correlate_fast_q15.c **** 
 688:Drivers/CMSIS/DSP/Source/FilteringFunctions/arm_correlate_fast_q15.c ****   /* The function is internally
 689:Drivers/CMSIS/DSP/Source/FilteringFunctions/arm_correlate_fast_q15.c ****    * divided into three parts according to the number of multiplications that has to be
 690:Drivers/CMSIS/DSP/Source/FilteringFunctions/arm_correlate_fast_q15.c ****    * taken place between inputA samples and inputB samples. In the first part of the
 691:Drivers/CMSIS/DSP/Source/FilteringFunctions/arm_correlate_fast_q15.c ****    * algorithm, the multiplications increase by one for every iteration.
 692:Drivers/CMSIS/DSP/Source/FilteringFunctions/arm_correlate_fast_q15.c ****    * In the second part of the algorithm, srcBLen number of multiplications are done.
ARM GAS  C:\Users\Lamp\AppData\Local\Temp\ccj3X8ei.s 			page 61


 693:Drivers/CMSIS/DSP/Source/FilteringFunctions/arm_correlate_fast_q15.c ****    * In the third part of the algorithm, the multiplications decrease by one
 694:Drivers/CMSIS/DSP/Source/FilteringFunctions/arm_correlate_fast_q15.c ****    * for every iteration.*/
 695:Drivers/CMSIS/DSP/Source/FilteringFunctions/arm_correlate_fast_q15.c ****   /* The algorithm is implemented in three stages.
 696:Drivers/CMSIS/DSP/Source/FilteringFunctions/arm_correlate_fast_q15.c ****    * The loop counters of each stage is initiated here. */
 697:Drivers/CMSIS/DSP/Source/FilteringFunctions/arm_correlate_fast_q15.c ****   blockSize1 = srcBLen - 1U;
 698:Drivers/CMSIS/DSP/Source/FilteringFunctions/arm_correlate_fast_q15.c ****   blockSize2 = srcALen - (srcBLen - 1U);
 699:Drivers/CMSIS/DSP/Source/FilteringFunctions/arm_correlate_fast_q15.c ****   blockSize3 = blockSize1;
 700:Drivers/CMSIS/DSP/Source/FilteringFunctions/arm_correlate_fast_q15.c **** 
 701:Drivers/CMSIS/DSP/Source/FilteringFunctions/arm_correlate_fast_q15.c ****   /* --------------------------
 702:Drivers/CMSIS/DSP/Source/FilteringFunctions/arm_correlate_fast_q15.c ****    * Initializations of stage1
 703:Drivers/CMSIS/DSP/Source/FilteringFunctions/arm_correlate_fast_q15.c ****    * -------------------------*/
 704:Drivers/CMSIS/DSP/Source/FilteringFunctions/arm_correlate_fast_q15.c **** 
 705:Drivers/CMSIS/DSP/Source/FilteringFunctions/arm_correlate_fast_q15.c ****   /* sum = x[0] * y[srcBlen - 1]
 706:Drivers/CMSIS/DSP/Source/FilteringFunctions/arm_correlate_fast_q15.c ****    * sum = x[0] * y[srcBlen - 2] + x[1] * y[srcBlen - 1]
 707:Drivers/CMSIS/DSP/Source/FilteringFunctions/arm_correlate_fast_q15.c ****    * ....
 708:Drivers/CMSIS/DSP/Source/FilteringFunctions/arm_correlate_fast_q15.c ****    * sum = x[0] * y[0] + x[1] * y[1] +...+ x[srcBLen - 1] * y[srcBLen - 1]
 709:Drivers/CMSIS/DSP/Source/FilteringFunctions/arm_correlate_fast_q15.c ****    */
 710:Drivers/CMSIS/DSP/Source/FilteringFunctions/arm_correlate_fast_q15.c **** 
 711:Drivers/CMSIS/DSP/Source/FilteringFunctions/arm_correlate_fast_q15.c ****   /* In this stage the MAC operations are increased by 1 for every iteration.
 712:Drivers/CMSIS/DSP/Source/FilteringFunctions/arm_correlate_fast_q15.c ****      The count variable holds the number of MAC operations performed */
 713:Drivers/CMSIS/DSP/Source/FilteringFunctions/arm_correlate_fast_q15.c ****   count = 1U;
 714:Drivers/CMSIS/DSP/Source/FilteringFunctions/arm_correlate_fast_q15.c **** 
 715:Drivers/CMSIS/DSP/Source/FilteringFunctions/arm_correlate_fast_q15.c ****   /* Working pointer of inputA */
 716:Drivers/CMSIS/DSP/Source/FilteringFunctions/arm_correlate_fast_q15.c ****   px = pIn1;
 717:Drivers/CMSIS/DSP/Source/FilteringFunctions/arm_correlate_fast_q15.c **** 
 718:Drivers/CMSIS/DSP/Source/FilteringFunctions/arm_correlate_fast_q15.c ****   /* Working pointer of inputB */
 719:Drivers/CMSIS/DSP/Source/FilteringFunctions/arm_correlate_fast_q15.c ****   pSrc1 = pIn2 + (srcBLen - 1U);
 720:Drivers/CMSIS/DSP/Source/FilteringFunctions/arm_correlate_fast_q15.c ****   py = pSrc1;
 721:Drivers/CMSIS/DSP/Source/FilteringFunctions/arm_correlate_fast_q15.c **** 
 722:Drivers/CMSIS/DSP/Source/FilteringFunctions/arm_correlate_fast_q15.c ****   /* ------------------------
 723:Drivers/CMSIS/DSP/Source/FilteringFunctions/arm_correlate_fast_q15.c ****    * Stage1 process
 724:Drivers/CMSIS/DSP/Source/FilteringFunctions/arm_correlate_fast_q15.c ****    * ----------------------*/
 725:Drivers/CMSIS/DSP/Source/FilteringFunctions/arm_correlate_fast_q15.c **** 
 726:Drivers/CMSIS/DSP/Source/FilteringFunctions/arm_correlate_fast_q15.c ****   /* The first loop starts here */
 727:Drivers/CMSIS/DSP/Source/FilteringFunctions/arm_correlate_fast_q15.c ****   while (blockSize1 > 0U)
 728:Drivers/CMSIS/DSP/Source/FilteringFunctions/arm_correlate_fast_q15.c ****   {
 729:Drivers/CMSIS/DSP/Source/FilteringFunctions/arm_correlate_fast_q15.c ****     /* Accumulator is made zero for every iteration */
 730:Drivers/CMSIS/DSP/Source/FilteringFunctions/arm_correlate_fast_q15.c ****     sum = 0;
 731:Drivers/CMSIS/DSP/Source/FilteringFunctions/arm_correlate_fast_q15.c **** 
 732:Drivers/CMSIS/DSP/Source/FilteringFunctions/arm_correlate_fast_q15.c ****     /* Apply loop unrolling and compute 4 MACs simultaneously. */
 733:Drivers/CMSIS/DSP/Source/FilteringFunctions/arm_correlate_fast_q15.c ****     k = count >> 2;
 734:Drivers/CMSIS/DSP/Source/FilteringFunctions/arm_correlate_fast_q15.c **** 
 735:Drivers/CMSIS/DSP/Source/FilteringFunctions/arm_correlate_fast_q15.c ****     /* First part of the processing with loop unrolling.  Compute 4 MACs at a time.
 736:Drivers/CMSIS/DSP/Source/FilteringFunctions/arm_correlate_fast_q15.c ****      ** a second loop below computes MACs for the remaining 1 to 3 samples. */
 737:Drivers/CMSIS/DSP/Source/FilteringFunctions/arm_correlate_fast_q15.c ****     while (k > 0U)
 738:Drivers/CMSIS/DSP/Source/FilteringFunctions/arm_correlate_fast_q15.c ****     {
 739:Drivers/CMSIS/DSP/Source/FilteringFunctions/arm_correlate_fast_q15.c ****       /* x[0] * y[srcBLen - 4] , x[1] * y[srcBLen - 3] */
 740:Drivers/CMSIS/DSP/Source/FilteringFunctions/arm_correlate_fast_q15.c ****         sum += ((q31_t) * px++ * *py++);
 741:Drivers/CMSIS/DSP/Source/FilteringFunctions/arm_correlate_fast_q15.c ****         sum += ((q31_t) * px++ * *py++);
 742:Drivers/CMSIS/DSP/Source/FilteringFunctions/arm_correlate_fast_q15.c ****         sum += ((q31_t) * px++ * *py++);
 743:Drivers/CMSIS/DSP/Source/FilteringFunctions/arm_correlate_fast_q15.c ****         sum += ((q31_t) * px++ * *py++);
 744:Drivers/CMSIS/DSP/Source/FilteringFunctions/arm_correlate_fast_q15.c **** 
 745:Drivers/CMSIS/DSP/Source/FilteringFunctions/arm_correlate_fast_q15.c ****       /* Decrement the loop counter */
 746:Drivers/CMSIS/DSP/Source/FilteringFunctions/arm_correlate_fast_q15.c ****       k--;
 747:Drivers/CMSIS/DSP/Source/FilteringFunctions/arm_correlate_fast_q15.c ****     }
 748:Drivers/CMSIS/DSP/Source/FilteringFunctions/arm_correlate_fast_q15.c **** 
 749:Drivers/CMSIS/DSP/Source/FilteringFunctions/arm_correlate_fast_q15.c ****     /* If the count is not a multiple of 4, compute any remaining MACs here.
ARM GAS  C:\Users\Lamp\AppData\Local\Temp\ccj3X8ei.s 			page 62


 750:Drivers/CMSIS/DSP/Source/FilteringFunctions/arm_correlate_fast_q15.c ****      ** No loop unrolling is used. */
 751:Drivers/CMSIS/DSP/Source/FilteringFunctions/arm_correlate_fast_q15.c ****     k = count % 0x4U;
 752:Drivers/CMSIS/DSP/Source/FilteringFunctions/arm_correlate_fast_q15.c **** 
 753:Drivers/CMSIS/DSP/Source/FilteringFunctions/arm_correlate_fast_q15.c ****     while (k > 0U)
 754:Drivers/CMSIS/DSP/Source/FilteringFunctions/arm_correlate_fast_q15.c ****     {
 755:Drivers/CMSIS/DSP/Source/FilteringFunctions/arm_correlate_fast_q15.c ****       /* Perform the multiply-accumulates */
 756:Drivers/CMSIS/DSP/Source/FilteringFunctions/arm_correlate_fast_q15.c ****       /* x[0] * y[srcBLen - 1] */
 757:Drivers/CMSIS/DSP/Source/FilteringFunctions/arm_correlate_fast_q15.c ****         sum += ((q31_t) * px++ * *py++);
 758:Drivers/CMSIS/DSP/Source/FilteringFunctions/arm_correlate_fast_q15.c **** 
 759:Drivers/CMSIS/DSP/Source/FilteringFunctions/arm_correlate_fast_q15.c ****       /* Decrement the loop counter */
 760:Drivers/CMSIS/DSP/Source/FilteringFunctions/arm_correlate_fast_q15.c ****       k--;
 761:Drivers/CMSIS/DSP/Source/FilteringFunctions/arm_correlate_fast_q15.c ****     }
 762:Drivers/CMSIS/DSP/Source/FilteringFunctions/arm_correlate_fast_q15.c **** 
 763:Drivers/CMSIS/DSP/Source/FilteringFunctions/arm_correlate_fast_q15.c ****     /* Store the result in the accumulator in the destination buffer. */
 764:Drivers/CMSIS/DSP/Source/FilteringFunctions/arm_correlate_fast_q15.c ****     *pOut = (q15_t) (sum >> 15);
 765:Drivers/CMSIS/DSP/Source/FilteringFunctions/arm_correlate_fast_q15.c ****     /* Destination pointer is updated according to the address modifier, inc */
 766:Drivers/CMSIS/DSP/Source/FilteringFunctions/arm_correlate_fast_q15.c ****     pOut += inc;
 767:Drivers/CMSIS/DSP/Source/FilteringFunctions/arm_correlate_fast_q15.c **** 
 768:Drivers/CMSIS/DSP/Source/FilteringFunctions/arm_correlate_fast_q15.c ****     /* Update the inputA and inputB pointers for next MAC calculation */
 769:Drivers/CMSIS/DSP/Source/FilteringFunctions/arm_correlate_fast_q15.c ****     py = pSrc1 - count;
 770:Drivers/CMSIS/DSP/Source/FilteringFunctions/arm_correlate_fast_q15.c ****     px = pIn1;
 771:Drivers/CMSIS/DSP/Source/FilteringFunctions/arm_correlate_fast_q15.c **** 
 772:Drivers/CMSIS/DSP/Source/FilteringFunctions/arm_correlate_fast_q15.c ****     /* Increment the MAC count */
 773:Drivers/CMSIS/DSP/Source/FilteringFunctions/arm_correlate_fast_q15.c ****     count++;
 774:Drivers/CMSIS/DSP/Source/FilteringFunctions/arm_correlate_fast_q15.c **** 
 775:Drivers/CMSIS/DSP/Source/FilteringFunctions/arm_correlate_fast_q15.c ****     /* Decrement the loop counter */
 776:Drivers/CMSIS/DSP/Source/FilteringFunctions/arm_correlate_fast_q15.c ****     blockSize1--;
 777:Drivers/CMSIS/DSP/Source/FilteringFunctions/arm_correlate_fast_q15.c ****   }
 778:Drivers/CMSIS/DSP/Source/FilteringFunctions/arm_correlate_fast_q15.c **** 
 779:Drivers/CMSIS/DSP/Source/FilteringFunctions/arm_correlate_fast_q15.c ****   /* --------------------------
 780:Drivers/CMSIS/DSP/Source/FilteringFunctions/arm_correlate_fast_q15.c ****    * Initializations of stage2
 781:Drivers/CMSIS/DSP/Source/FilteringFunctions/arm_correlate_fast_q15.c ****    * ------------------------*/
 782:Drivers/CMSIS/DSP/Source/FilteringFunctions/arm_correlate_fast_q15.c **** 
 783:Drivers/CMSIS/DSP/Source/FilteringFunctions/arm_correlate_fast_q15.c ****   /* sum = x[0] * y[0] + x[1] * y[1] +...+ x[srcBLen-1] * y[srcBLen-1]
 784:Drivers/CMSIS/DSP/Source/FilteringFunctions/arm_correlate_fast_q15.c ****    * sum = x[1] * y[0] + x[2] * y[1] +...+ x[srcBLen] * y[srcBLen-1]
 785:Drivers/CMSIS/DSP/Source/FilteringFunctions/arm_correlate_fast_q15.c ****    * ....
 786:Drivers/CMSIS/DSP/Source/FilteringFunctions/arm_correlate_fast_q15.c ****    * sum = x[srcALen-srcBLen-2] * y[0] + x[srcALen-srcBLen-1] * y[1] +...+ x[srcALen-1] * y[srcBLen
 787:Drivers/CMSIS/DSP/Source/FilteringFunctions/arm_correlate_fast_q15.c ****    */
 788:Drivers/CMSIS/DSP/Source/FilteringFunctions/arm_correlate_fast_q15.c **** 
 789:Drivers/CMSIS/DSP/Source/FilteringFunctions/arm_correlate_fast_q15.c ****   /* Working pointer of inputA */
 790:Drivers/CMSIS/DSP/Source/FilteringFunctions/arm_correlate_fast_q15.c ****   px = pIn1;
 791:Drivers/CMSIS/DSP/Source/FilteringFunctions/arm_correlate_fast_q15.c **** 
 792:Drivers/CMSIS/DSP/Source/FilteringFunctions/arm_correlate_fast_q15.c ****   /* Working pointer of inputB */
 793:Drivers/CMSIS/DSP/Source/FilteringFunctions/arm_correlate_fast_q15.c ****   py = pIn2;
 794:Drivers/CMSIS/DSP/Source/FilteringFunctions/arm_correlate_fast_q15.c **** 
 795:Drivers/CMSIS/DSP/Source/FilteringFunctions/arm_correlate_fast_q15.c ****   /* count is index by which the pointer pIn1 to be incremented */
 796:Drivers/CMSIS/DSP/Source/FilteringFunctions/arm_correlate_fast_q15.c ****   count = 0U;
 797:Drivers/CMSIS/DSP/Source/FilteringFunctions/arm_correlate_fast_q15.c **** 
 798:Drivers/CMSIS/DSP/Source/FilteringFunctions/arm_correlate_fast_q15.c ****   /* -------------------
 799:Drivers/CMSIS/DSP/Source/FilteringFunctions/arm_correlate_fast_q15.c ****    * Stage2 process
 800:Drivers/CMSIS/DSP/Source/FilteringFunctions/arm_correlate_fast_q15.c ****    * ------------------*/
 801:Drivers/CMSIS/DSP/Source/FilteringFunctions/arm_correlate_fast_q15.c **** 
 802:Drivers/CMSIS/DSP/Source/FilteringFunctions/arm_correlate_fast_q15.c ****   /* Stage2 depends on srcBLen as in this stage srcBLen number of MACS are performed.
 803:Drivers/CMSIS/DSP/Source/FilteringFunctions/arm_correlate_fast_q15.c ****    * So, to loop unroll over blockSize2,
 804:Drivers/CMSIS/DSP/Source/FilteringFunctions/arm_correlate_fast_q15.c ****    * srcBLen should be greater than or equal to 4, to loop unroll the srcBLen loop */
 805:Drivers/CMSIS/DSP/Source/FilteringFunctions/arm_correlate_fast_q15.c ****   if (srcBLen >= 4U)
 806:Drivers/CMSIS/DSP/Source/FilteringFunctions/arm_correlate_fast_q15.c ****   {
ARM GAS  C:\Users\Lamp\AppData\Local\Temp\ccj3X8ei.s 			page 63


 807:Drivers/CMSIS/DSP/Source/FilteringFunctions/arm_correlate_fast_q15.c ****     /* Loop unroll over blockSize2, by 4 */
 808:Drivers/CMSIS/DSP/Source/FilteringFunctions/arm_correlate_fast_q15.c ****     blkCnt = blockSize2 >> 2U;
 809:Drivers/CMSIS/DSP/Source/FilteringFunctions/arm_correlate_fast_q15.c **** 
 810:Drivers/CMSIS/DSP/Source/FilteringFunctions/arm_correlate_fast_q15.c ****     while (blkCnt > 0U)
 811:Drivers/CMSIS/DSP/Source/FilteringFunctions/arm_correlate_fast_q15.c ****     {
 812:Drivers/CMSIS/DSP/Source/FilteringFunctions/arm_correlate_fast_q15.c ****       /* Set all accumulators to zero */
 813:Drivers/CMSIS/DSP/Source/FilteringFunctions/arm_correlate_fast_q15.c ****       acc0 = 0;
 814:Drivers/CMSIS/DSP/Source/FilteringFunctions/arm_correlate_fast_q15.c ****       acc1 = 0;
 815:Drivers/CMSIS/DSP/Source/FilteringFunctions/arm_correlate_fast_q15.c ****       acc2 = 0;
 816:Drivers/CMSIS/DSP/Source/FilteringFunctions/arm_correlate_fast_q15.c ****       acc3 = 0;
 817:Drivers/CMSIS/DSP/Source/FilteringFunctions/arm_correlate_fast_q15.c **** 
 818:Drivers/CMSIS/DSP/Source/FilteringFunctions/arm_correlate_fast_q15.c ****       /* read x[0], x[1], x[2] samples */
 819:Drivers/CMSIS/DSP/Source/FilteringFunctions/arm_correlate_fast_q15.c **** 	  a = *px;
 820:Drivers/CMSIS/DSP/Source/FilteringFunctions/arm_correlate_fast_q15.c **** 	  b = *(px + 1);
 821:Drivers/CMSIS/DSP/Source/FilteringFunctions/arm_correlate_fast_q15.c **** 
 822:Drivers/CMSIS/DSP/Source/FilteringFunctions/arm_correlate_fast_q15.c **** #ifndef ARM_MATH_BIG_ENDIAN
 823:Drivers/CMSIS/DSP/Source/FilteringFunctions/arm_correlate_fast_q15.c **** 
 824:Drivers/CMSIS/DSP/Source/FilteringFunctions/arm_correlate_fast_q15.c **** 	  x0 = __PKHBT(a, b, 16);
 825:Drivers/CMSIS/DSP/Source/FilteringFunctions/arm_correlate_fast_q15.c **** 	  a = *(px + 2);
 826:Drivers/CMSIS/DSP/Source/FilteringFunctions/arm_correlate_fast_q15.c **** 	  x1 = __PKHBT(b, a, 16);
 827:Drivers/CMSIS/DSP/Source/FilteringFunctions/arm_correlate_fast_q15.c **** 
 828:Drivers/CMSIS/DSP/Source/FilteringFunctions/arm_correlate_fast_q15.c **** #else
 829:Drivers/CMSIS/DSP/Source/FilteringFunctions/arm_correlate_fast_q15.c **** 
 830:Drivers/CMSIS/DSP/Source/FilteringFunctions/arm_correlate_fast_q15.c **** 	  x0 = __PKHBT(b, a, 16);
 831:Drivers/CMSIS/DSP/Source/FilteringFunctions/arm_correlate_fast_q15.c **** 	  a = *(px + 2);
 832:Drivers/CMSIS/DSP/Source/FilteringFunctions/arm_correlate_fast_q15.c **** 	  x1 = __PKHBT(a, b, 16);
 833:Drivers/CMSIS/DSP/Source/FilteringFunctions/arm_correlate_fast_q15.c **** 
 834:Drivers/CMSIS/DSP/Source/FilteringFunctions/arm_correlate_fast_q15.c **** #endif	/*	#ifndef ARM_MATH_BIG_ENDIAN	*/
 835:Drivers/CMSIS/DSP/Source/FilteringFunctions/arm_correlate_fast_q15.c **** 
 836:Drivers/CMSIS/DSP/Source/FilteringFunctions/arm_correlate_fast_q15.c **** 	  px += 2U;
 837:Drivers/CMSIS/DSP/Source/FilteringFunctions/arm_correlate_fast_q15.c **** 
 838:Drivers/CMSIS/DSP/Source/FilteringFunctions/arm_correlate_fast_q15.c ****       /* Apply loop unrolling and compute 4 MACs simultaneously. */
 839:Drivers/CMSIS/DSP/Source/FilteringFunctions/arm_correlate_fast_q15.c ****       k = srcBLen >> 2U;
 840:Drivers/CMSIS/DSP/Source/FilteringFunctions/arm_correlate_fast_q15.c **** 
 841:Drivers/CMSIS/DSP/Source/FilteringFunctions/arm_correlate_fast_q15.c ****       /* First part of the processing with loop unrolling.  Compute 4 MACs at a time.
 842:Drivers/CMSIS/DSP/Source/FilteringFunctions/arm_correlate_fast_q15.c ****        ** a second loop below computes MACs for the remaining 1 to 3 samples. */
 843:Drivers/CMSIS/DSP/Source/FilteringFunctions/arm_correlate_fast_q15.c ****       do
 844:Drivers/CMSIS/DSP/Source/FilteringFunctions/arm_correlate_fast_q15.c ****       {
 845:Drivers/CMSIS/DSP/Source/FilteringFunctions/arm_correlate_fast_q15.c ****         /* Read the first two inputB samples using SIMD:
 846:Drivers/CMSIS/DSP/Source/FilteringFunctions/arm_correlate_fast_q15.c ****          * y[0] and y[1] */
 847:Drivers/CMSIS/DSP/Source/FilteringFunctions/arm_correlate_fast_q15.c **** 		  a = *py;
 848:Drivers/CMSIS/DSP/Source/FilteringFunctions/arm_correlate_fast_q15.c **** 		  b = *(py + 1);
 849:Drivers/CMSIS/DSP/Source/FilteringFunctions/arm_correlate_fast_q15.c **** 
 850:Drivers/CMSIS/DSP/Source/FilteringFunctions/arm_correlate_fast_q15.c **** #ifndef ARM_MATH_BIG_ENDIAN
 851:Drivers/CMSIS/DSP/Source/FilteringFunctions/arm_correlate_fast_q15.c **** 
 852:Drivers/CMSIS/DSP/Source/FilteringFunctions/arm_correlate_fast_q15.c **** 		  c0 = __PKHBT(a, b, 16);
 853:Drivers/CMSIS/DSP/Source/FilteringFunctions/arm_correlate_fast_q15.c **** 
 854:Drivers/CMSIS/DSP/Source/FilteringFunctions/arm_correlate_fast_q15.c **** #else
 855:Drivers/CMSIS/DSP/Source/FilteringFunctions/arm_correlate_fast_q15.c **** 
 856:Drivers/CMSIS/DSP/Source/FilteringFunctions/arm_correlate_fast_q15.c **** 		  c0 = __PKHBT(b, a, 16);
 857:Drivers/CMSIS/DSP/Source/FilteringFunctions/arm_correlate_fast_q15.c **** 
 858:Drivers/CMSIS/DSP/Source/FilteringFunctions/arm_correlate_fast_q15.c **** #endif	/*	#ifndef ARM_MATH_BIG_ENDIAN	*/
 859:Drivers/CMSIS/DSP/Source/FilteringFunctions/arm_correlate_fast_q15.c **** 
 860:Drivers/CMSIS/DSP/Source/FilteringFunctions/arm_correlate_fast_q15.c ****         /* acc0 +=  x[0] * y[0] + x[1] * y[1] */
 861:Drivers/CMSIS/DSP/Source/FilteringFunctions/arm_correlate_fast_q15.c ****         acc0 = __SMLAD(x0, c0, acc0);
 862:Drivers/CMSIS/DSP/Source/FilteringFunctions/arm_correlate_fast_q15.c **** 
 863:Drivers/CMSIS/DSP/Source/FilteringFunctions/arm_correlate_fast_q15.c ****         /* acc1 +=  x[1] * y[0] + x[2] * y[1] */
ARM GAS  C:\Users\Lamp\AppData\Local\Temp\ccj3X8ei.s 			page 64


 864:Drivers/CMSIS/DSP/Source/FilteringFunctions/arm_correlate_fast_q15.c ****         acc1 = __SMLAD(x1, c0, acc1);
 865:Drivers/CMSIS/DSP/Source/FilteringFunctions/arm_correlate_fast_q15.c **** 
 866:Drivers/CMSIS/DSP/Source/FilteringFunctions/arm_correlate_fast_q15.c ****         /* Read x[2], x[3], x[4] */
 867:Drivers/CMSIS/DSP/Source/FilteringFunctions/arm_correlate_fast_q15.c **** 	  	a = *px;
 868:Drivers/CMSIS/DSP/Source/FilteringFunctions/arm_correlate_fast_q15.c **** 	  	b = *(px + 1);
 869:Drivers/CMSIS/DSP/Source/FilteringFunctions/arm_correlate_fast_q15.c **** 
 870:Drivers/CMSIS/DSP/Source/FilteringFunctions/arm_correlate_fast_q15.c **** #ifndef ARM_MATH_BIG_ENDIAN
 871:Drivers/CMSIS/DSP/Source/FilteringFunctions/arm_correlate_fast_q15.c **** 
 872:Drivers/CMSIS/DSP/Source/FilteringFunctions/arm_correlate_fast_q15.c **** 	  	x2 = __PKHBT(a, b, 16);
 873:Drivers/CMSIS/DSP/Source/FilteringFunctions/arm_correlate_fast_q15.c **** 	  	a = *(px + 2);
 874:Drivers/CMSIS/DSP/Source/FilteringFunctions/arm_correlate_fast_q15.c **** 	  	x3 = __PKHBT(b, a, 16);
 875:Drivers/CMSIS/DSP/Source/FilteringFunctions/arm_correlate_fast_q15.c **** 
 876:Drivers/CMSIS/DSP/Source/FilteringFunctions/arm_correlate_fast_q15.c **** #else
 877:Drivers/CMSIS/DSP/Source/FilteringFunctions/arm_correlate_fast_q15.c **** 
 878:Drivers/CMSIS/DSP/Source/FilteringFunctions/arm_correlate_fast_q15.c **** 	  	x2 = __PKHBT(b, a, 16);
 879:Drivers/CMSIS/DSP/Source/FilteringFunctions/arm_correlate_fast_q15.c **** 	  	a = *(px + 2);
 880:Drivers/CMSIS/DSP/Source/FilteringFunctions/arm_correlate_fast_q15.c **** 	  	x3 = __PKHBT(a, b, 16);
 881:Drivers/CMSIS/DSP/Source/FilteringFunctions/arm_correlate_fast_q15.c **** 
 882:Drivers/CMSIS/DSP/Source/FilteringFunctions/arm_correlate_fast_q15.c **** #endif	/*	#ifndef ARM_MATH_BIG_ENDIAN	*/
 883:Drivers/CMSIS/DSP/Source/FilteringFunctions/arm_correlate_fast_q15.c **** 
 884:Drivers/CMSIS/DSP/Source/FilteringFunctions/arm_correlate_fast_q15.c ****         /* acc2 +=  x[2] * y[0] + x[3] * y[1] */
 885:Drivers/CMSIS/DSP/Source/FilteringFunctions/arm_correlate_fast_q15.c ****         acc2 = __SMLAD(x2, c0, acc2);
 886:Drivers/CMSIS/DSP/Source/FilteringFunctions/arm_correlate_fast_q15.c **** 
 887:Drivers/CMSIS/DSP/Source/FilteringFunctions/arm_correlate_fast_q15.c ****         /* acc3 +=  x[3] * y[0] + x[4] * y[1] */
 888:Drivers/CMSIS/DSP/Source/FilteringFunctions/arm_correlate_fast_q15.c ****         acc3 = __SMLAD(x3, c0, acc3);
 889:Drivers/CMSIS/DSP/Source/FilteringFunctions/arm_correlate_fast_q15.c **** 
 890:Drivers/CMSIS/DSP/Source/FilteringFunctions/arm_correlate_fast_q15.c ****         /* Read y[2] and y[3] */
 891:Drivers/CMSIS/DSP/Source/FilteringFunctions/arm_correlate_fast_q15.c **** 		  a = *(py + 2);
 892:Drivers/CMSIS/DSP/Source/FilteringFunctions/arm_correlate_fast_q15.c **** 		  b = *(py + 3);
 893:Drivers/CMSIS/DSP/Source/FilteringFunctions/arm_correlate_fast_q15.c **** 
 894:Drivers/CMSIS/DSP/Source/FilteringFunctions/arm_correlate_fast_q15.c **** 		  py += 4U;
 895:Drivers/CMSIS/DSP/Source/FilteringFunctions/arm_correlate_fast_q15.c **** 
 896:Drivers/CMSIS/DSP/Source/FilteringFunctions/arm_correlate_fast_q15.c **** #ifndef ARM_MATH_BIG_ENDIAN
 897:Drivers/CMSIS/DSP/Source/FilteringFunctions/arm_correlate_fast_q15.c **** 
 898:Drivers/CMSIS/DSP/Source/FilteringFunctions/arm_correlate_fast_q15.c **** 		  c0 = __PKHBT(a, b, 16);
 899:Drivers/CMSIS/DSP/Source/FilteringFunctions/arm_correlate_fast_q15.c **** 
 900:Drivers/CMSIS/DSP/Source/FilteringFunctions/arm_correlate_fast_q15.c **** #else
 901:Drivers/CMSIS/DSP/Source/FilteringFunctions/arm_correlate_fast_q15.c **** 
 902:Drivers/CMSIS/DSP/Source/FilteringFunctions/arm_correlate_fast_q15.c **** 		  c0 = __PKHBT(b, a, 16);
 903:Drivers/CMSIS/DSP/Source/FilteringFunctions/arm_correlate_fast_q15.c **** 
 904:Drivers/CMSIS/DSP/Source/FilteringFunctions/arm_correlate_fast_q15.c **** #endif	/*	#ifndef ARM_MATH_BIG_ENDIAN	*/
 905:Drivers/CMSIS/DSP/Source/FilteringFunctions/arm_correlate_fast_q15.c **** 
 906:Drivers/CMSIS/DSP/Source/FilteringFunctions/arm_correlate_fast_q15.c ****         /* acc0 +=  x[2] * y[2] + x[3] * y[3] */
 907:Drivers/CMSIS/DSP/Source/FilteringFunctions/arm_correlate_fast_q15.c ****         acc0 = __SMLAD(x2, c0, acc0);
 908:Drivers/CMSIS/DSP/Source/FilteringFunctions/arm_correlate_fast_q15.c **** 
 909:Drivers/CMSIS/DSP/Source/FilteringFunctions/arm_correlate_fast_q15.c ****         /* acc1 +=  x[3] * y[2] + x[4] * y[3] */
 910:Drivers/CMSIS/DSP/Source/FilteringFunctions/arm_correlate_fast_q15.c ****         acc1 = __SMLAD(x3, c0, acc1);
 911:Drivers/CMSIS/DSP/Source/FilteringFunctions/arm_correlate_fast_q15.c **** 
 912:Drivers/CMSIS/DSP/Source/FilteringFunctions/arm_correlate_fast_q15.c ****         /* Read x[4], x[5], x[6] */
 913:Drivers/CMSIS/DSP/Source/FilteringFunctions/arm_correlate_fast_q15.c **** 	  	a = *(px + 2);
 914:Drivers/CMSIS/DSP/Source/FilteringFunctions/arm_correlate_fast_q15.c **** 	  	b = *(px + 3);
 915:Drivers/CMSIS/DSP/Source/FilteringFunctions/arm_correlate_fast_q15.c **** 
 916:Drivers/CMSIS/DSP/Source/FilteringFunctions/arm_correlate_fast_q15.c **** #ifndef ARM_MATH_BIG_ENDIAN
 917:Drivers/CMSIS/DSP/Source/FilteringFunctions/arm_correlate_fast_q15.c **** 
 918:Drivers/CMSIS/DSP/Source/FilteringFunctions/arm_correlate_fast_q15.c **** 	  	x0 = __PKHBT(a, b, 16);
 919:Drivers/CMSIS/DSP/Source/FilteringFunctions/arm_correlate_fast_q15.c **** 	  	a = *(px + 4);
 920:Drivers/CMSIS/DSP/Source/FilteringFunctions/arm_correlate_fast_q15.c **** 	  	x1 = __PKHBT(b, a, 16);
ARM GAS  C:\Users\Lamp\AppData\Local\Temp\ccj3X8ei.s 			page 65


 921:Drivers/CMSIS/DSP/Source/FilteringFunctions/arm_correlate_fast_q15.c **** 
 922:Drivers/CMSIS/DSP/Source/FilteringFunctions/arm_correlate_fast_q15.c **** #else
 923:Drivers/CMSIS/DSP/Source/FilteringFunctions/arm_correlate_fast_q15.c **** 
 924:Drivers/CMSIS/DSP/Source/FilteringFunctions/arm_correlate_fast_q15.c **** 	  	x0 = __PKHBT(b, a, 16);
 925:Drivers/CMSIS/DSP/Source/FilteringFunctions/arm_correlate_fast_q15.c **** 	  	a = *(px + 4);
 926:Drivers/CMSIS/DSP/Source/FilteringFunctions/arm_correlate_fast_q15.c **** 	  	x1 = __PKHBT(a, b, 16);
 927:Drivers/CMSIS/DSP/Source/FilteringFunctions/arm_correlate_fast_q15.c **** 
 928:Drivers/CMSIS/DSP/Source/FilteringFunctions/arm_correlate_fast_q15.c **** #endif	/*	#ifndef ARM_MATH_BIG_ENDIAN	*/
 929:Drivers/CMSIS/DSP/Source/FilteringFunctions/arm_correlate_fast_q15.c **** 
 930:Drivers/CMSIS/DSP/Source/FilteringFunctions/arm_correlate_fast_q15.c **** 		px += 4U;
 931:Drivers/CMSIS/DSP/Source/FilteringFunctions/arm_correlate_fast_q15.c **** 
 932:Drivers/CMSIS/DSP/Source/FilteringFunctions/arm_correlate_fast_q15.c ****         /* acc2 +=  x[4] * y[2] + x[5] * y[3] */
 933:Drivers/CMSIS/DSP/Source/FilteringFunctions/arm_correlate_fast_q15.c ****         acc2 = __SMLAD(x0, c0, acc2);
 934:Drivers/CMSIS/DSP/Source/FilteringFunctions/arm_correlate_fast_q15.c **** 
 935:Drivers/CMSIS/DSP/Source/FilteringFunctions/arm_correlate_fast_q15.c ****         /* acc3 +=  x[5] * y[2] + x[6] * y[3] */
 936:Drivers/CMSIS/DSP/Source/FilteringFunctions/arm_correlate_fast_q15.c ****         acc3 = __SMLAD(x1, c0, acc3);
 937:Drivers/CMSIS/DSP/Source/FilteringFunctions/arm_correlate_fast_q15.c **** 
 938:Drivers/CMSIS/DSP/Source/FilteringFunctions/arm_correlate_fast_q15.c ****       } while (--k);
 939:Drivers/CMSIS/DSP/Source/FilteringFunctions/arm_correlate_fast_q15.c **** 
 940:Drivers/CMSIS/DSP/Source/FilteringFunctions/arm_correlate_fast_q15.c ****       /* For the next MAC operations, SIMD is not used
 941:Drivers/CMSIS/DSP/Source/FilteringFunctions/arm_correlate_fast_q15.c ****        * So, the 16 bit pointer if inputB, py is updated */
 942:Drivers/CMSIS/DSP/Source/FilteringFunctions/arm_correlate_fast_q15.c **** 
 943:Drivers/CMSIS/DSP/Source/FilteringFunctions/arm_correlate_fast_q15.c ****       /* If the srcBLen is not a multiple of 4, compute any remaining MACs here.
 944:Drivers/CMSIS/DSP/Source/FilteringFunctions/arm_correlate_fast_q15.c ****        ** No loop unrolling is used. */
 945:Drivers/CMSIS/DSP/Source/FilteringFunctions/arm_correlate_fast_q15.c ****       k = srcBLen % 0x4U;
 946:Drivers/CMSIS/DSP/Source/FilteringFunctions/arm_correlate_fast_q15.c **** 
 947:Drivers/CMSIS/DSP/Source/FilteringFunctions/arm_correlate_fast_q15.c ****       if (k == 1U)
 948:Drivers/CMSIS/DSP/Source/FilteringFunctions/arm_correlate_fast_q15.c ****       {
 949:Drivers/CMSIS/DSP/Source/FilteringFunctions/arm_correlate_fast_q15.c ****         /* Read y[4] */
 950:Drivers/CMSIS/DSP/Source/FilteringFunctions/arm_correlate_fast_q15.c ****         c0 = *py;
 951:Drivers/CMSIS/DSP/Source/FilteringFunctions/arm_correlate_fast_q15.c **** #ifdef  ARM_MATH_BIG_ENDIAN
 952:Drivers/CMSIS/DSP/Source/FilteringFunctions/arm_correlate_fast_q15.c **** 
 953:Drivers/CMSIS/DSP/Source/FilteringFunctions/arm_correlate_fast_q15.c ****         c0 = c0 << 16U;
 954:Drivers/CMSIS/DSP/Source/FilteringFunctions/arm_correlate_fast_q15.c **** 
 955:Drivers/CMSIS/DSP/Source/FilteringFunctions/arm_correlate_fast_q15.c **** #else
 956:Drivers/CMSIS/DSP/Source/FilteringFunctions/arm_correlate_fast_q15.c **** 
 957:Drivers/CMSIS/DSP/Source/FilteringFunctions/arm_correlate_fast_q15.c ****         c0 = c0 & 0x0000FFFF;
 958:Drivers/CMSIS/DSP/Source/FilteringFunctions/arm_correlate_fast_q15.c **** 
 959:Drivers/CMSIS/DSP/Source/FilteringFunctions/arm_correlate_fast_q15.c **** #endif /*      #ifdef  ARM_MATH_BIG_ENDIAN     */
 960:Drivers/CMSIS/DSP/Source/FilteringFunctions/arm_correlate_fast_q15.c **** 
 961:Drivers/CMSIS/DSP/Source/FilteringFunctions/arm_correlate_fast_q15.c ****         /* Read x[7] */
 962:Drivers/CMSIS/DSP/Source/FilteringFunctions/arm_correlate_fast_q15.c **** 		a = *px;
 963:Drivers/CMSIS/DSP/Source/FilteringFunctions/arm_correlate_fast_q15.c **** 		b = *(px + 1);
 964:Drivers/CMSIS/DSP/Source/FilteringFunctions/arm_correlate_fast_q15.c **** 
 965:Drivers/CMSIS/DSP/Source/FilteringFunctions/arm_correlate_fast_q15.c **** 		px++;;
 966:Drivers/CMSIS/DSP/Source/FilteringFunctions/arm_correlate_fast_q15.c **** 
 967:Drivers/CMSIS/DSP/Source/FilteringFunctions/arm_correlate_fast_q15.c **** #ifndef ARM_MATH_BIG_ENDIAN
 968:Drivers/CMSIS/DSP/Source/FilteringFunctions/arm_correlate_fast_q15.c **** 
 969:Drivers/CMSIS/DSP/Source/FilteringFunctions/arm_correlate_fast_q15.c **** 		x3 = __PKHBT(a, b, 16);
 970:Drivers/CMSIS/DSP/Source/FilteringFunctions/arm_correlate_fast_q15.c **** 
 971:Drivers/CMSIS/DSP/Source/FilteringFunctions/arm_correlate_fast_q15.c **** #else
 972:Drivers/CMSIS/DSP/Source/FilteringFunctions/arm_correlate_fast_q15.c **** 
 973:Drivers/CMSIS/DSP/Source/FilteringFunctions/arm_correlate_fast_q15.c **** 		x3 = __PKHBT(b, a, 16);
 974:Drivers/CMSIS/DSP/Source/FilteringFunctions/arm_correlate_fast_q15.c **** 
 975:Drivers/CMSIS/DSP/Source/FilteringFunctions/arm_correlate_fast_q15.c **** #endif	/*	#ifndef ARM_MATH_BIG_ENDIAN	*/
 976:Drivers/CMSIS/DSP/Source/FilteringFunctions/arm_correlate_fast_q15.c **** 
 977:Drivers/CMSIS/DSP/Source/FilteringFunctions/arm_correlate_fast_q15.c **** 		px++;
ARM GAS  C:\Users\Lamp\AppData\Local\Temp\ccj3X8ei.s 			page 66


 978:Drivers/CMSIS/DSP/Source/FilteringFunctions/arm_correlate_fast_q15.c **** 
 979:Drivers/CMSIS/DSP/Source/FilteringFunctions/arm_correlate_fast_q15.c ****         /* Perform the multiply-accumulates */
 980:Drivers/CMSIS/DSP/Source/FilteringFunctions/arm_correlate_fast_q15.c ****         acc0 = __SMLAD(x0, c0, acc0);
 981:Drivers/CMSIS/DSP/Source/FilteringFunctions/arm_correlate_fast_q15.c ****         acc1 = __SMLAD(x1, c0, acc1);
 982:Drivers/CMSIS/DSP/Source/FilteringFunctions/arm_correlate_fast_q15.c ****         acc2 = __SMLADX(x1, c0, acc2);
 983:Drivers/CMSIS/DSP/Source/FilteringFunctions/arm_correlate_fast_q15.c ****         acc3 = __SMLADX(x3, c0, acc3);
 984:Drivers/CMSIS/DSP/Source/FilteringFunctions/arm_correlate_fast_q15.c ****       }
 985:Drivers/CMSIS/DSP/Source/FilteringFunctions/arm_correlate_fast_q15.c **** 
 986:Drivers/CMSIS/DSP/Source/FilteringFunctions/arm_correlate_fast_q15.c ****       if (k == 2U)
 987:Drivers/CMSIS/DSP/Source/FilteringFunctions/arm_correlate_fast_q15.c ****       {
 988:Drivers/CMSIS/DSP/Source/FilteringFunctions/arm_correlate_fast_q15.c ****         /* Read y[4], y[5] */
 989:Drivers/CMSIS/DSP/Source/FilteringFunctions/arm_correlate_fast_q15.c **** 		  a = *py;
 990:Drivers/CMSIS/DSP/Source/FilteringFunctions/arm_correlate_fast_q15.c **** 		  b = *(py + 1);
 991:Drivers/CMSIS/DSP/Source/FilteringFunctions/arm_correlate_fast_q15.c **** 
 992:Drivers/CMSIS/DSP/Source/FilteringFunctions/arm_correlate_fast_q15.c **** #ifndef ARM_MATH_BIG_ENDIAN
 993:Drivers/CMSIS/DSP/Source/FilteringFunctions/arm_correlate_fast_q15.c **** 
 994:Drivers/CMSIS/DSP/Source/FilteringFunctions/arm_correlate_fast_q15.c **** 		  c0 = __PKHBT(a, b, 16);
 995:Drivers/CMSIS/DSP/Source/FilteringFunctions/arm_correlate_fast_q15.c **** 
 996:Drivers/CMSIS/DSP/Source/FilteringFunctions/arm_correlate_fast_q15.c **** #else
 997:Drivers/CMSIS/DSP/Source/FilteringFunctions/arm_correlate_fast_q15.c **** 
 998:Drivers/CMSIS/DSP/Source/FilteringFunctions/arm_correlate_fast_q15.c **** 		  c0 = __PKHBT(b, a, 16);
 999:Drivers/CMSIS/DSP/Source/FilteringFunctions/arm_correlate_fast_q15.c **** 
1000:Drivers/CMSIS/DSP/Source/FilteringFunctions/arm_correlate_fast_q15.c **** #endif	/*	#ifndef ARM_MATH_BIG_ENDIAN	*/
1001:Drivers/CMSIS/DSP/Source/FilteringFunctions/arm_correlate_fast_q15.c **** 
1002:Drivers/CMSIS/DSP/Source/FilteringFunctions/arm_correlate_fast_q15.c ****         /* Read x[7], x[8], x[9] */
1003:Drivers/CMSIS/DSP/Source/FilteringFunctions/arm_correlate_fast_q15.c **** 	  	a = *px;
1004:Drivers/CMSIS/DSP/Source/FilteringFunctions/arm_correlate_fast_q15.c **** 	  	b = *(px + 1);
1005:Drivers/CMSIS/DSP/Source/FilteringFunctions/arm_correlate_fast_q15.c **** 
1006:Drivers/CMSIS/DSP/Source/FilteringFunctions/arm_correlate_fast_q15.c **** #ifndef ARM_MATH_BIG_ENDIAN
1007:Drivers/CMSIS/DSP/Source/FilteringFunctions/arm_correlate_fast_q15.c **** 
1008:Drivers/CMSIS/DSP/Source/FilteringFunctions/arm_correlate_fast_q15.c **** 	  	x3 = __PKHBT(a, b, 16);
1009:Drivers/CMSIS/DSP/Source/FilteringFunctions/arm_correlate_fast_q15.c **** 	  	a = *(px + 2);
1010:Drivers/CMSIS/DSP/Source/FilteringFunctions/arm_correlate_fast_q15.c **** 	  	x2 = __PKHBT(b, a, 16);
1011:Drivers/CMSIS/DSP/Source/FilteringFunctions/arm_correlate_fast_q15.c **** 
1012:Drivers/CMSIS/DSP/Source/FilteringFunctions/arm_correlate_fast_q15.c **** #else
1013:Drivers/CMSIS/DSP/Source/FilteringFunctions/arm_correlate_fast_q15.c **** 
1014:Drivers/CMSIS/DSP/Source/FilteringFunctions/arm_correlate_fast_q15.c **** 	  	x3 = __PKHBT(b, a, 16);
1015:Drivers/CMSIS/DSP/Source/FilteringFunctions/arm_correlate_fast_q15.c **** 	  	a = *(px + 2);
1016:Drivers/CMSIS/DSP/Source/FilteringFunctions/arm_correlate_fast_q15.c **** 	  	x2 = __PKHBT(a, b, 16);
1017:Drivers/CMSIS/DSP/Source/FilteringFunctions/arm_correlate_fast_q15.c **** 
1018:Drivers/CMSIS/DSP/Source/FilteringFunctions/arm_correlate_fast_q15.c **** #endif	/*	#ifndef ARM_MATH_BIG_ENDIAN	*/
1019:Drivers/CMSIS/DSP/Source/FilteringFunctions/arm_correlate_fast_q15.c **** 
1020:Drivers/CMSIS/DSP/Source/FilteringFunctions/arm_correlate_fast_q15.c **** 		px += 2U;
1021:Drivers/CMSIS/DSP/Source/FilteringFunctions/arm_correlate_fast_q15.c **** 
1022:Drivers/CMSIS/DSP/Source/FilteringFunctions/arm_correlate_fast_q15.c ****         /* Perform the multiply-accumulates */
1023:Drivers/CMSIS/DSP/Source/FilteringFunctions/arm_correlate_fast_q15.c ****         acc0 = __SMLAD(x0, c0, acc0);
1024:Drivers/CMSIS/DSP/Source/FilteringFunctions/arm_correlate_fast_q15.c ****         acc1 = __SMLAD(x1, c0, acc1);
1025:Drivers/CMSIS/DSP/Source/FilteringFunctions/arm_correlate_fast_q15.c ****         acc2 = __SMLAD(x3, c0, acc2);
1026:Drivers/CMSIS/DSP/Source/FilteringFunctions/arm_correlate_fast_q15.c ****         acc3 = __SMLAD(x2, c0, acc3);
1027:Drivers/CMSIS/DSP/Source/FilteringFunctions/arm_correlate_fast_q15.c ****       }
1028:Drivers/CMSIS/DSP/Source/FilteringFunctions/arm_correlate_fast_q15.c **** 
1029:Drivers/CMSIS/DSP/Source/FilteringFunctions/arm_correlate_fast_q15.c ****       if (k == 3U)
1030:Drivers/CMSIS/DSP/Source/FilteringFunctions/arm_correlate_fast_q15.c ****       {
1031:Drivers/CMSIS/DSP/Source/FilteringFunctions/arm_correlate_fast_q15.c ****         /* Read y[4], y[5] */
1032:Drivers/CMSIS/DSP/Source/FilteringFunctions/arm_correlate_fast_q15.c **** 		  a = *py;
1033:Drivers/CMSIS/DSP/Source/FilteringFunctions/arm_correlate_fast_q15.c **** 		  b = *(py + 1);
1034:Drivers/CMSIS/DSP/Source/FilteringFunctions/arm_correlate_fast_q15.c **** 
ARM GAS  C:\Users\Lamp\AppData\Local\Temp\ccj3X8ei.s 			page 67


1035:Drivers/CMSIS/DSP/Source/FilteringFunctions/arm_correlate_fast_q15.c **** #ifndef ARM_MATH_BIG_ENDIAN
1036:Drivers/CMSIS/DSP/Source/FilteringFunctions/arm_correlate_fast_q15.c **** 
1037:Drivers/CMSIS/DSP/Source/FilteringFunctions/arm_correlate_fast_q15.c **** 		  c0 = __PKHBT(a, b, 16);
1038:Drivers/CMSIS/DSP/Source/FilteringFunctions/arm_correlate_fast_q15.c **** 
1039:Drivers/CMSIS/DSP/Source/FilteringFunctions/arm_correlate_fast_q15.c **** #else
1040:Drivers/CMSIS/DSP/Source/FilteringFunctions/arm_correlate_fast_q15.c **** 
1041:Drivers/CMSIS/DSP/Source/FilteringFunctions/arm_correlate_fast_q15.c **** 		  c0 = __PKHBT(b, a, 16);
1042:Drivers/CMSIS/DSP/Source/FilteringFunctions/arm_correlate_fast_q15.c **** 
1043:Drivers/CMSIS/DSP/Source/FilteringFunctions/arm_correlate_fast_q15.c **** #endif	/*	#ifndef ARM_MATH_BIG_ENDIAN	*/
1044:Drivers/CMSIS/DSP/Source/FilteringFunctions/arm_correlate_fast_q15.c **** 
1045:Drivers/CMSIS/DSP/Source/FilteringFunctions/arm_correlate_fast_q15.c **** 		py += 2U;
1046:Drivers/CMSIS/DSP/Source/FilteringFunctions/arm_correlate_fast_q15.c **** 
1047:Drivers/CMSIS/DSP/Source/FilteringFunctions/arm_correlate_fast_q15.c ****         /* Read x[7], x[8], x[9] */
1048:Drivers/CMSIS/DSP/Source/FilteringFunctions/arm_correlate_fast_q15.c **** 	  	a = *px;
1049:Drivers/CMSIS/DSP/Source/FilteringFunctions/arm_correlate_fast_q15.c **** 	  	b = *(px + 1);
1050:Drivers/CMSIS/DSP/Source/FilteringFunctions/arm_correlate_fast_q15.c **** 
1051:Drivers/CMSIS/DSP/Source/FilteringFunctions/arm_correlate_fast_q15.c **** #ifndef ARM_MATH_BIG_ENDIAN
1052:Drivers/CMSIS/DSP/Source/FilteringFunctions/arm_correlate_fast_q15.c **** 
1053:Drivers/CMSIS/DSP/Source/FilteringFunctions/arm_correlate_fast_q15.c **** 	  	x3 = __PKHBT(a, b, 16);
1054:Drivers/CMSIS/DSP/Source/FilteringFunctions/arm_correlate_fast_q15.c **** 	  	a = *(px + 2);
1055:Drivers/CMSIS/DSP/Source/FilteringFunctions/arm_correlate_fast_q15.c **** 	  	x2 = __PKHBT(b, a, 16);
1056:Drivers/CMSIS/DSP/Source/FilteringFunctions/arm_correlate_fast_q15.c **** 
1057:Drivers/CMSIS/DSP/Source/FilteringFunctions/arm_correlate_fast_q15.c **** #else
1058:Drivers/CMSIS/DSP/Source/FilteringFunctions/arm_correlate_fast_q15.c **** 
1059:Drivers/CMSIS/DSP/Source/FilteringFunctions/arm_correlate_fast_q15.c **** 	  	x3 = __PKHBT(b, a, 16);
1060:Drivers/CMSIS/DSP/Source/FilteringFunctions/arm_correlate_fast_q15.c **** 	  	a = *(px + 2);
1061:Drivers/CMSIS/DSP/Source/FilteringFunctions/arm_correlate_fast_q15.c **** 	  	x2 = __PKHBT(a, b, 16);
1062:Drivers/CMSIS/DSP/Source/FilteringFunctions/arm_correlate_fast_q15.c **** 
1063:Drivers/CMSIS/DSP/Source/FilteringFunctions/arm_correlate_fast_q15.c **** #endif	/*	#ifndef ARM_MATH_BIG_ENDIAN	*/
1064:Drivers/CMSIS/DSP/Source/FilteringFunctions/arm_correlate_fast_q15.c **** 
1065:Drivers/CMSIS/DSP/Source/FilteringFunctions/arm_correlate_fast_q15.c ****         /* Perform the multiply-accumulates */
1066:Drivers/CMSIS/DSP/Source/FilteringFunctions/arm_correlate_fast_q15.c ****         acc0 = __SMLAD(x0, c0, acc0);
1067:Drivers/CMSIS/DSP/Source/FilteringFunctions/arm_correlate_fast_q15.c ****         acc1 = __SMLAD(x1, c0, acc1);
1068:Drivers/CMSIS/DSP/Source/FilteringFunctions/arm_correlate_fast_q15.c ****         acc2 = __SMLAD(x3, c0, acc2);
1069:Drivers/CMSIS/DSP/Source/FilteringFunctions/arm_correlate_fast_q15.c ****         acc3 = __SMLAD(x2, c0, acc3);
1070:Drivers/CMSIS/DSP/Source/FilteringFunctions/arm_correlate_fast_q15.c **** 
1071:Drivers/CMSIS/DSP/Source/FilteringFunctions/arm_correlate_fast_q15.c ****         c0 = (*py);
1072:Drivers/CMSIS/DSP/Source/FilteringFunctions/arm_correlate_fast_q15.c ****         /* Read y[6] */
1073:Drivers/CMSIS/DSP/Source/FilteringFunctions/arm_correlate_fast_q15.c **** #ifdef  ARM_MATH_BIG_ENDIAN
1074:Drivers/CMSIS/DSP/Source/FilteringFunctions/arm_correlate_fast_q15.c **** 
1075:Drivers/CMSIS/DSP/Source/FilteringFunctions/arm_correlate_fast_q15.c ****         c0 = c0 << 16U;
1076:Drivers/CMSIS/DSP/Source/FilteringFunctions/arm_correlate_fast_q15.c **** #else
1077:Drivers/CMSIS/DSP/Source/FilteringFunctions/arm_correlate_fast_q15.c **** 
1078:Drivers/CMSIS/DSP/Source/FilteringFunctions/arm_correlate_fast_q15.c ****         c0 = c0 & 0x0000FFFF;
1079:Drivers/CMSIS/DSP/Source/FilteringFunctions/arm_correlate_fast_q15.c **** #endif /*      #ifdef  ARM_MATH_BIG_ENDIAN     */
1080:Drivers/CMSIS/DSP/Source/FilteringFunctions/arm_correlate_fast_q15.c **** 
1081:Drivers/CMSIS/DSP/Source/FilteringFunctions/arm_correlate_fast_q15.c ****         /* Read x[10] */
1082:Drivers/CMSIS/DSP/Source/FilteringFunctions/arm_correlate_fast_q15.c **** 		b = *(px + 3);
1083:Drivers/CMSIS/DSP/Source/FilteringFunctions/arm_correlate_fast_q15.c **** 
1084:Drivers/CMSIS/DSP/Source/FilteringFunctions/arm_correlate_fast_q15.c **** #ifndef ARM_MATH_BIG_ENDIAN
1085:Drivers/CMSIS/DSP/Source/FilteringFunctions/arm_correlate_fast_q15.c **** 
1086:Drivers/CMSIS/DSP/Source/FilteringFunctions/arm_correlate_fast_q15.c **** 		x3 = __PKHBT(a, b, 16);
1087:Drivers/CMSIS/DSP/Source/FilteringFunctions/arm_correlate_fast_q15.c **** 
1088:Drivers/CMSIS/DSP/Source/FilteringFunctions/arm_correlate_fast_q15.c **** #else
1089:Drivers/CMSIS/DSP/Source/FilteringFunctions/arm_correlate_fast_q15.c **** 
1090:Drivers/CMSIS/DSP/Source/FilteringFunctions/arm_correlate_fast_q15.c **** 		x3 = __PKHBT(b, a, 16);
1091:Drivers/CMSIS/DSP/Source/FilteringFunctions/arm_correlate_fast_q15.c **** 
ARM GAS  C:\Users\Lamp\AppData\Local\Temp\ccj3X8ei.s 			page 68


1092:Drivers/CMSIS/DSP/Source/FilteringFunctions/arm_correlate_fast_q15.c **** #endif	/*	#ifndef ARM_MATH_BIG_ENDIAN	*/
1093:Drivers/CMSIS/DSP/Source/FilteringFunctions/arm_correlate_fast_q15.c **** 
1094:Drivers/CMSIS/DSP/Source/FilteringFunctions/arm_correlate_fast_q15.c **** 		px += 3U;
1095:Drivers/CMSIS/DSP/Source/FilteringFunctions/arm_correlate_fast_q15.c **** 
1096:Drivers/CMSIS/DSP/Source/FilteringFunctions/arm_correlate_fast_q15.c ****         /* Perform the multiply-accumulates */
1097:Drivers/CMSIS/DSP/Source/FilteringFunctions/arm_correlate_fast_q15.c ****         acc0 = __SMLADX(x1, c0, acc0);
1098:Drivers/CMSIS/DSP/Source/FilteringFunctions/arm_correlate_fast_q15.c ****         acc1 = __SMLAD(x2, c0, acc1);
1099:Drivers/CMSIS/DSP/Source/FilteringFunctions/arm_correlate_fast_q15.c ****         acc2 = __SMLADX(x2, c0, acc2);
1100:Drivers/CMSIS/DSP/Source/FilteringFunctions/arm_correlate_fast_q15.c ****         acc3 = __SMLADX(x3, c0, acc3);
1101:Drivers/CMSIS/DSP/Source/FilteringFunctions/arm_correlate_fast_q15.c ****       }
1102:Drivers/CMSIS/DSP/Source/FilteringFunctions/arm_correlate_fast_q15.c **** 
1103:Drivers/CMSIS/DSP/Source/FilteringFunctions/arm_correlate_fast_q15.c ****       /* Store the result in the accumulator in the destination buffer. */
1104:Drivers/CMSIS/DSP/Source/FilteringFunctions/arm_correlate_fast_q15.c ****       *pOut = (q15_t) (acc0 >> 15);
1105:Drivers/CMSIS/DSP/Source/FilteringFunctions/arm_correlate_fast_q15.c ****       /* Destination pointer is updated according to the address modifier, inc */
1106:Drivers/CMSIS/DSP/Source/FilteringFunctions/arm_correlate_fast_q15.c ****       pOut += inc;
1107:Drivers/CMSIS/DSP/Source/FilteringFunctions/arm_correlate_fast_q15.c **** 
1108:Drivers/CMSIS/DSP/Source/FilteringFunctions/arm_correlate_fast_q15.c ****       *pOut = (q15_t) (acc1 >> 15);
1109:Drivers/CMSIS/DSP/Source/FilteringFunctions/arm_correlate_fast_q15.c ****       pOut += inc;
1110:Drivers/CMSIS/DSP/Source/FilteringFunctions/arm_correlate_fast_q15.c **** 
1111:Drivers/CMSIS/DSP/Source/FilteringFunctions/arm_correlate_fast_q15.c ****       *pOut = (q15_t) (acc2 >> 15);
1112:Drivers/CMSIS/DSP/Source/FilteringFunctions/arm_correlate_fast_q15.c ****       pOut += inc;
1113:Drivers/CMSIS/DSP/Source/FilteringFunctions/arm_correlate_fast_q15.c **** 
1114:Drivers/CMSIS/DSP/Source/FilteringFunctions/arm_correlate_fast_q15.c ****       *pOut = (q15_t) (acc3 >> 15);
1115:Drivers/CMSIS/DSP/Source/FilteringFunctions/arm_correlate_fast_q15.c ****       pOut += inc;
1116:Drivers/CMSIS/DSP/Source/FilteringFunctions/arm_correlate_fast_q15.c **** 
1117:Drivers/CMSIS/DSP/Source/FilteringFunctions/arm_correlate_fast_q15.c ****       /* Increment the pointer pIn1 index, count by 1 */
1118:Drivers/CMSIS/DSP/Source/FilteringFunctions/arm_correlate_fast_q15.c ****       count += 4U;
1119:Drivers/CMSIS/DSP/Source/FilteringFunctions/arm_correlate_fast_q15.c **** 
1120:Drivers/CMSIS/DSP/Source/FilteringFunctions/arm_correlate_fast_q15.c ****       /* Update the inputA and inputB pointers for next MAC calculation */
1121:Drivers/CMSIS/DSP/Source/FilteringFunctions/arm_correlate_fast_q15.c ****       px = pIn1 + count;
1122:Drivers/CMSIS/DSP/Source/FilteringFunctions/arm_correlate_fast_q15.c ****       py = pIn2;
1123:Drivers/CMSIS/DSP/Source/FilteringFunctions/arm_correlate_fast_q15.c **** 
1124:Drivers/CMSIS/DSP/Source/FilteringFunctions/arm_correlate_fast_q15.c **** 
1125:Drivers/CMSIS/DSP/Source/FilteringFunctions/arm_correlate_fast_q15.c ****       /* Decrement the loop counter */
1126:Drivers/CMSIS/DSP/Source/FilteringFunctions/arm_correlate_fast_q15.c ****       blkCnt--;
1127:Drivers/CMSIS/DSP/Source/FilteringFunctions/arm_correlate_fast_q15.c ****     }
1128:Drivers/CMSIS/DSP/Source/FilteringFunctions/arm_correlate_fast_q15.c **** 
1129:Drivers/CMSIS/DSP/Source/FilteringFunctions/arm_correlate_fast_q15.c ****     /* If the blockSize2 is not a multiple of 4, compute any remaining output samples here.
1130:Drivers/CMSIS/DSP/Source/FilteringFunctions/arm_correlate_fast_q15.c ****      ** No loop unrolling is used. */
1131:Drivers/CMSIS/DSP/Source/FilteringFunctions/arm_correlate_fast_q15.c ****     blkCnt = blockSize2 % 0x4U;
1132:Drivers/CMSIS/DSP/Source/FilteringFunctions/arm_correlate_fast_q15.c **** 
1133:Drivers/CMSIS/DSP/Source/FilteringFunctions/arm_correlate_fast_q15.c ****     while (blkCnt > 0U)
1134:Drivers/CMSIS/DSP/Source/FilteringFunctions/arm_correlate_fast_q15.c ****     {
1135:Drivers/CMSIS/DSP/Source/FilteringFunctions/arm_correlate_fast_q15.c ****       /* Accumulator is made zero for every iteration */
1136:Drivers/CMSIS/DSP/Source/FilteringFunctions/arm_correlate_fast_q15.c ****       sum = 0;
1137:Drivers/CMSIS/DSP/Source/FilteringFunctions/arm_correlate_fast_q15.c **** 
1138:Drivers/CMSIS/DSP/Source/FilteringFunctions/arm_correlate_fast_q15.c ****       /* Apply loop unrolling and compute 4 MACs simultaneously. */
1139:Drivers/CMSIS/DSP/Source/FilteringFunctions/arm_correlate_fast_q15.c ****       k = srcBLen >> 2U;
1140:Drivers/CMSIS/DSP/Source/FilteringFunctions/arm_correlate_fast_q15.c **** 
1141:Drivers/CMSIS/DSP/Source/FilteringFunctions/arm_correlate_fast_q15.c ****       /* First part of the processing with loop unrolling.  Compute 4 MACs at a time.
1142:Drivers/CMSIS/DSP/Source/FilteringFunctions/arm_correlate_fast_q15.c ****        ** a second loop below computes MACs for the remaining 1 to 3 samples. */
1143:Drivers/CMSIS/DSP/Source/FilteringFunctions/arm_correlate_fast_q15.c ****       while (k > 0U)
1144:Drivers/CMSIS/DSP/Source/FilteringFunctions/arm_correlate_fast_q15.c ****       {
1145:Drivers/CMSIS/DSP/Source/FilteringFunctions/arm_correlate_fast_q15.c ****         /* Perform the multiply-accumulates */
1146:Drivers/CMSIS/DSP/Source/FilteringFunctions/arm_correlate_fast_q15.c ****         sum += ((q31_t) * px++ * *py++);
1147:Drivers/CMSIS/DSP/Source/FilteringFunctions/arm_correlate_fast_q15.c ****         sum += ((q31_t) * px++ * *py++);
1148:Drivers/CMSIS/DSP/Source/FilteringFunctions/arm_correlate_fast_q15.c ****         sum += ((q31_t) * px++ * *py++);
ARM GAS  C:\Users\Lamp\AppData\Local\Temp\ccj3X8ei.s 			page 69


1149:Drivers/CMSIS/DSP/Source/FilteringFunctions/arm_correlate_fast_q15.c ****         sum += ((q31_t) * px++ * *py++);
1150:Drivers/CMSIS/DSP/Source/FilteringFunctions/arm_correlate_fast_q15.c **** 
1151:Drivers/CMSIS/DSP/Source/FilteringFunctions/arm_correlate_fast_q15.c ****         /* Decrement the loop counter */
1152:Drivers/CMSIS/DSP/Source/FilteringFunctions/arm_correlate_fast_q15.c ****         k--;
1153:Drivers/CMSIS/DSP/Source/FilteringFunctions/arm_correlate_fast_q15.c ****       }
1154:Drivers/CMSIS/DSP/Source/FilteringFunctions/arm_correlate_fast_q15.c **** 
1155:Drivers/CMSIS/DSP/Source/FilteringFunctions/arm_correlate_fast_q15.c ****       /* If the srcBLen is not a multiple of 4, compute any remaining MACs here.
1156:Drivers/CMSIS/DSP/Source/FilteringFunctions/arm_correlate_fast_q15.c ****        ** No loop unrolling is used. */
1157:Drivers/CMSIS/DSP/Source/FilteringFunctions/arm_correlate_fast_q15.c ****       k = srcBLen % 0x4U;
1158:Drivers/CMSIS/DSP/Source/FilteringFunctions/arm_correlate_fast_q15.c **** 
1159:Drivers/CMSIS/DSP/Source/FilteringFunctions/arm_correlate_fast_q15.c ****       while (k > 0U)
1160:Drivers/CMSIS/DSP/Source/FilteringFunctions/arm_correlate_fast_q15.c ****       {
1161:Drivers/CMSIS/DSP/Source/FilteringFunctions/arm_correlate_fast_q15.c ****         /* Perform the multiply-accumulates */
1162:Drivers/CMSIS/DSP/Source/FilteringFunctions/arm_correlate_fast_q15.c ****         sum += ((q31_t) * px++ * *py++);
1163:Drivers/CMSIS/DSP/Source/FilteringFunctions/arm_correlate_fast_q15.c **** 
1164:Drivers/CMSIS/DSP/Source/FilteringFunctions/arm_correlate_fast_q15.c ****         /* Decrement the loop counter */
1165:Drivers/CMSIS/DSP/Source/FilteringFunctions/arm_correlate_fast_q15.c ****         k--;
1166:Drivers/CMSIS/DSP/Source/FilteringFunctions/arm_correlate_fast_q15.c ****       }
1167:Drivers/CMSIS/DSP/Source/FilteringFunctions/arm_correlate_fast_q15.c **** 
1168:Drivers/CMSIS/DSP/Source/FilteringFunctions/arm_correlate_fast_q15.c ****       /* Store the result in the accumulator in the destination buffer. */
1169:Drivers/CMSIS/DSP/Source/FilteringFunctions/arm_correlate_fast_q15.c ****       *pOut = (q15_t) (sum >> 15);
1170:Drivers/CMSIS/DSP/Source/FilteringFunctions/arm_correlate_fast_q15.c ****       /* Destination pointer is updated according to the address modifier, inc */
1171:Drivers/CMSIS/DSP/Source/FilteringFunctions/arm_correlate_fast_q15.c ****       pOut += inc;
1172:Drivers/CMSIS/DSP/Source/FilteringFunctions/arm_correlate_fast_q15.c **** 
1173:Drivers/CMSIS/DSP/Source/FilteringFunctions/arm_correlate_fast_q15.c ****       /* Increment the pointer pIn1 index, count by 1 */
1174:Drivers/CMSIS/DSP/Source/FilteringFunctions/arm_correlate_fast_q15.c ****       count++;
1175:Drivers/CMSIS/DSP/Source/FilteringFunctions/arm_correlate_fast_q15.c **** 
1176:Drivers/CMSIS/DSP/Source/FilteringFunctions/arm_correlate_fast_q15.c ****       /* Update the inputA and inputB pointers for next MAC calculation */
1177:Drivers/CMSIS/DSP/Source/FilteringFunctions/arm_correlate_fast_q15.c ****       px = pIn1 + count;
1178:Drivers/CMSIS/DSP/Source/FilteringFunctions/arm_correlate_fast_q15.c ****       py = pIn2;
1179:Drivers/CMSIS/DSP/Source/FilteringFunctions/arm_correlate_fast_q15.c **** 
1180:Drivers/CMSIS/DSP/Source/FilteringFunctions/arm_correlate_fast_q15.c ****       /* Decrement the loop counter */
1181:Drivers/CMSIS/DSP/Source/FilteringFunctions/arm_correlate_fast_q15.c ****       blkCnt--;
1182:Drivers/CMSIS/DSP/Source/FilteringFunctions/arm_correlate_fast_q15.c ****     }
1183:Drivers/CMSIS/DSP/Source/FilteringFunctions/arm_correlate_fast_q15.c ****   }
1184:Drivers/CMSIS/DSP/Source/FilteringFunctions/arm_correlate_fast_q15.c ****   else
1185:Drivers/CMSIS/DSP/Source/FilteringFunctions/arm_correlate_fast_q15.c ****   {
1186:Drivers/CMSIS/DSP/Source/FilteringFunctions/arm_correlate_fast_q15.c ****     /* If the srcBLen is not a multiple of 4,
1187:Drivers/CMSIS/DSP/Source/FilteringFunctions/arm_correlate_fast_q15.c ****      * the blockSize2 loop cannot be unrolled by 4 */
1188:Drivers/CMSIS/DSP/Source/FilteringFunctions/arm_correlate_fast_q15.c ****     blkCnt = blockSize2;
1189:Drivers/CMSIS/DSP/Source/FilteringFunctions/arm_correlate_fast_q15.c **** 
1190:Drivers/CMSIS/DSP/Source/FilteringFunctions/arm_correlate_fast_q15.c ****     while (blkCnt > 0U)
1191:Drivers/CMSIS/DSP/Source/FilteringFunctions/arm_correlate_fast_q15.c ****     {
1192:Drivers/CMSIS/DSP/Source/FilteringFunctions/arm_correlate_fast_q15.c ****       /* Accumulator is made zero for every iteration */
1193:Drivers/CMSIS/DSP/Source/FilteringFunctions/arm_correlate_fast_q15.c ****       sum = 0;
1194:Drivers/CMSIS/DSP/Source/FilteringFunctions/arm_correlate_fast_q15.c **** 
1195:Drivers/CMSIS/DSP/Source/FilteringFunctions/arm_correlate_fast_q15.c ****       /* Loop over srcBLen */
1196:Drivers/CMSIS/DSP/Source/FilteringFunctions/arm_correlate_fast_q15.c ****       k = srcBLen;
1197:Drivers/CMSIS/DSP/Source/FilteringFunctions/arm_correlate_fast_q15.c **** 
1198:Drivers/CMSIS/DSP/Source/FilteringFunctions/arm_correlate_fast_q15.c ****       while (k > 0U)
1199:Drivers/CMSIS/DSP/Source/FilteringFunctions/arm_correlate_fast_q15.c ****       {
1200:Drivers/CMSIS/DSP/Source/FilteringFunctions/arm_correlate_fast_q15.c ****         /* Perform the multiply-accumulate */
1201:Drivers/CMSIS/DSP/Source/FilteringFunctions/arm_correlate_fast_q15.c ****         sum += ((q31_t) * px++ * *py++);
1202:Drivers/CMSIS/DSP/Source/FilteringFunctions/arm_correlate_fast_q15.c **** 
1203:Drivers/CMSIS/DSP/Source/FilteringFunctions/arm_correlate_fast_q15.c ****         /* Decrement the loop counter */
1204:Drivers/CMSIS/DSP/Source/FilteringFunctions/arm_correlate_fast_q15.c ****         k--;
1205:Drivers/CMSIS/DSP/Source/FilteringFunctions/arm_correlate_fast_q15.c ****       }
ARM GAS  C:\Users\Lamp\AppData\Local\Temp\ccj3X8ei.s 			page 70


1206:Drivers/CMSIS/DSP/Source/FilteringFunctions/arm_correlate_fast_q15.c **** 
1207:Drivers/CMSIS/DSP/Source/FilteringFunctions/arm_correlate_fast_q15.c ****       /* Store the result in the accumulator in the destination buffer. */
1208:Drivers/CMSIS/DSP/Source/FilteringFunctions/arm_correlate_fast_q15.c ****       *pOut = (q15_t) (sum >> 15);
1209:Drivers/CMSIS/DSP/Source/FilteringFunctions/arm_correlate_fast_q15.c ****       /* Destination pointer is updated according to the address modifier, inc */
1210:Drivers/CMSIS/DSP/Source/FilteringFunctions/arm_correlate_fast_q15.c ****       pOut += inc;
1211:Drivers/CMSIS/DSP/Source/FilteringFunctions/arm_correlate_fast_q15.c **** 
1212:Drivers/CMSIS/DSP/Source/FilteringFunctions/arm_correlate_fast_q15.c ****       /* Increment the MAC count */
1213:Drivers/CMSIS/DSP/Source/FilteringFunctions/arm_correlate_fast_q15.c ****       count++;
1214:Drivers/CMSIS/DSP/Source/FilteringFunctions/arm_correlate_fast_q15.c **** 
1215:Drivers/CMSIS/DSP/Source/FilteringFunctions/arm_correlate_fast_q15.c ****       /* Update the inputA and inputB pointers for next MAC calculation */
1216:Drivers/CMSIS/DSP/Source/FilteringFunctions/arm_correlate_fast_q15.c ****       px = pIn1 + count;
1217:Drivers/CMSIS/DSP/Source/FilteringFunctions/arm_correlate_fast_q15.c ****       py = pIn2;
1218:Drivers/CMSIS/DSP/Source/FilteringFunctions/arm_correlate_fast_q15.c **** 
1219:Drivers/CMSIS/DSP/Source/FilteringFunctions/arm_correlate_fast_q15.c ****       /* Decrement the loop counter */
1220:Drivers/CMSIS/DSP/Source/FilteringFunctions/arm_correlate_fast_q15.c ****       blkCnt--;
1221:Drivers/CMSIS/DSP/Source/FilteringFunctions/arm_correlate_fast_q15.c ****     }
1222:Drivers/CMSIS/DSP/Source/FilteringFunctions/arm_correlate_fast_q15.c ****   }
1223:Drivers/CMSIS/DSP/Source/FilteringFunctions/arm_correlate_fast_q15.c **** 
1224:Drivers/CMSIS/DSP/Source/FilteringFunctions/arm_correlate_fast_q15.c ****   /* --------------------------
1225:Drivers/CMSIS/DSP/Source/FilteringFunctions/arm_correlate_fast_q15.c ****    * Initializations of stage3
1226:Drivers/CMSIS/DSP/Source/FilteringFunctions/arm_correlate_fast_q15.c ****    * -------------------------*/
1227:Drivers/CMSIS/DSP/Source/FilteringFunctions/arm_correlate_fast_q15.c **** 
1228:Drivers/CMSIS/DSP/Source/FilteringFunctions/arm_correlate_fast_q15.c ****   /* sum += x[srcALen-srcBLen+1] * y[0] + x[srcALen-srcBLen+2] * y[1] +...+ x[srcALen-1] * y[srcBLe
1229:Drivers/CMSIS/DSP/Source/FilteringFunctions/arm_correlate_fast_q15.c ****    * sum += x[srcALen-srcBLen+2] * y[0] + x[srcALen-srcBLen+3] * y[1] +...+ x[srcALen-1] * y[srcBLe
1230:Drivers/CMSIS/DSP/Source/FilteringFunctions/arm_correlate_fast_q15.c ****    * ....
1231:Drivers/CMSIS/DSP/Source/FilteringFunctions/arm_correlate_fast_q15.c ****    * sum +=  x[srcALen-2] * y[0] + x[srcALen-1] * y[1]
1232:Drivers/CMSIS/DSP/Source/FilteringFunctions/arm_correlate_fast_q15.c ****    * sum +=  x[srcALen-1] * y[0]
1233:Drivers/CMSIS/DSP/Source/FilteringFunctions/arm_correlate_fast_q15.c ****    */
1234:Drivers/CMSIS/DSP/Source/FilteringFunctions/arm_correlate_fast_q15.c **** 
1235:Drivers/CMSIS/DSP/Source/FilteringFunctions/arm_correlate_fast_q15.c ****   /* In this stage the MAC operations are decreased by 1 for every iteration.
1236:Drivers/CMSIS/DSP/Source/FilteringFunctions/arm_correlate_fast_q15.c ****      The count variable holds the number of MAC operations performed */
1237:Drivers/CMSIS/DSP/Source/FilteringFunctions/arm_correlate_fast_q15.c ****   count = srcBLen - 1U;
1238:Drivers/CMSIS/DSP/Source/FilteringFunctions/arm_correlate_fast_q15.c **** 
1239:Drivers/CMSIS/DSP/Source/FilteringFunctions/arm_correlate_fast_q15.c ****   /* Working pointer of inputA */
1240:Drivers/CMSIS/DSP/Source/FilteringFunctions/arm_correlate_fast_q15.c ****   pSrc1 = (pIn1 + srcALen) - (srcBLen - 1U);
1241:Drivers/CMSIS/DSP/Source/FilteringFunctions/arm_correlate_fast_q15.c ****   px = pSrc1;
1242:Drivers/CMSIS/DSP/Source/FilteringFunctions/arm_correlate_fast_q15.c **** 
1243:Drivers/CMSIS/DSP/Source/FilteringFunctions/arm_correlate_fast_q15.c ****   /* Working pointer of inputB */
1244:Drivers/CMSIS/DSP/Source/FilteringFunctions/arm_correlate_fast_q15.c ****   py = pIn2;
1245:Drivers/CMSIS/DSP/Source/FilteringFunctions/arm_correlate_fast_q15.c **** 
1246:Drivers/CMSIS/DSP/Source/FilteringFunctions/arm_correlate_fast_q15.c ****   /* -------------------
1247:Drivers/CMSIS/DSP/Source/FilteringFunctions/arm_correlate_fast_q15.c ****    * Stage3 process
1248:Drivers/CMSIS/DSP/Source/FilteringFunctions/arm_correlate_fast_q15.c ****    * ------------------*/
1249:Drivers/CMSIS/DSP/Source/FilteringFunctions/arm_correlate_fast_q15.c **** 
1250:Drivers/CMSIS/DSP/Source/FilteringFunctions/arm_correlate_fast_q15.c ****   while (blockSize3 > 0U)
1251:Drivers/CMSIS/DSP/Source/FilteringFunctions/arm_correlate_fast_q15.c ****   {
1252:Drivers/CMSIS/DSP/Source/FilteringFunctions/arm_correlate_fast_q15.c ****     /* Accumulator is made zero for every iteration */
1253:Drivers/CMSIS/DSP/Source/FilteringFunctions/arm_correlate_fast_q15.c ****     sum = 0;
1254:Drivers/CMSIS/DSP/Source/FilteringFunctions/arm_correlate_fast_q15.c **** 
1255:Drivers/CMSIS/DSP/Source/FilteringFunctions/arm_correlate_fast_q15.c ****     /* Apply loop unrolling and compute 4 MACs simultaneously. */
1256:Drivers/CMSIS/DSP/Source/FilteringFunctions/arm_correlate_fast_q15.c ****     k = count >> 2U;
1257:Drivers/CMSIS/DSP/Source/FilteringFunctions/arm_correlate_fast_q15.c **** 
1258:Drivers/CMSIS/DSP/Source/FilteringFunctions/arm_correlate_fast_q15.c ****     /* First part of the processing with loop unrolling.  Compute 4 MACs at a time.
1259:Drivers/CMSIS/DSP/Source/FilteringFunctions/arm_correlate_fast_q15.c ****      ** a second loop below computes MACs for the remaining 1 to 3 samples. */
1260:Drivers/CMSIS/DSP/Source/FilteringFunctions/arm_correlate_fast_q15.c ****     while (k > 0U)
1261:Drivers/CMSIS/DSP/Source/FilteringFunctions/arm_correlate_fast_q15.c ****     {
1262:Drivers/CMSIS/DSP/Source/FilteringFunctions/arm_correlate_fast_q15.c ****       /* Perform the multiply-accumulates */
ARM GAS  C:\Users\Lamp\AppData\Local\Temp\ccj3X8ei.s 			page 71


1263:Drivers/CMSIS/DSP/Source/FilteringFunctions/arm_correlate_fast_q15.c ****         sum += ((q31_t) * px++ * *py++);
1264:Drivers/CMSIS/DSP/Source/FilteringFunctions/arm_correlate_fast_q15.c ****         sum += ((q31_t) * px++ * *py++);
1265:Drivers/CMSIS/DSP/Source/FilteringFunctions/arm_correlate_fast_q15.c ****         sum += ((q31_t) * px++ * *py++);
1266:Drivers/CMSIS/DSP/Source/FilteringFunctions/arm_correlate_fast_q15.c ****         sum += ((q31_t) * px++ * *py++);
1267:Drivers/CMSIS/DSP/Source/FilteringFunctions/arm_correlate_fast_q15.c **** 
1268:Drivers/CMSIS/DSP/Source/FilteringFunctions/arm_correlate_fast_q15.c ****       /* Decrement the loop counter */
1269:Drivers/CMSIS/DSP/Source/FilteringFunctions/arm_correlate_fast_q15.c ****       k--;
1270:Drivers/CMSIS/DSP/Source/FilteringFunctions/arm_correlate_fast_q15.c ****     }
1271:Drivers/CMSIS/DSP/Source/FilteringFunctions/arm_correlate_fast_q15.c **** 
1272:Drivers/CMSIS/DSP/Source/FilteringFunctions/arm_correlate_fast_q15.c ****     /* If the count is not a multiple of 4, compute any remaining MACs here.
1273:Drivers/CMSIS/DSP/Source/FilteringFunctions/arm_correlate_fast_q15.c ****      ** No loop unrolling is used. */
1274:Drivers/CMSIS/DSP/Source/FilteringFunctions/arm_correlate_fast_q15.c ****     k = count % 0x4U;
1275:Drivers/CMSIS/DSP/Source/FilteringFunctions/arm_correlate_fast_q15.c **** 
1276:Drivers/CMSIS/DSP/Source/FilteringFunctions/arm_correlate_fast_q15.c ****     while (k > 0U)
1277:Drivers/CMSIS/DSP/Source/FilteringFunctions/arm_correlate_fast_q15.c ****     {
1278:Drivers/CMSIS/DSP/Source/FilteringFunctions/arm_correlate_fast_q15.c ****       /* Perform the multiply-accumulates */
1279:Drivers/CMSIS/DSP/Source/FilteringFunctions/arm_correlate_fast_q15.c ****         sum += ((q31_t) * px++ * *py++);
1280:Drivers/CMSIS/DSP/Source/FilteringFunctions/arm_correlate_fast_q15.c **** 
1281:Drivers/CMSIS/DSP/Source/FilteringFunctions/arm_correlate_fast_q15.c ****       /* Decrement the loop counter */
1282:Drivers/CMSIS/DSP/Source/FilteringFunctions/arm_correlate_fast_q15.c ****       k--;
1283:Drivers/CMSIS/DSP/Source/FilteringFunctions/arm_correlate_fast_q15.c ****     }
1284:Drivers/CMSIS/DSP/Source/FilteringFunctions/arm_correlate_fast_q15.c **** 
1285:Drivers/CMSIS/DSP/Source/FilteringFunctions/arm_correlate_fast_q15.c ****     /* Store the result in the accumulator in the destination buffer. */
1286:Drivers/CMSIS/DSP/Source/FilteringFunctions/arm_correlate_fast_q15.c ****     *pOut = (q15_t) (sum >> 15);
1287:Drivers/CMSIS/DSP/Source/FilteringFunctions/arm_correlate_fast_q15.c ****     /* Destination pointer is updated according to the address modifier, inc */
1288:Drivers/CMSIS/DSP/Source/FilteringFunctions/arm_correlate_fast_q15.c ****     pOut += inc;
1289:Drivers/CMSIS/DSP/Source/FilteringFunctions/arm_correlate_fast_q15.c **** 
1290:Drivers/CMSIS/DSP/Source/FilteringFunctions/arm_correlate_fast_q15.c ****     /* Update the inputA and inputB pointers for next MAC calculation */
1291:Drivers/CMSIS/DSP/Source/FilteringFunctions/arm_correlate_fast_q15.c ****     px = ++pSrc1;
1292:Drivers/CMSIS/DSP/Source/FilteringFunctions/arm_correlate_fast_q15.c ****     py = pIn2;
1293:Drivers/CMSIS/DSP/Source/FilteringFunctions/arm_correlate_fast_q15.c **** 
1294:Drivers/CMSIS/DSP/Source/FilteringFunctions/arm_correlate_fast_q15.c ****     /* Decrement the MAC count */
1295:Drivers/CMSIS/DSP/Source/FilteringFunctions/arm_correlate_fast_q15.c ****     count--;
1296:Drivers/CMSIS/DSP/Source/FilteringFunctions/arm_correlate_fast_q15.c **** 
1297:Drivers/CMSIS/DSP/Source/FilteringFunctions/arm_correlate_fast_q15.c ****     /* Decrement the loop counter */
1298:Drivers/CMSIS/DSP/Source/FilteringFunctions/arm_correlate_fast_q15.c ****     blockSize3--;
1299:Drivers/CMSIS/DSP/Source/FilteringFunctions/arm_correlate_fast_q15.c ****   }
1300:Drivers/CMSIS/DSP/Source/FilteringFunctions/arm_correlate_fast_q15.c **** 
1301:Drivers/CMSIS/DSP/Source/FilteringFunctions/arm_correlate_fast_q15.c **** #endif /*   #ifndef UNALIGNED_SUPPORT_DISABLE */
1302:Drivers/CMSIS/DSP/Source/FilteringFunctions/arm_correlate_fast_q15.c **** 
1303:Drivers/CMSIS/DSP/Source/FilteringFunctions/arm_correlate_fast_q15.c **** }
 1455              		.loc 1 1303 1 view .LVU598
 1456 049e 0DB0     		add	sp, sp, #52
 1457              	.LCFI2:
 1458              		.cfi_def_cfa_offset 36
 1459              		@ sp needed
 1460 04a0 BDE8F08F 		pop	{r4, r5, r6, r7, r8, r9, r10, fp, pc}
 1461              		.loc 1 1303 1 view .LVU599
 1462              		.cfi_endproc
 1463              	.LFE100:
 1465              		.text
 1466              	.Letext0:
 1467              		.file 3 "C:/ARM GNU Toolchain/arm-none-eabi/include/machine/_default_types.h"
 1468              		.file 4 "C:/ARM GNU Toolchain/arm-none-eabi/include/sys/_stdint.h"
ARM GAS  C:\Users\Lamp\AppData\Local\Temp\ccj3X8ei.s 			page 72


DEFINED SYMBOLS
                            *ABS*:00000000 arm_correlate_fast_q15.c
C:\Users\Lamp\AppData\Local\Temp\ccj3X8ei.s:19     .text.arm_correlate_fast_q15:00000000 $t
C:\Users\Lamp\AppData\Local\Temp\ccj3X8ei.s:25     .text.arm_correlate_fast_q15:00000000 arm_correlate_fast_q15

NO UNDEFINED SYMBOLS
