ARM GAS  C:\Users\Lamp\AppData\Local\Temp\ccyz797W.s 			page 1


   1              		.cpu cortex-m3
   2              		.arch armv7-m
   3              		.fpu softvfp
   4              		.eabi_attribute 20, 1
   5              		.eabi_attribute 21, 1
   6              		.eabi_attribute 23, 3
   7              		.eabi_attribute 24, 1
   8              		.eabi_attribute 25, 1
   9              		.eabi_attribute 26, 1
  10              		.eabi_attribute 30, 1
  11              		.eabi_attribute 34, 1
  12              		.eabi_attribute 18, 4
  13              		.file	"arm_conv_q15.c"
  14              		.text
  15              	.Ltext0:
  16              		.cfi_sections	.debug_frame
  17              		.file 1 "Drivers/CMSIS/DSP/Source/FilteringFunctions/arm_conv_q15.c"
  18              		.section	.text.arm_conv_q15,"ax",%progbits
  19              		.align	1
  20              		.global	arm_conv_q15
  21              		.syntax unified
  22              		.thumb
  23              		.thumb_func
  25              	arm_conv_q15:
  26              	.LVL0:
  27              	.LFB100:
   1:Drivers/CMSIS/DSP/Source/FilteringFunctions/arm_conv_q15.c **** /* ----------------------------------------------------------------------
   2:Drivers/CMSIS/DSP/Source/FilteringFunctions/arm_conv_q15.c ****  * Project:      CMSIS DSP Library
   3:Drivers/CMSIS/DSP/Source/FilteringFunctions/arm_conv_q15.c ****  * Title:        arm_conv_q15.c
   4:Drivers/CMSIS/DSP/Source/FilteringFunctions/arm_conv_q15.c ****  * Description:  Convolution of Q15 sequences
   5:Drivers/CMSIS/DSP/Source/FilteringFunctions/arm_conv_q15.c ****  *
   6:Drivers/CMSIS/DSP/Source/FilteringFunctions/arm_conv_q15.c ****  * $Date:        27. January 2017
   7:Drivers/CMSIS/DSP/Source/FilteringFunctions/arm_conv_q15.c ****  * $Revision:    V.1.5.1
   8:Drivers/CMSIS/DSP/Source/FilteringFunctions/arm_conv_q15.c ****  *
   9:Drivers/CMSIS/DSP/Source/FilteringFunctions/arm_conv_q15.c ****  * Target Processor: Cortex-M cores
  10:Drivers/CMSIS/DSP/Source/FilteringFunctions/arm_conv_q15.c ****  * -------------------------------------------------------------------- */
  11:Drivers/CMSIS/DSP/Source/FilteringFunctions/arm_conv_q15.c **** /*
  12:Drivers/CMSIS/DSP/Source/FilteringFunctions/arm_conv_q15.c ****  * Copyright (C) 2010-2017 ARM Limited or its affiliates. All rights reserved.
  13:Drivers/CMSIS/DSP/Source/FilteringFunctions/arm_conv_q15.c ****  *
  14:Drivers/CMSIS/DSP/Source/FilteringFunctions/arm_conv_q15.c ****  * SPDX-License-Identifier: Apache-2.0
  15:Drivers/CMSIS/DSP/Source/FilteringFunctions/arm_conv_q15.c ****  *
  16:Drivers/CMSIS/DSP/Source/FilteringFunctions/arm_conv_q15.c ****  * Licensed under the Apache License, Version 2.0 (the License); you may
  17:Drivers/CMSIS/DSP/Source/FilteringFunctions/arm_conv_q15.c ****  * not use this file except in compliance with the License.
  18:Drivers/CMSIS/DSP/Source/FilteringFunctions/arm_conv_q15.c ****  * You may obtain a copy of the License at
  19:Drivers/CMSIS/DSP/Source/FilteringFunctions/arm_conv_q15.c ****  *
  20:Drivers/CMSIS/DSP/Source/FilteringFunctions/arm_conv_q15.c ****  * www.apache.org/licenses/LICENSE-2.0
  21:Drivers/CMSIS/DSP/Source/FilteringFunctions/arm_conv_q15.c ****  *
  22:Drivers/CMSIS/DSP/Source/FilteringFunctions/arm_conv_q15.c ****  * Unless required by applicable law or agreed to in writing, software
  23:Drivers/CMSIS/DSP/Source/FilteringFunctions/arm_conv_q15.c ****  * distributed under the License is distributed on an AS IS BASIS, WITHOUT
  24:Drivers/CMSIS/DSP/Source/FilteringFunctions/arm_conv_q15.c ****  * WARRANTIES OR CONDITIONS OF ANY KIND, either express or implied.
  25:Drivers/CMSIS/DSP/Source/FilteringFunctions/arm_conv_q15.c ****  * See the License for the specific language governing permissions and
  26:Drivers/CMSIS/DSP/Source/FilteringFunctions/arm_conv_q15.c ****  * limitations under the License.
  27:Drivers/CMSIS/DSP/Source/FilteringFunctions/arm_conv_q15.c ****  */
  28:Drivers/CMSIS/DSP/Source/FilteringFunctions/arm_conv_q15.c **** 
  29:Drivers/CMSIS/DSP/Source/FilteringFunctions/arm_conv_q15.c **** #include "arm_math.h"
  30:Drivers/CMSIS/DSP/Source/FilteringFunctions/arm_conv_q15.c **** 
  31:Drivers/CMSIS/DSP/Source/FilteringFunctions/arm_conv_q15.c **** /**
ARM GAS  C:\Users\Lamp\AppData\Local\Temp\ccyz797W.s 			page 2


  32:Drivers/CMSIS/DSP/Source/FilteringFunctions/arm_conv_q15.c ****  * @ingroup groupFilters
  33:Drivers/CMSIS/DSP/Source/FilteringFunctions/arm_conv_q15.c ****  */
  34:Drivers/CMSIS/DSP/Source/FilteringFunctions/arm_conv_q15.c **** 
  35:Drivers/CMSIS/DSP/Source/FilteringFunctions/arm_conv_q15.c **** /**
  36:Drivers/CMSIS/DSP/Source/FilteringFunctions/arm_conv_q15.c ****  * @addtogroup Conv
  37:Drivers/CMSIS/DSP/Source/FilteringFunctions/arm_conv_q15.c ****  * @{
  38:Drivers/CMSIS/DSP/Source/FilteringFunctions/arm_conv_q15.c ****  */
  39:Drivers/CMSIS/DSP/Source/FilteringFunctions/arm_conv_q15.c **** 
  40:Drivers/CMSIS/DSP/Source/FilteringFunctions/arm_conv_q15.c **** /**
  41:Drivers/CMSIS/DSP/Source/FilteringFunctions/arm_conv_q15.c ****  * @brief Convolution of Q15 sequences.
  42:Drivers/CMSIS/DSP/Source/FilteringFunctions/arm_conv_q15.c ****  * @param[in] *pSrcA points to the first input sequence.
  43:Drivers/CMSIS/DSP/Source/FilteringFunctions/arm_conv_q15.c ****  * @param[in] srcALen length of the first input sequence.
  44:Drivers/CMSIS/DSP/Source/FilteringFunctions/arm_conv_q15.c ****  * @param[in] *pSrcB points to the second input sequence.
  45:Drivers/CMSIS/DSP/Source/FilteringFunctions/arm_conv_q15.c ****  * @param[in] srcBLen length of the second input sequence.
  46:Drivers/CMSIS/DSP/Source/FilteringFunctions/arm_conv_q15.c ****  * @param[out] *pDst points to the location where the output result is written.  Length srcALen+src
  47:Drivers/CMSIS/DSP/Source/FilteringFunctions/arm_conv_q15.c ****  * @return none.
  48:Drivers/CMSIS/DSP/Source/FilteringFunctions/arm_conv_q15.c ****  *
  49:Drivers/CMSIS/DSP/Source/FilteringFunctions/arm_conv_q15.c ****  * @details
  50:Drivers/CMSIS/DSP/Source/FilteringFunctions/arm_conv_q15.c ****  * <b>Scaling and Overflow Behavior:</b>
  51:Drivers/CMSIS/DSP/Source/FilteringFunctions/arm_conv_q15.c ****  *
  52:Drivers/CMSIS/DSP/Source/FilteringFunctions/arm_conv_q15.c ****  * \par
  53:Drivers/CMSIS/DSP/Source/FilteringFunctions/arm_conv_q15.c ****  * The function is implemented using a 64-bit internal accumulator.
  54:Drivers/CMSIS/DSP/Source/FilteringFunctions/arm_conv_q15.c ****  * Both inputs are in 1.15 format and multiplications yield a 2.30 result.
  55:Drivers/CMSIS/DSP/Source/FilteringFunctions/arm_conv_q15.c ****  * The 2.30 intermediate results are accumulated in a 64-bit accumulator in 34.30 format.
  56:Drivers/CMSIS/DSP/Source/FilteringFunctions/arm_conv_q15.c ****  * This approach provides 33 guard bits and there is no risk of overflow.
  57:Drivers/CMSIS/DSP/Source/FilteringFunctions/arm_conv_q15.c ****  * The 34.30 result is then truncated to 34.15 format by discarding the low 15 bits and then satura
  58:Drivers/CMSIS/DSP/Source/FilteringFunctions/arm_conv_q15.c ****  *
  59:Drivers/CMSIS/DSP/Source/FilteringFunctions/arm_conv_q15.c ****  * \par
  60:Drivers/CMSIS/DSP/Source/FilteringFunctions/arm_conv_q15.c ****  * Refer to <code>arm_conv_fast_q15()</code> for a faster but less precise version of this function
  61:Drivers/CMSIS/DSP/Source/FilteringFunctions/arm_conv_q15.c ****  *
  62:Drivers/CMSIS/DSP/Source/FilteringFunctions/arm_conv_q15.c ****  * \par
  63:Drivers/CMSIS/DSP/Source/FilteringFunctions/arm_conv_q15.c ****  * Refer the function <code>arm_conv_opt_q15()</code> for a faster implementation of this function 
  64:Drivers/CMSIS/DSP/Source/FilteringFunctions/arm_conv_q15.c ****  *
  65:Drivers/CMSIS/DSP/Source/FilteringFunctions/arm_conv_q15.c ****  */
  66:Drivers/CMSIS/DSP/Source/FilteringFunctions/arm_conv_q15.c **** 
  67:Drivers/CMSIS/DSP/Source/FilteringFunctions/arm_conv_q15.c **** void arm_conv_q15(
  68:Drivers/CMSIS/DSP/Source/FilteringFunctions/arm_conv_q15.c ****   q15_t * pSrcA,
  69:Drivers/CMSIS/DSP/Source/FilteringFunctions/arm_conv_q15.c ****   uint32_t srcALen,
  70:Drivers/CMSIS/DSP/Source/FilteringFunctions/arm_conv_q15.c ****   q15_t * pSrcB,
  71:Drivers/CMSIS/DSP/Source/FilteringFunctions/arm_conv_q15.c ****   uint32_t srcBLen,
  72:Drivers/CMSIS/DSP/Source/FilteringFunctions/arm_conv_q15.c ****   q15_t * pDst)
  73:Drivers/CMSIS/DSP/Source/FilteringFunctions/arm_conv_q15.c **** {
  28              		.loc 1 73 1 view -0
  29              		.cfi_startproc
  30              		@ args = 4, pretend = 0, frame = 56
  31              		@ frame_needed = 0, uses_anonymous_args = 0
  32              		.loc 1 73 1 is_stmt 0 view .LVU1
  33 0000 2DE9F04F 		push	{r4, r5, r6, r7, r8, r9, r10, fp, lr}
  34              	.LCFI0:
  35              		.cfi_def_cfa_offset 36
  36              		.cfi_offset 4, -36
  37              		.cfi_offset 5, -32
  38              		.cfi_offset 6, -28
  39              		.cfi_offset 7, -24
  40              		.cfi_offset 8, -20
  41              		.cfi_offset 9, -16
  42              		.cfi_offset 10, -12
ARM GAS  C:\Users\Lamp\AppData\Local\Temp\ccyz797W.s 			page 3


  43              		.cfi_offset 11, -8
  44              		.cfi_offset 14, -4
  45 0004 8FB0     		sub	sp, sp, #60
  46              	.LCFI1:
  47              		.cfi_def_cfa_offset 96
  48 0006 8446     		mov	ip, r0
  49 0008 0991     		str	r1, [sp, #36]
  50 000a 0892     		str	r2, [sp, #32]
  74:Drivers/CMSIS/DSP/Source/FilteringFunctions/arm_conv_q15.c **** 
  75:Drivers/CMSIS/DSP/Source/FilteringFunctions/arm_conv_q15.c **** #if (defined(ARM_MATH_CM7) || defined(ARM_MATH_CM4) || defined(ARM_MATH_CM3)) && !defined(UNALIGNED
  76:Drivers/CMSIS/DSP/Source/FilteringFunctions/arm_conv_q15.c **** 
  77:Drivers/CMSIS/DSP/Source/FilteringFunctions/arm_conv_q15.c ****   /* Run the below code for Cortex-M4 and Cortex-M3 */
  78:Drivers/CMSIS/DSP/Source/FilteringFunctions/arm_conv_q15.c **** 
  79:Drivers/CMSIS/DSP/Source/FilteringFunctions/arm_conv_q15.c ****   q15_t *pIn1;                                   /* inputA pointer */
  51              		.loc 1 79 3 is_stmt 1 view .LVU2
  80:Drivers/CMSIS/DSP/Source/FilteringFunctions/arm_conv_q15.c ****   q15_t *pIn2;                                   /* inputB pointer */
  52              		.loc 1 80 3 view .LVU3
  81:Drivers/CMSIS/DSP/Source/FilteringFunctions/arm_conv_q15.c ****   q15_t *pOut = pDst;                            /* output pointer */
  53              		.loc 1 81 3 view .LVU4
  54              	.LVL1:
  82:Drivers/CMSIS/DSP/Source/FilteringFunctions/arm_conv_q15.c ****   q63_t sum, acc0, acc1, acc2, acc3;             /* Accumulator */
  55              		.loc 1 82 3 view .LVU5
  83:Drivers/CMSIS/DSP/Source/FilteringFunctions/arm_conv_q15.c ****   q15_t *px;                                     /* Intermediate inputA pointer  */
  56              		.loc 1 83 3 view .LVU6
  84:Drivers/CMSIS/DSP/Source/FilteringFunctions/arm_conv_q15.c ****   q15_t *py;                                     /* Intermediate inputB pointer  */
  57              		.loc 1 84 3 view .LVU7
  85:Drivers/CMSIS/DSP/Source/FilteringFunctions/arm_conv_q15.c ****   q15_t *pSrc1, *pSrc2;                          /* Intermediate pointers */
  58              		.loc 1 85 3 view .LVU8
  86:Drivers/CMSIS/DSP/Source/FilteringFunctions/arm_conv_q15.c ****   q31_t x0, x1, x2, x3, c0;                      /* Temporary variables to hold state and coefficie
  59              		.loc 1 86 3 view .LVU9
  87:Drivers/CMSIS/DSP/Source/FilteringFunctions/arm_conv_q15.c ****   uint32_t blockSize1, blockSize2, blockSize3, j, k, count, blkCnt;     /* loop counter */
  60              		.loc 1 87 3 view .LVU10
  88:Drivers/CMSIS/DSP/Source/FilteringFunctions/arm_conv_q15.c **** 
  89:Drivers/CMSIS/DSP/Source/FilteringFunctions/arm_conv_q15.c ****   /* The algorithm implementation is based on the lengths of the inputs. */
  90:Drivers/CMSIS/DSP/Source/FilteringFunctions/arm_conv_q15.c ****   /* srcB is always made to slide across srcA. */
  91:Drivers/CMSIS/DSP/Source/FilteringFunctions/arm_conv_q15.c ****   /* So srcBLen is always considered as shorter or equal to srcALen */
  92:Drivers/CMSIS/DSP/Source/FilteringFunctions/arm_conv_q15.c ****   if (srcALen >= srcBLen)
  61              		.loc 1 92 3 view .LVU11
  62              		.loc 1 92 6 is_stmt 0 view .LVU12
  63 000c 9942     		cmp	r1, r3
  64 000e 04D3     		bcc	.L2
  93:Drivers/CMSIS/DSP/Source/FilteringFunctions/arm_conv_q15.c ****   {
  94:Drivers/CMSIS/DSP/Source/FilteringFunctions/arm_conv_q15.c ****     /* Initialization of inputA pointer */
  95:Drivers/CMSIS/DSP/Source/FilteringFunctions/arm_conv_q15.c ****     pIn1 = pSrcA;
  65              		.loc 1 95 10 view .LVU13
  66 0010 0890     		str	r0, [sp, #32]
  96:Drivers/CMSIS/DSP/Source/FilteringFunctions/arm_conv_q15.c **** 
  97:Drivers/CMSIS/DSP/Source/FilteringFunctions/arm_conv_q15.c ****     /* Initialization of inputB pointer */
  98:Drivers/CMSIS/DSP/Source/FilteringFunctions/arm_conv_q15.c ****     pIn2 = pSrcB;
  67              		.loc 1 98 10 view .LVU14
  68 0012 9446     		mov	ip, r2
  92:Drivers/CMSIS/DSP/Source/FilteringFunctions/arm_conv_q15.c ****   {
  69              		.loc 1 92 6 view .LVU15
  70 0014 1A46     		mov	r2, r3
  71              	.LVL2:
  92:Drivers/CMSIS/DSP/Source/FilteringFunctions/arm_conv_q15.c ****   {
  72              		.loc 1 92 6 view .LVU16
ARM GAS  C:\Users\Lamp\AppData\Local\Temp\ccyz797W.s 			page 4


  73 0016 0B46     		mov	r3, r1
  74              	.LVL3:
  92:Drivers/CMSIS/DSP/Source/FilteringFunctions/arm_conv_q15.c ****   {
  75              		.loc 1 92 6 view .LVU17
  76 0018 0992     		str	r2, [sp, #36]
  77              	.LVL4:
  78              	.L2:
  99:Drivers/CMSIS/DSP/Source/FilteringFunctions/arm_conv_q15.c ****   }
 100:Drivers/CMSIS/DSP/Source/FilteringFunctions/arm_conv_q15.c ****   else
 101:Drivers/CMSIS/DSP/Source/FilteringFunctions/arm_conv_q15.c ****   {
 102:Drivers/CMSIS/DSP/Source/FilteringFunctions/arm_conv_q15.c ****     /* Initialization of inputA pointer */
 103:Drivers/CMSIS/DSP/Source/FilteringFunctions/arm_conv_q15.c ****     pIn1 = pSrcB;
 104:Drivers/CMSIS/DSP/Source/FilteringFunctions/arm_conv_q15.c **** 
 105:Drivers/CMSIS/DSP/Source/FilteringFunctions/arm_conv_q15.c ****     /* Initialization of inputB pointer */
 106:Drivers/CMSIS/DSP/Source/FilteringFunctions/arm_conv_q15.c ****     pIn2 = pSrcA;
 107:Drivers/CMSIS/DSP/Source/FilteringFunctions/arm_conv_q15.c **** 
 108:Drivers/CMSIS/DSP/Source/FilteringFunctions/arm_conv_q15.c ****     /* srcBLen is always considered as shorter or equal to srcALen */
 109:Drivers/CMSIS/DSP/Source/FilteringFunctions/arm_conv_q15.c ****     j = srcBLen;
 110:Drivers/CMSIS/DSP/Source/FilteringFunctions/arm_conv_q15.c ****     srcBLen = srcALen;
 111:Drivers/CMSIS/DSP/Source/FilteringFunctions/arm_conv_q15.c ****     srcALen = j;
 112:Drivers/CMSIS/DSP/Source/FilteringFunctions/arm_conv_q15.c ****   }
 113:Drivers/CMSIS/DSP/Source/FilteringFunctions/arm_conv_q15.c **** 
 114:Drivers/CMSIS/DSP/Source/FilteringFunctions/arm_conv_q15.c ****   /* conv(x,y) at n = x[n] * y[0] + x[n-1] * y[1] + x[n-2] * y[2] + ...+ x[n-N+1] * y[N -1] */
 115:Drivers/CMSIS/DSP/Source/FilteringFunctions/arm_conv_q15.c ****   /* The function is internally
 116:Drivers/CMSIS/DSP/Source/FilteringFunctions/arm_conv_q15.c ****    * divided into three stages according to the number of multiplications that has to be
 117:Drivers/CMSIS/DSP/Source/FilteringFunctions/arm_conv_q15.c ****    * taken place between inputA samples and inputB samples. In the first stage of the
 118:Drivers/CMSIS/DSP/Source/FilteringFunctions/arm_conv_q15.c ****    * algorithm, the multiplications increase by one for every iteration.
 119:Drivers/CMSIS/DSP/Source/FilteringFunctions/arm_conv_q15.c ****    * In the second stage of the algorithm, srcBLen number of multiplications are done.
 120:Drivers/CMSIS/DSP/Source/FilteringFunctions/arm_conv_q15.c ****    * In the third stage of the algorithm, the multiplications decrease by one
 121:Drivers/CMSIS/DSP/Source/FilteringFunctions/arm_conv_q15.c ****    * for every iteration. */
 122:Drivers/CMSIS/DSP/Source/FilteringFunctions/arm_conv_q15.c **** 
 123:Drivers/CMSIS/DSP/Source/FilteringFunctions/arm_conv_q15.c ****   /* The algorithm is implemented in three stages.
 124:Drivers/CMSIS/DSP/Source/FilteringFunctions/arm_conv_q15.c ****      The loop counters of each stage is initiated here. */
 125:Drivers/CMSIS/DSP/Source/FilteringFunctions/arm_conv_q15.c ****   blockSize1 = srcBLen - 1U;
  79              		.loc 1 125 3 is_stmt 1 view .LVU18
  80              		.loc 1 125 14 is_stmt 0 view .LVU19
  81 001a 099A     		ldr	r2, [sp, #36]
  82 001c 501E     		subs	r0, r2, #1
  83              	.LVL5:
 126:Drivers/CMSIS/DSP/Source/FilteringFunctions/arm_conv_q15.c ****   blockSize2 = srcALen - (srcBLen - 1U);
  84              		.loc 1 126 3 is_stmt 1 view .LVU20
  85              		.loc 1 126 24 is_stmt 0 view .LVU21
  86 001e 9B1A     		subs	r3, r3, r2
  87              	.LVL6:
  88              		.loc 1 126 14 view .LVU22
  89 0020 03F10109 		add	r9, r3, #1
  90              	.LVL7:
 127:Drivers/CMSIS/DSP/Source/FilteringFunctions/arm_conv_q15.c **** 
 128:Drivers/CMSIS/DSP/Source/FilteringFunctions/arm_conv_q15.c ****   /* --------------------------
 129:Drivers/CMSIS/DSP/Source/FilteringFunctions/arm_conv_q15.c ****    * Initializations of stage1
 130:Drivers/CMSIS/DSP/Source/FilteringFunctions/arm_conv_q15.c ****    * -------------------------*/
 131:Drivers/CMSIS/DSP/Source/FilteringFunctions/arm_conv_q15.c **** 
 132:Drivers/CMSIS/DSP/Source/FilteringFunctions/arm_conv_q15.c ****   /* sum = x[0] * y[0]
 133:Drivers/CMSIS/DSP/Source/FilteringFunctions/arm_conv_q15.c ****    * sum = x[0] * y[1] + x[1] * y[0]
 134:Drivers/CMSIS/DSP/Source/FilteringFunctions/arm_conv_q15.c ****    * ....
 135:Drivers/CMSIS/DSP/Source/FilteringFunctions/arm_conv_q15.c ****    * sum = x[0] * y[srcBlen - 1] + x[1] * y[srcBlen - 2] +...+ x[srcBLen - 1] * y[0]
 136:Drivers/CMSIS/DSP/Source/FilteringFunctions/arm_conv_q15.c ****    */
ARM GAS  C:\Users\Lamp\AppData\Local\Temp\ccyz797W.s 			page 5


 137:Drivers/CMSIS/DSP/Source/FilteringFunctions/arm_conv_q15.c **** 
 138:Drivers/CMSIS/DSP/Source/FilteringFunctions/arm_conv_q15.c ****   /* In this stage the MAC operations are increased by 1 for every iteration.
 139:Drivers/CMSIS/DSP/Source/FilteringFunctions/arm_conv_q15.c ****      The count variable holds the number of MAC operations performed */
 140:Drivers/CMSIS/DSP/Source/FilteringFunctions/arm_conv_q15.c ****   count = 1U;
  91              		.loc 1 140 3 is_stmt 1 view .LVU23
 141:Drivers/CMSIS/DSP/Source/FilteringFunctions/arm_conv_q15.c **** 
 142:Drivers/CMSIS/DSP/Source/FilteringFunctions/arm_conv_q15.c ****   /* Working pointer of inputA */
 143:Drivers/CMSIS/DSP/Source/FilteringFunctions/arm_conv_q15.c ****   px = pIn1;
  92              		.loc 1 143 3 view .LVU24
 144:Drivers/CMSIS/DSP/Source/FilteringFunctions/arm_conv_q15.c **** 
 145:Drivers/CMSIS/DSP/Source/FilteringFunctions/arm_conv_q15.c ****   /* Working pointer of inputB */
 146:Drivers/CMSIS/DSP/Source/FilteringFunctions/arm_conv_q15.c ****   py = pIn2;
  93              		.loc 1 146 3 view .LVU25
 147:Drivers/CMSIS/DSP/Source/FilteringFunctions/arm_conv_q15.c **** 
 148:Drivers/CMSIS/DSP/Source/FilteringFunctions/arm_conv_q15.c **** 
 149:Drivers/CMSIS/DSP/Source/FilteringFunctions/arm_conv_q15.c ****   /* ------------------------
 150:Drivers/CMSIS/DSP/Source/FilteringFunctions/arm_conv_q15.c ****    * Stage1 process
 151:Drivers/CMSIS/DSP/Source/FilteringFunctions/arm_conv_q15.c ****    * ----------------------*/
 152:Drivers/CMSIS/DSP/Source/FilteringFunctions/arm_conv_q15.c **** 
 153:Drivers/CMSIS/DSP/Source/FilteringFunctions/arm_conv_q15.c ****   /* For loop unrolling by 4, this stage is divided into two. */
 154:Drivers/CMSIS/DSP/Source/FilteringFunctions/arm_conv_q15.c ****   /* First part of this stage computes the MAC operations less than 4 */
 155:Drivers/CMSIS/DSP/Source/FilteringFunctions/arm_conv_q15.c ****   /* Second part of this stage computes the MAC operations greater than or equal to 4 */
 156:Drivers/CMSIS/DSP/Source/FilteringFunctions/arm_conv_q15.c **** 
 157:Drivers/CMSIS/DSP/Source/FilteringFunctions/arm_conv_q15.c ****   /* The first part of the stage starts here */
 158:Drivers/CMSIS/DSP/Source/FilteringFunctions/arm_conv_q15.c ****   while ((count < 4U) && (blockSize1 > 0U))
  94              		.loc 1 158 3 view .LVU26
 146:Drivers/CMSIS/DSP/Source/FilteringFunctions/arm_conv_q15.c **** 
  95              		.loc 1 146 6 is_stmt 0 view .LVU27
  96 0024 6446     		mov	r4, ip
 125:Drivers/CMSIS/DSP/Source/FilteringFunctions/arm_conv_q15.c ****   blockSize2 = srcALen - (srcBLen - 1U);
  97              		.loc 1 125 14 view .LVU28
  98 0026 0246     		mov	r2, r0
 140:Drivers/CMSIS/DSP/Source/FilteringFunctions/arm_conv_q15.c **** 
  99              		.loc 1 140 9 view .LVU29
 100 0028 4FF0010E 		mov	lr, #1
 101              		.loc 1 158 9 view .LVU30
 102 002c 1FE0     		b	.L3
 103              	.LVL8:
 104              	.L4:
 159:Drivers/CMSIS/DSP/Source/FilteringFunctions/arm_conv_q15.c ****   {
 160:Drivers/CMSIS/DSP/Source/FilteringFunctions/arm_conv_q15.c ****     /* Accumulator is made zero for every iteration */
 161:Drivers/CMSIS/DSP/Source/FilteringFunctions/arm_conv_q15.c ****     sum = 0;
 162:Drivers/CMSIS/DSP/Source/FilteringFunctions/arm_conv_q15.c **** 
 163:Drivers/CMSIS/DSP/Source/FilteringFunctions/arm_conv_q15.c ****     /* Loop over number of MAC operations between
 164:Drivers/CMSIS/DSP/Source/FilteringFunctions/arm_conv_q15.c ****      * inputA samples and inputB samples */
 165:Drivers/CMSIS/DSP/Source/FilteringFunctions/arm_conv_q15.c ****     k = count;
 166:Drivers/CMSIS/DSP/Source/FilteringFunctions/arm_conv_q15.c **** 
 167:Drivers/CMSIS/DSP/Source/FilteringFunctions/arm_conv_q15.c ****     while (k > 0U)
 168:Drivers/CMSIS/DSP/Source/FilteringFunctions/arm_conv_q15.c ****     {
 169:Drivers/CMSIS/DSP/Source/FilteringFunctions/arm_conv_q15.c ****       /* Perform the multiply-accumulates */
 170:Drivers/CMSIS/DSP/Source/FilteringFunctions/arm_conv_q15.c ****       sum = __SMLALD(*px++, *py--, sum);
 105              		.loc 1 170 7 is_stmt 1 view .LVU31
 106              		.loc 1 170 22 is_stmt 0 view .LVU32
 107 002e 31F9028B 		ldrsh	r8, [r1], #2
 108              	.LVL9:
 109              		.loc 1 170 29 view .LVU33
 110 0032 34F902A9 		ldrsh	r10, [r4], #-2
ARM GAS  C:\Users\Lamp\AppData\Local\Temp\ccyz797W.s 			page 6


 111              	.LVL10:
 112              	.LBB76:
 113              	.LBI76:
 114              		.file 2 "Drivers/CMSIS/DSP/Include/arm_math.h"
   1:Drivers/CMSIS/DSP/Include/arm_math.h **** /******************************************************************************
   2:Drivers/CMSIS/DSP/Include/arm_math.h ****  * @file     arm_math.h
   3:Drivers/CMSIS/DSP/Include/arm_math.h ****  * @brief    Public header file for CMSIS DSP LibraryU
   4:Drivers/CMSIS/DSP/Include/arm_math.h ****  * @version  V1.5.3
   5:Drivers/CMSIS/DSP/Include/arm_math.h ****  * @date     10. January 2018
   6:Drivers/CMSIS/DSP/Include/arm_math.h ****  ******************************************************************************/
   7:Drivers/CMSIS/DSP/Include/arm_math.h **** /*
   8:Drivers/CMSIS/DSP/Include/arm_math.h ****  * Copyright (c) 2010-2018 Arm Limited or its affiliates. All rights reserved.
   9:Drivers/CMSIS/DSP/Include/arm_math.h ****  *
  10:Drivers/CMSIS/DSP/Include/arm_math.h ****  * SPDX-License-Identifier: Apache-2.0
  11:Drivers/CMSIS/DSP/Include/arm_math.h ****  *
  12:Drivers/CMSIS/DSP/Include/arm_math.h ****  * Licensed under the Apache License, Version 2.0 (the License); you may
  13:Drivers/CMSIS/DSP/Include/arm_math.h ****  * not use this file except in compliance with the License.
  14:Drivers/CMSIS/DSP/Include/arm_math.h ****  * You may obtain a copy of the License at
  15:Drivers/CMSIS/DSP/Include/arm_math.h ****  *
  16:Drivers/CMSIS/DSP/Include/arm_math.h ****  * www.apache.org/licenses/LICENSE-2.0
  17:Drivers/CMSIS/DSP/Include/arm_math.h ****  *
  18:Drivers/CMSIS/DSP/Include/arm_math.h ****  * Unless required by applicable law or agreed to in writing, software
  19:Drivers/CMSIS/DSP/Include/arm_math.h ****  * distributed under the License is distributed on an AS IS BASIS, WITHOUT
  20:Drivers/CMSIS/DSP/Include/arm_math.h ****  * WARRANTIES OR CONDITIONS OF ANY KIND, either express or implied.
  21:Drivers/CMSIS/DSP/Include/arm_math.h ****  * See the License for the specific language governing permissions and
  22:Drivers/CMSIS/DSP/Include/arm_math.h ****  * limitations under the License.
  23:Drivers/CMSIS/DSP/Include/arm_math.h ****  */
  24:Drivers/CMSIS/DSP/Include/arm_math.h **** 
  25:Drivers/CMSIS/DSP/Include/arm_math.h **** /**
  26:Drivers/CMSIS/DSP/Include/arm_math.h ****    \mainpage CMSIS DSP Software Library
  27:Drivers/CMSIS/DSP/Include/arm_math.h ****    *
  28:Drivers/CMSIS/DSP/Include/arm_math.h ****    * Introduction
  29:Drivers/CMSIS/DSP/Include/arm_math.h ****    * ------------
  30:Drivers/CMSIS/DSP/Include/arm_math.h ****    *
  31:Drivers/CMSIS/DSP/Include/arm_math.h ****    * This user manual describes the CMSIS DSP software library,
  32:Drivers/CMSIS/DSP/Include/arm_math.h ****    * a suite of common signal processing functions for use on Cortex-M processor based devices.
  33:Drivers/CMSIS/DSP/Include/arm_math.h ****    *
  34:Drivers/CMSIS/DSP/Include/arm_math.h ****    * The library is divided into a number of functions each covering a specific category:
  35:Drivers/CMSIS/DSP/Include/arm_math.h ****    * - Basic math functions
  36:Drivers/CMSIS/DSP/Include/arm_math.h ****    * - Fast math functions
  37:Drivers/CMSIS/DSP/Include/arm_math.h ****    * - Complex math functions
  38:Drivers/CMSIS/DSP/Include/arm_math.h ****    * - Filters
  39:Drivers/CMSIS/DSP/Include/arm_math.h ****    * - Matrix functions
  40:Drivers/CMSIS/DSP/Include/arm_math.h ****    * - Transforms
  41:Drivers/CMSIS/DSP/Include/arm_math.h ****    * - Motor control functions
  42:Drivers/CMSIS/DSP/Include/arm_math.h ****    * - Statistical functions
  43:Drivers/CMSIS/DSP/Include/arm_math.h ****    * - Support functions
  44:Drivers/CMSIS/DSP/Include/arm_math.h ****    * - Interpolation functions
  45:Drivers/CMSIS/DSP/Include/arm_math.h ****    *
  46:Drivers/CMSIS/DSP/Include/arm_math.h ****    * The library has separate functions for operating on 8-bit integers, 16-bit integers,
  47:Drivers/CMSIS/DSP/Include/arm_math.h ****    * 32-bit integer and 32-bit floating-point values.
  48:Drivers/CMSIS/DSP/Include/arm_math.h ****    *
  49:Drivers/CMSIS/DSP/Include/arm_math.h ****    * Using the Library
  50:Drivers/CMSIS/DSP/Include/arm_math.h ****    * ------------
  51:Drivers/CMSIS/DSP/Include/arm_math.h ****    *
  52:Drivers/CMSIS/DSP/Include/arm_math.h ****    * The library installer contains prebuilt versions of the libraries in the <code>Lib</code> fold
  53:Drivers/CMSIS/DSP/Include/arm_math.h ****    * - arm_cortexM7lfdp_math.lib (Cortex-M7, Little endian, Double Precision Floating Point Unit)
ARM GAS  C:\Users\Lamp\AppData\Local\Temp\ccyz797W.s 			page 7


  54:Drivers/CMSIS/DSP/Include/arm_math.h ****    * - arm_cortexM7bfdp_math.lib (Cortex-M7, Big endian, Double Precision Floating Point Unit)
  55:Drivers/CMSIS/DSP/Include/arm_math.h ****    * - arm_cortexM7lfsp_math.lib (Cortex-M7, Little endian, Single Precision Floating Point Unit)
  56:Drivers/CMSIS/DSP/Include/arm_math.h ****    * - arm_cortexM7bfsp_math.lib (Cortex-M7, Big endian and Single Precision Floating Point Unit on
  57:Drivers/CMSIS/DSP/Include/arm_math.h ****    * - arm_cortexM7l_math.lib (Cortex-M7, Little endian)
  58:Drivers/CMSIS/DSP/Include/arm_math.h ****    * - arm_cortexM7b_math.lib (Cortex-M7, Big endian)
  59:Drivers/CMSIS/DSP/Include/arm_math.h ****    * - arm_cortexM4lf_math.lib (Cortex-M4, Little endian, Floating Point Unit)
  60:Drivers/CMSIS/DSP/Include/arm_math.h ****    * - arm_cortexM4bf_math.lib (Cortex-M4, Big endian, Floating Point Unit)
  61:Drivers/CMSIS/DSP/Include/arm_math.h ****    * - arm_cortexM4l_math.lib (Cortex-M4, Little endian)
  62:Drivers/CMSIS/DSP/Include/arm_math.h ****    * - arm_cortexM4b_math.lib (Cortex-M4, Big endian)
  63:Drivers/CMSIS/DSP/Include/arm_math.h ****    * - arm_cortexM3l_math.lib (Cortex-M3, Little endian)
  64:Drivers/CMSIS/DSP/Include/arm_math.h ****    * - arm_cortexM3b_math.lib (Cortex-M3, Big endian)
  65:Drivers/CMSIS/DSP/Include/arm_math.h ****    * - arm_cortexM0l_math.lib (Cortex-M0 / Cortex-M0+, Little endian)
  66:Drivers/CMSIS/DSP/Include/arm_math.h ****    * - arm_cortexM0b_math.lib (Cortex-M0 / Cortex-M0+, Big endian)
  67:Drivers/CMSIS/DSP/Include/arm_math.h ****    * - arm_ARMv8MBLl_math.lib (Armv8-M Baseline, Little endian)
  68:Drivers/CMSIS/DSP/Include/arm_math.h ****    * - arm_ARMv8MMLl_math.lib (Armv8-M Mainline, Little endian)
  69:Drivers/CMSIS/DSP/Include/arm_math.h ****    * - arm_ARMv8MMLlfsp_math.lib (Armv8-M Mainline, Little endian, Single Precision Floating Point 
  70:Drivers/CMSIS/DSP/Include/arm_math.h ****    * - arm_ARMv8MMLld_math.lib (Armv8-M Mainline, Little endian, DSP instructions)
  71:Drivers/CMSIS/DSP/Include/arm_math.h ****    * - arm_ARMv8MMLldfsp_math.lib (Armv8-M Mainline, Little endian, DSP instructions, Single Precis
  72:Drivers/CMSIS/DSP/Include/arm_math.h ****    *
  73:Drivers/CMSIS/DSP/Include/arm_math.h ****    * The library functions are declared in the public file <code>arm_math.h</code> which is placed 
  74:Drivers/CMSIS/DSP/Include/arm_math.h ****    * Simply include this file and link the appropriate library in the application and begin calling
  75:Drivers/CMSIS/DSP/Include/arm_math.h ****    * public header file <code> arm_math.h</code> for Cortex-M cores with little endian and big endi
  76:Drivers/CMSIS/DSP/Include/arm_math.h ****    * Define the appropriate preprocessor macro ARM_MATH_CM7 or ARM_MATH_CM4 or ARM_MATH_CM3 or
  77:Drivers/CMSIS/DSP/Include/arm_math.h ****    * ARM_MATH_CM0 or ARM_MATH_CM0PLUS depending on the target processor in the application.
  78:Drivers/CMSIS/DSP/Include/arm_math.h ****    * For Armv8-M cores define preprocessor macro ARM_MATH_ARMV8MBL or ARM_MATH_ARMV8MML.
  79:Drivers/CMSIS/DSP/Include/arm_math.h ****    * Set preprocessor macro __DSP_PRESENT if Armv8-M Mainline core supports DSP instructions.
  80:Drivers/CMSIS/DSP/Include/arm_math.h ****    * 
  81:Drivers/CMSIS/DSP/Include/arm_math.h ****    *
  82:Drivers/CMSIS/DSP/Include/arm_math.h ****    * Examples
  83:Drivers/CMSIS/DSP/Include/arm_math.h ****    * --------
  84:Drivers/CMSIS/DSP/Include/arm_math.h ****    *
  85:Drivers/CMSIS/DSP/Include/arm_math.h ****    * The library ships with a number of examples which demonstrate how to use the library functions
  86:Drivers/CMSIS/DSP/Include/arm_math.h ****    *
  87:Drivers/CMSIS/DSP/Include/arm_math.h ****    * Toolchain Support
  88:Drivers/CMSIS/DSP/Include/arm_math.h ****    * ------------
  89:Drivers/CMSIS/DSP/Include/arm_math.h ****    *
  90:Drivers/CMSIS/DSP/Include/arm_math.h ****    * The library has been developed and tested with MDK version 5.14.0.0
  91:Drivers/CMSIS/DSP/Include/arm_math.h ****    * The library is being tested in GCC and IAR toolchains and updates on this activity will be mad
  92:Drivers/CMSIS/DSP/Include/arm_math.h ****    *
  93:Drivers/CMSIS/DSP/Include/arm_math.h ****    * Building the Library
  94:Drivers/CMSIS/DSP/Include/arm_math.h ****    * ------------
  95:Drivers/CMSIS/DSP/Include/arm_math.h ****    *
  96:Drivers/CMSIS/DSP/Include/arm_math.h ****    * The library installer contains a project file to rebuild libraries on MDK toolchain in the <co
  97:Drivers/CMSIS/DSP/Include/arm_math.h ****    * - arm_cortexM_math.uvprojx
  98:Drivers/CMSIS/DSP/Include/arm_math.h ****    *
  99:Drivers/CMSIS/DSP/Include/arm_math.h ****    *
 100:Drivers/CMSIS/DSP/Include/arm_math.h ****    * The libraries can be built by opening the arm_cortexM_math.uvprojx project in MDK-ARM, selecti
 101:Drivers/CMSIS/DSP/Include/arm_math.h ****    *
 102:Drivers/CMSIS/DSP/Include/arm_math.h ****    * Preprocessor Macros
 103:Drivers/CMSIS/DSP/Include/arm_math.h ****    * ------------
 104:Drivers/CMSIS/DSP/Include/arm_math.h ****    *
 105:Drivers/CMSIS/DSP/Include/arm_math.h ****    * Each library project have different preprocessor macros.
 106:Drivers/CMSIS/DSP/Include/arm_math.h ****    *
 107:Drivers/CMSIS/DSP/Include/arm_math.h ****    * - UNALIGNED_SUPPORT_DISABLE:
 108:Drivers/CMSIS/DSP/Include/arm_math.h ****    *
 109:Drivers/CMSIS/DSP/Include/arm_math.h ****    * Define macro UNALIGNED_SUPPORT_DISABLE, If the silicon does not support unaligned memory acces
 110:Drivers/CMSIS/DSP/Include/arm_math.h ****    *
ARM GAS  C:\Users\Lamp\AppData\Local\Temp\ccyz797W.s 			page 8


 111:Drivers/CMSIS/DSP/Include/arm_math.h ****    * - ARM_MATH_BIG_ENDIAN:
 112:Drivers/CMSIS/DSP/Include/arm_math.h ****    *
 113:Drivers/CMSIS/DSP/Include/arm_math.h ****    * Define macro ARM_MATH_BIG_ENDIAN to build the library for big endian targets. By default libra
 114:Drivers/CMSIS/DSP/Include/arm_math.h ****    *
 115:Drivers/CMSIS/DSP/Include/arm_math.h ****    * - ARM_MATH_MATRIX_CHECK:
 116:Drivers/CMSIS/DSP/Include/arm_math.h ****    *
 117:Drivers/CMSIS/DSP/Include/arm_math.h ****    * Define macro ARM_MATH_MATRIX_CHECK for checking on the input and output sizes of matrices
 118:Drivers/CMSIS/DSP/Include/arm_math.h ****    *
 119:Drivers/CMSIS/DSP/Include/arm_math.h ****    * - ARM_MATH_ROUNDING:
 120:Drivers/CMSIS/DSP/Include/arm_math.h ****    *
 121:Drivers/CMSIS/DSP/Include/arm_math.h ****    * Define macro ARM_MATH_ROUNDING for rounding on support functions
 122:Drivers/CMSIS/DSP/Include/arm_math.h ****    *
 123:Drivers/CMSIS/DSP/Include/arm_math.h ****    * - ARM_MATH_CMx:
 124:Drivers/CMSIS/DSP/Include/arm_math.h ****    *
 125:Drivers/CMSIS/DSP/Include/arm_math.h ****    * Define macro ARM_MATH_CM4 for building the library on Cortex-M4 target, ARM_MATH_CM3 for build
 126:Drivers/CMSIS/DSP/Include/arm_math.h ****    * and ARM_MATH_CM0 for building library on Cortex-M0 target, ARM_MATH_CM0PLUS for building libra
 127:Drivers/CMSIS/DSP/Include/arm_math.h ****    * ARM_MATH_CM7 for building the library on cortex-M7.
 128:Drivers/CMSIS/DSP/Include/arm_math.h ****    *
 129:Drivers/CMSIS/DSP/Include/arm_math.h ****    * - ARM_MATH_ARMV8MxL:
 130:Drivers/CMSIS/DSP/Include/arm_math.h ****    *
 131:Drivers/CMSIS/DSP/Include/arm_math.h ****    * Define macro ARM_MATH_ARMV8MBL for building the library on Armv8-M Baseline target, ARM_MATH_A
 132:Drivers/CMSIS/DSP/Include/arm_math.h ****    * on Armv8-M Mainline target.
 133:Drivers/CMSIS/DSP/Include/arm_math.h ****    *
 134:Drivers/CMSIS/DSP/Include/arm_math.h ****    * - __FPU_PRESENT:
 135:Drivers/CMSIS/DSP/Include/arm_math.h ****    *
 136:Drivers/CMSIS/DSP/Include/arm_math.h ****    * Initialize macro __FPU_PRESENT = 1 when building on FPU supported Targets. Enable this macro f
 137:Drivers/CMSIS/DSP/Include/arm_math.h ****    *
 138:Drivers/CMSIS/DSP/Include/arm_math.h ****    * - __DSP_PRESENT:
 139:Drivers/CMSIS/DSP/Include/arm_math.h ****    *
 140:Drivers/CMSIS/DSP/Include/arm_math.h ****    * Initialize macro __DSP_PRESENT = 1 when Armv8-M Mainline core supports DSP instructions.
 141:Drivers/CMSIS/DSP/Include/arm_math.h ****    *
 142:Drivers/CMSIS/DSP/Include/arm_math.h ****    * <hr>
 143:Drivers/CMSIS/DSP/Include/arm_math.h ****    * CMSIS-DSP in ARM::CMSIS Pack
 144:Drivers/CMSIS/DSP/Include/arm_math.h ****    * -----------------------------
 145:Drivers/CMSIS/DSP/Include/arm_math.h ****    *
 146:Drivers/CMSIS/DSP/Include/arm_math.h ****    * The following files relevant to CMSIS-DSP are present in the <b>ARM::CMSIS</b> Pack directorie
 147:Drivers/CMSIS/DSP/Include/arm_math.h ****    * |File/Folder                   |Content                                                       
 148:Drivers/CMSIS/DSP/Include/arm_math.h ****    * |------------------------------|--------------------------------------------------------------
 149:Drivers/CMSIS/DSP/Include/arm_math.h ****    * |\b CMSIS\\Documentation\\DSP  | This documentation                                           
 150:Drivers/CMSIS/DSP/Include/arm_math.h ****    * |\b CMSIS\\DSP_Lib             | Software license agreement (license.txt)                     
 151:Drivers/CMSIS/DSP/Include/arm_math.h ****    * |\b CMSIS\\DSP_Lib\\Examples   | Example projects demonstrating the usage of the library funct
 152:Drivers/CMSIS/DSP/Include/arm_math.h ****    * |\b CMSIS\\DSP_Lib\\Source     | Source files for rebuilding the library                      
 153:Drivers/CMSIS/DSP/Include/arm_math.h ****    *
 154:Drivers/CMSIS/DSP/Include/arm_math.h ****    * <hr>
 155:Drivers/CMSIS/DSP/Include/arm_math.h ****    * Revision History of CMSIS-DSP
 156:Drivers/CMSIS/DSP/Include/arm_math.h ****    * ------------
 157:Drivers/CMSIS/DSP/Include/arm_math.h ****    * Please refer to \ref ChangeLog_pg.
 158:Drivers/CMSIS/DSP/Include/arm_math.h ****    *
 159:Drivers/CMSIS/DSP/Include/arm_math.h ****    * Copyright Notice
 160:Drivers/CMSIS/DSP/Include/arm_math.h ****    * ------------
 161:Drivers/CMSIS/DSP/Include/arm_math.h ****    *
 162:Drivers/CMSIS/DSP/Include/arm_math.h ****    * Copyright (C) 2010-2015 Arm Limited. All rights reserved.
 163:Drivers/CMSIS/DSP/Include/arm_math.h ****    */
 164:Drivers/CMSIS/DSP/Include/arm_math.h **** 
 165:Drivers/CMSIS/DSP/Include/arm_math.h **** 
 166:Drivers/CMSIS/DSP/Include/arm_math.h **** /**
 167:Drivers/CMSIS/DSP/Include/arm_math.h ****  * @defgroup groupMath Basic Math Functions
ARM GAS  C:\Users\Lamp\AppData\Local\Temp\ccyz797W.s 			page 9


 168:Drivers/CMSIS/DSP/Include/arm_math.h ****  */
 169:Drivers/CMSIS/DSP/Include/arm_math.h **** 
 170:Drivers/CMSIS/DSP/Include/arm_math.h **** /**
 171:Drivers/CMSIS/DSP/Include/arm_math.h ****  * @defgroup groupFastMath Fast Math Functions
 172:Drivers/CMSIS/DSP/Include/arm_math.h ****  * This set of functions provides a fast approximation to sine, cosine, and square root.
 173:Drivers/CMSIS/DSP/Include/arm_math.h ****  * As compared to most of the other functions in the CMSIS math library, the fast math functions
 174:Drivers/CMSIS/DSP/Include/arm_math.h ****  * operate on individual values and not arrays.
 175:Drivers/CMSIS/DSP/Include/arm_math.h ****  * There are separate functions for Q15, Q31, and floating-point data.
 176:Drivers/CMSIS/DSP/Include/arm_math.h ****  *
 177:Drivers/CMSIS/DSP/Include/arm_math.h ****  */
 178:Drivers/CMSIS/DSP/Include/arm_math.h **** 
 179:Drivers/CMSIS/DSP/Include/arm_math.h **** /**
 180:Drivers/CMSIS/DSP/Include/arm_math.h ****  * @defgroup groupCmplxMath Complex Math Functions
 181:Drivers/CMSIS/DSP/Include/arm_math.h ****  * This set of functions operates on complex data vectors.
 182:Drivers/CMSIS/DSP/Include/arm_math.h ****  * The data in the complex arrays is stored in an interleaved fashion
 183:Drivers/CMSIS/DSP/Include/arm_math.h ****  * (real, imag, real, imag, ...).
 184:Drivers/CMSIS/DSP/Include/arm_math.h ****  * In the API functions, the number of samples in a complex array refers
 185:Drivers/CMSIS/DSP/Include/arm_math.h ****  * to the number of complex values; the array contains twice this number of
 186:Drivers/CMSIS/DSP/Include/arm_math.h ****  * real values.
 187:Drivers/CMSIS/DSP/Include/arm_math.h ****  */
 188:Drivers/CMSIS/DSP/Include/arm_math.h **** 
 189:Drivers/CMSIS/DSP/Include/arm_math.h **** /**
 190:Drivers/CMSIS/DSP/Include/arm_math.h ****  * @defgroup groupFilters Filtering Functions
 191:Drivers/CMSIS/DSP/Include/arm_math.h ****  */
 192:Drivers/CMSIS/DSP/Include/arm_math.h **** 
 193:Drivers/CMSIS/DSP/Include/arm_math.h **** /**
 194:Drivers/CMSIS/DSP/Include/arm_math.h ****  * @defgroup groupMatrix Matrix Functions
 195:Drivers/CMSIS/DSP/Include/arm_math.h ****  *
 196:Drivers/CMSIS/DSP/Include/arm_math.h ****  * This set of functions provides basic matrix math operations.
 197:Drivers/CMSIS/DSP/Include/arm_math.h ****  * The functions operate on matrix data structures.  For example,
 198:Drivers/CMSIS/DSP/Include/arm_math.h ****  * the type
 199:Drivers/CMSIS/DSP/Include/arm_math.h ****  * definition for the floating-point matrix structure is shown
 200:Drivers/CMSIS/DSP/Include/arm_math.h ****  * below:
 201:Drivers/CMSIS/DSP/Include/arm_math.h ****  * <pre>
 202:Drivers/CMSIS/DSP/Include/arm_math.h ****  *     typedef struct
 203:Drivers/CMSIS/DSP/Include/arm_math.h ****  *     {
 204:Drivers/CMSIS/DSP/Include/arm_math.h ****  *       uint16_t numRows;     // number of rows of the matrix.
 205:Drivers/CMSIS/DSP/Include/arm_math.h ****  *       uint16_t numCols;     // number of columns of the matrix.
 206:Drivers/CMSIS/DSP/Include/arm_math.h ****  *       float32_t *pData;     // points to the data of the matrix.
 207:Drivers/CMSIS/DSP/Include/arm_math.h ****  *     } arm_matrix_instance_f32;
 208:Drivers/CMSIS/DSP/Include/arm_math.h ****  * </pre>
 209:Drivers/CMSIS/DSP/Include/arm_math.h ****  * There are similar definitions for Q15 and Q31 data types.
 210:Drivers/CMSIS/DSP/Include/arm_math.h ****  *
 211:Drivers/CMSIS/DSP/Include/arm_math.h ****  * The structure specifies the size of the matrix and then points to
 212:Drivers/CMSIS/DSP/Include/arm_math.h ****  * an array of data.  The array is of size <code>numRows X numCols</code>
 213:Drivers/CMSIS/DSP/Include/arm_math.h ****  * and the values are arranged in row order.  That is, the
 214:Drivers/CMSIS/DSP/Include/arm_math.h ****  * matrix element (i, j) is stored at:
 215:Drivers/CMSIS/DSP/Include/arm_math.h ****  * <pre>
 216:Drivers/CMSIS/DSP/Include/arm_math.h ****  *     pData[i*numCols + j]
 217:Drivers/CMSIS/DSP/Include/arm_math.h ****  * </pre>
 218:Drivers/CMSIS/DSP/Include/arm_math.h ****  *
 219:Drivers/CMSIS/DSP/Include/arm_math.h ****  * \par Init Functions
 220:Drivers/CMSIS/DSP/Include/arm_math.h ****  * There is an associated initialization function for each type of matrix
 221:Drivers/CMSIS/DSP/Include/arm_math.h ****  * data structure.
 222:Drivers/CMSIS/DSP/Include/arm_math.h ****  * The initialization function sets the values of the internal structure fields.
 223:Drivers/CMSIS/DSP/Include/arm_math.h ****  * Refer to the function <code>arm_mat_init_f32()</code>, <code>arm_mat_init_q31()</code>
 224:Drivers/CMSIS/DSP/Include/arm_math.h ****  * and <code>arm_mat_init_q15()</code> for floating-point, Q31 and Q15 types,  respectively.
ARM GAS  C:\Users\Lamp\AppData\Local\Temp\ccyz797W.s 			page 10


 225:Drivers/CMSIS/DSP/Include/arm_math.h ****  *
 226:Drivers/CMSIS/DSP/Include/arm_math.h ****  * \par
 227:Drivers/CMSIS/DSP/Include/arm_math.h ****  * Use of the initialization function is optional. However, if initialization function is used
 228:Drivers/CMSIS/DSP/Include/arm_math.h ****  * then the instance structure cannot be placed into a const data section.
 229:Drivers/CMSIS/DSP/Include/arm_math.h ****  * To place the instance structure in a const data
 230:Drivers/CMSIS/DSP/Include/arm_math.h ****  * section, manually initialize the data structure.  For example:
 231:Drivers/CMSIS/DSP/Include/arm_math.h ****  * <pre>
 232:Drivers/CMSIS/DSP/Include/arm_math.h ****  * <code>arm_matrix_instance_f32 S = {nRows, nColumns, pData};</code>
 233:Drivers/CMSIS/DSP/Include/arm_math.h ****  * <code>arm_matrix_instance_q31 S = {nRows, nColumns, pData};</code>
 234:Drivers/CMSIS/DSP/Include/arm_math.h ****  * <code>arm_matrix_instance_q15 S = {nRows, nColumns, pData};</code>
 235:Drivers/CMSIS/DSP/Include/arm_math.h ****  * </pre>
 236:Drivers/CMSIS/DSP/Include/arm_math.h ****  * where <code>nRows</code> specifies the number of rows, <code>nColumns</code>
 237:Drivers/CMSIS/DSP/Include/arm_math.h ****  * specifies the number of columns, and <code>pData</code> points to the
 238:Drivers/CMSIS/DSP/Include/arm_math.h ****  * data array.
 239:Drivers/CMSIS/DSP/Include/arm_math.h ****  *
 240:Drivers/CMSIS/DSP/Include/arm_math.h ****  * \par Size Checking
 241:Drivers/CMSIS/DSP/Include/arm_math.h ****  * By default all of the matrix functions perform size checking on the input and
 242:Drivers/CMSIS/DSP/Include/arm_math.h ****  * output matrices. For example, the matrix addition function verifies that the
 243:Drivers/CMSIS/DSP/Include/arm_math.h ****  * two input matrices and the output matrix all have the same number of rows and
 244:Drivers/CMSIS/DSP/Include/arm_math.h ****  * columns. If the size check fails the functions return:
 245:Drivers/CMSIS/DSP/Include/arm_math.h ****  * <pre>
 246:Drivers/CMSIS/DSP/Include/arm_math.h ****  *     ARM_MATH_SIZE_MISMATCH
 247:Drivers/CMSIS/DSP/Include/arm_math.h ****  * </pre>
 248:Drivers/CMSIS/DSP/Include/arm_math.h ****  * Otherwise the functions return
 249:Drivers/CMSIS/DSP/Include/arm_math.h ****  * <pre>
 250:Drivers/CMSIS/DSP/Include/arm_math.h ****  *     ARM_MATH_SUCCESS
 251:Drivers/CMSIS/DSP/Include/arm_math.h ****  * </pre>
 252:Drivers/CMSIS/DSP/Include/arm_math.h ****  * There is some overhead associated with this matrix size checking.
 253:Drivers/CMSIS/DSP/Include/arm_math.h ****  * The matrix size checking is enabled via the \#define
 254:Drivers/CMSIS/DSP/Include/arm_math.h ****  * <pre>
 255:Drivers/CMSIS/DSP/Include/arm_math.h ****  *     ARM_MATH_MATRIX_CHECK
 256:Drivers/CMSIS/DSP/Include/arm_math.h ****  * </pre>
 257:Drivers/CMSIS/DSP/Include/arm_math.h ****  * within the library project settings.  By default this macro is defined
 258:Drivers/CMSIS/DSP/Include/arm_math.h ****  * and size checking is enabled. By changing the project settings and
 259:Drivers/CMSIS/DSP/Include/arm_math.h ****  * undefining this macro size checking is eliminated and the functions
 260:Drivers/CMSIS/DSP/Include/arm_math.h ****  * run a bit faster. With size checking disabled the functions always
 261:Drivers/CMSIS/DSP/Include/arm_math.h ****  * return <code>ARM_MATH_SUCCESS</code>.
 262:Drivers/CMSIS/DSP/Include/arm_math.h ****  */
 263:Drivers/CMSIS/DSP/Include/arm_math.h **** 
 264:Drivers/CMSIS/DSP/Include/arm_math.h **** /**
 265:Drivers/CMSIS/DSP/Include/arm_math.h ****  * @defgroup groupTransforms Transform Functions
 266:Drivers/CMSIS/DSP/Include/arm_math.h ****  */
 267:Drivers/CMSIS/DSP/Include/arm_math.h **** 
 268:Drivers/CMSIS/DSP/Include/arm_math.h **** /**
 269:Drivers/CMSIS/DSP/Include/arm_math.h ****  * @defgroup groupController Controller Functions
 270:Drivers/CMSIS/DSP/Include/arm_math.h ****  */
 271:Drivers/CMSIS/DSP/Include/arm_math.h **** 
 272:Drivers/CMSIS/DSP/Include/arm_math.h **** /**
 273:Drivers/CMSIS/DSP/Include/arm_math.h ****  * @defgroup groupStats Statistics Functions
 274:Drivers/CMSIS/DSP/Include/arm_math.h ****  */
 275:Drivers/CMSIS/DSP/Include/arm_math.h **** /**
 276:Drivers/CMSIS/DSP/Include/arm_math.h ****  * @defgroup groupSupport Support Functions
 277:Drivers/CMSIS/DSP/Include/arm_math.h ****  */
 278:Drivers/CMSIS/DSP/Include/arm_math.h **** 
 279:Drivers/CMSIS/DSP/Include/arm_math.h **** /**
 280:Drivers/CMSIS/DSP/Include/arm_math.h ****  * @defgroup groupInterpolation Interpolation Functions
 281:Drivers/CMSIS/DSP/Include/arm_math.h ****  * These functions perform 1- and 2-dimensional interpolation of data.
ARM GAS  C:\Users\Lamp\AppData\Local\Temp\ccyz797W.s 			page 11


 282:Drivers/CMSIS/DSP/Include/arm_math.h ****  * Linear interpolation is used for 1-dimensional data and
 283:Drivers/CMSIS/DSP/Include/arm_math.h ****  * bilinear interpolation is used for 2-dimensional data.
 284:Drivers/CMSIS/DSP/Include/arm_math.h ****  */
 285:Drivers/CMSIS/DSP/Include/arm_math.h **** 
 286:Drivers/CMSIS/DSP/Include/arm_math.h **** /**
 287:Drivers/CMSIS/DSP/Include/arm_math.h ****  * @defgroup groupExamples Examples
 288:Drivers/CMSIS/DSP/Include/arm_math.h ****  */
 289:Drivers/CMSIS/DSP/Include/arm_math.h **** #ifndef _ARM_MATH_H
 290:Drivers/CMSIS/DSP/Include/arm_math.h **** #define _ARM_MATH_H
 291:Drivers/CMSIS/DSP/Include/arm_math.h **** 
 292:Drivers/CMSIS/DSP/Include/arm_math.h **** /* Compiler specific diagnostic adjustment */
 293:Drivers/CMSIS/DSP/Include/arm_math.h **** #if   defined ( __CC_ARM )
 294:Drivers/CMSIS/DSP/Include/arm_math.h **** 
 295:Drivers/CMSIS/DSP/Include/arm_math.h **** #elif defined ( __ARMCC_VERSION ) && ( __ARMCC_VERSION >= 6010050 )
 296:Drivers/CMSIS/DSP/Include/arm_math.h **** 
 297:Drivers/CMSIS/DSP/Include/arm_math.h **** #elif defined ( __GNUC__ )
 298:Drivers/CMSIS/DSP/Include/arm_math.h **** #pragma GCC diagnostic push
 299:Drivers/CMSIS/DSP/Include/arm_math.h **** #pragma GCC diagnostic ignored "-Wsign-conversion"
 300:Drivers/CMSIS/DSP/Include/arm_math.h **** #pragma GCC diagnostic ignored "-Wconversion"
 301:Drivers/CMSIS/DSP/Include/arm_math.h **** #pragma GCC diagnostic ignored "-Wunused-parameter"
 302:Drivers/CMSIS/DSP/Include/arm_math.h **** 
 303:Drivers/CMSIS/DSP/Include/arm_math.h **** #elif defined ( __ICCARM__ )
 304:Drivers/CMSIS/DSP/Include/arm_math.h **** 
 305:Drivers/CMSIS/DSP/Include/arm_math.h **** #elif defined ( __TI_ARM__ )
 306:Drivers/CMSIS/DSP/Include/arm_math.h **** 
 307:Drivers/CMSIS/DSP/Include/arm_math.h **** #elif defined ( __CSMC__ )
 308:Drivers/CMSIS/DSP/Include/arm_math.h **** 
 309:Drivers/CMSIS/DSP/Include/arm_math.h **** #elif defined ( __TASKING__ )
 310:Drivers/CMSIS/DSP/Include/arm_math.h **** 
 311:Drivers/CMSIS/DSP/Include/arm_math.h **** #else
 312:Drivers/CMSIS/DSP/Include/arm_math.h ****   #error Unknown compiler
 313:Drivers/CMSIS/DSP/Include/arm_math.h **** #endif
 314:Drivers/CMSIS/DSP/Include/arm_math.h **** 
 315:Drivers/CMSIS/DSP/Include/arm_math.h **** 
 316:Drivers/CMSIS/DSP/Include/arm_math.h **** #define __CMSIS_GENERIC         /* disable NVIC and Systick functions */
 317:Drivers/CMSIS/DSP/Include/arm_math.h **** 
 318:Drivers/CMSIS/DSP/Include/arm_math.h **** #if defined(ARM_MATH_CM7)
 319:Drivers/CMSIS/DSP/Include/arm_math.h ****   #include "core_cm7.h"
 320:Drivers/CMSIS/DSP/Include/arm_math.h ****   #define ARM_MATH_DSP
 321:Drivers/CMSIS/DSP/Include/arm_math.h **** #elif defined (ARM_MATH_CM4)
 322:Drivers/CMSIS/DSP/Include/arm_math.h ****   #include "core_cm4.h"
 323:Drivers/CMSIS/DSP/Include/arm_math.h ****   #define ARM_MATH_DSP
 324:Drivers/CMSIS/DSP/Include/arm_math.h **** #elif defined (ARM_MATH_CM3)
 325:Drivers/CMSIS/DSP/Include/arm_math.h ****   #include "core_cm3.h"
 326:Drivers/CMSIS/DSP/Include/arm_math.h **** #elif defined (ARM_MATH_CM0)
 327:Drivers/CMSIS/DSP/Include/arm_math.h ****   #include "core_cm0.h"
 328:Drivers/CMSIS/DSP/Include/arm_math.h ****   #define ARM_MATH_CM0_FAMILY
 329:Drivers/CMSIS/DSP/Include/arm_math.h **** #elif defined (ARM_MATH_CM0PLUS)
 330:Drivers/CMSIS/DSP/Include/arm_math.h ****   #include "core_cm0plus.h"
 331:Drivers/CMSIS/DSP/Include/arm_math.h ****   #define ARM_MATH_CM0_FAMILY
 332:Drivers/CMSIS/DSP/Include/arm_math.h **** #elif defined (ARM_MATH_ARMV8MBL)
 333:Drivers/CMSIS/DSP/Include/arm_math.h ****   #include "core_armv8mbl.h"
 334:Drivers/CMSIS/DSP/Include/arm_math.h ****   #define ARM_MATH_CM0_FAMILY
 335:Drivers/CMSIS/DSP/Include/arm_math.h **** #elif defined (ARM_MATH_ARMV8MML)
 336:Drivers/CMSIS/DSP/Include/arm_math.h ****   #include "core_armv8mml.h"
 337:Drivers/CMSIS/DSP/Include/arm_math.h ****   #if (defined (__DSP_PRESENT) && (__DSP_PRESENT == 1))
 338:Drivers/CMSIS/DSP/Include/arm_math.h ****     #define ARM_MATH_DSP
ARM GAS  C:\Users\Lamp\AppData\Local\Temp\ccyz797W.s 			page 12


 339:Drivers/CMSIS/DSP/Include/arm_math.h ****   #endif
 340:Drivers/CMSIS/DSP/Include/arm_math.h **** #else
 341:Drivers/CMSIS/DSP/Include/arm_math.h ****   #error "Define according the used Cortex core ARM_MATH_CM7, ARM_MATH_CM4, ARM_MATH_CM3, ARM_MATH_
 342:Drivers/CMSIS/DSP/Include/arm_math.h **** #endif
 343:Drivers/CMSIS/DSP/Include/arm_math.h **** 
 344:Drivers/CMSIS/DSP/Include/arm_math.h **** #undef  __CMSIS_GENERIC         /* enable NVIC and Systick functions */
 345:Drivers/CMSIS/DSP/Include/arm_math.h **** #include "string.h"
 346:Drivers/CMSIS/DSP/Include/arm_math.h **** #include "math.h"
 347:Drivers/CMSIS/DSP/Include/arm_math.h **** #ifdef   __cplusplus
 348:Drivers/CMSIS/DSP/Include/arm_math.h **** extern "C"
 349:Drivers/CMSIS/DSP/Include/arm_math.h **** {
 350:Drivers/CMSIS/DSP/Include/arm_math.h **** #endif
 351:Drivers/CMSIS/DSP/Include/arm_math.h **** 
 352:Drivers/CMSIS/DSP/Include/arm_math.h **** 
 353:Drivers/CMSIS/DSP/Include/arm_math.h ****   /**
 354:Drivers/CMSIS/DSP/Include/arm_math.h ****    * @brief Macros required for reciprocal calculation in Normalized LMS
 355:Drivers/CMSIS/DSP/Include/arm_math.h ****    */
 356:Drivers/CMSIS/DSP/Include/arm_math.h **** 
 357:Drivers/CMSIS/DSP/Include/arm_math.h **** #define DELTA_Q31          (0x100)
 358:Drivers/CMSIS/DSP/Include/arm_math.h **** #define DELTA_Q15          0x5
 359:Drivers/CMSIS/DSP/Include/arm_math.h **** #define INDEX_MASK         0x0000003F
 360:Drivers/CMSIS/DSP/Include/arm_math.h **** #ifndef PI
 361:Drivers/CMSIS/DSP/Include/arm_math.h ****   #define PI               3.14159265358979f
 362:Drivers/CMSIS/DSP/Include/arm_math.h **** #endif
 363:Drivers/CMSIS/DSP/Include/arm_math.h **** 
 364:Drivers/CMSIS/DSP/Include/arm_math.h ****   /**
 365:Drivers/CMSIS/DSP/Include/arm_math.h ****    * @brief Macros required for SINE and COSINE Fast math approximations
 366:Drivers/CMSIS/DSP/Include/arm_math.h ****    */
 367:Drivers/CMSIS/DSP/Include/arm_math.h **** 
 368:Drivers/CMSIS/DSP/Include/arm_math.h **** #define FAST_MATH_TABLE_SIZE  512
 369:Drivers/CMSIS/DSP/Include/arm_math.h **** #define FAST_MATH_Q31_SHIFT   (32 - 10)
 370:Drivers/CMSIS/DSP/Include/arm_math.h **** #define FAST_MATH_Q15_SHIFT   (16 - 10)
 371:Drivers/CMSIS/DSP/Include/arm_math.h **** #define CONTROLLER_Q31_SHIFT  (32 - 9)
 372:Drivers/CMSIS/DSP/Include/arm_math.h **** #define TABLE_SPACING_Q31     0x400000
 373:Drivers/CMSIS/DSP/Include/arm_math.h **** #define TABLE_SPACING_Q15     0x80
 374:Drivers/CMSIS/DSP/Include/arm_math.h **** 
 375:Drivers/CMSIS/DSP/Include/arm_math.h ****   /**
 376:Drivers/CMSIS/DSP/Include/arm_math.h ****    * @brief Macros required for SINE and COSINE Controller functions
 377:Drivers/CMSIS/DSP/Include/arm_math.h ****    */
 378:Drivers/CMSIS/DSP/Include/arm_math.h ****   /* 1.31(q31) Fixed value of 2/360 */
 379:Drivers/CMSIS/DSP/Include/arm_math.h ****   /* -1 to +1 is divided into 360 values so total spacing is (2/360) */
 380:Drivers/CMSIS/DSP/Include/arm_math.h **** #define INPUT_SPACING         0xB60B61
 381:Drivers/CMSIS/DSP/Include/arm_math.h **** 
 382:Drivers/CMSIS/DSP/Include/arm_math.h ****   /**
 383:Drivers/CMSIS/DSP/Include/arm_math.h ****    * @brief Macro for Unaligned Support
 384:Drivers/CMSIS/DSP/Include/arm_math.h ****    */
 385:Drivers/CMSIS/DSP/Include/arm_math.h **** #ifndef UNALIGNED_SUPPORT_DISABLE
 386:Drivers/CMSIS/DSP/Include/arm_math.h ****     #define ALIGN4
 387:Drivers/CMSIS/DSP/Include/arm_math.h **** #else
 388:Drivers/CMSIS/DSP/Include/arm_math.h ****   #if defined  (__GNUC__)
 389:Drivers/CMSIS/DSP/Include/arm_math.h ****     #define ALIGN4 __attribute__((aligned(4)))
 390:Drivers/CMSIS/DSP/Include/arm_math.h ****   #else
 391:Drivers/CMSIS/DSP/Include/arm_math.h ****     #define ALIGN4 __align(4)
 392:Drivers/CMSIS/DSP/Include/arm_math.h ****   #endif
 393:Drivers/CMSIS/DSP/Include/arm_math.h **** #endif   /* #ifndef UNALIGNED_SUPPORT_DISABLE */
 394:Drivers/CMSIS/DSP/Include/arm_math.h **** 
 395:Drivers/CMSIS/DSP/Include/arm_math.h ****   /**
ARM GAS  C:\Users\Lamp\AppData\Local\Temp\ccyz797W.s 			page 13


 396:Drivers/CMSIS/DSP/Include/arm_math.h ****    * @brief Error status returned by some functions in the library.
 397:Drivers/CMSIS/DSP/Include/arm_math.h ****    */
 398:Drivers/CMSIS/DSP/Include/arm_math.h **** 
 399:Drivers/CMSIS/DSP/Include/arm_math.h ****   typedef enum
 400:Drivers/CMSIS/DSP/Include/arm_math.h ****   {
 401:Drivers/CMSIS/DSP/Include/arm_math.h ****     ARM_MATH_SUCCESS = 0,                /**< No error */
 402:Drivers/CMSIS/DSP/Include/arm_math.h ****     ARM_MATH_ARGUMENT_ERROR = -1,        /**< One or more arguments are incorrect */
 403:Drivers/CMSIS/DSP/Include/arm_math.h ****     ARM_MATH_LENGTH_ERROR = -2,          /**< Length of data buffer is incorrect */
 404:Drivers/CMSIS/DSP/Include/arm_math.h ****     ARM_MATH_SIZE_MISMATCH = -3,         /**< Size of matrices is not compatible with the operation
 405:Drivers/CMSIS/DSP/Include/arm_math.h ****     ARM_MATH_NANINF = -4,                /**< Not-a-number (NaN) or infinity is generated */
 406:Drivers/CMSIS/DSP/Include/arm_math.h ****     ARM_MATH_SINGULAR = -5,              /**< Generated by matrix inversion if the input matrix is 
 407:Drivers/CMSIS/DSP/Include/arm_math.h ****     ARM_MATH_TEST_FAILURE = -6           /**< Test Failed  */
 408:Drivers/CMSIS/DSP/Include/arm_math.h ****   } arm_status;
 409:Drivers/CMSIS/DSP/Include/arm_math.h **** 
 410:Drivers/CMSIS/DSP/Include/arm_math.h ****   /**
 411:Drivers/CMSIS/DSP/Include/arm_math.h ****    * @brief 8-bit fractional data type in 1.7 format.
 412:Drivers/CMSIS/DSP/Include/arm_math.h ****    */
 413:Drivers/CMSIS/DSP/Include/arm_math.h ****   typedef int8_t q7_t;
 414:Drivers/CMSIS/DSP/Include/arm_math.h **** 
 415:Drivers/CMSIS/DSP/Include/arm_math.h ****   /**
 416:Drivers/CMSIS/DSP/Include/arm_math.h ****    * @brief 16-bit fractional data type in 1.15 format.
 417:Drivers/CMSIS/DSP/Include/arm_math.h ****    */
 418:Drivers/CMSIS/DSP/Include/arm_math.h ****   typedef int16_t q15_t;
 419:Drivers/CMSIS/DSP/Include/arm_math.h **** 
 420:Drivers/CMSIS/DSP/Include/arm_math.h ****   /**
 421:Drivers/CMSIS/DSP/Include/arm_math.h ****    * @brief 32-bit fractional data type in 1.31 format.
 422:Drivers/CMSIS/DSP/Include/arm_math.h ****    */
 423:Drivers/CMSIS/DSP/Include/arm_math.h ****   typedef int32_t q31_t;
 424:Drivers/CMSIS/DSP/Include/arm_math.h **** 
 425:Drivers/CMSIS/DSP/Include/arm_math.h ****   /**
 426:Drivers/CMSIS/DSP/Include/arm_math.h ****    * @brief 64-bit fractional data type in 1.63 format.
 427:Drivers/CMSIS/DSP/Include/arm_math.h ****    */
 428:Drivers/CMSIS/DSP/Include/arm_math.h ****   typedef int64_t q63_t;
 429:Drivers/CMSIS/DSP/Include/arm_math.h **** 
 430:Drivers/CMSIS/DSP/Include/arm_math.h ****   /**
 431:Drivers/CMSIS/DSP/Include/arm_math.h ****    * @brief 32-bit floating-point type definition.
 432:Drivers/CMSIS/DSP/Include/arm_math.h ****    */
 433:Drivers/CMSIS/DSP/Include/arm_math.h ****   typedef float float32_t;
 434:Drivers/CMSIS/DSP/Include/arm_math.h **** 
 435:Drivers/CMSIS/DSP/Include/arm_math.h ****   /**
 436:Drivers/CMSIS/DSP/Include/arm_math.h ****    * @brief 64-bit floating-point type definition.
 437:Drivers/CMSIS/DSP/Include/arm_math.h ****    */
 438:Drivers/CMSIS/DSP/Include/arm_math.h ****   typedef double float64_t;
 439:Drivers/CMSIS/DSP/Include/arm_math.h **** 
 440:Drivers/CMSIS/DSP/Include/arm_math.h ****   /**
 441:Drivers/CMSIS/DSP/Include/arm_math.h ****    * @brief definition to read/write two 16 bit values.
 442:Drivers/CMSIS/DSP/Include/arm_math.h ****    */
 443:Drivers/CMSIS/DSP/Include/arm_math.h **** #if   defined ( __CC_ARM )
 444:Drivers/CMSIS/DSP/Include/arm_math.h ****   #define __SIMD32_TYPE int32_t __packed
 445:Drivers/CMSIS/DSP/Include/arm_math.h ****   #define CMSIS_UNUSED __attribute__((unused))
 446:Drivers/CMSIS/DSP/Include/arm_math.h ****   #define CMSIS_INLINE __attribute__((always_inline))
 447:Drivers/CMSIS/DSP/Include/arm_math.h **** 
 448:Drivers/CMSIS/DSP/Include/arm_math.h **** #elif defined ( __ARMCC_VERSION ) && ( __ARMCC_VERSION >= 6010050 )
 449:Drivers/CMSIS/DSP/Include/arm_math.h ****   #define __SIMD32_TYPE int32_t
 450:Drivers/CMSIS/DSP/Include/arm_math.h ****   #define CMSIS_UNUSED __attribute__((unused))
 451:Drivers/CMSIS/DSP/Include/arm_math.h ****   #define CMSIS_INLINE __attribute__((always_inline))
 452:Drivers/CMSIS/DSP/Include/arm_math.h **** 
ARM GAS  C:\Users\Lamp\AppData\Local\Temp\ccyz797W.s 			page 14


 453:Drivers/CMSIS/DSP/Include/arm_math.h **** #elif defined ( __GNUC__ )
 454:Drivers/CMSIS/DSP/Include/arm_math.h ****   #define __SIMD32_TYPE int32_t
 455:Drivers/CMSIS/DSP/Include/arm_math.h ****   #define CMSIS_UNUSED __attribute__((unused))
 456:Drivers/CMSIS/DSP/Include/arm_math.h ****   #define CMSIS_INLINE __attribute__((always_inline))
 457:Drivers/CMSIS/DSP/Include/arm_math.h **** 
 458:Drivers/CMSIS/DSP/Include/arm_math.h **** #elif defined ( __ICCARM__ )
 459:Drivers/CMSIS/DSP/Include/arm_math.h ****   #define __SIMD32_TYPE int32_t __packed
 460:Drivers/CMSIS/DSP/Include/arm_math.h ****   #define CMSIS_UNUSED
 461:Drivers/CMSIS/DSP/Include/arm_math.h ****   #define CMSIS_INLINE
 462:Drivers/CMSIS/DSP/Include/arm_math.h **** 
 463:Drivers/CMSIS/DSP/Include/arm_math.h **** #elif defined ( __TI_ARM__ )
 464:Drivers/CMSIS/DSP/Include/arm_math.h ****   #define __SIMD32_TYPE int32_t
 465:Drivers/CMSIS/DSP/Include/arm_math.h ****   #define CMSIS_UNUSED __attribute__((unused))
 466:Drivers/CMSIS/DSP/Include/arm_math.h ****   #define CMSIS_INLINE
 467:Drivers/CMSIS/DSP/Include/arm_math.h **** 
 468:Drivers/CMSIS/DSP/Include/arm_math.h **** #elif defined ( __CSMC__ )
 469:Drivers/CMSIS/DSP/Include/arm_math.h ****   #define __SIMD32_TYPE int32_t
 470:Drivers/CMSIS/DSP/Include/arm_math.h ****   #define CMSIS_UNUSED
 471:Drivers/CMSIS/DSP/Include/arm_math.h ****   #define CMSIS_INLINE
 472:Drivers/CMSIS/DSP/Include/arm_math.h **** 
 473:Drivers/CMSIS/DSP/Include/arm_math.h **** #elif defined ( __TASKING__ )
 474:Drivers/CMSIS/DSP/Include/arm_math.h ****   #define __SIMD32_TYPE __unaligned int32_t
 475:Drivers/CMSIS/DSP/Include/arm_math.h ****   #define CMSIS_UNUSED
 476:Drivers/CMSIS/DSP/Include/arm_math.h ****   #define CMSIS_INLINE
 477:Drivers/CMSIS/DSP/Include/arm_math.h **** 
 478:Drivers/CMSIS/DSP/Include/arm_math.h **** #else
 479:Drivers/CMSIS/DSP/Include/arm_math.h ****   #error Unknown compiler
 480:Drivers/CMSIS/DSP/Include/arm_math.h **** #endif
 481:Drivers/CMSIS/DSP/Include/arm_math.h **** 
 482:Drivers/CMSIS/DSP/Include/arm_math.h **** #define __SIMD32(addr)        (*(__SIMD32_TYPE **) & (addr))
 483:Drivers/CMSIS/DSP/Include/arm_math.h **** #define __SIMD32_CONST(addr)  ((__SIMD32_TYPE *)(addr))
 484:Drivers/CMSIS/DSP/Include/arm_math.h **** #define _SIMD32_OFFSET(addr)  (*(__SIMD32_TYPE *)  (addr))
 485:Drivers/CMSIS/DSP/Include/arm_math.h **** #define __SIMD64(addr)        (*(int64_t **) & (addr))
 486:Drivers/CMSIS/DSP/Include/arm_math.h **** 
 487:Drivers/CMSIS/DSP/Include/arm_math.h **** #if !defined (ARM_MATH_DSP)
 488:Drivers/CMSIS/DSP/Include/arm_math.h ****   /**
 489:Drivers/CMSIS/DSP/Include/arm_math.h ****    * @brief definition to pack two 16 bit values.
 490:Drivers/CMSIS/DSP/Include/arm_math.h ****    */
 491:Drivers/CMSIS/DSP/Include/arm_math.h **** #define __PKHBT(ARG1, ARG2, ARG3) ( (((int32_t)(ARG1) <<    0) & (int32_t)0x0000FFFF) | \
 492:Drivers/CMSIS/DSP/Include/arm_math.h ****                                     (((int32_t)(ARG2) << ARG3) & (int32_t)0xFFFF0000)  )
 493:Drivers/CMSIS/DSP/Include/arm_math.h **** #define __PKHTB(ARG1, ARG2, ARG3) ( (((int32_t)(ARG1) <<    0) & (int32_t)0xFFFF0000) | \
 494:Drivers/CMSIS/DSP/Include/arm_math.h ****                                     (((int32_t)(ARG2) >> ARG3) & (int32_t)0x0000FFFF)  )
 495:Drivers/CMSIS/DSP/Include/arm_math.h **** 
 496:Drivers/CMSIS/DSP/Include/arm_math.h **** #endif /* !defined (ARM_MATH_DSP) */
 497:Drivers/CMSIS/DSP/Include/arm_math.h **** 
 498:Drivers/CMSIS/DSP/Include/arm_math.h ****    /**
 499:Drivers/CMSIS/DSP/Include/arm_math.h ****    * @brief definition to pack four 8 bit values.
 500:Drivers/CMSIS/DSP/Include/arm_math.h ****    */
 501:Drivers/CMSIS/DSP/Include/arm_math.h **** #ifndef ARM_MATH_BIG_ENDIAN
 502:Drivers/CMSIS/DSP/Include/arm_math.h **** 
 503:Drivers/CMSIS/DSP/Include/arm_math.h **** #define __PACKq7(v0,v1,v2,v3) ( (((int32_t)(v0) <<  0) & (int32_t)0x000000FF) | \
 504:Drivers/CMSIS/DSP/Include/arm_math.h ****                                 (((int32_t)(v1) <<  8) & (int32_t)0x0000FF00) | \
 505:Drivers/CMSIS/DSP/Include/arm_math.h ****                                 (((int32_t)(v2) << 16) & (int32_t)0x00FF0000) | \
 506:Drivers/CMSIS/DSP/Include/arm_math.h ****                                 (((int32_t)(v3) << 24) & (int32_t)0xFF000000)  )
 507:Drivers/CMSIS/DSP/Include/arm_math.h **** #else
 508:Drivers/CMSIS/DSP/Include/arm_math.h **** 
 509:Drivers/CMSIS/DSP/Include/arm_math.h **** #define __PACKq7(v0,v1,v2,v3) ( (((int32_t)(v3) <<  0) & (int32_t)0x000000FF) | \
ARM GAS  C:\Users\Lamp\AppData\Local\Temp\ccyz797W.s 			page 15


 510:Drivers/CMSIS/DSP/Include/arm_math.h ****                                 (((int32_t)(v2) <<  8) & (int32_t)0x0000FF00) | \
 511:Drivers/CMSIS/DSP/Include/arm_math.h ****                                 (((int32_t)(v1) << 16) & (int32_t)0x00FF0000) | \
 512:Drivers/CMSIS/DSP/Include/arm_math.h ****                                 (((int32_t)(v0) << 24) & (int32_t)0xFF000000)  )
 513:Drivers/CMSIS/DSP/Include/arm_math.h **** 
 514:Drivers/CMSIS/DSP/Include/arm_math.h **** #endif
 515:Drivers/CMSIS/DSP/Include/arm_math.h **** 
 516:Drivers/CMSIS/DSP/Include/arm_math.h **** 
 517:Drivers/CMSIS/DSP/Include/arm_math.h ****   /**
 518:Drivers/CMSIS/DSP/Include/arm_math.h ****    * @brief Clips Q63 to Q31 values.
 519:Drivers/CMSIS/DSP/Include/arm_math.h ****    */
 520:Drivers/CMSIS/DSP/Include/arm_math.h ****   CMSIS_INLINE __STATIC_INLINE q31_t clip_q63_to_q31(
 521:Drivers/CMSIS/DSP/Include/arm_math.h ****   q63_t x)
 522:Drivers/CMSIS/DSP/Include/arm_math.h ****   {
 523:Drivers/CMSIS/DSP/Include/arm_math.h ****     return ((q31_t) (x >> 32) != ((q31_t) x >> 31)) ?
 524:Drivers/CMSIS/DSP/Include/arm_math.h ****       ((0x7FFFFFFF ^ ((q31_t) (x >> 63)))) : (q31_t) x;
 525:Drivers/CMSIS/DSP/Include/arm_math.h ****   }
 526:Drivers/CMSIS/DSP/Include/arm_math.h **** 
 527:Drivers/CMSIS/DSP/Include/arm_math.h ****   /**
 528:Drivers/CMSIS/DSP/Include/arm_math.h ****    * @brief Clips Q63 to Q15 values.
 529:Drivers/CMSIS/DSP/Include/arm_math.h ****    */
 530:Drivers/CMSIS/DSP/Include/arm_math.h ****   CMSIS_INLINE __STATIC_INLINE q15_t clip_q63_to_q15(
 531:Drivers/CMSIS/DSP/Include/arm_math.h ****   q63_t x)
 532:Drivers/CMSIS/DSP/Include/arm_math.h ****   {
 533:Drivers/CMSIS/DSP/Include/arm_math.h ****     return ((q31_t) (x >> 32) != ((q31_t) x >> 31)) ?
 534:Drivers/CMSIS/DSP/Include/arm_math.h ****       ((0x7FFF ^ ((q15_t) (x >> 63)))) : (q15_t) (x >> 15);
 535:Drivers/CMSIS/DSP/Include/arm_math.h ****   }
 536:Drivers/CMSIS/DSP/Include/arm_math.h **** 
 537:Drivers/CMSIS/DSP/Include/arm_math.h ****   /**
 538:Drivers/CMSIS/DSP/Include/arm_math.h ****    * @brief Clips Q31 to Q7 values.
 539:Drivers/CMSIS/DSP/Include/arm_math.h ****    */
 540:Drivers/CMSIS/DSP/Include/arm_math.h ****   CMSIS_INLINE __STATIC_INLINE q7_t clip_q31_to_q7(
 541:Drivers/CMSIS/DSP/Include/arm_math.h ****   q31_t x)
 542:Drivers/CMSIS/DSP/Include/arm_math.h ****   {
 543:Drivers/CMSIS/DSP/Include/arm_math.h ****     return ((q31_t) (x >> 24) != ((q31_t) x >> 23)) ?
 544:Drivers/CMSIS/DSP/Include/arm_math.h ****       ((0x7F ^ ((q7_t) (x >> 31)))) : (q7_t) x;
 545:Drivers/CMSIS/DSP/Include/arm_math.h ****   }
 546:Drivers/CMSIS/DSP/Include/arm_math.h **** 
 547:Drivers/CMSIS/DSP/Include/arm_math.h ****   /**
 548:Drivers/CMSIS/DSP/Include/arm_math.h ****    * @brief Clips Q31 to Q15 values.
 549:Drivers/CMSIS/DSP/Include/arm_math.h ****    */
 550:Drivers/CMSIS/DSP/Include/arm_math.h ****   CMSIS_INLINE __STATIC_INLINE q15_t clip_q31_to_q15(
 551:Drivers/CMSIS/DSP/Include/arm_math.h ****   q31_t x)
 552:Drivers/CMSIS/DSP/Include/arm_math.h ****   {
 553:Drivers/CMSIS/DSP/Include/arm_math.h ****     return ((q31_t) (x >> 16) != ((q31_t) x >> 15)) ?
 554:Drivers/CMSIS/DSP/Include/arm_math.h ****       ((0x7FFF ^ ((q15_t) (x >> 31)))) : (q15_t) x;
 555:Drivers/CMSIS/DSP/Include/arm_math.h ****   }
 556:Drivers/CMSIS/DSP/Include/arm_math.h **** 
 557:Drivers/CMSIS/DSP/Include/arm_math.h ****   /**
 558:Drivers/CMSIS/DSP/Include/arm_math.h ****    * @brief Multiplies 32 X 64 and returns 32 bit result in 2.30 format.
 559:Drivers/CMSIS/DSP/Include/arm_math.h ****    */
 560:Drivers/CMSIS/DSP/Include/arm_math.h **** 
 561:Drivers/CMSIS/DSP/Include/arm_math.h ****   CMSIS_INLINE __STATIC_INLINE q63_t mult32x64(
 562:Drivers/CMSIS/DSP/Include/arm_math.h ****   q63_t x,
 563:Drivers/CMSIS/DSP/Include/arm_math.h ****   q31_t y)
 564:Drivers/CMSIS/DSP/Include/arm_math.h ****   {
 565:Drivers/CMSIS/DSP/Include/arm_math.h ****     return ((((q63_t) (x & 0x00000000FFFFFFFF) * y) >> 32) +
 566:Drivers/CMSIS/DSP/Include/arm_math.h ****             (((q63_t) (x >> 32) * y)));
ARM GAS  C:\Users\Lamp\AppData\Local\Temp\ccyz797W.s 			page 16


 567:Drivers/CMSIS/DSP/Include/arm_math.h ****   }
 568:Drivers/CMSIS/DSP/Include/arm_math.h **** 
 569:Drivers/CMSIS/DSP/Include/arm_math.h ****   /**
 570:Drivers/CMSIS/DSP/Include/arm_math.h ****    * @brief Function to Calculates 1/in (reciprocal) value of Q31 Data type.
 571:Drivers/CMSIS/DSP/Include/arm_math.h ****    */
 572:Drivers/CMSIS/DSP/Include/arm_math.h **** 
 573:Drivers/CMSIS/DSP/Include/arm_math.h ****   CMSIS_INLINE __STATIC_INLINE uint32_t arm_recip_q31(
 574:Drivers/CMSIS/DSP/Include/arm_math.h ****   q31_t in,
 575:Drivers/CMSIS/DSP/Include/arm_math.h ****   q31_t * dst,
 576:Drivers/CMSIS/DSP/Include/arm_math.h ****   q31_t * pRecipTable)
 577:Drivers/CMSIS/DSP/Include/arm_math.h ****   {
 578:Drivers/CMSIS/DSP/Include/arm_math.h ****     q31_t out;
 579:Drivers/CMSIS/DSP/Include/arm_math.h ****     uint32_t tempVal;
 580:Drivers/CMSIS/DSP/Include/arm_math.h ****     uint32_t index, i;
 581:Drivers/CMSIS/DSP/Include/arm_math.h ****     uint32_t signBits;
 582:Drivers/CMSIS/DSP/Include/arm_math.h **** 
 583:Drivers/CMSIS/DSP/Include/arm_math.h ****     if (in > 0)
 584:Drivers/CMSIS/DSP/Include/arm_math.h ****     {
 585:Drivers/CMSIS/DSP/Include/arm_math.h ****       signBits = ((uint32_t) (__CLZ( in) - 1));
 586:Drivers/CMSIS/DSP/Include/arm_math.h ****     }
 587:Drivers/CMSIS/DSP/Include/arm_math.h ****     else
 588:Drivers/CMSIS/DSP/Include/arm_math.h ****     {
 589:Drivers/CMSIS/DSP/Include/arm_math.h ****       signBits = ((uint32_t) (__CLZ(-in) - 1));
 590:Drivers/CMSIS/DSP/Include/arm_math.h ****     }
 591:Drivers/CMSIS/DSP/Include/arm_math.h **** 
 592:Drivers/CMSIS/DSP/Include/arm_math.h ****     /* Convert input sample to 1.31 format */
 593:Drivers/CMSIS/DSP/Include/arm_math.h ****     in = (in << signBits);
 594:Drivers/CMSIS/DSP/Include/arm_math.h **** 
 595:Drivers/CMSIS/DSP/Include/arm_math.h ****     /* calculation of index for initial approximated Val */
 596:Drivers/CMSIS/DSP/Include/arm_math.h ****     index = (uint32_t)(in >> 24);
 597:Drivers/CMSIS/DSP/Include/arm_math.h ****     index = (index & INDEX_MASK);
 598:Drivers/CMSIS/DSP/Include/arm_math.h **** 
 599:Drivers/CMSIS/DSP/Include/arm_math.h ****     /* 1.31 with exp 1 */
 600:Drivers/CMSIS/DSP/Include/arm_math.h ****     out = pRecipTable[index];
 601:Drivers/CMSIS/DSP/Include/arm_math.h **** 
 602:Drivers/CMSIS/DSP/Include/arm_math.h ****     /* calculation of reciprocal value */
 603:Drivers/CMSIS/DSP/Include/arm_math.h ****     /* running approximation for two iterations */
 604:Drivers/CMSIS/DSP/Include/arm_math.h ****     for (i = 0U; i < 2U; i++)
 605:Drivers/CMSIS/DSP/Include/arm_math.h ****     {
 606:Drivers/CMSIS/DSP/Include/arm_math.h ****       tempVal = (uint32_t) (((q63_t) in * out) >> 31);
 607:Drivers/CMSIS/DSP/Include/arm_math.h ****       tempVal = 0x7FFFFFFFu - tempVal;
 608:Drivers/CMSIS/DSP/Include/arm_math.h ****       /*      1.31 with exp 1 */
 609:Drivers/CMSIS/DSP/Include/arm_math.h ****       /* out = (q31_t) (((q63_t) out * tempVal) >> 30); */
 610:Drivers/CMSIS/DSP/Include/arm_math.h ****       out = clip_q63_to_q31(((q63_t) out * tempVal) >> 30);
 611:Drivers/CMSIS/DSP/Include/arm_math.h ****     }
 612:Drivers/CMSIS/DSP/Include/arm_math.h **** 
 613:Drivers/CMSIS/DSP/Include/arm_math.h ****     /* write output */
 614:Drivers/CMSIS/DSP/Include/arm_math.h ****     *dst = out;
 615:Drivers/CMSIS/DSP/Include/arm_math.h **** 
 616:Drivers/CMSIS/DSP/Include/arm_math.h ****     /* return num of signbits of out = 1/in value */
 617:Drivers/CMSIS/DSP/Include/arm_math.h ****     return (signBits + 1U);
 618:Drivers/CMSIS/DSP/Include/arm_math.h ****   }
 619:Drivers/CMSIS/DSP/Include/arm_math.h **** 
 620:Drivers/CMSIS/DSP/Include/arm_math.h **** 
 621:Drivers/CMSIS/DSP/Include/arm_math.h ****   /**
 622:Drivers/CMSIS/DSP/Include/arm_math.h ****    * @brief Function to Calculates 1/in (reciprocal) value of Q15 Data type.
 623:Drivers/CMSIS/DSP/Include/arm_math.h ****    */
ARM GAS  C:\Users\Lamp\AppData\Local\Temp\ccyz797W.s 			page 17


 624:Drivers/CMSIS/DSP/Include/arm_math.h ****   CMSIS_INLINE __STATIC_INLINE uint32_t arm_recip_q15(
 625:Drivers/CMSIS/DSP/Include/arm_math.h ****   q15_t in,
 626:Drivers/CMSIS/DSP/Include/arm_math.h ****   q15_t * dst,
 627:Drivers/CMSIS/DSP/Include/arm_math.h ****   q15_t * pRecipTable)
 628:Drivers/CMSIS/DSP/Include/arm_math.h ****   {
 629:Drivers/CMSIS/DSP/Include/arm_math.h ****     q15_t out = 0;
 630:Drivers/CMSIS/DSP/Include/arm_math.h ****     uint32_t tempVal = 0;
 631:Drivers/CMSIS/DSP/Include/arm_math.h ****     uint32_t index = 0, i = 0;
 632:Drivers/CMSIS/DSP/Include/arm_math.h ****     uint32_t signBits = 0;
 633:Drivers/CMSIS/DSP/Include/arm_math.h **** 
 634:Drivers/CMSIS/DSP/Include/arm_math.h ****     if (in > 0)
 635:Drivers/CMSIS/DSP/Include/arm_math.h ****     {
 636:Drivers/CMSIS/DSP/Include/arm_math.h ****       signBits = ((uint32_t)(__CLZ( in) - 17));
 637:Drivers/CMSIS/DSP/Include/arm_math.h ****     }
 638:Drivers/CMSIS/DSP/Include/arm_math.h ****     else
 639:Drivers/CMSIS/DSP/Include/arm_math.h ****     {
 640:Drivers/CMSIS/DSP/Include/arm_math.h ****       signBits = ((uint32_t)(__CLZ(-in) - 17));
 641:Drivers/CMSIS/DSP/Include/arm_math.h ****     }
 642:Drivers/CMSIS/DSP/Include/arm_math.h **** 
 643:Drivers/CMSIS/DSP/Include/arm_math.h ****     /* Convert input sample to 1.15 format */
 644:Drivers/CMSIS/DSP/Include/arm_math.h ****     in = (in << signBits);
 645:Drivers/CMSIS/DSP/Include/arm_math.h **** 
 646:Drivers/CMSIS/DSP/Include/arm_math.h ****     /* calculation of index for initial approximated Val */
 647:Drivers/CMSIS/DSP/Include/arm_math.h ****     index = (uint32_t)(in >>  8);
 648:Drivers/CMSIS/DSP/Include/arm_math.h ****     index = (index & INDEX_MASK);
 649:Drivers/CMSIS/DSP/Include/arm_math.h **** 
 650:Drivers/CMSIS/DSP/Include/arm_math.h ****     /*      1.15 with exp 1  */
 651:Drivers/CMSIS/DSP/Include/arm_math.h ****     out = pRecipTable[index];
 652:Drivers/CMSIS/DSP/Include/arm_math.h **** 
 653:Drivers/CMSIS/DSP/Include/arm_math.h ****     /* calculation of reciprocal value */
 654:Drivers/CMSIS/DSP/Include/arm_math.h ****     /* running approximation for two iterations */
 655:Drivers/CMSIS/DSP/Include/arm_math.h ****     for (i = 0U; i < 2U; i++)
 656:Drivers/CMSIS/DSP/Include/arm_math.h ****     {
 657:Drivers/CMSIS/DSP/Include/arm_math.h ****       tempVal = (uint32_t) (((q31_t) in * out) >> 15);
 658:Drivers/CMSIS/DSP/Include/arm_math.h ****       tempVal = 0x7FFFu - tempVal;
 659:Drivers/CMSIS/DSP/Include/arm_math.h ****       /*      1.15 with exp 1 */
 660:Drivers/CMSIS/DSP/Include/arm_math.h ****       out = (q15_t) (((q31_t) out * tempVal) >> 14);
 661:Drivers/CMSIS/DSP/Include/arm_math.h ****       /* out = clip_q31_to_q15(((q31_t) out * tempVal) >> 14); */
 662:Drivers/CMSIS/DSP/Include/arm_math.h ****     }
 663:Drivers/CMSIS/DSP/Include/arm_math.h **** 
 664:Drivers/CMSIS/DSP/Include/arm_math.h ****     /* write output */
 665:Drivers/CMSIS/DSP/Include/arm_math.h ****     *dst = out;
 666:Drivers/CMSIS/DSP/Include/arm_math.h **** 
 667:Drivers/CMSIS/DSP/Include/arm_math.h ****     /* return num of signbits of out = 1/in value */
 668:Drivers/CMSIS/DSP/Include/arm_math.h ****     return (signBits + 1);
 669:Drivers/CMSIS/DSP/Include/arm_math.h ****   }
 670:Drivers/CMSIS/DSP/Include/arm_math.h **** 
 671:Drivers/CMSIS/DSP/Include/arm_math.h **** 
 672:Drivers/CMSIS/DSP/Include/arm_math.h **** /*
 673:Drivers/CMSIS/DSP/Include/arm_math.h ****  * @brief C custom defined intrinsic function for M3 and M0 processors
 674:Drivers/CMSIS/DSP/Include/arm_math.h ****  */
 675:Drivers/CMSIS/DSP/Include/arm_math.h **** #if !defined (ARM_MATH_DSP)
 676:Drivers/CMSIS/DSP/Include/arm_math.h **** 
 677:Drivers/CMSIS/DSP/Include/arm_math.h ****   /*
 678:Drivers/CMSIS/DSP/Include/arm_math.h ****    * @brief C custom defined QADD8 for M3 and M0 processors
 679:Drivers/CMSIS/DSP/Include/arm_math.h ****    */
 680:Drivers/CMSIS/DSP/Include/arm_math.h ****   CMSIS_INLINE __STATIC_INLINE uint32_t __QADD8(
ARM GAS  C:\Users\Lamp\AppData\Local\Temp\ccyz797W.s 			page 18


 681:Drivers/CMSIS/DSP/Include/arm_math.h ****   uint32_t x,
 682:Drivers/CMSIS/DSP/Include/arm_math.h ****   uint32_t y)
 683:Drivers/CMSIS/DSP/Include/arm_math.h ****   {
 684:Drivers/CMSIS/DSP/Include/arm_math.h ****     q31_t r, s, t, u;
 685:Drivers/CMSIS/DSP/Include/arm_math.h **** 
 686:Drivers/CMSIS/DSP/Include/arm_math.h ****     r = __SSAT(((((q31_t)x << 24) >> 24) + (((q31_t)y << 24) >> 24)), 8) & (int32_t)0x000000FF;
 687:Drivers/CMSIS/DSP/Include/arm_math.h ****     s = __SSAT(((((q31_t)x << 16) >> 24) + (((q31_t)y << 16) >> 24)), 8) & (int32_t)0x000000FF;
 688:Drivers/CMSIS/DSP/Include/arm_math.h ****     t = __SSAT(((((q31_t)x <<  8) >> 24) + (((q31_t)y <<  8) >> 24)), 8) & (int32_t)0x000000FF;
 689:Drivers/CMSIS/DSP/Include/arm_math.h ****     u = __SSAT(((((q31_t)x      ) >> 24) + (((q31_t)y      ) >> 24)), 8) & (int32_t)0x000000FF;
 690:Drivers/CMSIS/DSP/Include/arm_math.h **** 
 691:Drivers/CMSIS/DSP/Include/arm_math.h ****     return ((uint32_t)((u << 24) | (t << 16) | (s <<  8) | (r      )));
 692:Drivers/CMSIS/DSP/Include/arm_math.h ****   }
 693:Drivers/CMSIS/DSP/Include/arm_math.h **** 
 694:Drivers/CMSIS/DSP/Include/arm_math.h **** 
 695:Drivers/CMSIS/DSP/Include/arm_math.h ****   /*
 696:Drivers/CMSIS/DSP/Include/arm_math.h ****    * @brief C custom defined QSUB8 for M3 and M0 processors
 697:Drivers/CMSIS/DSP/Include/arm_math.h ****    */
 698:Drivers/CMSIS/DSP/Include/arm_math.h ****   CMSIS_INLINE __STATIC_INLINE uint32_t __QSUB8(
 699:Drivers/CMSIS/DSP/Include/arm_math.h ****   uint32_t x,
 700:Drivers/CMSIS/DSP/Include/arm_math.h ****   uint32_t y)
 701:Drivers/CMSIS/DSP/Include/arm_math.h ****   {
 702:Drivers/CMSIS/DSP/Include/arm_math.h ****     q31_t r, s, t, u;
 703:Drivers/CMSIS/DSP/Include/arm_math.h **** 
 704:Drivers/CMSIS/DSP/Include/arm_math.h ****     r = __SSAT(((((q31_t)x << 24) >> 24) - (((q31_t)y << 24) >> 24)), 8) & (int32_t)0x000000FF;
 705:Drivers/CMSIS/DSP/Include/arm_math.h ****     s = __SSAT(((((q31_t)x << 16) >> 24) - (((q31_t)y << 16) >> 24)), 8) & (int32_t)0x000000FF;
 706:Drivers/CMSIS/DSP/Include/arm_math.h ****     t = __SSAT(((((q31_t)x <<  8) >> 24) - (((q31_t)y <<  8) >> 24)), 8) & (int32_t)0x000000FF;
 707:Drivers/CMSIS/DSP/Include/arm_math.h ****     u = __SSAT(((((q31_t)x      ) >> 24) - (((q31_t)y      ) >> 24)), 8) & (int32_t)0x000000FF;
 708:Drivers/CMSIS/DSP/Include/arm_math.h **** 
 709:Drivers/CMSIS/DSP/Include/arm_math.h ****     return ((uint32_t)((u << 24) | (t << 16) | (s <<  8) | (r      )));
 710:Drivers/CMSIS/DSP/Include/arm_math.h ****   }
 711:Drivers/CMSIS/DSP/Include/arm_math.h **** 
 712:Drivers/CMSIS/DSP/Include/arm_math.h **** 
 713:Drivers/CMSIS/DSP/Include/arm_math.h ****   /*
 714:Drivers/CMSIS/DSP/Include/arm_math.h ****    * @brief C custom defined QADD16 for M3 and M0 processors
 715:Drivers/CMSIS/DSP/Include/arm_math.h ****    */
 716:Drivers/CMSIS/DSP/Include/arm_math.h ****   CMSIS_INLINE __STATIC_INLINE uint32_t __QADD16(
 717:Drivers/CMSIS/DSP/Include/arm_math.h ****   uint32_t x,
 718:Drivers/CMSIS/DSP/Include/arm_math.h ****   uint32_t y)
 719:Drivers/CMSIS/DSP/Include/arm_math.h ****   {
 720:Drivers/CMSIS/DSP/Include/arm_math.h **** /*  q31_t r,     s;  without initialisation 'arm_offset_q15 test' fails  but 'intrinsic' tests pass
 721:Drivers/CMSIS/DSP/Include/arm_math.h ****     q31_t r = 0, s = 0;
 722:Drivers/CMSIS/DSP/Include/arm_math.h **** 
 723:Drivers/CMSIS/DSP/Include/arm_math.h ****     r = __SSAT(((((q31_t)x << 16) >> 16) + (((q31_t)y << 16) >> 16)), 16) & (int32_t)0x0000FFFF;
 724:Drivers/CMSIS/DSP/Include/arm_math.h ****     s = __SSAT(((((q31_t)x      ) >> 16) + (((q31_t)y      ) >> 16)), 16) & (int32_t)0x0000FFFF;
 725:Drivers/CMSIS/DSP/Include/arm_math.h **** 
 726:Drivers/CMSIS/DSP/Include/arm_math.h ****     return ((uint32_t)((s << 16) | (r      )));
 727:Drivers/CMSIS/DSP/Include/arm_math.h ****   }
 728:Drivers/CMSIS/DSP/Include/arm_math.h **** 
 729:Drivers/CMSIS/DSP/Include/arm_math.h **** 
 730:Drivers/CMSIS/DSP/Include/arm_math.h ****   /*
 731:Drivers/CMSIS/DSP/Include/arm_math.h ****    * @brief C custom defined SHADD16 for M3 and M0 processors
 732:Drivers/CMSIS/DSP/Include/arm_math.h ****    */
 733:Drivers/CMSIS/DSP/Include/arm_math.h ****   CMSIS_INLINE __STATIC_INLINE uint32_t __SHADD16(
 734:Drivers/CMSIS/DSP/Include/arm_math.h ****   uint32_t x,
 735:Drivers/CMSIS/DSP/Include/arm_math.h ****   uint32_t y)
 736:Drivers/CMSIS/DSP/Include/arm_math.h ****   {
 737:Drivers/CMSIS/DSP/Include/arm_math.h ****     q31_t r, s;
ARM GAS  C:\Users\Lamp\AppData\Local\Temp\ccyz797W.s 			page 19


 738:Drivers/CMSIS/DSP/Include/arm_math.h **** 
 739:Drivers/CMSIS/DSP/Include/arm_math.h ****     r = (((((q31_t)x << 16) >> 16) + (((q31_t)y << 16) >> 16)) >> 1) & (int32_t)0x0000FFFF;
 740:Drivers/CMSIS/DSP/Include/arm_math.h ****     s = (((((q31_t)x      ) >> 16) + (((q31_t)y      ) >> 16)) >> 1) & (int32_t)0x0000FFFF;
 741:Drivers/CMSIS/DSP/Include/arm_math.h **** 
 742:Drivers/CMSIS/DSP/Include/arm_math.h ****     return ((uint32_t)((s << 16) | (r      )));
 743:Drivers/CMSIS/DSP/Include/arm_math.h ****   }
 744:Drivers/CMSIS/DSP/Include/arm_math.h **** 
 745:Drivers/CMSIS/DSP/Include/arm_math.h **** 
 746:Drivers/CMSIS/DSP/Include/arm_math.h ****   /*
 747:Drivers/CMSIS/DSP/Include/arm_math.h ****    * @brief C custom defined QSUB16 for M3 and M0 processors
 748:Drivers/CMSIS/DSP/Include/arm_math.h ****    */
 749:Drivers/CMSIS/DSP/Include/arm_math.h ****   CMSIS_INLINE __STATIC_INLINE uint32_t __QSUB16(
 750:Drivers/CMSIS/DSP/Include/arm_math.h ****   uint32_t x,
 751:Drivers/CMSIS/DSP/Include/arm_math.h ****   uint32_t y)
 752:Drivers/CMSIS/DSP/Include/arm_math.h ****   {
 753:Drivers/CMSIS/DSP/Include/arm_math.h ****     q31_t r, s;
 754:Drivers/CMSIS/DSP/Include/arm_math.h **** 
 755:Drivers/CMSIS/DSP/Include/arm_math.h ****     r = __SSAT(((((q31_t)x << 16) >> 16) - (((q31_t)y << 16) >> 16)), 16) & (int32_t)0x0000FFFF;
 756:Drivers/CMSIS/DSP/Include/arm_math.h ****     s = __SSAT(((((q31_t)x      ) >> 16) - (((q31_t)y      ) >> 16)), 16) & (int32_t)0x0000FFFF;
 757:Drivers/CMSIS/DSP/Include/arm_math.h **** 
 758:Drivers/CMSIS/DSP/Include/arm_math.h ****     return ((uint32_t)((s << 16) | (r      )));
 759:Drivers/CMSIS/DSP/Include/arm_math.h ****   }
 760:Drivers/CMSIS/DSP/Include/arm_math.h **** 
 761:Drivers/CMSIS/DSP/Include/arm_math.h **** 
 762:Drivers/CMSIS/DSP/Include/arm_math.h ****   /*
 763:Drivers/CMSIS/DSP/Include/arm_math.h ****    * @brief C custom defined SHSUB16 for M3 and M0 processors
 764:Drivers/CMSIS/DSP/Include/arm_math.h ****    */
 765:Drivers/CMSIS/DSP/Include/arm_math.h ****   CMSIS_INLINE __STATIC_INLINE uint32_t __SHSUB16(
 766:Drivers/CMSIS/DSP/Include/arm_math.h ****   uint32_t x,
 767:Drivers/CMSIS/DSP/Include/arm_math.h ****   uint32_t y)
 768:Drivers/CMSIS/DSP/Include/arm_math.h ****   {
 769:Drivers/CMSIS/DSP/Include/arm_math.h ****     q31_t r, s;
 770:Drivers/CMSIS/DSP/Include/arm_math.h **** 
 771:Drivers/CMSIS/DSP/Include/arm_math.h ****     r = (((((q31_t)x << 16) >> 16) - (((q31_t)y << 16) >> 16)) >> 1) & (int32_t)0x0000FFFF;
 772:Drivers/CMSIS/DSP/Include/arm_math.h ****     s = (((((q31_t)x      ) >> 16) - (((q31_t)y      ) >> 16)) >> 1) & (int32_t)0x0000FFFF;
 773:Drivers/CMSIS/DSP/Include/arm_math.h **** 
 774:Drivers/CMSIS/DSP/Include/arm_math.h ****     return ((uint32_t)((s << 16) | (r      )));
 775:Drivers/CMSIS/DSP/Include/arm_math.h ****   }
 776:Drivers/CMSIS/DSP/Include/arm_math.h **** 
 777:Drivers/CMSIS/DSP/Include/arm_math.h **** 
 778:Drivers/CMSIS/DSP/Include/arm_math.h ****   /*
 779:Drivers/CMSIS/DSP/Include/arm_math.h ****    * @brief C custom defined QASX for M3 and M0 processors
 780:Drivers/CMSIS/DSP/Include/arm_math.h ****    */
 781:Drivers/CMSIS/DSP/Include/arm_math.h ****   CMSIS_INLINE __STATIC_INLINE uint32_t __QASX(
 782:Drivers/CMSIS/DSP/Include/arm_math.h ****   uint32_t x,
 783:Drivers/CMSIS/DSP/Include/arm_math.h ****   uint32_t y)
 784:Drivers/CMSIS/DSP/Include/arm_math.h ****   {
 785:Drivers/CMSIS/DSP/Include/arm_math.h ****     q31_t r, s;
 786:Drivers/CMSIS/DSP/Include/arm_math.h **** 
 787:Drivers/CMSIS/DSP/Include/arm_math.h ****     r = __SSAT(((((q31_t)x << 16) >> 16) - (((q31_t)y      ) >> 16)), 16) & (int32_t)0x0000FFFF;
 788:Drivers/CMSIS/DSP/Include/arm_math.h ****     s = __SSAT(((((q31_t)x      ) >> 16) + (((q31_t)y << 16) >> 16)), 16) & (int32_t)0x0000FFFF;
 789:Drivers/CMSIS/DSP/Include/arm_math.h **** 
 790:Drivers/CMSIS/DSP/Include/arm_math.h ****     return ((uint32_t)((s << 16) | (r      )));
 791:Drivers/CMSIS/DSP/Include/arm_math.h ****   }
 792:Drivers/CMSIS/DSP/Include/arm_math.h **** 
 793:Drivers/CMSIS/DSP/Include/arm_math.h **** 
 794:Drivers/CMSIS/DSP/Include/arm_math.h ****   /*
ARM GAS  C:\Users\Lamp\AppData\Local\Temp\ccyz797W.s 			page 20


 795:Drivers/CMSIS/DSP/Include/arm_math.h ****    * @brief C custom defined SHASX for M3 and M0 processors
 796:Drivers/CMSIS/DSP/Include/arm_math.h ****    */
 797:Drivers/CMSIS/DSP/Include/arm_math.h ****   CMSIS_INLINE __STATIC_INLINE uint32_t __SHASX(
 798:Drivers/CMSIS/DSP/Include/arm_math.h ****   uint32_t x,
 799:Drivers/CMSIS/DSP/Include/arm_math.h ****   uint32_t y)
 800:Drivers/CMSIS/DSP/Include/arm_math.h ****   {
 801:Drivers/CMSIS/DSP/Include/arm_math.h ****     q31_t r, s;
 802:Drivers/CMSIS/DSP/Include/arm_math.h **** 
 803:Drivers/CMSIS/DSP/Include/arm_math.h ****     r = (((((q31_t)x << 16) >> 16) - (((q31_t)y      ) >> 16)) >> 1) & (int32_t)0x0000FFFF;
 804:Drivers/CMSIS/DSP/Include/arm_math.h ****     s = (((((q31_t)x      ) >> 16) + (((q31_t)y << 16) >> 16)) >> 1) & (int32_t)0x0000FFFF;
 805:Drivers/CMSIS/DSP/Include/arm_math.h **** 
 806:Drivers/CMSIS/DSP/Include/arm_math.h ****     return ((uint32_t)((s << 16) | (r      )));
 807:Drivers/CMSIS/DSP/Include/arm_math.h ****   }
 808:Drivers/CMSIS/DSP/Include/arm_math.h **** 
 809:Drivers/CMSIS/DSP/Include/arm_math.h **** 
 810:Drivers/CMSIS/DSP/Include/arm_math.h ****   /*
 811:Drivers/CMSIS/DSP/Include/arm_math.h ****    * @brief C custom defined QSAX for M3 and M0 processors
 812:Drivers/CMSIS/DSP/Include/arm_math.h ****    */
 813:Drivers/CMSIS/DSP/Include/arm_math.h ****   CMSIS_INLINE __STATIC_INLINE uint32_t __QSAX(
 814:Drivers/CMSIS/DSP/Include/arm_math.h ****   uint32_t x,
 815:Drivers/CMSIS/DSP/Include/arm_math.h ****   uint32_t y)
 816:Drivers/CMSIS/DSP/Include/arm_math.h ****   {
 817:Drivers/CMSIS/DSP/Include/arm_math.h ****     q31_t r, s;
 818:Drivers/CMSIS/DSP/Include/arm_math.h **** 
 819:Drivers/CMSIS/DSP/Include/arm_math.h ****     r = __SSAT(((((q31_t)x << 16) >> 16) + (((q31_t)y      ) >> 16)), 16) & (int32_t)0x0000FFFF;
 820:Drivers/CMSIS/DSP/Include/arm_math.h ****     s = __SSAT(((((q31_t)x      ) >> 16) - (((q31_t)y << 16) >> 16)), 16) & (int32_t)0x0000FFFF;
 821:Drivers/CMSIS/DSP/Include/arm_math.h **** 
 822:Drivers/CMSIS/DSP/Include/arm_math.h ****     return ((uint32_t)((s << 16) | (r      )));
 823:Drivers/CMSIS/DSP/Include/arm_math.h ****   }
 824:Drivers/CMSIS/DSP/Include/arm_math.h **** 
 825:Drivers/CMSIS/DSP/Include/arm_math.h **** 
 826:Drivers/CMSIS/DSP/Include/arm_math.h ****   /*
 827:Drivers/CMSIS/DSP/Include/arm_math.h ****    * @brief C custom defined SHSAX for M3 and M0 processors
 828:Drivers/CMSIS/DSP/Include/arm_math.h ****    */
 829:Drivers/CMSIS/DSP/Include/arm_math.h ****   CMSIS_INLINE __STATIC_INLINE uint32_t __SHSAX(
 830:Drivers/CMSIS/DSP/Include/arm_math.h ****   uint32_t x,
 831:Drivers/CMSIS/DSP/Include/arm_math.h ****   uint32_t y)
 832:Drivers/CMSIS/DSP/Include/arm_math.h ****   {
 833:Drivers/CMSIS/DSP/Include/arm_math.h ****     q31_t r, s;
 834:Drivers/CMSIS/DSP/Include/arm_math.h **** 
 835:Drivers/CMSIS/DSP/Include/arm_math.h ****     r = (((((q31_t)x << 16) >> 16) + (((q31_t)y      ) >> 16)) >> 1) & (int32_t)0x0000FFFF;
 836:Drivers/CMSIS/DSP/Include/arm_math.h ****     s = (((((q31_t)x      ) >> 16) - (((q31_t)y << 16) >> 16)) >> 1) & (int32_t)0x0000FFFF;
 837:Drivers/CMSIS/DSP/Include/arm_math.h **** 
 838:Drivers/CMSIS/DSP/Include/arm_math.h ****     return ((uint32_t)((s << 16) | (r      )));
 839:Drivers/CMSIS/DSP/Include/arm_math.h ****   }
 840:Drivers/CMSIS/DSP/Include/arm_math.h **** 
 841:Drivers/CMSIS/DSP/Include/arm_math.h **** 
 842:Drivers/CMSIS/DSP/Include/arm_math.h ****   /*
 843:Drivers/CMSIS/DSP/Include/arm_math.h ****    * @brief C custom defined SMUSDX for M3 and M0 processors
 844:Drivers/CMSIS/DSP/Include/arm_math.h ****    */
 845:Drivers/CMSIS/DSP/Include/arm_math.h ****   CMSIS_INLINE __STATIC_INLINE uint32_t __SMUSDX(
 846:Drivers/CMSIS/DSP/Include/arm_math.h ****   uint32_t x,
 847:Drivers/CMSIS/DSP/Include/arm_math.h ****   uint32_t y)
 848:Drivers/CMSIS/DSP/Include/arm_math.h ****   {
 849:Drivers/CMSIS/DSP/Include/arm_math.h ****     return ((uint32_t)(((((q31_t)x << 16) >> 16) * (((q31_t)y      ) >> 16)) -
 850:Drivers/CMSIS/DSP/Include/arm_math.h ****                        ((((q31_t)x      ) >> 16) * (((q31_t)y << 16) >> 16))   ));
 851:Drivers/CMSIS/DSP/Include/arm_math.h ****   }
ARM GAS  C:\Users\Lamp\AppData\Local\Temp\ccyz797W.s 			page 21


 852:Drivers/CMSIS/DSP/Include/arm_math.h **** 
 853:Drivers/CMSIS/DSP/Include/arm_math.h ****   /*
 854:Drivers/CMSIS/DSP/Include/arm_math.h ****    * @brief C custom defined SMUADX for M3 and M0 processors
 855:Drivers/CMSIS/DSP/Include/arm_math.h ****    */
 856:Drivers/CMSIS/DSP/Include/arm_math.h ****   CMSIS_INLINE __STATIC_INLINE uint32_t __SMUADX(
 857:Drivers/CMSIS/DSP/Include/arm_math.h ****   uint32_t x,
 858:Drivers/CMSIS/DSP/Include/arm_math.h ****   uint32_t y)
 859:Drivers/CMSIS/DSP/Include/arm_math.h ****   {
 860:Drivers/CMSIS/DSP/Include/arm_math.h ****     return ((uint32_t)(((((q31_t)x << 16) >> 16) * (((q31_t)y      ) >> 16)) +
 861:Drivers/CMSIS/DSP/Include/arm_math.h ****                        ((((q31_t)x      ) >> 16) * (((q31_t)y << 16) >> 16))   ));
 862:Drivers/CMSIS/DSP/Include/arm_math.h ****   }
 863:Drivers/CMSIS/DSP/Include/arm_math.h **** 
 864:Drivers/CMSIS/DSP/Include/arm_math.h **** 
 865:Drivers/CMSIS/DSP/Include/arm_math.h ****   /*
 866:Drivers/CMSIS/DSP/Include/arm_math.h ****    * @brief C custom defined QADD for M3 and M0 processors
 867:Drivers/CMSIS/DSP/Include/arm_math.h ****    */
 868:Drivers/CMSIS/DSP/Include/arm_math.h ****   CMSIS_INLINE __STATIC_INLINE int32_t __QADD(
 869:Drivers/CMSIS/DSP/Include/arm_math.h ****   int32_t x,
 870:Drivers/CMSIS/DSP/Include/arm_math.h ****   int32_t y)
 871:Drivers/CMSIS/DSP/Include/arm_math.h ****   {
 872:Drivers/CMSIS/DSP/Include/arm_math.h ****     return ((int32_t)(clip_q63_to_q31((q63_t)x + (q31_t)y)));
 873:Drivers/CMSIS/DSP/Include/arm_math.h ****   }
 874:Drivers/CMSIS/DSP/Include/arm_math.h **** 
 875:Drivers/CMSIS/DSP/Include/arm_math.h **** 
 876:Drivers/CMSIS/DSP/Include/arm_math.h ****   /*
 877:Drivers/CMSIS/DSP/Include/arm_math.h ****    * @brief C custom defined QSUB for M3 and M0 processors
 878:Drivers/CMSIS/DSP/Include/arm_math.h ****    */
 879:Drivers/CMSIS/DSP/Include/arm_math.h ****   CMSIS_INLINE __STATIC_INLINE int32_t __QSUB(
 880:Drivers/CMSIS/DSP/Include/arm_math.h ****   int32_t x,
 881:Drivers/CMSIS/DSP/Include/arm_math.h ****   int32_t y)
 882:Drivers/CMSIS/DSP/Include/arm_math.h ****   {
 883:Drivers/CMSIS/DSP/Include/arm_math.h ****     return ((int32_t)(clip_q63_to_q31((q63_t)x - (q31_t)y)));
 884:Drivers/CMSIS/DSP/Include/arm_math.h ****   }
 885:Drivers/CMSIS/DSP/Include/arm_math.h **** 
 886:Drivers/CMSIS/DSP/Include/arm_math.h **** 
 887:Drivers/CMSIS/DSP/Include/arm_math.h ****   /*
 888:Drivers/CMSIS/DSP/Include/arm_math.h ****    * @brief C custom defined SMLAD for M3 and M0 processors
 889:Drivers/CMSIS/DSP/Include/arm_math.h ****    */
 890:Drivers/CMSIS/DSP/Include/arm_math.h ****   CMSIS_INLINE __STATIC_INLINE uint32_t __SMLAD(
 891:Drivers/CMSIS/DSP/Include/arm_math.h ****   uint32_t x,
 892:Drivers/CMSIS/DSP/Include/arm_math.h ****   uint32_t y,
 893:Drivers/CMSIS/DSP/Include/arm_math.h ****   uint32_t sum)
 894:Drivers/CMSIS/DSP/Include/arm_math.h ****   {
 895:Drivers/CMSIS/DSP/Include/arm_math.h ****     return ((uint32_t)(((((q31_t)x << 16) >> 16) * (((q31_t)y << 16) >> 16)) +
 896:Drivers/CMSIS/DSP/Include/arm_math.h ****                        ((((q31_t)x      ) >> 16) * (((q31_t)y      ) >> 16)) +
 897:Drivers/CMSIS/DSP/Include/arm_math.h ****                        ( ((q31_t)sum    )                                  )   ));
 898:Drivers/CMSIS/DSP/Include/arm_math.h ****   }
 899:Drivers/CMSIS/DSP/Include/arm_math.h **** 
 900:Drivers/CMSIS/DSP/Include/arm_math.h **** 
 901:Drivers/CMSIS/DSP/Include/arm_math.h ****   /*
 902:Drivers/CMSIS/DSP/Include/arm_math.h ****    * @brief C custom defined SMLADX for M3 and M0 processors
 903:Drivers/CMSIS/DSP/Include/arm_math.h ****    */
 904:Drivers/CMSIS/DSP/Include/arm_math.h ****   CMSIS_INLINE __STATIC_INLINE uint32_t __SMLADX(
 905:Drivers/CMSIS/DSP/Include/arm_math.h ****   uint32_t x,
 906:Drivers/CMSIS/DSP/Include/arm_math.h ****   uint32_t y,
 907:Drivers/CMSIS/DSP/Include/arm_math.h ****   uint32_t sum)
 908:Drivers/CMSIS/DSP/Include/arm_math.h ****   {
ARM GAS  C:\Users\Lamp\AppData\Local\Temp\ccyz797W.s 			page 22


 909:Drivers/CMSIS/DSP/Include/arm_math.h ****     return ((uint32_t)(((((q31_t)x << 16) >> 16) * (((q31_t)y      ) >> 16)) +
 910:Drivers/CMSIS/DSP/Include/arm_math.h ****                        ((((q31_t)x      ) >> 16) * (((q31_t)y << 16) >> 16)) +
 911:Drivers/CMSIS/DSP/Include/arm_math.h ****                        ( ((q31_t)sum    )                                  )   ));
 912:Drivers/CMSIS/DSP/Include/arm_math.h ****   }
 913:Drivers/CMSIS/DSP/Include/arm_math.h **** 
 914:Drivers/CMSIS/DSP/Include/arm_math.h **** 
 915:Drivers/CMSIS/DSP/Include/arm_math.h ****   /*
 916:Drivers/CMSIS/DSP/Include/arm_math.h ****    * @brief C custom defined SMLSDX for M3 and M0 processors
 917:Drivers/CMSIS/DSP/Include/arm_math.h ****    */
 918:Drivers/CMSIS/DSP/Include/arm_math.h ****   CMSIS_INLINE __STATIC_INLINE uint32_t __SMLSDX(
 919:Drivers/CMSIS/DSP/Include/arm_math.h ****   uint32_t x,
 920:Drivers/CMSIS/DSP/Include/arm_math.h ****   uint32_t y,
 921:Drivers/CMSIS/DSP/Include/arm_math.h ****   uint32_t sum)
 922:Drivers/CMSIS/DSP/Include/arm_math.h ****   {
 923:Drivers/CMSIS/DSP/Include/arm_math.h ****     return ((uint32_t)(((((q31_t)x << 16) >> 16) * (((q31_t)y      ) >> 16)) -
 924:Drivers/CMSIS/DSP/Include/arm_math.h ****                        ((((q31_t)x      ) >> 16) * (((q31_t)y << 16) >> 16)) +
 925:Drivers/CMSIS/DSP/Include/arm_math.h ****                        ( ((q31_t)sum    )                                  )   ));
 926:Drivers/CMSIS/DSP/Include/arm_math.h ****   }
 927:Drivers/CMSIS/DSP/Include/arm_math.h **** 
 928:Drivers/CMSIS/DSP/Include/arm_math.h **** 
 929:Drivers/CMSIS/DSP/Include/arm_math.h ****   /*
 930:Drivers/CMSIS/DSP/Include/arm_math.h ****    * @brief C custom defined SMLALD for M3 and M0 processors
 931:Drivers/CMSIS/DSP/Include/arm_math.h ****    */
 932:Drivers/CMSIS/DSP/Include/arm_math.h ****   CMSIS_INLINE __STATIC_INLINE uint64_t __SMLALD(
 115              		.loc 2 932 41 is_stmt 1 view .LVU34
 116              	.LBB77:
 933:Drivers/CMSIS/DSP/Include/arm_math.h ****   uint32_t x,
 934:Drivers/CMSIS/DSP/Include/arm_math.h ****   uint32_t y,
 935:Drivers/CMSIS/DSP/Include/arm_math.h ****   uint64_t sum)
 936:Drivers/CMSIS/DSP/Include/arm_math.h ****   {
 937:Drivers/CMSIS/DSP/Include/arm_math.h **** /*  return (sum + ((q15_t) (x >> 16) * (q15_t) (y >> 16)) + ((q15_t) x * (q15_t) y)); */
 938:Drivers/CMSIS/DSP/Include/arm_math.h ****     return ((uint64_t)(((((q31_t)x << 16) >> 16) * (((q31_t)y << 16) >> 16)) +
 117              		.loc 2 938 5 view .LVU35
 939:Drivers/CMSIS/DSP/Include/arm_math.h ****                        ((((q31_t)x      ) >> 16) * (((q31_t)y      ) >> 16)) +
 118              		.loc 2 939 43 is_stmt 0 view .LVU36
 119 0036 4FEA284B 		asr	fp, r8, #16
 120              		.loc 2 939 70 view .LVU37
 121 003a 4FEA2A47 		asr	r7, r10, #16
 122              		.loc 2 939 50 view .LVU38
 123 003e 0BFB07F7 		mul	r7, fp, r7
 938:Drivers/CMSIS/DSP/Include/arm_math.h ****                        ((((q31_t)x      ) >> 16) * (((q31_t)y      ) >> 16)) +
 124              		.loc 2 938 78 view .LVU39
 125 0042 08FB0A77 		mla	r7, r8, r10, r7
 126              		.loc 2 939 78 view .LVU40
 127 0046 DB19     		adds	r3, r3, r7
 128              	.LVL11:
 129              		.loc 2 939 78 view .LVU41
 130 0048 45EBE775 		adc	r5, r5, r7, asr #31
 131              	.LVL12:
 132              		.loc 2 939 78 view .LVU42
 133              	.LBE77:
 134              	.LBE76:
 171:Drivers/CMSIS/DSP/Source/FilteringFunctions/arm_conv_q15.c **** 
 172:Drivers/CMSIS/DSP/Source/FilteringFunctions/arm_conv_q15.c ****       /* Decrement the loop counter */
 173:Drivers/CMSIS/DSP/Source/FilteringFunctions/arm_conv_q15.c ****       k--;
 135              		.loc 1 173 7 is_stmt 1 view .LVU43
 136              		.loc 1 173 8 is_stmt 0 view .LVU44
ARM GAS  C:\Users\Lamp\AppData\Local\Temp\ccyz797W.s 			page 23


 137 004c 013E     		subs	r6, r6, #1
 138              	.LVL13:
 139              	.L6:
 167:Drivers/CMSIS/DSP/Source/FilteringFunctions/arm_conv_q15.c ****     {
 140              		.loc 1 167 14 is_stmt 1 view .LVU45
 141 004e 002E     		cmp	r6, #0
 142 0050 EDD1     		bne	.L4
 174:Drivers/CMSIS/DSP/Source/FilteringFunctions/arm_conv_q15.c ****     }
 175:Drivers/CMSIS/DSP/Source/FilteringFunctions/arm_conv_q15.c **** 
 176:Drivers/CMSIS/DSP/Source/FilteringFunctions/arm_conv_q15.c ****     /* Store the result in the accumulator in the destination buffer. */
 177:Drivers/CMSIS/DSP/Source/FilteringFunctions/arm_conv_q15.c ****     *pOut++ = (q15_t) (__SSAT((sum >> 15), 16));
 143              		.loc 1 177 5 view .LVU46
 144              	.LBB78:
 145              		.loc 1 177 24 view .LVU47
 146 0052 DB0B     		lsrs	r3, r3, #15
 147              	.LVL14:
 148              		.loc 1 177 24 is_stmt 0 view .LVU48
 149 0054 43EA4543 		orr	r3, r3, r5, lsl #17
 150              	.LVL15:
 151              		.loc 1 177 24 is_stmt 1 view .LVU49
 152              		.syntax unified
 153              	@ 177 "Drivers/CMSIS/DSP/Source/FilteringFunctions/arm_conv_q15.c" 1
 154 0058 03F30F03 		ssat r3, #16, r3
 155              	@ 0 "" 2
 156              	.LVL16:
 157              		.loc 1 177 24 view .LVU50
 158              		.thumb
 159              		.syntax unified
 160              	.LBE78:
 161              		.loc 1 177 10 is_stmt 0 view .LVU51
 162 005c 1899     		ldr	r1, [sp, #96]
 163              	.LVL17:
 164              		.loc 1 177 13 view .LVU52
 165 005e 21F8023B 		strh	r3, [r1], #2	@ movhi
 166              	.LVL18:
 178:Drivers/CMSIS/DSP/Source/FilteringFunctions/arm_conv_q15.c **** 
 179:Drivers/CMSIS/DSP/Source/FilteringFunctions/arm_conv_q15.c ****     /* Update the inputA and inputB pointers for next MAC calculation */
 180:Drivers/CMSIS/DSP/Source/FilteringFunctions/arm_conv_q15.c ****     py = pIn2 + count;
 167              		.loc 1 180 5 is_stmt 1 view .LVU53
 168              		.loc 1 180 15 is_stmt 0 view .LVU54
 169 0062 0CEB4E04 		add	r4, ip, lr, lsl #1
 170              	.LVL19:
 181:Drivers/CMSIS/DSP/Source/FilteringFunctions/arm_conv_q15.c ****     px = pIn1;
 171              		.loc 1 181 5 is_stmt 1 view .LVU55
 182:Drivers/CMSIS/DSP/Source/FilteringFunctions/arm_conv_q15.c **** 
 183:Drivers/CMSIS/DSP/Source/FilteringFunctions/arm_conv_q15.c ****     /* Increment the MAC count */
 184:Drivers/CMSIS/DSP/Source/FilteringFunctions/arm_conv_q15.c ****     count++;
 172              		.loc 1 184 5 view .LVU56
 173              		.loc 1 184 10 is_stmt 0 view .LVU57
 174 0066 0EF1010E 		add	lr, lr, #1
 175              	.LVL20:
 185:Drivers/CMSIS/DSP/Source/FilteringFunctions/arm_conv_q15.c **** 
 186:Drivers/CMSIS/DSP/Source/FilteringFunctions/arm_conv_q15.c ****     /* Decrement the loop counter */
 187:Drivers/CMSIS/DSP/Source/FilteringFunctions/arm_conv_q15.c ****     blockSize1--;
 176              		.loc 1 187 5 is_stmt 1 view .LVU58
 177              		.loc 1 187 15 is_stmt 0 view .LVU59
 178 006a 013A     		subs	r2, r2, #1
ARM GAS  C:\Users\Lamp\AppData\Local\Temp\ccyz797W.s 			page 24


 179              	.LVL21:
 177:Drivers/CMSIS/DSP/Source/FilteringFunctions/arm_conv_q15.c **** 
 180              		.loc 1 177 10 view .LVU60
 181 006c 1891     		str	r1, [sp, #96]
 182              	.LVL22:
 183              	.L3:
 158:Drivers/CMSIS/DSP/Source/FilteringFunctions/arm_conv_q15.c ****   {
 184              		.loc 1 158 23 is_stmt 1 view .LVU61
 185 006e BEF1030F 		cmp	lr, #3
 186 0072 05D8     		bhi	.L5
 158:Drivers/CMSIS/DSP/Source/FilteringFunctions/arm_conv_q15.c ****   {
 187              		.loc 1 158 23 is_stmt 0 discriminator 1 view .LVU62
 188 0074 22B1     		cbz	r2, .L5
 189 0076 0899     		ldr	r1, [sp, #32]
 165:Drivers/CMSIS/DSP/Source/FilteringFunctions/arm_conv_q15.c **** 
 190              		.loc 1 165 7 view .LVU63
 191 0078 7646     		mov	r6, lr
 161:Drivers/CMSIS/DSP/Source/FilteringFunctions/arm_conv_q15.c **** 
 192              		.loc 1 161 9 view .LVU64
 193 007a 0023     		movs	r3, #0
 194 007c 1D46     		mov	r5, r3
 195 007e E6E7     		b	.L6
 196              	.L5:
 188:Drivers/CMSIS/DSP/Source/FilteringFunctions/arm_conv_q15.c ****   }
 189:Drivers/CMSIS/DSP/Source/FilteringFunctions/arm_conv_q15.c **** 
 190:Drivers/CMSIS/DSP/Source/FilteringFunctions/arm_conv_q15.c ****   /* The second part of the stage starts here */
 191:Drivers/CMSIS/DSP/Source/FilteringFunctions/arm_conv_q15.c ****   /* The internal loop, over count, is unrolled by 4 */
 192:Drivers/CMSIS/DSP/Source/FilteringFunctions/arm_conv_q15.c ****   /* To, read the last two inputB samples using SIMD:
 193:Drivers/CMSIS/DSP/Source/FilteringFunctions/arm_conv_q15.c ****    * y[srcBLen] and y[srcBLen-1] coefficients, py is decremented by 1 */
 194:Drivers/CMSIS/DSP/Source/FilteringFunctions/arm_conv_q15.c ****   py = py - 1;
 197              		.loc 1 194 3 is_stmt 1 view .LVU65
 198              		.loc 1 194 11 is_stmt 0 view .LVU66
 199 0080 023C     		subs	r4, r4, #2
 200              	.LVL23:
 195:Drivers/CMSIS/DSP/Source/FilteringFunctions/arm_conv_q15.c **** 
 196:Drivers/CMSIS/DSP/Source/FilteringFunctions/arm_conv_q15.c ****   while (blockSize1 > 0U)
 201              		.loc 1 196 3 is_stmt 1 view .LVU67
 202 0082 1746     		mov	r7, r2
 203 0084 0546     		mov	r5, r0
 204              		.loc 1 196 9 is_stmt 0 view .LVU68
 205 0086 51E0     		b	.L7
 206              	.LVL24:
 207              	.L9:
 197:Drivers/CMSIS/DSP/Source/FilteringFunctions/arm_conv_q15.c ****   {
 198:Drivers/CMSIS/DSP/Source/FilteringFunctions/arm_conv_q15.c ****     /* Accumulator is made zero for every iteration */
 199:Drivers/CMSIS/DSP/Source/FilteringFunctions/arm_conv_q15.c ****     sum = 0;
 200:Drivers/CMSIS/DSP/Source/FilteringFunctions/arm_conv_q15.c **** 
 201:Drivers/CMSIS/DSP/Source/FilteringFunctions/arm_conv_q15.c ****     /* Apply loop unrolling and compute 4 MACs simultaneously. */
 202:Drivers/CMSIS/DSP/Source/FilteringFunctions/arm_conv_q15.c ****     k = count >> 2U;
 203:Drivers/CMSIS/DSP/Source/FilteringFunctions/arm_conv_q15.c **** 
 204:Drivers/CMSIS/DSP/Source/FilteringFunctions/arm_conv_q15.c ****     /* First part of the processing with loop unrolling.  Compute 4 MACs at a time.
 205:Drivers/CMSIS/DSP/Source/FilteringFunctions/arm_conv_q15.c ****      ** a second loop below computes MACs for the remaining 1 to 3 samples. */
 206:Drivers/CMSIS/DSP/Source/FilteringFunctions/arm_conv_q15.c ****     while (k > 0U)
 207:Drivers/CMSIS/DSP/Source/FilteringFunctions/arm_conv_q15.c ****     {
 208:Drivers/CMSIS/DSP/Source/FilteringFunctions/arm_conv_q15.c ****       /* Perform the multiply-accumulates */
 209:Drivers/CMSIS/DSP/Source/FilteringFunctions/arm_conv_q15.c ****       /* x[0], x[1] are multiplied with y[srcBLen - 1], y[srcBLen - 2] respectively */
 210:Drivers/CMSIS/DSP/Source/FilteringFunctions/arm_conv_q15.c ****       sum = __SMLALDX(*__SIMD32(px)++, *__SIMD32(py)--, sum);
ARM GAS  C:\Users\Lamp\AppData\Local\Temp\ccyz797W.s 			page 25


 208              		.loc 1 210 7 is_stmt 1 view .LVU69
 209              		.loc 1 210 23 is_stmt 0 view .LVU70
 210 0088 4646     		mov	r6, r8
 211 008a 56F8082B 		ldr	r2, [r6], #8
 212              	.LVL25:
 213              		.loc 1 210 40 view .LVU71
 214 008e 2746     		mov	r7, r4
 215 0090 57F80859 		ldr	r5, [r7], #-8
 216              	.LVL26:
 217              	.LBB79:
 218              	.LBI79:
 940:Drivers/CMSIS/DSP/Include/arm_math.h ****                        ( ((q63_t)sum    )                                  )   ));
 941:Drivers/CMSIS/DSP/Include/arm_math.h ****   }
 942:Drivers/CMSIS/DSP/Include/arm_math.h **** 
 943:Drivers/CMSIS/DSP/Include/arm_math.h **** 
 944:Drivers/CMSIS/DSP/Include/arm_math.h ****   /*
 945:Drivers/CMSIS/DSP/Include/arm_math.h ****    * @brief C custom defined SMLALDX for M3 and M0 processors
 946:Drivers/CMSIS/DSP/Include/arm_math.h ****    */
 947:Drivers/CMSIS/DSP/Include/arm_math.h ****   CMSIS_INLINE __STATIC_INLINE uint64_t __SMLALDX(
 219              		.loc 2 947 41 is_stmt 1 view .LVU72
 220              	.LBB80:
 948:Drivers/CMSIS/DSP/Include/arm_math.h ****   uint32_t x,
 949:Drivers/CMSIS/DSP/Include/arm_math.h ****   uint32_t y,
 950:Drivers/CMSIS/DSP/Include/arm_math.h ****   uint64_t sum)
 951:Drivers/CMSIS/DSP/Include/arm_math.h ****   {
 952:Drivers/CMSIS/DSP/Include/arm_math.h **** /*  return (sum + ((q15_t) (x >> 16) * (q15_t) y)) + ((q15_t) x * (q15_t) (y >> 16)); */
 953:Drivers/CMSIS/DSP/Include/arm_math.h ****     return ((uint64_t)(((((q31_t)x << 16) >> 16) * (((q31_t)y      ) >> 16)) +
 221              		.loc 2 953 5 view .LVU73
 222              		.loc 2 953 43 is_stmt 0 view .LVU74
 223 0094 0FFA82FA 		sxth	r10, r2
 224              		.loc 2 953 70 view .LVU75
 225 0098 4FEA254B 		asr	fp, r5, #16
 954:Drivers/CMSIS/DSP/Include/arm_math.h ****                        ((((q31_t)x      ) >> 16) * (((q31_t)y << 16) >> 16)) +
 226              		.loc 2 954 43 view .LVU76
 227 009c 1214     		asrs	r2, r2, #16
 228              	.LVL27:
 229              		.loc 2 954 70 view .LVU77
 230 009e 2DB2     		sxth	r5, r5
 231              	.LVL28:
 232              		.loc 2 954 50 view .LVU78
 233 00a0 05FB02F2 		mul	r2, r5, r2
 953:Drivers/CMSIS/DSP/Include/arm_math.h ****                        ((((q31_t)x      ) >> 16) * (((q31_t)y << 16) >> 16)) +
 234              		.loc 2 953 78 view .LVU79
 235 00a4 0BFB0A22 		mla	r2, fp, r10, r2
 236              		.loc 2 954 78 view .LVU80
 237 00a8 8918     		adds	r1, r1, r2
 238              	.LVL29:
 239              		.loc 2 954 78 view .LVU81
 240 00aa 43EBE272 		adc	r2, r3, r2, asr #31
 241              	.LVL30:
 242              		.loc 2 954 78 view .LVU82
 243              	.LBE80:
 244              	.LBE79:
 211:Drivers/CMSIS/DSP/Source/FilteringFunctions/arm_conv_q15.c ****       /* x[2], x[3] are multiplied with y[srcBLen - 3], y[srcBLen - 4] respectively */
 212:Drivers/CMSIS/DSP/Source/FilteringFunctions/arm_conv_q15.c ****       sum = __SMLALDX(*__SIMD32(px)++, *__SIMD32(py)--, sum);
 245              		.loc 1 212 7 is_stmt 1 view .LVU83
 246              		.loc 1 212 23 is_stmt 0 view .LVU84
ARM GAS  C:\Users\Lamp\AppData\Local\Temp\ccyz797W.s 			page 26


 247 00ae D8F80450 		ldr	r5, [r8, #4]
 248              	.LVL31:
 249              		.loc 1 212 40 view .LVU85
 250 00b2 54F8043C 		ldr	r3, [r4, #-4]
 251              	.LVL32:
 252              	.LBB81:
 253              	.LBI81:
 947:Drivers/CMSIS/DSP/Include/arm_math.h ****   uint32_t x,
 254              		.loc 2 947 41 is_stmt 1 view .LVU86
 255              	.LBB82:
 953:Drivers/CMSIS/DSP/Include/arm_math.h ****                        ((((q31_t)x      ) >> 16) * (((q31_t)y << 16) >> 16)) +
 256              		.loc 2 953 5 view .LVU87
 953:Drivers/CMSIS/DSP/Include/arm_math.h ****                        ((((q31_t)x      ) >> 16) * (((q31_t)y << 16) >> 16)) +
 257              		.loc 2 953 43 is_stmt 0 view .LVU88
 258 00b6 0FFA85F8 		sxth	r8, r5
 953:Drivers/CMSIS/DSP/Include/arm_math.h ****                        ((((q31_t)x      ) >> 16) * (((q31_t)y << 16) >> 16)) +
 259              		.loc 2 953 70 view .LVU89
 260 00ba 1C14     		asrs	r4, r3, #16
 261              		.loc 2 954 43 view .LVU90
 262 00bc 2D14     		asrs	r5, r5, #16
 263              	.LVL33:
 264              		.loc 2 954 70 view .LVU91
 265 00be 1BB2     		sxth	r3, r3
 266              	.LVL34:
 267              		.loc 2 954 50 view .LVU92
 268 00c0 05FB03F3 		mul	r3, r5, r3
 953:Drivers/CMSIS/DSP/Include/arm_math.h ****                        ((((q31_t)x      ) >> 16) * (((q31_t)y << 16) >> 16)) +
 269              		.loc 2 953 78 view .LVU93
 270 00c4 08FB0433 		mla	r3, r8, r4, r3
 271              		.loc 2 954 78 view .LVU94
 272 00c8 5918     		adds	r1, r3, r1
 273              	.LVL35:
 274              		.loc 2 954 78 view .LVU95
 275 00ca 42EBE373 		adc	r3, r2, r3, asr #31
 276              	.LVL36:
 277              		.loc 2 954 78 view .LVU96
 278              	.LBE82:
 279              	.LBE81:
 213:Drivers/CMSIS/DSP/Source/FilteringFunctions/arm_conv_q15.c **** 
 214:Drivers/CMSIS/DSP/Source/FilteringFunctions/arm_conv_q15.c ****       /* Decrement the loop counter */
 215:Drivers/CMSIS/DSP/Source/FilteringFunctions/arm_conv_q15.c ****       k--;
 280              		.loc 1 215 7 is_stmt 1 view .LVU97
 281              		.loc 1 215 8 is_stmt 0 view .LVU98
 282 00ce 0138     		subs	r0, r0, #1
 283              	.LVL37:
 212:Drivers/CMSIS/DSP/Source/FilteringFunctions/arm_conv_q15.c **** 
 284              		.loc 1 212 53 view .LVU99
 285 00d0 3C46     		mov	r4, r7
 212:Drivers/CMSIS/DSP/Source/FilteringFunctions/arm_conv_q15.c **** 
 286              		.loc 1 212 36 view .LVU100
 287 00d2 B046     		mov	r8, r6
 288              	.LVL38:
 289              	.L8:
 206:Drivers/CMSIS/DSP/Source/FilteringFunctions/arm_conv_q15.c ****     {
 290              		.loc 1 206 14 is_stmt 1 view .LVU101
 291 00d4 0028     		cmp	r0, #0
 292 00d6 D7D1     		bne	.L9
ARM GAS  C:\Users\Lamp\AppData\Local\Temp\ccyz797W.s 			page 27


 216:Drivers/CMSIS/DSP/Source/FilteringFunctions/arm_conv_q15.c ****     }
 217:Drivers/CMSIS/DSP/Source/FilteringFunctions/arm_conv_q15.c **** 
 218:Drivers/CMSIS/DSP/Source/FilteringFunctions/arm_conv_q15.c ****     /* For the next MAC operations, the pointer py is used without SIMD
 219:Drivers/CMSIS/DSP/Source/FilteringFunctions/arm_conv_q15.c ****      * So, py is incremented by 1 */
 220:Drivers/CMSIS/DSP/Source/FilteringFunctions/arm_conv_q15.c ****     py = py + 1U;
 293              		.loc 1 220 13 is_stmt 0 view .LVU102
 294 00d8 009F     		ldr	r7, [sp]
 295 00da 019D     		ldr	r5, [sp, #4]
 296 00dc 4046     		mov	r0, r8
 297              	.LVL39:
 298              		.loc 1 220 5 is_stmt 1 view .LVU103
 299              		.loc 1 220 13 is_stmt 0 view .LVU104
 300 00de 0234     		adds	r4, r4, #2
 301              	.LVL40:
 221:Drivers/CMSIS/DSP/Source/FilteringFunctions/arm_conv_q15.c **** 
 222:Drivers/CMSIS/DSP/Source/FilteringFunctions/arm_conv_q15.c ****     /* If the count is not a multiple of 4, compute any remaining MACs here.
 223:Drivers/CMSIS/DSP/Source/FilteringFunctions/arm_conv_q15.c ****      ** No loop unrolling is used. */
 224:Drivers/CMSIS/DSP/Source/FilteringFunctions/arm_conv_q15.c ****     k = count % 0x4U;
 302              		.loc 1 224 5 is_stmt 1 view .LVU105
 303              		.loc 1 224 7 is_stmt 0 view .LVU106
 304 00e0 0EF00306 		and	r6, lr, #3
 305              	.LVL41:
 225:Drivers/CMSIS/DSP/Source/FilteringFunctions/arm_conv_q15.c **** 
 226:Drivers/CMSIS/DSP/Source/FilteringFunctions/arm_conv_q15.c ****     while (k > 0U)
 306              		.loc 1 226 5 is_stmt 1 view .LVU107
 307              		.loc 1 226 11 is_stmt 0 view .LVU108
 308 00e4 0FE0     		b	.L10
 309              	.LVL42:
 310              	.L11:
 227:Drivers/CMSIS/DSP/Source/FilteringFunctions/arm_conv_q15.c ****     {
 228:Drivers/CMSIS/DSP/Source/FilteringFunctions/arm_conv_q15.c ****       /* Perform the multiply-accumulates */
 229:Drivers/CMSIS/DSP/Source/FilteringFunctions/arm_conv_q15.c ****       sum = __SMLALD(*px++, *py--, sum);
 311              		.loc 1 229 7 is_stmt 1 view .LVU109
 312              		.loc 1 229 22 is_stmt 0 view .LVU110
 313 00e6 30F9028B 		ldrsh	r8, [r0], #2
 314              	.LVL43:
 315              		.loc 1 229 29 view .LVU111
 316 00ea 34F902A9 		ldrsh	r10, [r4], #-2
 317              	.LVL44:
 318              	.LBB83:
 319              	.LBI83:
 932:Drivers/CMSIS/DSP/Include/arm_math.h ****   uint32_t x,
 320              		.loc 2 932 41 is_stmt 1 view .LVU112
 321              	.LBB84:
 938:Drivers/CMSIS/DSP/Include/arm_math.h ****                        ((((q31_t)x      ) >> 16) * (((q31_t)y      ) >> 16)) +
 322              		.loc 2 938 5 view .LVU113
 939:Drivers/CMSIS/DSP/Include/arm_math.h ****                        ( ((q63_t)sum    )                                  )   ));
 323              		.loc 2 939 43 is_stmt 0 view .LVU114
 324 00ee 4FEA2842 		asr	r2, r8, #16
 939:Drivers/CMSIS/DSP/Include/arm_math.h ****                        ( ((q63_t)sum    )                                  )   ));
 325              		.loc 2 939 70 view .LVU115
 326 00f2 4FEA2A4B 		asr	fp, r10, #16
 939:Drivers/CMSIS/DSP/Include/arm_math.h ****                        ( ((q63_t)sum    )                                  )   ));
 327              		.loc 2 939 50 view .LVU116
 328 00f6 0BFB02F2 		mul	r2, fp, r2
 938:Drivers/CMSIS/DSP/Include/arm_math.h ****                        ((((q31_t)x      ) >> 16) * (((q31_t)y      ) >> 16)) +
 329              		.loc 2 938 78 view .LVU117
ARM GAS  C:\Users\Lamp\AppData\Local\Temp\ccyz797W.s 			page 28


 330 00fa 0AFB0822 		mla	r2, r10, r8, r2
 939:Drivers/CMSIS/DSP/Include/arm_math.h ****                        ( ((q63_t)sum    )                                  )   ));
 331              		.loc 2 939 78 view .LVU118
 332 00fe 8918     		adds	r1, r1, r2
 333              	.LVL45:
 939:Drivers/CMSIS/DSP/Include/arm_math.h ****                        ( ((q63_t)sum    )                                  )   ));
 334              		.loc 2 939 78 view .LVU119
 335 0100 43EBE273 		adc	r3, r3, r2, asr #31
 336              	.LVL46:
 939:Drivers/CMSIS/DSP/Include/arm_math.h ****                        ( ((q63_t)sum    )                                  )   ));
 337              		.loc 2 939 78 view .LVU120
 338              	.LBE84:
 339              	.LBE83:
 230:Drivers/CMSIS/DSP/Source/FilteringFunctions/arm_conv_q15.c **** 
 231:Drivers/CMSIS/DSP/Source/FilteringFunctions/arm_conv_q15.c ****       /* Decrement the loop counter */
 232:Drivers/CMSIS/DSP/Source/FilteringFunctions/arm_conv_q15.c ****       k--;
 340              		.loc 1 232 7 is_stmt 1 view .LVU121
 341              		.loc 1 232 8 is_stmt 0 view .LVU122
 342 0104 013E     		subs	r6, r6, #1
 343              	.LVL47:
 344              	.L10:
 226:Drivers/CMSIS/DSP/Source/FilteringFunctions/arm_conv_q15.c ****     {
 345              		.loc 1 226 14 is_stmt 1 view .LVU123
 346 0106 002E     		cmp	r6, #0
 347 0108 EDD1     		bne	.L11
 233:Drivers/CMSIS/DSP/Source/FilteringFunctions/arm_conv_q15.c ****     }
 234:Drivers/CMSIS/DSP/Source/FilteringFunctions/arm_conv_q15.c **** 
 235:Drivers/CMSIS/DSP/Source/FilteringFunctions/arm_conv_q15.c ****     /* Store the result in the accumulator in the destination buffer. */
 236:Drivers/CMSIS/DSP/Source/FilteringFunctions/arm_conv_q15.c ****     *pOut++ = (q15_t) (__SSAT((sum >> 15), 16));
 348              		.loc 1 236 5 view .LVU124
 349              	.LBB85:
 350              		.loc 1 236 24 view .LVU125
 351 010a C90B     		lsrs	r1, r1, #15
 352              	.LVL48:
 353              		.loc 1 236 24 is_stmt 0 view .LVU126
 354 010c 41EA4341 		orr	r1, r1, r3, lsl #17
 355              	.LVL49:
 356              		.loc 1 236 24 is_stmt 1 view .LVU127
 357              		.syntax unified
 358              	@ 236 "Drivers/CMSIS/DSP/Source/FilteringFunctions/arm_conv_q15.c" 1
 359 0110 01F30F01 		ssat r1, #16, r1
 360              	@ 0 "" 2
 361              	.LVL50:
 362              		.loc 1 236 24 view .LVU128
 363              		.thumb
 364              		.syntax unified
 365              	.LBE85:
 366              		.loc 1 236 10 is_stmt 0 view .LVU129
 367 0114 189B     		ldr	r3, [sp, #96]
 368              	.LVL51:
 369              		.loc 1 236 13 view .LVU130
 370 0116 23F8021B 		strh	r1, [r3], #2	@ movhi
 371              	.LVL52:
 237:Drivers/CMSIS/DSP/Source/FilteringFunctions/arm_conv_q15.c **** 
 238:Drivers/CMSIS/DSP/Source/FilteringFunctions/arm_conv_q15.c ****     /* Update the inputA and inputB pointers for next MAC calculation */
 239:Drivers/CMSIS/DSP/Source/FilteringFunctions/arm_conv_q15.c ****     py = pIn2 + (count - 1U);
 372              		.loc 1 239 5 is_stmt 1 view .LVU131
ARM GAS  C:\Users\Lamp\AppData\Local\Temp\ccyz797W.s 			page 29


 373              		.loc 1 239 15 is_stmt 0 view .LVU132
 374 011a 0EF10044 		add	r4, lr, #-2147483648
 375              	.LVL53:
 376              		.loc 1 239 15 view .LVU133
 377 011e 013C     		subs	r4, r4, #1
 378 0120 0CEB4404 		add	r4, ip, r4, lsl #1
 379              	.LVL54:
 240:Drivers/CMSIS/DSP/Source/FilteringFunctions/arm_conv_q15.c ****     px = pIn1;
 380              		.loc 1 240 5 is_stmt 1 view .LVU134
 241:Drivers/CMSIS/DSP/Source/FilteringFunctions/arm_conv_q15.c **** 
 242:Drivers/CMSIS/DSP/Source/FilteringFunctions/arm_conv_q15.c ****     /* Increment the MAC count */
 243:Drivers/CMSIS/DSP/Source/FilteringFunctions/arm_conv_q15.c ****     count++;
 381              		.loc 1 243 5 view .LVU135
 382              		.loc 1 243 10 is_stmt 0 view .LVU136
 383 0124 0EF1010E 		add	lr, lr, #1
 384              	.LVL55:
 244:Drivers/CMSIS/DSP/Source/FilteringFunctions/arm_conv_q15.c **** 
 245:Drivers/CMSIS/DSP/Source/FilteringFunctions/arm_conv_q15.c ****     /* Decrement the loop counter */
 246:Drivers/CMSIS/DSP/Source/FilteringFunctions/arm_conv_q15.c ****     blockSize1--;
 385              		.loc 1 246 5 is_stmt 1 view .LVU137
 386              		.loc 1 246 15 is_stmt 0 view .LVU138
 387 0128 013F     		subs	r7, r7, #1
 388              	.LVL56:
 236:Drivers/CMSIS/DSP/Source/FilteringFunctions/arm_conv_q15.c **** 
 389              		.loc 1 236 10 view .LVU139
 390 012a 1893     		str	r3, [sp, #96]
 391              	.LVL57:
 392              	.L7:
 196:Drivers/CMSIS/DSP/Source/FilteringFunctions/arm_conv_q15.c ****   {
 393              		.loc 1 196 21 is_stmt 1 view .LVU140
 394 012c 57B1     		cbz	r7, .L45
 199:Drivers/CMSIS/DSP/Source/FilteringFunctions/arm_conv_q15.c **** 
 395              		.loc 1 199 5 view .LVU141
 396              	.LVL58:
 202:Drivers/CMSIS/DSP/Source/FilteringFunctions/arm_conv_q15.c **** 
 397              		.loc 1 202 5 view .LVU142
 202:Drivers/CMSIS/DSP/Source/FilteringFunctions/arm_conv_q15.c **** 
 398              		.loc 1 202 7 is_stmt 0 view .LVU143
 399 012e 4FEA9E08 		lsr	r8, lr, #2
 400              	.LVL59:
 206:Drivers/CMSIS/DSP/Source/FilteringFunctions/arm_conv_q15.c ****     {
 401              		.loc 1 206 5 is_stmt 1 view .LVU144
 206:Drivers/CMSIS/DSP/Source/FilteringFunctions/arm_conv_q15.c ****     {
 402              		.loc 1 206 11 is_stmt 0 view .LVU145
 403 0132 0898     		ldr	r0, [sp, #32]
 199:Drivers/CMSIS/DSP/Source/FilteringFunctions/arm_conv_q15.c **** 
 404              		.loc 1 199 9 view .LVU146
 405 0134 0021     		movs	r1, #0
 406 0136 0B46     		mov	r3, r1
 407 0138 0097     		str	r7, [sp]
 408 013a 0195     		str	r5, [sp, #4]
 409 013c 0246     		mov	r2, r0
 410 013e 4046     		mov	r0, r8
 411 0140 9046     		mov	r8, r2
 412              	.LVL60:
 206:Drivers/CMSIS/DSP/Source/FilteringFunctions/arm_conv_q15.c ****     {
 413              		.loc 1 206 11 view .LVU147
ARM GAS  C:\Users\Lamp\AppData\Local\Temp\ccyz797W.s 			page 30


 414 0142 C7E7     		b	.L8
 415              	.LVL61:
 416              	.L45:
 247:Drivers/CMSIS/DSP/Source/FilteringFunctions/arm_conv_q15.c ****   }
 248:Drivers/CMSIS/DSP/Source/FilteringFunctions/arm_conv_q15.c **** 
 249:Drivers/CMSIS/DSP/Source/FilteringFunctions/arm_conv_q15.c ****   /* --------------------------
 250:Drivers/CMSIS/DSP/Source/FilteringFunctions/arm_conv_q15.c ****    * Initializations of stage2
 251:Drivers/CMSIS/DSP/Source/FilteringFunctions/arm_conv_q15.c ****    * ------------------------*/
 252:Drivers/CMSIS/DSP/Source/FilteringFunctions/arm_conv_q15.c **** 
 253:Drivers/CMSIS/DSP/Source/FilteringFunctions/arm_conv_q15.c ****   /* sum = x[0] * y[srcBLen-1] + x[1] * y[srcBLen-2] +...+ x[srcBLen-1] * y[0]
 254:Drivers/CMSIS/DSP/Source/FilteringFunctions/arm_conv_q15.c ****    * sum = x[1] * y[srcBLen-1] + x[2] * y[srcBLen-2] +...+ x[srcBLen] * y[0]
 255:Drivers/CMSIS/DSP/Source/FilteringFunctions/arm_conv_q15.c ****    * ....
 256:Drivers/CMSIS/DSP/Source/FilteringFunctions/arm_conv_q15.c ****    * sum = x[srcALen-srcBLen-2] * y[srcBLen-1] + x[srcALen] * y[srcBLen-2] +...+ x[srcALen-1] * y[0
 257:Drivers/CMSIS/DSP/Source/FilteringFunctions/arm_conv_q15.c ****    */
 258:Drivers/CMSIS/DSP/Source/FilteringFunctions/arm_conv_q15.c **** 
 259:Drivers/CMSIS/DSP/Source/FilteringFunctions/arm_conv_q15.c ****   /* Working pointer of inputA */
 260:Drivers/CMSIS/DSP/Source/FilteringFunctions/arm_conv_q15.c ****   px = pIn1;
 261:Drivers/CMSIS/DSP/Source/FilteringFunctions/arm_conv_q15.c **** 
 262:Drivers/CMSIS/DSP/Source/FilteringFunctions/arm_conv_q15.c ****   /* Working pointer of inputB */
 263:Drivers/CMSIS/DSP/Source/FilteringFunctions/arm_conv_q15.c ****   pSrc2 = pIn2 + (srcBLen - 1U);
 417              		.loc 1 263 16 view .LVU148
 418 0144 0B97     		str	r7, [sp, #44]
 419 0146 2846     		mov	r0, r5
 260:Drivers/CMSIS/DSP/Source/FilteringFunctions/arm_conv_q15.c **** 
 420              		.loc 1 260 3 is_stmt 1 view .LVU149
 421              		.loc 1 263 3 view .LVU150
 422              		.loc 1 263 16 is_stmt 0 view .LVU151
 423 0148 099A     		ldr	r2, [sp, #36]
 424 014a 02F10043 		add	r3, r2, #-2147483648
 425 014e 013B     		subs	r3, r3, #1
 426              		.loc 1 263 9 view .LVU152
 427 0150 0CEB4303 		add	r3, ip, r3, lsl #1
 428 0154 0793     		str	r3, [sp, #28]
 429              	.LVL62:
 264:Drivers/CMSIS/DSP/Source/FilteringFunctions/arm_conv_q15.c ****   py = pSrc2;
 430              		.loc 1 264 3 is_stmt 1 view .LVU153
 265:Drivers/CMSIS/DSP/Source/FilteringFunctions/arm_conv_q15.c **** 
 266:Drivers/CMSIS/DSP/Source/FilteringFunctions/arm_conv_q15.c ****   /* count is the index by which the pointer pIn1 to be incremented */
 267:Drivers/CMSIS/DSP/Source/FilteringFunctions/arm_conv_q15.c ****   count = 0U;
 431              		.loc 1 267 3 view .LVU154
 268:Drivers/CMSIS/DSP/Source/FilteringFunctions/arm_conv_q15.c **** 
 269:Drivers/CMSIS/DSP/Source/FilteringFunctions/arm_conv_q15.c **** 
 270:Drivers/CMSIS/DSP/Source/FilteringFunctions/arm_conv_q15.c ****   /* --------------------
 271:Drivers/CMSIS/DSP/Source/FilteringFunctions/arm_conv_q15.c ****    * Stage2 process
 272:Drivers/CMSIS/DSP/Source/FilteringFunctions/arm_conv_q15.c ****    * -------------------*/
 273:Drivers/CMSIS/DSP/Source/FilteringFunctions/arm_conv_q15.c **** 
 274:Drivers/CMSIS/DSP/Source/FilteringFunctions/arm_conv_q15.c ****   /* Stage2 depends on srcBLen as in this stage srcBLen number of MACS are performed.
 275:Drivers/CMSIS/DSP/Source/FilteringFunctions/arm_conv_q15.c ****    * So, to loop unroll over blockSize2,
 276:Drivers/CMSIS/DSP/Source/FilteringFunctions/arm_conv_q15.c ****    * srcBLen should be greater than or equal to 4 */
 277:Drivers/CMSIS/DSP/Source/FilteringFunctions/arm_conv_q15.c ****   if (srcBLen >= 4U)
 432              		.loc 1 277 3 view .LVU155
 433              		.loc 1 277 6 is_stmt 0 view .LVU156
 434 0156 032A     		cmp	r2, #3
 435 0158 40F21382 		bls	.L40
 278:Drivers/CMSIS/DSP/Source/FilteringFunctions/arm_conv_q15.c ****   {
 279:Drivers/CMSIS/DSP/Source/FilteringFunctions/arm_conv_q15.c ****     /* Loop unroll over blockSize2, by 4 */
 280:Drivers/CMSIS/DSP/Source/FilteringFunctions/arm_conv_q15.c ****     blkCnt = blockSize2 >> 2U;
ARM GAS  C:\Users\Lamp\AppData\Local\Temp\ccyz797W.s 			page 31


 436              		.loc 1 280 5 is_stmt 1 view .LVU157
 437              		.loc 1 280 12 is_stmt 0 view .LVU158
 438 015c 4FEA9903 		lsr	r3, r9, #2
 439              	.LVL63:
 440              		.loc 1 280 12 view .LVU159
 441 0160 0A93     		str	r3, [sp, #40]
 442              	.LVL64:
 281:Drivers/CMSIS/DSP/Source/FilteringFunctions/arm_conv_q15.c **** 
 282:Drivers/CMSIS/DSP/Source/FilteringFunctions/arm_conv_q15.c ****     while (blkCnt > 0U)
 443              		.loc 1 282 5 is_stmt 1 view .LVU160
 260:Drivers/CMSIS/DSP/Source/FilteringFunctions/arm_conv_q15.c **** 
 444              		.loc 1 260 6 is_stmt 0 view .LVU161
 445 0162 089B     		ldr	r3, [sp, #32]
 446              	.LVL65:
 260:Drivers/CMSIS/DSP/Source/FilteringFunctions/arm_conv_q15.c **** 
 447              		.loc 1 260 6 view .LVU162
 448 0164 0C95     		str	r5, [sp, #48]
 449 0166 CDF83490 		str	r9, [sp, #52]
 450              		.loc 1 282 11 view .LVU163
 451 016a 94E0     		b	.L14
 452              	.LVL66:
 453              	.L47:
 283:Drivers/CMSIS/DSP/Source/FilteringFunctions/arm_conv_q15.c ****     {
 284:Drivers/CMSIS/DSP/Source/FilteringFunctions/arm_conv_q15.c ****       py = py - 1U;
 285:Drivers/CMSIS/DSP/Source/FilteringFunctions/arm_conv_q15.c **** 
 286:Drivers/CMSIS/DSP/Source/FilteringFunctions/arm_conv_q15.c ****       /* Set all accumulators to zero */
 287:Drivers/CMSIS/DSP/Source/FilteringFunctions/arm_conv_q15.c ****       acc0 = 0;
 288:Drivers/CMSIS/DSP/Source/FilteringFunctions/arm_conv_q15.c ****       acc1 = 0;
 289:Drivers/CMSIS/DSP/Source/FilteringFunctions/arm_conv_q15.c ****       acc2 = 0;
 290:Drivers/CMSIS/DSP/Source/FilteringFunctions/arm_conv_q15.c ****       acc3 = 0;
 291:Drivers/CMSIS/DSP/Source/FilteringFunctions/arm_conv_q15.c **** 
 292:Drivers/CMSIS/DSP/Source/FilteringFunctions/arm_conv_q15.c **** 
 293:Drivers/CMSIS/DSP/Source/FilteringFunctions/arm_conv_q15.c ****       /* read x[0], x[1] samples */
 294:Drivers/CMSIS/DSP/Source/FilteringFunctions/arm_conv_q15.c ****       x0 = *__SIMD32(px);
 295:Drivers/CMSIS/DSP/Source/FilteringFunctions/arm_conv_q15.c ****       /* read x[1], x[2] samples */
 296:Drivers/CMSIS/DSP/Source/FilteringFunctions/arm_conv_q15.c ****       x1 = _SIMD32_OFFSET(px+1);
 297:Drivers/CMSIS/DSP/Source/FilteringFunctions/arm_conv_q15.c ****       px+= 2U;
 298:Drivers/CMSIS/DSP/Source/FilteringFunctions/arm_conv_q15.c **** 
 299:Drivers/CMSIS/DSP/Source/FilteringFunctions/arm_conv_q15.c **** 
 300:Drivers/CMSIS/DSP/Source/FilteringFunctions/arm_conv_q15.c ****       /* Apply loop unrolling and compute 4 MACs simultaneously. */
 301:Drivers/CMSIS/DSP/Source/FilteringFunctions/arm_conv_q15.c ****       k = srcBLen >> 2U;
 302:Drivers/CMSIS/DSP/Source/FilteringFunctions/arm_conv_q15.c **** 
 303:Drivers/CMSIS/DSP/Source/FilteringFunctions/arm_conv_q15.c ****       /* First part of the processing with loop unrolling.  Compute 4 MACs at a time.
 304:Drivers/CMSIS/DSP/Source/FilteringFunctions/arm_conv_q15.c ****        ** a second loop below computes MACs for the remaining 1 to 3 samples. */
 305:Drivers/CMSIS/DSP/Source/FilteringFunctions/arm_conv_q15.c ****       do
 306:Drivers/CMSIS/DSP/Source/FilteringFunctions/arm_conv_q15.c ****       {
 307:Drivers/CMSIS/DSP/Source/FilteringFunctions/arm_conv_q15.c ****         /* Read the last two inputB samples using SIMD:
 308:Drivers/CMSIS/DSP/Source/FilteringFunctions/arm_conv_q15.c ****          * y[srcBLen - 1] and y[srcBLen - 2] */
 309:Drivers/CMSIS/DSP/Source/FilteringFunctions/arm_conv_q15.c ****         c0 = *__SIMD32(py)--;
 310:Drivers/CMSIS/DSP/Source/FilteringFunctions/arm_conv_q15.c **** 
 311:Drivers/CMSIS/DSP/Source/FilteringFunctions/arm_conv_q15.c ****         /* acc0 +=  x[0] * y[srcBLen - 1] + x[1] * y[srcBLen - 2] */
 312:Drivers/CMSIS/DSP/Source/FilteringFunctions/arm_conv_q15.c ****         acc0 = __SMLALDX(x0, c0, acc0);
 313:Drivers/CMSIS/DSP/Source/FilteringFunctions/arm_conv_q15.c **** 
 314:Drivers/CMSIS/DSP/Source/FilteringFunctions/arm_conv_q15.c ****         /* acc1 +=  x[1] * y[srcBLen - 1] + x[2] * y[srcBLen - 2] */
 315:Drivers/CMSIS/DSP/Source/FilteringFunctions/arm_conv_q15.c ****         acc1 = __SMLALDX(x1, c0, acc1);
 316:Drivers/CMSIS/DSP/Source/FilteringFunctions/arm_conv_q15.c **** 
 317:Drivers/CMSIS/DSP/Source/FilteringFunctions/arm_conv_q15.c ****         /* Read x[2], x[3] */
ARM GAS  C:\Users\Lamp\AppData\Local\Temp\ccyz797W.s 			page 32


 318:Drivers/CMSIS/DSP/Source/FilteringFunctions/arm_conv_q15.c ****         x2 = *__SIMD32(px);
 319:Drivers/CMSIS/DSP/Source/FilteringFunctions/arm_conv_q15.c **** 
 320:Drivers/CMSIS/DSP/Source/FilteringFunctions/arm_conv_q15.c ****         /* Read x[3], x[4] */
 321:Drivers/CMSIS/DSP/Source/FilteringFunctions/arm_conv_q15.c ****         x3 = _SIMD32_OFFSET(px+1);
 322:Drivers/CMSIS/DSP/Source/FilteringFunctions/arm_conv_q15.c **** 
 323:Drivers/CMSIS/DSP/Source/FilteringFunctions/arm_conv_q15.c ****         /* acc2 +=  x[2] * y[srcBLen - 1] + x[3] * y[srcBLen - 2] */
 324:Drivers/CMSIS/DSP/Source/FilteringFunctions/arm_conv_q15.c ****         acc2 = __SMLALDX(x2, c0, acc2);
 325:Drivers/CMSIS/DSP/Source/FilteringFunctions/arm_conv_q15.c **** 
 326:Drivers/CMSIS/DSP/Source/FilteringFunctions/arm_conv_q15.c ****         /* acc3 +=  x[3] * y[srcBLen - 1] + x[4] * y[srcBLen - 2] */
 327:Drivers/CMSIS/DSP/Source/FilteringFunctions/arm_conv_q15.c ****         acc3 = __SMLALDX(x3, c0, acc3);
 328:Drivers/CMSIS/DSP/Source/FilteringFunctions/arm_conv_q15.c **** 
 329:Drivers/CMSIS/DSP/Source/FilteringFunctions/arm_conv_q15.c ****         /* Read y[srcBLen - 3] and y[srcBLen - 4] */
 330:Drivers/CMSIS/DSP/Source/FilteringFunctions/arm_conv_q15.c ****         c0 = *__SIMD32(py)--;
 331:Drivers/CMSIS/DSP/Source/FilteringFunctions/arm_conv_q15.c **** 
 332:Drivers/CMSIS/DSP/Source/FilteringFunctions/arm_conv_q15.c ****         /* acc0 +=  x[2] * y[srcBLen - 3] + x[3] * y[srcBLen - 4] */
 333:Drivers/CMSIS/DSP/Source/FilteringFunctions/arm_conv_q15.c ****         acc0 = __SMLALDX(x2, c0, acc0);
 334:Drivers/CMSIS/DSP/Source/FilteringFunctions/arm_conv_q15.c **** 
 335:Drivers/CMSIS/DSP/Source/FilteringFunctions/arm_conv_q15.c ****         /* acc1 +=  x[3] * y[srcBLen - 3] + x[4] * y[srcBLen - 4] */
 336:Drivers/CMSIS/DSP/Source/FilteringFunctions/arm_conv_q15.c ****         acc1 = __SMLALDX(x3, c0, acc1);
 337:Drivers/CMSIS/DSP/Source/FilteringFunctions/arm_conv_q15.c **** 
 338:Drivers/CMSIS/DSP/Source/FilteringFunctions/arm_conv_q15.c ****         /* Read x[4], x[5] */
 339:Drivers/CMSIS/DSP/Source/FilteringFunctions/arm_conv_q15.c ****         x0 = _SIMD32_OFFSET(px+2);
 340:Drivers/CMSIS/DSP/Source/FilteringFunctions/arm_conv_q15.c **** 
 341:Drivers/CMSIS/DSP/Source/FilteringFunctions/arm_conv_q15.c ****         /* Read x[5], x[6] */
 342:Drivers/CMSIS/DSP/Source/FilteringFunctions/arm_conv_q15.c ****         x1 = _SIMD32_OFFSET(px+3);
 343:Drivers/CMSIS/DSP/Source/FilteringFunctions/arm_conv_q15.c ****         px += 4U;
 344:Drivers/CMSIS/DSP/Source/FilteringFunctions/arm_conv_q15.c **** 
 345:Drivers/CMSIS/DSP/Source/FilteringFunctions/arm_conv_q15.c ****         /* acc2 +=  x[4] * y[srcBLen - 3] + x[5] * y[srcBLen - 4] */
 346:Drivers/CMSIS/DSP/Source/FilteringFunctions/arm_conv_q15.c ****         acc2 = __SMLALDX(x0, c0, acc2);
 347:Drivers/CMSIS/DSP/Source/FilteringFunctions/arm_conv_q15.c **** 
 348:Drivers/CMSIS/DSP/Source/FilteringFunctions/arm_conv_q15.c ****         /* acc3 +=  x[5] * y[srcBLen - 3] + x[6] * y[srcBLen - 4] */
 349:Drivers/CMSIS/DSP/Source/FilteringFunctions/arm_conv_q15.c ****         acc3 = __SMLALDX(x1, c0, acc3);
 350:Drivers/CMSIS/DSP/Source/FilteringFunctions/arm_conv_q15.c **** 
 351:Drivers/CMSIS/DSP/Source/FilteringFunctions/arm_conv_q15.c ****       } while (--k);
 352:Drivers/CMSIS/DSP/Source/FilteringFunctions/arm_conv_q15.c **** 
 353:Drivers/CMSIS/DSP/Source/FilteringFunctions/arm_conv_q15.c ****       /* For the next MAC operations, SIMD is not used
 354:Drivers/CMSIS/DSP/Source/FilteringFunctions/arm_conv_q15.c ****        * So, the 16 bit pointer if inputB, py is updated */
 355:Drivers/CMSIS/DSP/Source/FilteringFunctions/arm_conv_q15.c **** 
 356:Drivers/CMSIS/DSP/Source/FilteringFunctions/arm_conv_q15.c ****       /* If the srcBLen is not a multiple of 4, compute any remaining MACs here.
 357:Drivers/CMSIS/DSP/Source/FilteringFunctions/arm_conv_q15.c ****        ** No loop unrolling is used. */
 358:Drivers/CMSIS/DSP/Source/FilteringFunctions/arm_conv_q15.c ****       k = srcBLen % 0x4U;
 359:Drivers/CMSIS/DSP/Source/FilteringFunctions/arm_conv_q15.c **** 
 360:Drivers/CMSIS/DSP/Source/FilteringFunctions/arm_conv_q15.c ****       if (k == 1U)
 361:Drivers/CMSIS/DSP/Source/FilteringFunctions/arm_conv_q15.c ****       {
 362:Drivers/CMSIS/DSP/Source/FilteringFunctions/arm_conv_q15.c ****         /* Read y[srcBLen - 5] */
 363:Drivers/CMSIS/DSP/Source/FilteringFunctions/arm_conv_q15.c ****         c0 = *(py+1);
 454              		.loc 1 363 9 is_stmt 1 view .LVU164
 364:Drivers/CMSIS/DSP/Source/FilteringFunctions/arm_conv_q15.c **** 
 365:Drivers/CMSIS/DSP/Source/FilteringFunctions/arm_conv_q15.c **** #ifdef  ARM_MATH_BIG_ENDIAN
 366:Drivers/CMSIS/DSP/Source/FilteringFunctions/arm_conv_q15.c **** 
 367:Drivers/CMSIS/DSP/Source/FilteringFunctions/arm_conv_q15.c ****         c0 = c0 << 16U;
 368:Drivers/CMSIS/DSP/Source/FilteringFunctions/arm_conv_q15.c **** 
 369:Drivers/CMSIS/DSP/Source/FilteringFunctions/arm_conv_q15.c **** #else
 370:Drivers/CMSIS/DSP/Source/FilteringFunctions/arm_conv_q15.c **** 
 371:Drivers/CMSIS/DSP/Source/FilteringFunctions/arm_conv_q15.c ****         c0 = c0 & 0x0000FFFF;
 455              		.loc 1 371 9 view .LVU165
 372:Drivers/CMSIS/DSP/Source/FilteringFunctions/arm_conv_q15.c **** 
ARM GAS  C:\Users\Lamp\AppData\Local\Temp\ccyz797W.s 			page 33


 373:Drivers/CMSIS/DSP/Source/FilteringFunctions/arm_conv_q15.c **** #endif /*      #ifdef  ARM_MATH_BIG_ENDIAN     */
 374:Drivers/CMSIS/DSP/Source/FilteringFunctions/arm_conv_q15.c ****         /* Read x[7] */
 375:Drivers/CMSIS/DSP/Source/FilteringFunctions/arm_conv_q15.c ****         x3 = *__SIMD32(px);
 456              		.loc 1 375 9 view .LVU166
 376:Drivers/CMSIS/DSP/Source/FilteringFunctions/arm_conv_q15.c ****         px++;
 457              		.loc 1 376 9 view .LVU167
 458              		.loc 1 376 11 is_stmt 0 view .LVU168
 459 016c 0698     		ldr	r0, [sp, #24]
 460 016e 00F10A0C 		add	ip, r0, #10
 461              	.LVL67:
 377:Drivers/CMSIS/DSP/Source/FilteringFunctions/arm_conv_q15.c **** 
 378:Drivers/CMSIS/DSP/Source/FilteringFunctions/arm_conv_q15.c ****         /* Perform the multiply-accumulates */
 379:Drivers/CMSIS/DSP/Source/FilteringFunctions/arm_conv_q15.c ****         acc0 = __SMLALD(x0, c0, acc0);
 462              		.loc 1 379 9 is_stmt 1 view .LVU169
 463              	.LBB86:
 464              	.LBI86:
 932:Drivers/CMSIS/DSP/Include/arm_math.h ****   uint32_t x,
 465              		.loc 2 932 41 view .LVU170
 466              	.LBB87:
 938:Drivers/CMSIS/DSP/Include/arm_math.h ****                        ((((q31_t)x      ) >> 16) * (((q31_t)y      ) >> 16)) +
 467              		.loc 2 938 5 view .LVU171
 938:Drivers/CMSIS/DSP/Include/arm_math.h ****                        ((((q31_t)x      ) >> 16) * (((q31_t)y      ) >> 16)) +
 468              		.loc 2 938 70 is_stmt 0 view .LVU172
 469 0172 049B     		ldr	r3, [sp, #16]
 470 0174 33F9061C 		ldrsh	r1, [r3, #-6]
 938:Drivers/CMSIS/DSP/Include/arm_math.h ****                        ((((q31_t)x      ) >> 16) * (((q31_t)y      ) >> 16)) +
 471              		.loc 2 938 78 view .LVU173
 472 0178 029B     		ldr	r3, [sp, #8]
 473 017a 01FB03F3 		mul	r3, r1, r3
 939:Drivers/CMSIS/DSP/Include/arm_math.h ****                        ( ((q63_t)sum    )                                  )   ));
 474              		.loc 2 939 78 view .LVU174
 475 017e 18EB0302 		adds	r2, r8, r3
 476 0182 9046     		mov	r8, r2
 477              	.LVL68:
 939:Drivers/CMSIS/DSP/Include/arm_math.h ****                        ( ((q63_t)sum    )                                  )   ));
 478              		.loc 2 939 78 view .LVU175
 479 0184 49EBE379 		adc	r9, r9, r3, asr #31
 480              	.LVL69:
 939:Drivers/CMSIS/DSP/Include/arm_math.h ****                        ( ((q63_t)sum    )                                  )   ));
 481              		.loc 2 939 78 view .LVU176
 482              	.LBE87:
 483              	.LBE86:
 380:Drivers/CMSIS/DSP/Source/FilteringFunctions/arm_conv_q15.c ****         acc1 = __SMLALD(x1, c0, acc1);
 484              		.loc 1 380 9 is_stmt 1 view .LVU177
 485              	.LBB88:
 486              	.LBI88:
 932:Drivers/CMSIS/DSP/Include/arm_math.h ****   uint32_t x,
 487              		.loc 2 932 41 view .LVU178
 488              	.LBB89:
 938:Drivers/CMSIS/DSP/Include/arm_math.h ****                        ((((q31_t)x      ) >> 16) * (((q31_t)y      ) >> 16)) +
 489              		.loc 2 938 5 view .LVU179
 938:Drivers/CMSIS/DSP/Include/arm_math.h ****                        ((((q31_t)x      ) >> 16) * (((q31_t)y      ) >> 16)) +
 490              		.loc 2 938 78 is_stmt 0 view .LVU180
 491 0188 01FB06F3 		mul	r3, r1, r6
 939:Drivers/CMSIS/DSP/Include/arm_math.h ****                        ( ((q63_t)sum    )                                  )   ));
 492              		.loc 2 939 78 view .LVU181
 493 018c 1EEB0302 		adds	r2, lr, r3
ARM GAS  C:\Users\Lamp\AppData\Local\Temp\ccyz797W.s 			page 34


 494              	.LVL70:
 939:Drivers/CMSIS/DSP/Include/arm_math.h ****                        ( ((q63_t)sum    )                                  )   ));
 495              		.loc 2 939 78 view .LVU182
 496 0190 9646     		mov	lr, r2
 497              	.LVL71:
 939:Drivers/CMSIS/DSP/Include/arm_math.h ****                        ( ((q63_t)sum    )                                  )   ));
 498              		.loc 2 939 78 view .LVU183
 499 0192 45EBE375 		adc	r5, r5, r3, asr #31
 500              	.LVL72:
 939:Drivers/CMSIS/DSP/Include/arm_math.h ****                        ( ((q63_t)sum    )                                  )   ));
 501              		.loc 2 939 78 view .LVU184
 502              	.LBE89:
 503              	.LBE88:
 381:Drivers/CMSIS/DSP/Source/FilteringFunctions/arm_conv_q15.c ****         acc2 = __SMLALDX(x1, c0, acc2);
 504              		.loc 1 381 9 is_stmt 1 view .LVU185
 505              	.LBB90:
 506              	.LBI90:
 947:Drivers/CMSIS/DSP/Include/arm_math.h ****   uint32_t x,
 507              		.loc 2 947 41 view .LVU186
 508              	.LBB91:
 953:Drivers/CMSIS/DSP/Include/arm_math.h ****                        ((((q31_t)x      ) >> 16) * (((q31_t)y << 16) >> 16)) +
 509              		.loc 2 953 5 view .LVU187
 953:Drivers/CMSIS/DSP/Include/arm_math.h ****                        ((((q31_t)x      ) >> 16) * (((q31_t)y << 16) >> 16)) +
 510              		.loc 2 953 78 is_stmt 0 view .LVU188
 511 0196 01FB04F3 		mul	r3, r1, r4
 512              		.loc 2 954 78 view .LVU189
 513 019a FA18     		adds	r2, r7, r3
 514              	.LVL73:
 515              		.loc 2 954 78 view .LVU190
 516 019c 1746     		mov	r7, r2
 517              	.LVL74:
 518              		.loc 2 954 78 view .LVU191
 519 019e 019A     		ldr	r2, [sp, #4]
 520 01a0 42EBE373 		adc	r3, r2, r3, asr #31
 521 01a4 0193     		str	r3, [sp, #4]
 522              	.LVL75:
 523              		.loc 2 954 78 view .LVU192
 524              	.LBE91:
 525              	.LBE90:
 382:Drivers/CMSIS/DSP/Source/FilteringFunctions/arm_conv_q15.c ****         acc3 = __SMLALDX(x3, c0, acc3);
 526              		.loc 1 382 9 is_stmt 1 view .LVU193
 527              	.LBB92:
 528              	.LBI92:
 947:Drivers/CMSIS/DSP/Include/arm_math.h ****   uint32_t x,
 529              		.loc 2 947 41 view .LVU194
 530              	.LBB93:
 953:Drivers/CMSIS/DSP/Include/arm_math.h ****                        ((((q31_t)x      ) >> 16) * (((q31_t)y << 16) >> 16)) +
 531              		.loc 2 953 5 view .LVU195
 532              		.loc 2 954 43 is_stmt 0 view .LVU196
 533 01a6 B0F90A30 		ldrsh	r3, [r0, #10]
 534              	.LVL76:
 953:Drivers/CMSIS/DSP/Include/arm_math.h ****                        ((((q31_t)x      ) >> 16) * (((q31_t)y << 16) >> 16)) +
 535              		.loc 2 953 78 view .LVU197
 536 01aa 01FB03F3 		mul	r3, r1, r3
 537              		.loc 2 954 78 view .LVU198
 538 01ae 1BEB0302 		adds	r2, fp, r3
 539 01b2 9346     		mov	fp, r2
ARM GAS  C:\Users\Lamp\AppData\Local\Temp\ccyz797W.s 			page 35


 540              	.LVL77:
 541              		.loc 2 954 78 view .LVU199
 542 01b4 009A     		ldr	r2, [sp]
 543 01b6 42EBE373 		adc	r3, r2, r3, asr #31
 544 01ba 0093     		str	r3, [sp]
 545              	.LVL78:
 546              		.loc 2 954 78 view .LVU200
 547 01bc 03E1     		b	.L16
 548              	.LVL79:
 549              	.L48:
 550              		.loc 2 954 78 view .LVU201
 551              	.LBE93:
 552              	.LBE92:
 383:Drivers/CMSIS/DSP/Source/FilteringFunctions/arm_conv_q15.c ****       }
 384:Drivers/CMSIS/DSP/Source/FilteringFunctions/arm_conv_q15.c **** 
 385:Drivers/CMSIS/DSP/Source/FilteringFunctions/arm_conv_q15.c ****       if (k == 2U)
 386:Drivers/CMSIS/DSP/Source/FilteringFunctions/arm_conv_q15.c ****       {
 387:Drivers/CMSIS/DSP/Source/FilteringFunctions/arm_conv_q15.c ****         /* Read y[srcBLen - 5], y[srcBLen - 6] */
 388:Drivers/CMSIS/DSP/Source/FilteringFunctions/arm_conv_q15.c ****         c0 = _SIMD32_OFFSET(py);
 553              		.loc 1 388 9 is_stmt 1 view .LVU202
 554              		.loc 1 388 12 is_stmt 0 view .LVU203
 555 01be 049B     		ldr	r3, [sp, #16]
 556 01c0 53F8083C 		ldr	r3, [r3, #-8]
 557              	.LVL80:
 389:Drivers/CMSIS/DSP/Source/FilteringFunctions/arm_conv_q15.c **** 
 390:Drivers/CMSIS/DSP/Source/FilteringFunctions/arm_conv_q15.c ****         /* Read x[7], x[8] */
 391:Drivers/CMSIS/DSP/Source/FilteringFunctions/arm_conv_q15.c ****         x3 = *__SIMD32(px);
 558              		.loc 1 391 9 is_stmt 1 view .LVU204
 559              		.loc 1 391 12 is_stmt 0 view .LVU205
 560 01c4 DCF80020 		ldr	r2, [ip]
 561 01c8 0392     		str	r2, [sp, #12]
 562              	.LVL81:
 392:Drivers/CMSIS/DSP/Source/FilteringFunctions/arm_conv_q15.c **** 
 393:Drivers/CMSIS/DSP/Source/FilteringFunctions/arm_conv_q15.c ****         /* Read x[9] */
 394:Drivers/CMSIS/DSP/Source/FilteringFunctions/arm_conv_q15.c ****         x2 = _SIMD32_OFFSET(px+1);
 563              		.loc 1 394 9 is_stmt 1 view .LVU206
 564              		.loc 1 394 12 is_stmt 0 view .LVU207
 565 01ca DCF80210 		ldr	r1, [ip, #2]
 566 01ce 0691     		str	r1, [sp, #24]
 567              	.LVL82:
 395:Drivers/CMSIS/DSP/Source/FilteringFunctions/arm_conv_q15.c ****         px += 2U;
 568              		.loc 1 395 9 is_stmt 1 view .LVU208
 569              		.loc 1 395 12 is_stmt 0 view .LVU209
 570 01d0 0CF1040C 		add	ip, ip, #4
 571              	.LVL83:
 396:Drivers/CMSIS/DSP/Source/FilteringFunctions/arm_conv_q15.c **** 
 397:Drivers/CMSIS/DSP/Source/FilteringFunctions/arm_conv_q15.c ****         /* Perform the multiply-accumulates */
 398:Drivers/CMSIS/DSP/Source/FilteringFunctions/arm_conv_q15.c ****         acc0 = __SMLALDX(x0, c0, acc0);
 572              		.loc 1 398 9 is_stmt 1 view .LVU210
 573              	.LBB94:
 574              	.LBI94:
 947:Drivers/CMSIS/DSP/Include/arm_math.h ****   uint32_t x,
 575              		.loc 2 947 41 view .LVU211
 576              	.LBB95:
 953:Drivers/CMSIS/DSP/Include/arm_math.h ****                        ((((q31_t)x      ) >> 16) * (((q31_t)y << 16) >> 16)) +
 577              		.loc 2 953 5 view .LVU212
 953:Drivers/CMSIS/DSP/Include/arm_math.h ****                        ((((q31_t)x      ) >> 16) * (((q31_t)y << 16) >> 16)) +
ARM GAS  C:\Users\Lamp\AppData\Local\Temp\ccyz797W.s 			page 36


 578              		.loc 2 953 70 is_stmt 0 view .LVU213
 579 01d4 1814     		asrs	r0, r3, #16
 580              		.loc 2 954 70 view .LVU214
 581 01d6 19B2     		sxth	r1, r3
 582              	.LVL84:
 583              		.loc 2 954 50 view .LVU215
 584 01d8 059A     		ldr	r2, [sp, #20]
 585              	.LVL85:
 586              		.loc 2 954 50 view .LVU216
 587 01da 01FB02F3 		mul	r3, r1, r2
 588              	.LVL86:
 953:Drivers/CMSIS/DSP/Include/arm_math.h ****                        ((((q31_t)x      ) >> 16) * (((q31_t)y << 16) >> 16)) +
 589              		.loc 2 953 78 view .LVU217
 590 01de 029A     		ldr	r2, [sp, #8]
 591 01e0 00FB0233 		mla	r3, r0, r2, r3
 592              		.loc 2 954 78 view .LVU218
 593 01e4 18EB0302 		adds	r2, r8, r3
 594 01e8 9046     		mov	r8, r2
 595              	.LVL87:
 596              		.loc 2 954 78 view .LVU219
 597 01ea 49EBE379 		adc	r9, r9, r3, asr #31
 598              	.LVL88:
 599              		.loc 2 954 78 view .LVU220
 600              	.LBE95:
 601              	.LBE94:
 399:Drivers/CMSIS/DSP/Source/FilteringFunctions/arm_conv_q15.c ****         acc1 = __SMLALDX(x1, c0, acc1);
 602              		.loc 1 399 9 is_stmt 1 view .LVU221
 603              	.LBB96:
 604              	.LBI96:
 947:Drivers/CMSIS/DSP/Include/arm_math.h ****   uint32_t x,
 605              		.loc 2 947 41 view .LVU222
 606              	.LBB97:
 953:Drivers/CMSIS/DSP/Include/arm_math.h ****                        ((((q31_t)x      ) >> 16) * (((q31_t)y << 16) >> 16)) +
 607              		.loc 2 953 5 view .LVU223
 608              		.loc 2 954 50 is_stmt 0 view .LVU224
 609 01ee 01FB04F3 		mul	r3, r1, r4
 953:Drivers/CMSIS/DSP/Include/arm_math.h ****                        ((((q31_t)x      ) >> 16) * (((q31_t)y << 16) >> 16)) +
 610              		.loc 2 953 78 view .LVU225
 611 01f2 00FB0633 		mla	r3, r0, r6, r3
 612              		.loc 2 954 78 view .LVU226
 613 01f6 1EEB0302 		adds	r2, lr, r3
 614              	.LVL89:
 615              		.loc 2 954 78 view .LVU227
 616 01fa 9646     		mov	lr, r2
 617              	.LVL90:
 618              		.loc 2 954 78 view .LVU228
 619 01fc 45EBE375 		adc	r5, r5, r3, asr #31
 620              	.LVL91:
 621              		.loc 2 954 78 view .LVU229
 622              	.LBE97:
 623              	.LBE96:
 400:Drivers/CMSIS/DSP/Source/FilteringFunctions/arm_conv_q15.c ****         acc2 = __SMLALDX(x3, c0, acc2);
 624              		.loc 1 400 9 is_stmt 1 view .LVU230
 625              	.LBB98:
 626              	.LBI98:
 947:Drivers/CMSIS/DSP/Include/arm_math.h ****   uint32_t x,
 627              		.loc 2 947 41 view .LVU231
ARM GAS  C:\Users\Lamp\AppData\Local\Temp\ccyz797W.s 			page 37


 628              	.LBB99:
 953:Drivers/CMSIS/DSP/Include/arm_math.h ****                        ((((q31_t)x      ) >> 16) * (((q31_t)y << 16) >> 16)) +
 629              		.loc 2 953 5 view .LVU232
 953:Drivers/CMSIS/DSP/Include/arm_math.h ****                        ((((q31_t)x      ) >> 16) * (((q31_t)y << 16) >> 16)) +
 630              		.loc 2 953 43 is_stmt 0 view .LVU233
 631 0200 039B     		ldr	r3, [sp, #12]
 632 0202 1AB2     		sxth	r2, r3
 633              	.LVL92:
 634              		.loc 2 954 43 view .LVU234
 635 0204 1B14     		asrs	r3, r3, #16
 636              		.loc 2 954 50 view .LVU235
 637 0206 01FB03F3 		mul	r3, r1, r3
 953:Drivers/CMSIS/DSP/Include/arm_math.h ****                        ((((q31_t)x      ) >> 16) * (((q31_t)y << 16) >> 16)) +
 638              		.loc 2 953 78 view .LVU236
 639 020a 00FB0233 		mla	r3, r0, r2, r3
 640              		.loc 2 954 78 view .LVU237
 641 020e FA18     		adds	r2, r7, r3
 642 0210 1746     		mov	r7, r2
 643              	.LVL93:
 644              		.loc 2 954 78 view .LVU238
 645 0212 019A     		ldr	r2, [sp, #4]
 646 0214 42EBE372 		adc	r2, r2, r3, asr #31
 647 0218 0192     		str	r2, [sp, #4]
 648              	.LVL94:
 649              		.loc 2 954 78 view .LVU239
 650              	.LBE99:
 651              	.LBE98:
 401:Drivers/CMSIS/DSP/Source/FilteringFunctions/arm_conv_q15.c ****         acc3 = __SMLALDX(x2, c0, acc3);
 652              		.loc 1 401 9 is_stmt 1 view .LVU240
 653              	.LBB100:
 654              	.LBI100:
 947:Drivers/CMSIS/DSP/Include/arm_math.h ****   uint32_t x,
 655              		.loc 2 947 41 view .LVU241
 656              	.LBB101:
 953:Drivers/CMSIS/DSP/Include/arm_math.h ****                        ((((q31_t)x      ) >> 16) * (((q31_t)y << 16) >> 16)) +
 657              		.loc 2 953 5 view .LVU242
 953:Drivers/CMSIS/DSP/Include/arm_math.h ****                        ((((q31_t)x      ) >> 16) * (((q31_t)y << 16) >> 16)) +
 658              		.loc 2 953 43 is_stmt 0 view .LVU243
 659 021a 069B     		ldr	r3, [sp, #24]
 660 021c 1AB2     		sxth	r2, r3
 661              	.LVL95:
 662              		.loc 2 954 43 view .LVU244
 663 021e 1B14     		asrs	r3, r3, #16
 664              		.loc 2 954 50 view .LVU245
 665 0220 01FB03F3 		mul	r3, r1, r3
 953:Drivers/CMSIS/DSP/Include/arm_math.h ****                        ((((q31_t)x      ) >> 16) * (((q31_t)y << 16) >> 16)) +
 666              		.loc 2 953 78 view .LVU246
 667 0224 00FB0233 		mla	r3, r0, r2, r3
 668              		.loc 2 954 78 view .LVU247
 669 0228 1BEB0302 		adds	r2, fp, r3
 670 022c 9346     		mov	fp, r2
 671              	.LVL96:
 672              		.loc 2 954 78 view .LVU248
 673 022e 009A     		ldr	r2, [sp]
 674 0230 42EBE373 		adc	r3, r2, r3, asr #31
 675 0234 0093     		str	r3, [sp]
 676              	.LVL97:
ARM GAS  C:\Users\Lamp\AppData\Local\Temp\ccyz797W.s 			page 38


 677              		.loc 2 954 78 view .LVU249
 678 0236 CAE0     		b	.L17
 679              	.LVL98:
 680              	.L18:
 681              		.loc 2 954 78 view .LVU250
 682              	.LBE101:
 683              	.LBE100:
 402:Drivers/CMSIS/DSP/Source/FilteringFunctions/arm_conv_q15.c ****       }
 403:Drivers/CMSIS/DSP/Source/FilteringFunctions/arm_conv_q15.c **** 
 404:Drivers/CMSIS/DSP/Source/FilteringFunctions/arm_conv_q15.c ****       if (k == 3U)
 405:Drivers/CMSIS/DSP/Source/FilteringFunctions/arm_conv_q15.c ****       {
 406:Drivers/CMSIS/DSP/Source/FilteringFunctions/arm_conv_q15.c ****         /* Read y[srcBLen - 5], y[srcBLen - 6] */
 407:Drivers/CMSIS/DSP/Source/FilteringFunctions/arm_conv_q15.c ****         c0 = _SIMD32_OFFSET(py);
 408:Drivers/CMSIS/DSP/Source/FilteringFunctions/arm_conv_q15.c **** 
 409:Drivers/CMSIS/DSP/Source/FilteringFunctions/arm_conv_q15.c ****         /* Read x[7], x[8] */
 410:Drivers/CMSIS/DSP/Source/FilteringFunctions/arm_conv_q15.c ****         x3 = *__SIMD32(px);
 411:Drivers/CMSIS/DSP/Source/FilteringFunctions/arm_conv_q15.c **** 
 412:Drivers/CMSIS/DSP/Source/FilteringFunctions/arm_conv_q15.c ****         /* Read x[9] */
 413:Drivers/CMSIS/DSP/Source/FilteringFunctions/arm_conv_q15.c ****         x2 = _SIMD32_OFFSET(px+1);
 414:Drivers/CMSIS/DSP/Source/FilteringFunctions/arm_conv_q15.c **** 
 415:Drivers/CMSIS/DSP/Source/FilteringFunctions/arm_conv_q15.c ****         /* Perform the multiply-accumulates */
 416:Drivers/CMSIS/DSP/Source/FilteringFunctions/arm_conv_q15.c ****         acc0 = __SMLALDX(x0, c0, acc0);
 417:Drivers/CMSIS/DSP/Source/FilteringFunctions/arm_conv_q15.c ****         acc1 = __SMLALDX(x1, c0, acc1);
 418:Drivers/CMSIS/DSP/Source/FilteringFunctions/arm_conv_q15.c ****         acc2 = __SMLALDX(x3, c0, acc2);
 419:Drivers/CMSIS/DSP/Source/FilteringFunctions/arm_conv_q15.c ****         acc3 = __SMLALDX(x2, c0, acc3);
 420:Drivers/CMSIS/DSP/Source/FilteringFunctions/arm_conv_q15.c **** 
 421:Drivers/CMSIS/DSP/Source/FilteringFunctions/arm_conv_q15.c ****         c0 = *(py-1);
 422:Drivers/CMSIS/DSP/Source/FilteringFunctions/arm_conv_q15.c **** 
 423:Drivers/CMSIS/DSP/Source/FilteringFunctions/arm_conv_q15.c **** #ifdef  ARM_MATH_BIG_ENDIAN
 424:Drivers/CMSIS/DSP/Source/FilteringFunctions/arm_conv_q15.c **** 
 425:Drivers/CMSIS/DSP/Source/FilteringFunctions/arm_conv_q15.c ****         c0 = c0 << 16U;
 426:Drivers/CMSIS/DSP/Source/FilteringFunctions/arm_conv_q15.c **** #else
 427:Drivers/CMSIS/DSP/Source/FilteringFunctions/arm_conv_q15.c **** 
 428:Drivers/CMSIS/DSP/Source/FilteringFunctions/arm_conv_q15.c ****         c0 = c0 & 0x0000FFFF;
 429:Drivers/CMSIS/DSP/Source/FilteringFunctions/arm_conv_q15.c **** #endif /*      #ifdef  ARM_MATH_BIG_ENDIAN     */
 430:Drivers/CMSIS/DSP/Source/FilteringFunctions/arm_conv_q15.c ****         /* Read x[10] */
 431:Drivers/CMSIS/DSP/Source/FilteringFunctions/arm_conv_q15.c ****         x3 =  _SIMD32_OFFSET(px+2);
 432:Drivers/CMSIS/DSP/Source/FilteringFunctions/arm_conv_q15.c ****         px += 3U;
 433:Drivers/CMSIS/DSP/Source/FilteringFunctions/arm_conv_q15.c **** 
 434:Drivers/CMSIS/DSP/Source/FilteringFunctions/arm_conv_q15.c ****         /* Perform the multiply-accumulates */
 435:Drivers/CMSIS/DSP/Source/FilteringFunctions/arm_conv_q15.c ****         acc0 = __SMLALDX(x1, c0, acc0);
 436:Drivers/CMSIS/DSP/Source/FilteringFunctions/arm_conv_q15.c ****         acc1 = __SMLALD(x2, c0, acc1);
 437:Drivers/CMSIS/DSP/Source/FilteringFunctions/arm_conv_q15.c ****         acc2 = __SMLALDX(x2, c0, acc2);
 438:Drivers/CMSIS/DSP/Source/FilteringFunctions/arm_conv_q15.c ****         acc3 = __SMLALDX(x3, c0, acc3);
 439:Drivers/CMSIS/DSP/Source/FilteringFunctions/arm_conv_q15.c ****       }
 440:Drivers/CMSIS/DSP/Source/FilteringFunctions/arm_conv_q15.c **** 
 441:Drivers/CMSIS/DSP/Source/FilteringFunctions/arm_conv_q15.c **** 
 442:Drivers/CMSIS/DSP/Source/FilteringFunctions/arm_conv_q15.c ****       /* Store the results in the accumulators in the destination buffer. */
 443:Drivers/CMSIS/DSP/Source/FilteringFunctions/arm_conv_q15.c **** 
 444:Drivers/CMSIS/DSP/Source/FilteringFunctions/arm_conv_q15.c **** #ifndef  ARM_MATH_BIG_ENDIAN
 445:Drivers/CMSIS/DSP/Source/FilteringFunctions/arm_conv_q15.c **** 
 446:Drivers/CMSIS/DSP/Source/FilteringFunctions/arm_conv_q15.c ****       *__SIMD32(pOut)++ =
 684              		.loc 1 446 7 is_stmt 1 view .LVU251
 685              	.LBB102:
 447:Drivers/CMSIS/DSP/Source/FilteringFunctions/arm_conv_q15.c ****         __PKHBT(__SSAT((acc0 >> 15), 16), __SSAT((acc1 >> 15), 16), 16);
 686              		.loc 1 447 9 view .LVU252
 687 0238 4FEAD838 		lsr	r8, r8, #15
ARM GAS  C:\Users\Lamp\AppData\Local\Temp\ccyz797W.s 			page 39


 688              	.LVL99:
 689              		.loc 1 447 9 is_stmt 0 view .LVU253
 690 023c 48EA4948 		orr	r8, r8, r9, lsl #17
 691              	.LVL100:
 692              		.loc 1 447 9 is_stmt 1 view .LVU254
 693              		.syntax unified
 694              	@ 447 "Drivers/CMSIS/DSP/Source/FilteringFunctions/arm_conv_q15.c" 1
 695 0240 08F30F08 		ssat r8, #16, r8
 696              	@ 0 "" 2
 697              	.LVL101:
 698              		.loc 1 447 9 view .LVU255
 699              		.thumb
 700              		.syntax unified
 701              	.LBE102:
 702 0244 1FFA88F8 		uxth	r8, r8
 703              	.LVL102:
 704              	.LBB103:
 705              		.loc 1 447 9 view .LVU256
 706 0248 4FEADE3E 		lsr	lr, lr, #15
 707              	.LVL103:
 708              		.loc 1 447 9 is_stmt 0 view .LVU257
 709 024c 4EEA454E 		orr	lr, lr, r5, lsl #17
 710              	.LVL104:
 711              		.loc 1 447 9 is_stmt 1 view .LVU258
 712              		.syntax unified
 713              	@ 447 "Drivers/CMSIS/DSP/Source/FilteringFunctions/arm_conv_q15.c" 1
 714 0250 0EF30F0E 		ssat lr, #16, lr
 715              	@ 0 "" 2
 716              	.LVL105:
 717              		.loc 1 447 9 view .LVU259
 718              		.loc 1 447 9 is_stmt 0 view .LVU260
 719              		.thumb
 720              		.syntax unified
 721              	.LBE103:
 722 0254 48EA0E43 		orr	r3, r8, lr, lsl #16
 446:Drivers/CMSIS/DSP/Source/FilteringFunctions/arm_conv_q15.c ****         __PKHBT(__SSAT((acc0 >> 15), 16), __SSAT((acc1 >> 15), 16), 16);
 723              		.loc 1 446 25 view .LVU261
 724 0258 189A     		ldr	r2, [sp, #96]
 725 025a 42F8083B 		str	r3, [r2], #8
 726              	.LVL106:
 448:Drivers/CMSIS/DSP/Source/FilteringFunctions/arm_conv_q15.c ****       *__SIMD32(pOut)++ =
 727              		.loc 1 448 7 is_stmt 1 view .LVU262
 728              	.LBB104:
 449:Drivers/CMSIS/DSP/Source/FilteringFunctions/arm_conv_q15.c ****         __PKHBT(__SSAT((acc2 >> 15), 16), __SSAT((acc3 >> 15), 16), 16);
 729              		.loc 1 449 9 view .LVU263
 730 025e FF0B     		lsrs	r7, r7, #15
 731              	.LVL107:
 732              		.loc 1 449 9 is_stmt 0 view .LVU264
 733 0260 019B     		ldr	r3, [sp, #4]
 734 0262 47EA4347 		orr	r7, r7, r3, lsl #17
 735              	.LVL108:
 736              		.loc 1 449 9 is_stmt 1 view .LVU265
 737              		.syntax unified
 738              	@ 449 "Drivers/CMSIS/DSP/Source/FilteringFunctions/arm_conv_q15.c" 1
 739 0266 07F30F07 		ssat r7, #16, r7
 740              	@ 0 "" 2
 741              	.LVL109:
ARM GAS  C:\Users\Lamp\AppData\Local\Temp\ccyz797W.s 			page 40


 742              		.loc 1 449 9 view .LVU266
 743              		.thumb
 744              		.syntax unified
 745              	.LBE104:
 746 026a BBB2     		uxth	r3, r7
 747              	.LBB105:
 748              		.loc 1 449 9 view .LVU267
 749 026c 4FEADB3B 		lsr	fp, fp, #15
 750              	.LVL110:
 751              		.loc 1 449 9 is_stmt 0 view .LVU268
 752 0270 0099     		ldr	r1, [sp]
 753 0272 4BEA414B 		orr	fp, fp, r1, lsl #17
 754              	.LVL111:
 755              		.loc 1 449 9 is_stmt 1 view .LVU269
 756              		.syntax unified
 757              	@ 449 "Drivers/CMSIS/DSP/Source/FilteringFunctions/arm_conv_q15.c" 1
 758 0276 0BF30F0B 		ssat fp, #16, fp
 759              	@ 0 "" 2
 760              	.LVL112:
 761              		.loc 1 449 9 view .LVU270
 762              		.loc 1 449 9 is_stmt 0 view .LVU271
 763              		.thumb
 764              		.syntax unified
 765              	.LBE105:
 766 027a 43EA0B43 		orr	r3, r3, fp, lsl #16
 448:Drivers/CMSIS/DSP/Source/FilteringFunctions/arm_conv_q15.c ****       *__SIMD32(pOut)++ =
 767              		.loc 1 448 25 view .LVU272
 768 027e 1899     		ldr	r1, [sp, #96]
 769 0280 4B60     		str	r3, [r1, #4]
 450:Drivers/CMSIS/DSP/Source/FilteringFunctions/arm_conv_q15.c **** 
 451:Drivers/CMSIS/DSP/Source/FilteringFunctions/arm_conv_q15.c **** #else
 452:Drivers/CMSIS/DSP/Source/FilteringFunctions/arm_conv_q15.c **** 
 453:Drivers/CMSIS/DSP/Source/FilteringFunctions/arm_conv_q15.c ****       *__SIMD32(pOut)++ =
 454:Drivers/CMSIS/DSP/Source/FilteringFunctions/arm_conv_q15.c ****         __PKHBT(__SSAT((acc1 >> 15), 16), __SSAT((acc0 >> 15), 16), 16);
 455:Drivers/CMSIS/DSP/Source/FilteringFunctions/arm_conv_q15.c ****       *__SIMD32(pOut)++ =
 456:Drivers/CMSIS/DSP/Source/FilteringFunctions/arm_conv_q15.c ****         __PKHBT(__SSAT((acc3 >> 15), 16), __SSAT((acc2 >> 15), 16), 16);
 457:Drivers/CMSIS/DSP/Source/FilteringFunctions/arm_conv_q15.c **** 
 458:Drivers/CMSIS/DSP/Source/FilteringFunctions/arm_conv_q15.c **** #endif /*      #ifndef  ARM_MATH_BIG_ENDIAN    */
 459:Drivers/CMSIS/DSP/Source/FilteringFunctions/arm_conv_q15.c **** 
 460:Drivers/CMSIS/DSP/Source/FilteringFunctions/arm_conv_q15.c ****       /* Increment the pointer pIn1 index, count by 4 */
 461:Drivers/CMSIS/DSP/Source/FilteringFunctions/arm_conv_q15.c ****       count += 4U;
 770              		.loc 1 461 7 is_stmt 1 view .LVU273
 771              		.loc 1 461 13 is_stmt 0 view .LVU274
 772 0282 0B9B     		ldr	r3, [sp, #44]
 773 0284 0433     		adds	r3, r3, #4
 774 0286 0B93     		str	r3, [sp, #44]
 775              	.LVL113:
 462:Drivers/CMSIS/DSP/Source/FilteringFunctions/arm_conv_q15.c **** 
 463:Drivers/CMSIS/DSP/Source/FilteringFunctions/arm_conv_q15.c ****       /* Update the inputA and inputB pointers for next MAC calculation */
 464:Drivers/CMSIS/DSP/Source/FilteringFunctions/arm_conv_q15.c ****       px = pIn1 + count;
 776              		.loc 1 464 7 is_stmt 1 view .LVU275
 777              		.loc 1 464 17 is_stmt 0 view .LVU276
 778 0288 0899     		ldr	r1, [sp, #32]
 779 028a 01EB4303 		add	r3, r1, r3, lsl #1
 780              	.LVL114:
 465:Drivers/CMSIS/DSP/Source/FilteringFunctions/arm_conv_q15.c ****       py = pSrc2;
 781              		.loc 1 465 7 is_stmt 1 view .LVU277
ARM GAS  C:\Users\Lamp\AppData\Local\Temp\ccyz797W.s 			page 41


 466:Drivers/CMSIS/DSP/Source/FilteringFunctions/arm_conv_q15.c **** 
 467:Drivers/CMSIS/DSP/Source/FilteringFunctions/arm_conv_q15.c ****        /* Decrement the loop counter */
 468:Drivers/CMSIS/DSP/Source/FilteringFunctions/arm_conv_q15.c ****       blkCnt--;
 782              		.loc 1 468 7 view .LVU278
 783              		.loc 1 468 13 is_stmt 0 view .LVU279
 784 028e 0A99     		ldr	r1, [sp, #40]
 785 0290 0139     		subs	r1, r1, #1
 786 0292 0A91     		str	r1, [sp, #40]
 787              	.LVL115:
 448:Drivers/CMSIS/DSP/Source/FilteringFunctions/arm_conv_q15.c ****         __PKHBT(__SSAT((acc2 >> 15), 16), __SSAT((acc3 >> 15), 16), 16);
 788              		.loc 1 448 22 view .LVU280
 789 0294 1892     		str	r2, [sp, #96]
 790              	.LVL116:
 791              	.L14:
 282:Drivers/CMSIS/DSP/Source/FilteringFunctions/arm_conv_q15.c ****     {
 792              		.loc 1 282 19 is_stmt 1 view .LVU281
 793 0296 0A9A     		ldr	r2, [sp, #40]
 794 0298 002A     		cmp	r2, #0
 795 029a 00F0F080 		beq	.L46
 284:Drivers/CMSIS/DSP/Source/FilteringFunctions/arm_conv_q15.c **** 
 796              		.loc 1 284 7 view .LVU282
 284:Drivers/CMSIS/DSP/Source/FilteringFunctions/arm_conv_q15.c **** 
 797              		.loc 1 284 15 is_stmt 0 view .LVU283
 798 029e 079A     		ldr	r2, [sp, #28]
 799 02a0 023A     		subs	r2, r2, #2
 800 02a2 0092     		str	r2, [sp]
 801              	.LVL117:
 287:Drivers/CMSIS/DSP/Source/FilteringFunctions/arm_conv_q15.c ****       acc1 = 0;
 802              		.loc 1 287 7 is_stmt 1 view .LVU284
 288:Drivers/CMSIS/DSP/Source/FilteringFunctions/arm_conv_q15.c ****       acc2 = 0;
 803              		.loc 1 288 7 view .LVU285
 289:Drivers/CMSIS/DSP/Source/FilteringFunctions/arm_conv_q15.c ****       acc3 = 0;
 804              		.loc 1 289 7 view .LVU286
 290:Drivers/CMSIS/DSP/Source/FilteringFunctions/arm_conv_q15.c **** 
 805              		.loc 1 290 7 view .LVU287
 294:Drivers/CMSIS/DSP/Source/FilteringFunctions/arm_conv_q15.c ****       /* read x[1], x[2] samples */
 806              		.loc 1 294 7 view .LVU288
 294:Drivers/CMSIS/DSP/Source/FilteringFunctions/arm_conv_q15.c ****       /* read x[1], x[2] samples */
 807              		.loc 1 294 10 is_stmt 0 view .LVU289
 808 02a4 1968     		ldr	r1, [r3]
 809              	.LVL118:
 296:Drivers/CMSIS/DSP/Source/FilteringFunctions/arm_conv_q15.c ****       px+= 2U;
 810              		.loc 1 296 7 is_stmt 1 view .LVU290
 296:Drivers/CMSIS/DSP/Source/FilteringFunctions/arm_conv_q15.c ****       px+= 2U;
 811              		.loc 1 296 10 is_stmt 0 view .LVU291
 812 02a6 D3F80220 		ldr	r2, [r3, #2]
 813              	.LVL119:
 297:Drivers/CMSIS/DSP/Source/FilteringFunctions/arm_conv_q15.c **** 
 814              		.loc 1 297 7 is_stmt 1 view .LVU292
 297:Drivers/CMSIS/DSP/Source/FilteringFunctions/arm_conv_q15.c **** 
 815              		.loc 1 297 9 is_stmt 0 view .LVU293
 816 02aa 03F1040C 		add	ip, r3, #4
 817              	.LVL120:
 301:Drivers/CMSIS/DSP/Source/FilteringFunctions/arm_conv_q15.c **** 
 818              		.loc 1 301 7 is_stmt 1 view .LVU294
 301:Drivers/CMSIS/DSP/Source/FilteringFunctions/arm_conv_q15.c **** 
 819              		.loc 1 301 9 is_stmt 0 view .LVU295
ARM GAS  C:\Users\Lamp\AppData\Local\Temp\ccyz797W.s 			page 42


 820 02ae 099B     		ldr	r3, [sp, #36]
 821 02b0 9B08     		lsrs	r3, r3, #2
 822 02b2 0293     		str	r3, [sp, #8]
 823              	.LVL121:
 290:Drivers/CMSIS/DSP/Source/FilteringFunctions/arm_conv_q15.c **** 
 824              		.loc 1 290 12 view .LVU296
 825 02b4 4FF0000B 		mov	fp, #0
 826 02b8 DA46     		mov	r10, fp
 289:Drivers/CMSIS/DSP/Source/FilteringFunctions/arm_conv_q15.c ****       acc3 = 0;
 827              		.loc 1 289 12 view .LVU297
 828 02ba 5F46     		mov	r7, fp
 829 02bc CDF804B0 		str	fp, [sp, #4]
 288:Drivers/CMSIS/DSP/Source/FilteringFunctions/arm_conv_q15.c ****       acc2 = 0;
 830              		.loc 1 288 12 view .LVU298
 831 02c0 DE46     		mov	lr, fp
 832 02c2 5D46     		mov	r5, fp
 287:Drivers/CMSIS/DSP/Source/FilteringFunctions/arm_conv_q15.c ****       acc1 = 0;
 833              		.loc 1 287 12 view .LVU299
 834 02c4 D846     		mov	r8, fp
 835 02c6 D946     		mov	r9, fp
 836 02c8 1046     		mov	r0, r2
 837              	.LVL122:
 838              	.L15:
 305:Drivers/CMSIS/DSP/Source/FilteringFunctions/arm_conv_q15.c ****       {
 839              		.loc 1 305 7 is_stmt 1 view .LVU300
 309:Drivers/CMSIS/DSP/Source/FilteringFunctions/arm_conv_q15.c **** 
 840              		.loc 1 309 9 view .LVU301
 309:Drivers/CMSIS/DSP/Source/FilteringFunctions/arm_conv_q15.c **** 
 841              		.loc 1 309 12 is_stmt 0 view .LVU302
 842 02ca 009C     		ldr	r4, [sp]
 843 02cc 2268     		ldr	r2, [r4]
 844              	.LVL123:
 312:Drivers/CMSIS/DSP/Source/FilteringFunctions/arm_conv_q15.c **** 
 845              		.loc 1 312 9 is_stmt 1 view .LVU303
 846              	.LBB106:
 847              	.LBI106:
 947:Drivers/CMSIS/DSP/Include/arm_math.h ****   uint32_t x,
 848              		.loc 2 947 41 view .LVU304
 849              	.LBB107:
 953:Drivers/CMSIS/DSP/Include/arm_math.h ****                        ((((q31_t)x      ) >> 16) * (((q31_t)y << 16) >> 16)) +
 850              		.loc 2 953 5 view .LVU305
 953:Drivers/CMSIS/DSP/Include/arm_math.h ****                        ((((q31_t)x      ) >> 16) * (((q31_t)y << 16) >> 16)) +
 851              		.loc 2 953 43 is_stmt 0 view .LVU306
 852 02ce 0BB2     		sxth	r3, r1
 953:Drivers/CMSIS/DSP/Include/arm_math.h ****                        ((((q31_t)x      ) >> 16) * (((q31_t)y << 16) >> 16)) +
 853              		.loc 2 953 70 view .LVU307
 854 02d0 1414     		asrs	r4, r2, #16
 855              		.loc 2 954 43 view .LVU308
 856 02d2 0914     		asrs	r1, r1, #16
 857              		.loc 2 954 70 view .LVU309
 858 02d4 12B2     		sxth	r2, r2
 859              	.LVL124:
 860              		.loc 2 954 50 view .LVU310
 861 02d6 02FB01F1 		mul	r1, r2, r1
 953:Drivers/CMSIS/DSP/Include/arm_math.h ****                        ((((q31_t)x      ) >> 16) * (((q31_t)y << 16) >> 16)) +
 862              		.loc 2 953 78 view .LVU311
 863 02da 04FB0311 		mla	r1, r4, r3, r1
ARM GAS  C:\Users\Lamp\AppData\Local\Temp\ccyz797W.s 			page 43


 864              		.loc 2 954 78 view .LVU312
 865 02de 18EB0108 		adds	r8, r8, r1
 866              	.LVL125:
 867              		.loc 2 954 78 view .LVU313
 868 02e2 49EBE179 		adc	r9, r9, r1, asr #31
 869              	.LVL126:
 870              		.loc 2 954 78 view .LVU314
 871              	.LBE107:
 872              	.LBE106:
 315:Drivers/CMSIS/DSP/Source/FilteringFunctions/arm_conv_q15.c **** 
 873              		.loc 1 315 9 is_stmt 1 view .LVU315
 874              	.LBB108:
 875              	.LBI108:
 947:Drivers/CMSIS/DSP/Include/arm_math.h ****   uint32_t x,
 876              		.loc 2 947 41 view .LVU316
 877              	.LBB109:
 953:Drivers/CMSIS/DSP/Include/arm_math.h ****                        ((((q31_t)x      ) >> 16) * (((q31_t)y << 16) >> 16)) +
 878              		.loc 2 953 5 view .LVU317
 953:Drivers/CMSIS/DSP/Include/arm_math.h ****                        ((((q31_t)x      ) >> 16) * (((q31_t)y << 16) >> 16)) +
 879              		.loc 2 953 43 is_stmt 0 view .LVU318
 880 02e6 03B2     		sxth	r3, r0
 881              		.loc 2 954 43 view .LVU319
 882 02e8 0014     		asrs	r0, r0, #16
 883              		.loc 2 954 50 view .LVU320
 884 02ea 02FB00F0 		mul	r0, r2, r0
 953:Drivers/CMSIS/DSP/Include/arm_math.h ****                        ((((q31_t)x      ) >> 16) * (((q31_t)y << 16) >> 16)) +
 885              		.loc 2 953 78 view .LVU321
 886 02ee 04FB0300 		mla	r0, r4, r3, r0
 887              		.loc 2 954 78 view .LVU322
 888 02f2 1EEB0006 		adds	r6, lr, r0
 889 02f6 45EBE075 		adc	r5, r5, r0, asr #31
 890              	.LVL127:
 891              		.loc 2 954 78 view .LVU323
 892              	.LBE109:
 893              	.LBE108:
 318:Drivers/CMSIS/DSP/Source/FilteringFunctions/arm_conv_q15.c **** 
 894              		.loc 1 318 9 is_stmt 1 view .LVU324
 318:Drivers/CMSIS/DSP/Source/FilteringFunctions/arm_conv_q15.c **** 
 895              		.loc 1 318 12 is_stmt 0 view .LVU325
 896 02fa DCF80030 		ldr	r3, [ip]
 897              	.LVL128:
 321:Drivers/CMSIS/DSP/Source/FilteringFunctions/arm_conv_q15.c **** 
 898              		.loc 1 321 9 is_stmt 1 view .LVU326
 321:Drivers/CMSIS/DSP/Source/FilteringFunctions/arm_conv_q15.c **** 
 899              		.loc 1 321 12 is_stmt 0 view .LVU327
 900 02fe DCF80210 		ldr	r1, [ip, #2]
 901 0302 0391     		str	r1, [sp, #12]
 902              	.LVL129:
 324:Drivers/CMSIS/DSP/Source/FilteringFunctions/arm_conv_q15.c **** 
 903              		.loc 1 324 9 is_stmt 1 view .LVU328
 904              	.LBB110:
 905              	.LBI110:
 947:Drivers/CMSIS/DSP/Include/arm_math.h ****   uint32_t x,
 906              		.loc 2 947 41 view .LVU329
 907              	.LBB111:
 953:Drivers/CMSIS/DSP/Include/arm_math.h ****                        ((((q31_t)x      ) >> 16) * (((q31_t)y << 16) >> 16)) +
 908              		.loc 2 953 5 view .LVU330
ARM GAS  C:\Users\Lamp\AppData\Local\Temp\ccyz797W.s 			page 44


 953:Drivers/CMSIS/DSP/Include/arm_math.h ****                        ((((q31_t)x      ) >> 16) * (((q31_t)y << 16) >> 16)) +
 909              		.loc 2 953 43 is_stmt 0 view .LVU331
 910 0304 0FFA83FE 		sxth	lr, r3
 911              		.loc 2 954 43 view .LVU332
 912 0308 1B14     		asrs	r3, r3, #16
 913              	.LVL130:
 914              		.loc 2 954 50 view .LVU333
 915 030a 02FB03F0 		mul	r0, r2, r3
 953:Drivers/CMSIS/DSP/Include/arm_math.h ****                        ((((q31_t)x      ) >> 16) * (((q31_t)y << 16) >> 16)) +
 916              		.loc 2 953 78 view .LVU334
 917 030e 04FB0E00 		mla	r0, r4, lr, r0
 918              		.loc 2 954 78 view .LVU335
 919 0312 3F18     		adds	r7, r7, r0
 920              	.LVL131:
 921              		.loc 2 954 78 view .LVU336
 922 0314 0199     		ldr	r1, [sp, #4]
 923              	.LVL132:
 924              		.loc 2 954 78 view .LVU337
 925 0316 41EBE070 		adc	r0, r1, r0, asr #31
 926 031a 0190     		str	r0, [sp, #4]
 927              	.LVL133:
 928              		.loc 2 954 78 view .LVU338
 929              	.LBE111:
 930              	.LBE110:
 327:Drivers/CMSIS/DSP/Source/FilteringFunctions/arm_conv_q15.c **** 
 931              		.loc 1 327 9 is_stmt 1 view .LVU339
 932              	.LBB112:
 933              	.LBI112:
 947:Drivers/CMSIS/DSP/Include/arm_math.h ****   uint32_t x,
 934              		.loc 2 947 41 view .LVU340
 935              	.LBB113:
 953:Drivers/CMSIS/DSP/Include/arm_math.h ****                        ((((q31_t)x      ) >> 16) * (((q31_t)y << 16) >> 16)) +
 936              		.loc 2 953 5 view .LVU341
 953:Drivers/CMSIS/DSP/Include/arm_math.h ****                        ((((q31_t)x      ) >> 16) * (((q31_t)y << 16) >> 16)) +
 937              		.loc 2 953 43 is_stmt 0 view .LVU342
 938 031c 0399     		ldr	r1, [sp, #12]
 939 031e 08B2     		sxth	r0, r1
 940              	.LVL134:
 941              		.loc 2 954 43 view .LVU343
 942 0320 0914     		asrs	r1, r1, #16
 943              		.loc 2 954 50 view .LVU344
 944 0322 01FB02F2 		mul	r2, r1, r2
 953:Drivers/CMSIS/DSP/Include/arm_math.h ****                        ((((q31_t)x      ) >> 16) * (((q31_t)y << 16) >> 16)) +
 945              		.loc 2 953 78 view .LVU345
 946 0326 04FB0022 		mla	r2, r4, r0, r2
 947              		.loc 2 954 78 view .LVU346
 948 032a 1BEB020B 		adds	fp, fp, r2
 949              	.LVL135:
 950              		.loc 2 954 78 view .LVU347
 951 032e 4AEBE27A 		adc	r10, r10, r2, asr #31
 952 0332 CDF80CA0 		str	r10, [sp, #12]
 953              	.LVL136:
 954              		.loc 2 954 78 view .LVU348
 955              	.LBE113:
 956              	.LBE112:
 330:Drivers/CMSIS/DSP/Source/FilteringFunctions/arm_conv_q15.c **** 
 957              		.loc 1 330 9 is_stmt 1 view .LVU349
ARM GAS  C:\Users\Lamp\AppData\Local\Temp\ccyz797W.s 			page 45


 958 0336 009C     		ldr	r4, [sp]
 959 0338 2246     		mov	r2, r4
 960 033a 0494     		str	r4, [sp, #16]
 330:Drivers/CMSIS/DSP/Source/FilteringFunctions/arm_conv_q15.c **** 
 961              		.loc 1 330 27 is_stmt 0 view .LVU350
 962 033c 083C     		subs	r4, r4, #8
 963 033e 0094     		str	r4, [sp]
 964              	.LVL137:
 330:Drivers/CMSIS/DSP/Source/FilteringFunctions/arm_conv_q15.c **** 
 965              		.loc 1 330 12 view .LVU351
 966 0340 52F8042C 		ldr	r2, [r2, #-4]
 967              	.LVL138:
 333:Drivers/CMSIS/DSP/Source/FilteringFunctions/arm_conv_q15.c **** 
 968              		.loc 1 333 9 is_stmt 1 view .LVU352
 969              	.LBB114:
 970              	.LBI114:
 947:Drivers/CMSIS/DSP/Include/arm_math.h ****   uint32_t x,
 971              		.loc 2 947 41 view .LVU353
 972              	.LBB115:
 953:Drivers/CMSIS/DSP/Include/arm_math.h ****                        ((((q31_t)x      ) >> 16) * (((q31_t)y << 16) >> 16)) +
 973              		.loc 2 953 5 view .LVU354
 953:Drivers/CMSIS/DSP/Include/arm_math.h ****                        ((((q31_t)x      ) >> 16) * (((q31_t)y << 16) >> 16)) +
 974              		.loc 2 953 70 is_stmt 0 view .LVU355
 975 0344 4FEA224A 		asr	r10, r2, #16
 976              	.LVL139:
 977              		.loc 2 954 70 view .LVU356
 978 0348 12B2     		sxth	r2, r2
 979              	.LVL140:
 980              		.loc 2 954 50 view .LVU357
 981 034a 02FB03F3 		mul	r3, r2, r3
 953:Drivers/CMSIS/DSP/Include/arm_math.h ****                        ((((q31_t)x      ) >> 16) * (((q31_t)y << 16) >> 16)) +
 982              		.loc 2 953 78 view .LVU358
 983 034e 0EFB0A33 		mla	r3, lr, r10, r3
 984              		.loc 2 954 78 view .LVU359
 985 0352 13EB0808 		adds	r8, r3, r8
 986              	.LVL141:
 987              		.loc 2 954 78 view .LVU360
 988 0356 49EBE379 		adc	r9, r9, r3, asr #31
 989              	.LVL142:
 990              		.loc 2 954 78 view .LVU361
 991              	.LBE115:
 992              	.LBE114:
 336:Drivers/CMSIS/DSP/Source/FilteringFunctions/arm_conv_q15.c **** 
 993              		.loc 1 336 9 is_stmt 1 view .LVU362
 994              	.LBB116:
 995              	.LBI116:
 947:Drivers/CMSIS/DSP/Include/arm_math.h ****   uint32_t x,
 996              		.loc 2 947 41 view .LVU363
 997              	.LBB117:
 953:Drivers/CMSIS/DSP/Include/arm_math.h ****                        ((((q31_t)x      ) >> 16) * (((q31_t)y << 16) >> 16)) +
 998              		.loc 2 953 5 view .LVU364
 999              		.loc 2 954 50 is_stmt 0 view .LVU365
 1000 035a 02FB01F1 		mul	r1, r2, r1
 953:Drivers/CMSIS/DSP/Include/arm_math.h ****                        ((((q31_t)x      ) >> 16) * (((q31_t)y << 16) >> 16)) +
 1001              		.loc 2 953 78 view .LVU366
 1002 035e 00FB0A11 		mla	r1, r0, r10, r1
 1003              		.loc 2 954 78 view .LVU367
ARM GAS  C:\Users\Lamp\AppData\Local\Temp\ccyz797W.s 			page 46


 1004 0362 11EB060E 		adds	lr, r1, r6
 1005 0366 45EBE175 		adc	r5, r5, r1, asr #31
 1006              	.LVL143:
 1007              		.loc 2 954 78 view .LVU368
 1008              	.LBE117:
 1009              	.LBE116:
 339:Drivers/CMSIS/DSP/Source/FilteringFunctions/arm_conv_q15.c **** 
 1010              		.loc 1 339 9 is_stmt 1 view .LVU369
 339:Drivers/CMSIS/DSP/Source/FilteringFunctions/arm_conv_q15.c **** 
 1011              		.loc 1 339 12 is_stmt 0 view .LVU370
 1012 036a DCF80410 		ldr	r1, [ip, #4]
 342:Drivers/CMSIS/DSP/Source/FilteringFunctions/arm_conv_q15.c ****         px += 4U;
 1013              		.loc 1 342 9 is_stmt 1 view .LVU371
 1014              	.LVL144:
 342:Drivers/CMSIS/DSP/Source/FilteringFunctions/arm_conv_q15.c ****         px += 4U;
 1015              		.loc 1 342 12 is_stmt 0 view .LVU372
 1016 036e DCF80600 		ldr	r0, [ip, #6]
 343:Drivers/CMSIS/DSP/Source/FilteringFunctions/arm_conv_q15.c **** 
 1017              		.loc 1 343 9 is_stmt 1 view .LVU373
 1018 0372 CDF818C0 		str	ip, [sp, #24]
 1019              	.LVL145:
 343:Drivers/CMSIS/DSP/Source/FilteringFunctions/arm_conv_q15.c **** 
 1020              		.loc 1 343 12 is_stmt 0 view .LVU374
 1021 0376 0CF1080C 		add	ip, ip, #8
 1022              	.LVL146:
 346:Drivers/CMSIS/DSP/Source/FilteringFunctions/arm_conv_q15.c **** 
 1023              		.loc 1 346 9 is_stmt 1 view .LVU375
 1024              	.LBB118:
 1025              	.LBI118:
 947:Drivers/CMSIS/DSP/Include/arm_math.h ****   uint32_t x,
 1026              		.loc 2 947 41 view .LVU376
 1027              	.LBB119:
 953:Drivers/CMSIS/DSP/Include/arm_math.h ****                        ((((q31_t)x      ) >> 16) * (((q31_t)y << 16) >> 16)) +
 1028              		.loc 2 953 5 view .LVU377
 953:Drivers/CMSIS/DSP/Include/arm_math.h ****                        ((((q31_t)x      ) >> 16) * (((q31_t)y << 16) >> 16)) +
 1029              		.loc 2 953 43 is_stmt 0 view .LVU378
 1030 037a 0BB2     		sxth	r3, r1
 1031              		.loc 2 954 43 view .LVU379
 1032 037c 0C14     		asrs	r4, r1, #16
 1033              	.LVL147:
 1034              		.loc 2 954 43 view .LVU380
 1035 037e 0594     		str	r4, [sp, #20]
 1036              		.loc 2 954 50 view .LVU381
 1037 0380 02FB04F4 		mul	r4, r2, r4
 953:Drivers/CMSIS/DSP/Include/arm_math.h ****                        ((((q31_t)x      ) >> 16) * (((q31_t)y << 16) >> 16)) +
 1038              		.loc 2 953 78 view .LVU382
 1039 0384 0AFB0344 		mla	r4, r10, r3, r4
 1040              		.loc 2 954 78 view .LVU383
 1041 0388 E719     		adds	r7, r4, r7
 1042              	.LVL148:
 1043              		.loc 2 954 78 view .LVU384
 1044 038a 019E     		ldr	r6, [sp, #4]
 1045 038c 46EBE474 		adc	r4, r6, r4, asr #31
 1046 0390 0194     		str	r4, [sp, #4]
 1047              	.LVL149:
 1048              		.loc 2 954 78 view .LVU385
 1049              	.LBE119:
ARM GAS  C:\Users\Lamp\AppData\Local\Temp\ccyz797W.s 			page 47


 1050              	.LBE118:
 349:Drivers/CMSIS/DSP/Source/FilteringFunctions/arm_conv_q15.c **** 
 1051              		.loc 1 349 9 is_stmt 1 view .LVU386
 1052              	.LBB120:
 1053              	.LBI120:
 947:Drivers/CMSIS/DSP/Include/arm_math.h ****   uint32_t x,
 1054              		.loc 2 947 41 view .LVU387
 1055              	.LBB121:
 953:Drivers/CMSIS/DSP/Include/arm_math.h ****                        ((((q31_t)x      ) >> 16) * (((q31_t)y << 16) >> 16)) +
 1056              		.loc 2 953 5 view .LVU388
 953:Drivers/CMSIS/DSP/Include/arm_math.h ****                        ((((q31_t)x      ) >> 16) * (((q31_t)y << 16) >> 16)) +
 1057              		.loc 2 953 43 is_stmt 0 view .LVU389
 1058 0392 06B2     		sxth	r6, r0
 1059              		.loc 2 954 43 view .LVU390
 1060 0394 0414     		asrs	r4, r0, #16
 1061              	.LVL150:
 1062              		.loc 2 954 50 view .LVU391
 1063 0396 04FB02F2 		mul	r2, r4, r2
 953:Drivers/CMSIS/DSP/Include/arm_math.h ****                        ((((q31_t)x      ) >> 16) * (((q31_t)y << 16) >> 16)) +
 1064              		.loc 2 953 78 view .LVU392
 1065 039a 0AFB0622 		mla	r2, r10, r6, r2
 1066              		.loc 2 954 78 view .LVU393
 1067 039e 12EB0B0B 		adds	fp, r2, fp
 1068              	.LVL151:
 1069              		.loc 2 954 78 view .LVU394
 1070 03a2 DDF80CA0 		ldr	r10, [sp, #12]
 1071 03a6 4AEBE27A 		adc	r10, r10, r2, asr #31
 1072              	.LVL152:
 1073              		.loc 2 954 78 view .LVU395
 1074              	.LBE121:
 1075              	.LBE120:
 351:Drivers/CMSIS/DSP/Source/FilteringFunctions/arm_conv_q15.c **** 
 1076              		.loc 1 351 16 is_stmt 1 discriminator 1 view .LVU396
 351:Drivers/CMSIS/DSP/Source/FilteringFunctions/arm_conv_q15.c **** 
 1077              		.loc 1 351 16 is_stmt 0 discriminator 1 view .LVU397
 1078 03aa 029A     		ldr	r2, [sp, #8]
 1079 03ac 013A     		subs	r2, r2, #1
 1080              	.LVL153:
 351:Drivers/CMSIS/DSP/Source/FilteringFunctions/arm_conv_q15.c **** 
 1081              		.loc 1 351 16 discriminator 1 view .LVU398
 1082 03ae 0292     		str	r2, [sp, #8]
 1083 03b0 8BD1     		bne	.L15
 358:Drivers/CMSIS/DSP/Source/FilteringFunctions/arm_conv_q15.c **** 
 1084              		.loc 1 358 9 view .LVU399
 1085 03b2 0293     		str	r3, [sp, #8]
 1086 03b4 CDF800A0 		str	r10, [sp]
 1087              	.LVL154:
 358:Drivers/CMSIS/DSP/Source/FilteringFunctions/arm_conv_q15.c **** 
 1088              		.loc 1 358 7 is_stmt 1 view .LVU400
 358:Drivers/CMSIS/DSP/Source/FilteringFunctions/arm_conv_q15.c **** 
 1089              		.loc 1 358 9 is_stmt 0 view .LVU401
 1090 03b8 099B     		ldr	r3, [sp, #36]
 1091 03ba 03F0030A 		and	r10, r3, #3
 1092              	.LVL155:
 360:Drivers/CMSIS/DSP/Source/FilteringFunctions/arm_conv_q15.c ****       {
 1093              		.loc 1 360 7 is_stmt 1 view .LVU402
 360:Drivers/CMSIS/DSP/Source/FilteringFunctions/arm_conv_q15.c ****       {
ARM GAS  C:\Users\Lamp\AppData\Local\Temp\ccyz797W.s 			page 48


 1094              		.loc 1 360 10 is_stmt 0 view .LVU403
 1095 03be BAF1010F 		cmp	r10, #1
 1096 03c2 3FF4D3AE 		beq	.L47
 1097              	.LVL156:
 1098              	.L16:
 385:Drivers/CMSIS/DSP/Source/FilteringFunctions/arm_conv_q15.c ****       {
 1099              		.loc 1 385 7 is_stmt 1 view .LVU404
 385:Drivers/CMSIS/DSP/Source/FilteringFunctions/arm_conv_q15.c ****       {
 1100              		.loc 1 385 10 is_stmt 0 view .LVU405
 1101 03c6 BAF1020F 		cmp	r10, #2
 1102 03ca 3FF4F8AE 		beq	.L48
 1103              	.LVL157:
 1104              	.L17:
 404:Drivers/CMSIS/DSP/Source/FilteringFunctions/arm_conv_q15.c ****       {
 1105              		.loc 1 404 7 is_stmt 1 view .LVU406
 404:Drivers/CMSIS/DSP/Source/FilteringFunctions/arm_conv_q15.c ****       {
 1106              		.loc 1 404 10 is_stmt 0 view .LVU407
 1107 03ce BAF1030F 		cmp	r10, #3
 1108 03d2 7FF431AF 		bne	.L18
 407:Drivers/CMSIS/DSP/Source/FilteringFunctions/arm_conv_q15.c **** 
 1109              		.loc 1 407 9 is_stmt 1 view .LVU408
 407:Drivers/CMSIS/DSP/Source/FilteringFunctions/arm_conv_q15.c **** 
 1110              		.loc 1 407 12 is_stmt 0 view .LVU409
 1111 03d6 049B     		ldr	r3, [sp, #16]
 1112 03d8 53F8081C 		ldr	r1, [r3, #-8]
 1113              	.LVL158:
 410:Drivers/CMSIS/DSP/Source/FilteringFunctions/arm_conv_q15.c **** 
 1114              		.loc 1 410 9 is_stmt 1 view .LVU410
 410:Drivers/CMSIS/DSP/Source/FilteringFunctions/arm_conv_q15.c **** 
 1115              		.loc 1 410 12 is_stmt 0 view .LVU411
 1116 03dc DCF80020 		ldr	r2, [ip]
 1117 03e0 0392     		str	r2, [sp, #12]
 1118              	.LVL159:
 413:Drivers/CMSIS/DSP/Source/FilteringFunctions/arm_conv_q15.c **** 
 1119              		.loc 1 413 9 is_stmt 1 view .LVU412
 413:Drivers/CMSIS/DSP/Source/FilteringFunctions/arm_conv_q15.c **** 
 1120              		.loc 1 413 12 is_stmt 0 view .LVU413
 1121 03e2 DCF80230 		ldr	r3, [ip, #2]
 1122              	.LVL160:
 416:Drivers/CMSIS/DSP/Source/FilteringFunctions/arm_conv_q15.c ****         acc1 = __SMLALDX(x1, c0, acc1);
 1123              		.loc 1 416 9 is_stmt 1 view .LVU414
 1124              	.LBB122:
 1125              	.LBI122:
 947:Drivers/CMSIS/DSP/Include/arm_math.h ****   uint32_t x,
 1126              		.loc 2 947 41 view .LVU415
 1127              	.LBB123:
 953:Drivers/CMSIS/DSP/Include/arm_math.h ****                        ((((q31_t)x      ) >> 16) * (((q31_t)y << 16) >> 16)) +
 1128              		.loc 2 953 5 view .LVU416
 953:Drivers/CMSIS/DSP/Include/arm_math.h ****                        ((((q31_t)x      ) >> 16) * (((q31_t)y << 16) >> 16)) +
 1129              		.loc 2 953 70 is_stmt 0 view .LVU417
 1130 03e6 4FEA214A 		asr	r10, r1, #16
 1131              	.LVL161:
 1132              		.loc 2 954 70 view .LVU418
 1133 03ea 09B2     		sxth	r1, r1
 1134              	.LVL162:
 1135              		.loc 2 954 50 view .LVU419
 1136 03ec 0598     		ldr	r0, [sp, #20]
ARM GAS  C:\Users\Lamp\AppData\Local\Temp\ccyz797W.s 			page 49


 1137 03ee 01FB00F0 		mul	r0, r1, r0
 953:Drivers/CMSIS/DSP/Include/arm_math.h ****                        ((((q31_t)x      ) >> 16) * (((q31_t)y << 16) >> 16)) +
 1138              		.loc 2 953 78 view .LVU420
 1139 03f2 029A     		ldr	r2, [sp, #8]
 1140              	.LVL163:
 953:Drivers/CMSIS/DSP/Include/arm_math.h ****                        ((((q31_t)x      ) >> 16) * (((q31_t)y << 16) >> 16)) +
 1141              		.loc 2 953 78 view .LVU421
 1142 03f4 0AFB0200 		mla	r0, r10, r2, r0
 1143              		.loc 2 954 78 view .LVU422
 1144 03f8 18EB0008 		adds	r8, r8, r0
 1145              	.LVL164:
 1146              		.loc 2 954 78 view .LVU423
 1147 03fc 49EBE079 		adc	r9, r9, r0, asr #31
 1148              	.LVL165:
 1149              		.loc 2 954 78 view .LVU424
 1150              	.LBE123:
 1151              	.LBE122:
 417:Drivers/CMSIS/DSP/Source/FilteringFunctions/arm_conv_q15.c ****         acc2 = __SMLALDX(x3, c0, acc2);
 1152              		.loc 1 417 9 is_stmt 1 view .LVU425
 1153              	.LBB124:
 1154              	.LBI124:
 947:Drivers/CMSIS/DSP/Include/arm_math.h ****   uint32_t x,
 1155              		.loc 2 947 41 view .LVU426
 1156              	.LBB125:
 953:Drivers/CMSIS/DSP/Include/arm_math.h ****                        ((((q31_t)x      ) >> 16) * (((q31_t)y << 16) >> 16)) +
 1157              		.loc 2 953 5 view .LVU427
 1158              		.loc 2 954 50 is_stmt 0 view .LVU428
 1159 0400 01FB04F0 		mul	r0, r1, r4
 953:Drivers/CMSIS/DSP/Include/arm_math.h ****                        ((((q31_t)x      ) >> 16) * (((q31_t)y << 16) >> 16)) +
 1160              		.loc 2 953 78 view .LVU429
 1161 0404 0AFB0600 		mla	r0, r10, r6, r0
 1162              		.loc 2 954 78 view .LVU430
 1163 0408 1EEB000E 		adds	lr, lr, r0
 1164              	.LVL166:
 1165              		.loc 2 954 78 view .LVU431
 1166 040c 45EBE075 		adc	r5, r5, r0, asr #31
 1167              	.LVL167:
 1168              		.loc 2 954 78 view .LVU432
 1169              	.LBE125:
 1170              	.LBE124:
 418:Drivers/CMSIS/DSP/Source/FilteringFunctions/arm_conv_q15.c ****         acc3 = __SMLALDX(x2, c0, acc3);
 1171              		.loc 1 418 9 is_stmt 1 view .LVU433
 1172              	.LBB126:
 1173              	.LBI126:
 947:Drivers/CMSIS/DSP/Include/arm_math.h ****   uint32_t x,
 1174              		.loc 2 947 41 view .LVU434
 1175              	.LBB127:
 953:Drivers/CMSIS/DSP/Include/arm_math.h ****                        ((((q31_t)x      ) >> 16) * (((q31_t)y << 16) >> 16)) +
 1176              		.loc 2 953 5 view .LVU435
 953:Drivers/CMSIS/DSP/Include/arm_math.h ****                        ((((q31_t)x      ) >> 16) * (((q31_t)y << 16) >> 16)) +
 1177              		.loc 2 953 43 is_stmt 0 view .LVU436
 1178 0410 039A     		ldr	r2, [sp, #12]
 1179 0412 10B2     		sxth	r0, r2
 1180              		.loc 2 954 43 view .LVU437
 1181 0414 1214     		asrs	r2, r2, #16
 1182              		.loc 2 954 50 view .LVU438
 1183 0416 01FB02F2 		mul	r2, r1, r2
ARM GAS  C:\Users\Lamp\AppData\Local\Temp\ccyz797W.s 			page 50


 953:Drivers/CMSIS/DSP/Include/arm_math.h ****                        ((((q31_t)x      ) >> 16) * (((q31_t)y << 16) >> 16)) +
 1184              		.loc 2 953 78 view .LVU439
 1185 041a 0AFB0022 		mla	r2, r10, r0, r2
 1186              		.loc 2 954 78 view .LVU440
 1187 041e BE18     		adds	r6, r7, r2
 1188 0420 0198     		ldr	r0, [sp, #4]
 1189 0422 40EBE272 		adc	r2, r0, r2, asr #31
 1190 0426 0192     		str	r2, [sp, #4]
 1191              	.LVL168:
 1192              		.loc 2 954 78 view .LVU441
 1193              	.LBE127:
 1194              	.LBE126:
 419:Drivers/CMSIS/DSP/Source/FilteringFunctions/arm_conv_q15.c **** 
 1195              		.loc 1 419 9 is_stmt 1 view .LVU442
 1196              	.LBB128:
 1197              	.LBI128:
 947:Drivers/CMSIS/DSP/Include/arm_math.h ****   uint32_t x,
 1198              		.loc 2 947 41 view .LVU443
 1199              	.LBB129:
 953:Drivers/CMSIS/DSP/Include/arm_math.h ****                        ((((q31_t)x      ) >> 16) * (((q31_t)y << 16) >> 16)) +
 1200              		.loc 2 953 5 view .LVU444
 953:Drivers/CMSIS/DSP/Include/arm_math.h ****                        ((((q31_t)x      ) >> 16) * (((q31_t)y << 16) >> 16)) +
 1201              		.loc 2 953 43 is_stmt 0 view .LVU445
 1202 0428 18B2     		sxth	r0, r3
 1203              		.loc 2 954 43 view .LVU446
 1204 042a 1B14     		asrs	r3, r3, #16
 1205              	.LVL169:
 1206              		.loc 2 954 50 view .LVU447
 1207 042c 01FB03F2 		mul	r2, r1, r3
 1208              	.LVL170:
 953:Drivers/CMSIS/DSP/Include/arm_math.h ****                        ((((q31_t)x      ) >> 16) * (((q31_t)y << 16) >> 16)) +
 1209              		.loc 2 953 78 view .LVU448
 1210 0430 0AFB0022 		mla	r2, r10, r0, r2
 1211              		.loc 2 954 78 view .LVU449
 1212 0434 1BEB020A 		adds	r10, fp, r2
 1213 0438 009F     		ldr	r7, [sp]
 1214 043a 47EBE272 		adc	r2, r7, r2, asr #31
 1215              	.LVL171:
 1216              		.loc 2 954 78 view .LVU450
 1217              	.LBE129:
 1218              	.LBE128:
 421:Drivers/CMSIS/DSP/Source/FilteringFunctions/arm_conv_q15.c **** 
 1219              		.loc 1 421 9 is_stmt 1 view .LVU451
 428:Drivers/CMSIS/DSP/Source/FilteringFunctions/arm_conv_q15.c **** #endif /*      #ifdef  ARM_MATH_BIG_ENDIAN     */
 1220              		.loc 1 428 9 view .LVU452
 431:Drivers/CMSIS/DSP/Source/FilteringFunctions/arm_conv_q15.c ****         px += 3U;
 1221              		.loc 1 431 9 view .LVU453
 432:Drivers/CMSIS/DSP/Source/FilteringFunctions/arm_conv_q15.c **** 
 1222              		.loc 1 432 9 view .LVU454
 435:Drivers/CMSIS/DSP/Source/FilteringFunctions/arm_conv_q15.c ****         acc1 = __SMLALD(x2, c0, acc1);
 1223              		.loc 1 435 9 view .LVU455
 1224              	.LBB130:
 1225              	.LBI130:
 947:Drivers/CMSIS/DSP/Include/arm_math.h ****   uint32_t x,
 1226              		.loc 2 947 41 view .LVU456
 1227              	.LBB131:
 953:Drivers/CMSIS/DSP/Include/arm_math.h ****                        ((((q31_t)x      ) >> 16) * (((q31_t)y << 16) >> 16)) +
ARM GAS  C:\Users\Lamp\AppData\Local\Temp\ccyz797W.s 			page 51


 1228              		.loc 2 953 5 view .LVU457
 1229              		.loc 2 954 70 is_stmt 0 view .LVU458
 1230 043e 0499     		ldr	r1, [sp, #16]
 1231 0440 31F90A1C 		ldrsh	r1, [r1, #-10]
 953:Drivers/CMSIS/DSP/Include/arm_math.h ****                        ((((q31_t)x      ) >> 16) * (((q31_t)y << 16) >> 16)) +
 1232              		.loc 2 953 78 view .LVU459
 1233 0444 01FB04F4 		mul	r4, r1, r4
 1234              		.loc 2 954 78 view .LVU460
 1235 0448 14EB0808 		adds	r8, r4, r8
 1236              	.LVL172:
 1237              		.loc 2 954 78 view .LVU461
 1238 044c 49EBE479 		adc	r9, r9, r4, asr #31
 1239              	.LVL173:
 1240              		.loc 2 954 78 view .LVU462
 1241              	.LBE131:
 1242              	.LBE130:
 436:Drivers/CMSIS/DSP/Source/FilteringFunctions/arm_conv_q15.c ****         acc2 = __SMLALDX(x2, c0, acc2);
 1243              		.loc 1 436 9 is_stmt 1 view .LVU463
 1244              	.LBB132:
 1245              	.LBI132:
 932:Drivers/CMSIS/DSP/Include/arm_math.h ****   uint32_t x,
 1246              		.loc 2 932 41 view .LVU464
 1247              	.LBB133:
 938:Drivers/CMSIS/DSP/Include/arm_math.h ****                        ((((q31_t)x      ) >> 16) * (((q31_t)y      ) >> 16)) +
 1248              		.loc 2 938 5 view .LVU465
 938:Drivers/CMSIS/DSP/Include/arm_math.h ****                        ((((q31_t)x      ) >> 16) * (((q31_t)y      ) >> 16)) +
 1249              		.loc 2 938 78 is_stmt 0 view .LVU466
 1250 0450 01FB00F0 		mul	r0, r1, r0
 939:Drivers/CMSIS/DSP/Include/arm_math.h ****                        ( ((q63_t)sum    )                                  )   ));
 1251              		.loc 2 939 78 view .LVU467
 1252 0454 10EB0E0E 		adds	lr, r0, lr
 1253              	.LVL174:
 939:Drivers/CMSIS/DSP/Include/arm_math.h ****                        ( ((q63_t)sum    )                                  )   ));
 1254              		.loc 2 939 78 view .LVU468
 1255 0458 45EBE075 		adc	r5, r5, r0, asr #31
 1256              	.LVL175:
 939:Drivers/CMSIS/DSP/Include/arm_math.h ****                        ( ((q63_t)sum    )                                  )   ));
 1257              		.loc 2 939 78 view .LVU469
 1258              	.LBE133:
 1259              	.LBE132:
 437:Drivers/CMSIS/DSP/Source/FilteringFunctions/arm_conv_q15.c ****         acc3 = __SMLALDX(x3, c0, acc3);
 1260              		.loc 1 437 9 is_stmt 1 view .LVU470
 1261              	.LBB134:
 1262              	.LBI134:
 947:Drivers/CMSIS/DSP/Include/arm_math.h ****   uint32_t x,
 1263              		.loc 2 947 41 view .LVU471
 1264              	.LBB135:
 953:Drivers/CMSIS/DSP/Include/arm_math.h ****                        ((((q31_t)x      ) >> 16) * (((q31_t)y << 16) >> 16)) +
 1265              		.loc 2 953 5 view .LVU472
 953:Drivers/CMSIS/DSP/Include/arm_math.h ****                        ((((q31_t)x      ) >> 16) * (((q31_t)y << 16) >> 16)) +
 1266              		.loc 2 953 78 is_stmt 0 view .LVU473
 1267 045c 01FB03F3 		mul	r3, r1, r3
 1268              		.loc 2 954 78 view .LVU474
 1269 0460 9F19     		adds	r7, r3, r6
 1270 0462 0198     		ldr	r0, [sp, #4]
 1271 0464 40EBE373 		adc	r3, r0, r3, asr #31
 1272 0468 0193     		str	r3, [sp, #4]
ARM GAS  C:\Users\Lamp\AppData\Local\Temp\ccyz797W.s 			page 52


 1273              	.LVL176:
 1274              		.loc 2 954 78 view .LVU475
 1275              	.LBE135:
 1276              	.LBE134:
 438:Drivers/CMSIS/DSP/Source/FilteringFunctions/arm_conv_q15.c ****       }
 1277              		.loc 1 438 9 is_stmt 1 view .LVU476
 1278              	.LBB136:
 1279              	.LBI136:
 947:Drivers/CMSIS/DSP/Include/arm_math.h ****   uint32_t x,
 1280              		.loc 2 947 41 view .LVU477
 1281              	.LBB137:
 953:Drivers/CMSIS/DSP/Include/arm_math.h ****                        ((((q31_t)x      ) >> 16) * (((q31_t)y << 16) >> 16)) +
 1282              		.loc 2 953 5 view .LVU478
 1283              		.loc 2 954 43 is_stmt 0 view .LVU479
 1284 046a BCF90630 		ldrsh	r3, [ip, #6]
 1285              	.LVL177:
 953:Drivers/CMSIS/DSP/Include/arm_math.h ****                        ((((q31_t)x      ) >> 16) * (((q31_t)y << 16) >> 16)) +
 1286              		.loc 2 953 78 view .LVU480
 1287 046e 01FB03F3 		mul	r3, r1, r3
 1288              		.loc 2 954 78 view .LVU481
 1289 0472 13EB0A0B 		adds	fp, r3, r10
 1290 0476 42EBE373 		adc	r3, r2, r3, asr #31
 1291 047a 0093     		str	r3, [sp]
 1292              	.LVL178:
 1293              		.loc 2 954 78 view .LVU482
 1294 047c DCE6     		b	.L18
 1295              	.LVL179:
 1296              	.L46:
 1297              		.loc 2 954 78 view .LVU483
 1298              	.LBE137:
 1299              	.LBE136:
 469:Drivers/CMSIS/DSP/Source/FilteringFunctions/arm_conv_q15.c ****     }
 470:Drivers/CMSIS/DSP/Source/FilteringFunctions/arm_conv_q15.c **** 
 471:Drivers/CMSIS/DSP/Source/FilteringFunctions/arm_conv_q15.c ****     /* If the blockSize2 is not a multiple of 4, compute any remaining output samples here.
 472:Drivers/CMSIS/DSP/Source/FilteringFunctions/arm_conv_q15.c ****      ** No loop unrolling is used. */
 473:Drivers/CMSIS/DSP/Source/FilteringFunctions/arm_conv_q15.c ****     blkCnt = blockSize2 % 0x4U;
 1300              		.loc 1 473 12 view .LVU484
 1301 047e 0C98     		ldr	r0, [sp, #48]
 1302 0480 DDF83490 		ldr	r9, [sp, #52]
 1303              		.loc 1 473 5 is_stmt 1 view .LVU485
 1304              		.loc 1 473 12 is_stmt 0 view .LVU486
 1305 0484 09F00305 		and	r5, r9, #3
 1306              	.LVL180:
 474:Drivers/CMSIS/DSP/Source/FilteringFunctions/arm_conv_q15.c **** 
 475:Drivers/CMSIS/DSP/Source/FilteringFunctions/arm_conv_q15.c ****     while (blkCnt > 0U)
 1307              		.loc 1 475 5 is_stmt 1 view .LVU487
 1308 0488 0B9F     		ldr	r7, [sp, #44]
 1309 048a 8046     		mov	r8, r0
 1310 048c DDF824C0 		ldr	ip, [sp, #36]
 1311 0490 DDF820E0 		ldr	lr, [sp, #32]
 1312              		.loc 1 475 11 is_stmt 0 view .LVU488
 1313 0494 44E0     		b	.L20
 1314              	.LVL181:
 1315              	.L22:
 476:Drivers/CMSIS/DSP/Source/FilteringFunctions/arm_conv_q15.c ****     {
 477:Drivers/CMSIS/DSP/Source/FilteringFunctions/arm_conv_q15.c ****       /* Accumulator is made zero for every iteration */
 478:Drivers/CMSIS/DSP/Source/FilteringFunctions/arm_conv_q15.c ****       sum = 0;
ARM GAS  C:\Users\Lamp\AppData\Local\Temp\ccyz797W.s 			page 53


 479:Drivers/CMSIS/DSP/Source/FilteringFunctions/arm_conv_q15.c **** 
 480:Drivers/CMSIS/DSP/Source/FilteringFunctions/arm_conv_q15.c ****       /* Apply loop unrolling and compute 4 MACs simultaneously. */
 481:Drivers/CMSIS/DSP/Source/FilteringFunctions/arm_conv_q15.c ****       k = srcBLen >> 2U;
 482:Drivers/CMSIS/DSP/Source/FilteringFunctions/arm_conv_q15.c **** 
 483:Drivers/CMSIS/DSP/Source/FilteringFunctions/arm_conv_q15.c ****       /* First part of the processing with loop unrolling.  Compute 4 MACs at a time.
 484:Drivers/CMSIS/DSP/Source/FilteringFunctions/arm_conv_q15.c ****        ** a second loop below computes MACs for the remaining 1 to 3 samples. */
 485:Drivers/CMSIS/DSP/Source/FilteringFunctions/arm_conv_q15.c ****       while (k > 0U)
 486:Drivers/CMSIS/DSP/Source/FilteringFunctions/arm_conv_q15.c ****       {
 487:Drivers/CMSIS/DSP/Source/FilteringFunctions/arm_conv_q15.c ****         /* Perform the multiply-accumulates */
 488:Drivers/CMSIS/DSP/Source/FilteringFunctions/arm_conv_q15.c ****         sum += (q63_t) ((q31_t) * px++ * *py--);
 1316              		.loc 1 488 9 is_stmt 1 view .LVU489
 1317              		.loc 1 488 33 is_stmt 0 view .LVU490
 1318 0496 B3F90060 		ldrsh	r6, [r3]
 1319              	.LVL182:
 1320              		.loc 1 488 42 view .LVU491
 1321 049a B4F900A0 		ldrsh	r10, [r4]
 1322              		.loc 1 488 40 view .LVU492
 1323 049e 0AFB06F6 		mul	r6, r10, r6
 1324              		.loc 1 488 13 view .LVU493
 1325 04a2 9219     		adds	r2, r2, r6
 1326              	.LVL183:
 1327              		.loc 1 488 13 view .LVU494
 1328 04a4 41EBE671 		adc	r1, r1, r6, asr #31
 1329              	.LVL184:
 489:Drivers/CMSIS/DSP/Source/FilteringFunctions/arm_conv_q15.c ****         sum += (q63_t) ((q31_t) * px++ * *py--);
 1330              		.loc 1 489 9 is_stmt 1 view .LVU495
 1331              		.loc 1 489 33 is_stmt 0 view .LVU496
 1332 04a8 B3F90260 		ldrsh	r6, [r3, #2]
 1333              	.LVL185:
 1334              		.loc 1 489 42 view .LVU497
 1335 04ac 34F902AC 		ldrsh	r10, [r4, #-2]
 1336              		.loc 1 489 40 view .LVU498
 1337 04b0 0AFB06F6 		mul	r6, r10, r6
 1338              		.loc 1 489 13 view .LVU499
 1339 04b4 9219     		adds	r2, r2, r6
 1340              	.LVL186:
 1341              		.loc 1 489 13 view .LVU500
 1342 04b6 41EBE671 		adc	r1, r1, r6, asr #31
 1343              	.LVL187:
 490:Drivers/CMSIS/DSP/Source/FilteringFunctions/arm_conv_q15.c ****         sum += (q63_t) ((q31_t) * px++ * *py--);
 1344              		.loc 1 490 9 is_stmt 1 view .LVU501
 1345              		.loc 1 490 33 is_stmt 0 view .LVU502
 1346 04ba B3F90460 		ldrsh	r6, [r3, #4]
 1347              	.LVL188:
 1348              		.loc 1 490 42 view .LVU503
 1349 04be 34F904AC 		ldrsh	r10, [r4, #-4]
 1350              		.loc 1 490 40 view .LVU504
 1351 04c2 0AFB06F6 		mul	r6, r10, r6
 1352              		.loc 1 490 13 view .LVU505
 1353 04c6 9219     		adds	r2, r2, r6
 1354              	.LVL189:
 1355              		.loc 1 490 13 view .LVU506
 1356 04c8 41EBE676 		adc	r6, r1, r6, asr #31
 1357              	.LVL190:
 491:Drivers/CMSIS/DSP/Source/FilteringFunctions/arm_conv_q15.c ****         sum += (q63_t) ((q31_t) * px++ * *py--);
 1358              		.loc 1 491 9 is_stmt 1 view .LVU507
 1359              		.loc 1 491 33 is_stmt 0 view .LVU508
ARM GAS  C:\Users\Lamp\AppData\Local\Temp\ccyz797W.s 			page 54


 1360 04cc B3F90610 		ldrsh	r1, [r3, #6]
 1361              	.LVL191:
 1362              		.loc 1 491 42 view .LVU509
 1363 04d0 34F906AC 		ldrsh	r10, [r4, #-6]
 1364              		.loc 1 491 40 view .LVU510
 1365 04d4 0AFB01F1 		mul	r1, r10, r1
 1366              		.loc 1 491 13 view .LVU511
 1367 04d8 5218     		adds	r2, r2, r1
 1368              	.LVL192:
 1369              		.loc 1 491 13 view .LVU512
 1370 04da 46EBE171 		adc	r1, r6, r1, asr #31
 1371              	.LVL193:
 492:Drivers/CMSIS/DSP/Source/FilteringFunctions/arm_conv_q15.c **** 
 493:Drivers/CMSIS/DSP/Source/FilteringFunctions/arm_conv_q15.c ****         /* Decrement the loop counter */
 494:Drivers/CMSIS/DSP/Source/FilteringFunctions/arm_conv_q15.c ****         k--;
 1372              		.loc 1 494 9 is_stmt 1 view .LVU513
 1373              		.loc 1 494 10 is_stmt 0 view .LVU514
 1374 04de 0138     		subs	r0, r0, #1
 1375              	.LVL194:
 491:Drivers/CMSIS/DSP/Source/FilteringFunctions/arm_conv_q15.c ****         sum += (q63_t) ((q31_t) * px++ * *py--);
 1376              		.loc 1 491 45 view .LVU515
 1377 04e0 083C     		subs	r4, r4, #8
 1378              	.LVL195:
 491:Drivers/CMSIS/DSP/Source/FilteringFunctions/arm_conv_q15.c ****         sum += (q63_t) ((q31_t) * px++ * *py--);
 1379              		.loc 1 491 37 view .LVU516
 1380 04e2 0833     		adds	r3, r3, #8
 1381              	.LVL196:
 1382              	.L21:
 485:Drivers/CMSIS/DSP/Source/FilteringFunctions/arm_conv_q15.c ****       {
 1383              		.loc 1 485 16 is_stmt 1 view .LVU517
 1384 04e4 0028     		cmp	r0, #0
 1385 04e6 D6D1     		bne	.L22
 495:Drivers/CMSIS/DSP/Source/FilteringFunctions/arm_conv_q15.c ****       }
 496:Drivers/CMSIS/DSP/Source/FilteringFunctions/arm_conv_q15.c **** 
 497:Drivers/CMSIS/DSP/Source/FilteringFunctions/arm_conv_q15.c ****       /* If the srcBLen is not a multiple of 4, compute any remaining MACs here.
 498:Drivers/CMSIS/DSP/Source/FilteringFunctions/arm_conv_q15.c ****        ** No loop unrolling is used. */
 499:Drivers/CMSIS/DSP/Source/FilteringFunctions/arm_conv_q15.c ****       k = srcBLen % 0x4U;
 1386              		.loc 1 499 7 view .LVU518
 1387              		.loc 1 499 9 is_stmt 0 view .LVU519
 1388 04e8 0CF00300 		and	r0, ip, #3
 1389              	.LVL197:
 500:Drivers/CMSIS/DSP/Source/FilteringFunctions/arm_conv_q15.c **** 
 501:Drivers/CMSIS/DSP/Source/FilteringFunctions/arm_conv_q15.c ****       while (k > 0U)
 1390              		.loc 1 501 7 is_stmt 1 view .LVU520
 1391              		.loc 1 501 13 is_stmt 0 view .LVU521
 1392 04ec 09E0     		b	.L23
 1393              	.L24:
 502:Drivers/CMSIS/DSP/Source/FilteringFunctions/arm_conv_q15.c ****       {
 503:Drivers/CMSIS/DSP/Source/FilteringFunctions/arm_conv_q15.c ****         /* Perform the multiply-accumulates */
 504:Drivers/CMSIS/DSP/Source/FilteringFunctions/arm_conv_q15.c ****         sum += (q63_t) ((q31_t) * px++ * *py--);
 1394              		.loc 1 504 9 is_stmt 1 view .LVU522
 1395              	.LVL198:
 1396              		.loc 1 504 33 is_stmt 0 view .LVU523
 1397 04ee 33F9026B 		ldrsh	r6, [r3], #2
 1398              	.LVL199:
 1399              		.loc 1 504 42 view .LVU524
 1400 04f2 34F902A9 		ldrsh	r10, [r4], #-2
ARM GAS  C:\Users\Lamp\AppData\Local\Temp\ccyz797W.s 			page 55


 1401              	.LVL200:
 1402              		.loc 1 504 40 view .LVU525
 1403 04f6 0AFB06F6 		mul	r6, r10, r6
 1404              		.loc 1 504 13 view .LVU526
 1405 04fa 9219     		adds	r2, r2, r6
 1406              	.LVL201:
 1407              		.loc 1 504 13 view .LVU527
 1408 04fc 41EBE671 		adc	r1, r1, r6, asr #31
 1409              	.LVL202:
 505:Drivers/CMSIS/DSP/Source/FilteringFunctions/arm_conv_q15.c **** 
 506:Drivers/CMSIS/DSP/Source/FilteringFunctions/arm_conv_q15.c ****         /* Decrement the loop counter */
 507:Drivers/CMSIS/DSP/Source/FilteringFunctions/arm_conv_q15.c ****         k--;
 1410              		.loc 1 507 9 is_stmt 1 view .LVU528
 1411              		.loc 1 507 10 is_stmt 0 view .LVU529
 1412 0500 0138     		subs	r0, r0, #1
 1413              	.LVL203:
 1414              	.L23:
 501:Drivers/CMSIS/DSP/Source/FilteringFunctions/arm_conv_q15.c ****       {
 1415              		.loc 1 501 16 is_stmt 1 view .LVU530
 1416 0502 0028     		cmp	r0, #0
 1417 0504 F3D1     		bne	.L24
 508:Drivers/CMSIS/DSP/Source/FilteringFunctions/arm_conv_q15.c ****       }
 509:Drivers/CMSIS/DSP/Source/FilteringFunctions/arm_conv_q15.c **** 
 510:Drivers/CMSIS/DSP/Source/FilteringFunctions/arm_conv_q15.c ****       /* Store the result in the accumulator in the destination buffer. */
 511:Drivers/CMSIS/DSP/Source/FilteringFunctions/arm_conv_q15.c ****       *pOut++ = (q15_t) (__SSAT(sum >> 15, 16));
 1418              		.loc 1 511 7 view .LVU531
 1419              	.LBB138:
 1420              		.loc 1 511 26 view .LVU532
 1421 0506 D20B     		lsrs	r2, r2, #15
 1422              	.LVL204:
 1423              		.loc 1 511 26 is_stmt 0 view .LVU533
 1424 0508 42EA4142 		orr	r2, r2, r1, lsl #17
 1425              	.LVL205:
 1426              		.loc 1 511 26 is_stmt 1 view .LVU534
 1427              		.syntax unified
 1428              	@ 511 "Drivers/CMSIS/DSP/Source/FilteringFunctions/arm_conv_q15.c" 1
 1429 050c 02F30F02 		ssat r2, #16, r2
 1430              	@ 0 "" 2
 1431              	.LVL206:
 1432              		.loc 1 511 26 view .LVU535
 1433              		.thumb
 1434              		.syntax unified
 1435              	.LBE138:
 1436              		.loc 1 511 12 is_stmt 0 view .LVU536
 1437 0510 1899     		ldr	r1, [sp, #96]
 1438              	.LVL207:
 1439              		.loc 1 511 15 view .LVU537
 1440 0512 21F8022B 		strh	r2, [r1], #2	@ movhi
 1441              	.LVL208:
 512:Drivers/CMSIS/DSP/Source/FilteringFunctions/arm_conv_q15.c **** 
 513:Drivers/CMSIS/DSP/Source/FilteringFunctions/arm_conv_q15.c ****       /* Increment the pointer pIn1 index, count by 1 */
 514:Drivers/CMSIS/DSP/Source/FilteringFunctions/arm_conv_q15.c ****       count++;
 1442              		.loc 1 514 7 is_stmt 1 view .LVU538
 1443              		.loc 1 514 12 is_stmt 0 view .LVU539
 1444 0516 0137     		adds	r7, r7, #1
 1445              	.LVL209:
 515:Drivers/CMSIS/DSP/Source/FilteringFunctions/arm_conv_q15.c **** 
ARM GAS  C:\Users\Lamp\AppData\Local\Temp\ccyz797W.s 			page 56


 516:Drivers/CMSIS/DSP/Source/FilteringFunctions/arm_conv_q15.c ****       /* Update the inputA and inputB pointers for next MAC calculation */
 517:Drivers/CMSIS/DSP/Source/FilteringFunctions/arm_conv_q15.c ****       px = pIn1 + count;
 1446              		.loc 1 517 7 is_stmt 1 view .LVU540
 1447              		.loc 1 517 17 is_stmt 0 view .LVU541
 1448 0518 0EEB4703 		add	r3, lr, r7, lsl #1
 1449              	.LVL210:
 518:Drivers/CMSIS/DSP/Source/FilteringFunctions/arm_conv_q15.c ****       py = pSrc2;
 1450              		.loc 1 518 7 is_stmt 1 view .LVU542
 519:Drivers/CMSIS/DSP/Source/FilteringFunctions/arm_conv_q15.c **** 
 520:Drivers/CMSIS/DSP/Source/FilteringFunctions/arm_conv_q15.c ****       /* Decrement the loop counter */
 521:Drivers/CMSIS/DSP/Source/FilteringFunctions/arm_conv_q15.c ****       blkCnt--;
 1451              		.loc 1 521 7 view .LVU543
 1452              		.loc 1 521 13 is_stmt 0 view .LVU544
 1453 051c 013D     		subs	r5, r5, #1
 1454              	.LVL211:
 511:Drivers/CMSIS/DSP/Source/FilteringFunctions/arm_conv_q15.c **** 
 1455              		.loc 1 511 12 view .LVU545
 1456 051e 1891     		str	r1, [sp, #96]
 1457              	.LVL212:
 1458              	.L20:
 475:Drivers/CMSIS/DSP/Source/FilteringFunctions/arm_conv_q15.c ****     {
 1459              		.loc 1 475 19 is_stmt 1 view .LVU546
 1460 0520 2DB1     		cbz	r5, .L49
 478:Drivers/CMSIS/DSP/Source/FilteringFunctions/arm_conv_q15.c **** 
 1461              		.loc 1 478 7 view .LVU547
 1462              	.LVL213:
 481:Drivers/CMSIS/DSP/Source/FilteringFunctions/arm_conv_q15.c **** 
 1463              		.loc 1 481 7 view .LVU548
 481:Drivers/CMSIS/DSP/Source/FilteringFunctions/arm_conv_q15.c **** 
 1464              		.loc 1 481 9 is_stmt 0 view .LVU549
 1465 0522 4FEA9C00 		lsr	r0, ip, #2
 1466              	.LVL214:
 485:Drivers/CMSIS/DSP/Source/FilteringFunctions/arm_conv_q15.c ****       {
 1467              		.loc 1 485 7 is_stmt 1 view .LVU550
 485:Drivers/CMSIS/DSP/Source/FilteringFunctions/arm_conv_q15.c ****       {
 1468              		.loc 1 485 13 is_stmt 0 view .LVU551
 1469 0526 079C     		ldr	r4, [sp, #28]
 478:Drivers/CMSIS/DSP/Source/FilteringFunctions/arm_conv_q15.c **** 
 1470              		.loc 1 478 11 view .LVU552
 1471 0528 0022     		movs	r2, #0
 1472 052a 1146     		mov	r1, r2
 485:Drivers/CMSIS/DSP/Source/FilteringFunctions/arm_conv_q15.c ****       {
 1473              		.loc 1 485 13 view .LVU553
 1474 052c DAE7     		b	.L21
 1475              	.LVL215:
 1476              	.L49:
 485:Drivers/CMSIS/DSP/Source/FilteringFunctions/arm_conv_q15.c ****       {
 1477              		.loc 1 485 13 view .LVU554
 1478 052e 4046     		mov	r0, r8
 1479              	.LVL216:
 1480              	.L26:
 522:Drivers/CMSIS/DSP/Source/FilteringFunctions/arm_conv_q15.c ****     }
 523:Drivers/CMSIS/DSP/Source/FilteringFunctions/arm_conv_q15.c ****   }
 524:Drivers/CMSIS/DSP/Source/FilteringFunctions/arm_conv_q15.c ****   else
 525:Drivers/CMSIS/DSP/Source/FilteringFunctions/arm_conv_q15.c ****   {
 526:Drivers/CMSIS/DSP/Source/FilteringFunctions/arm_conv_q15.c ****     /* If the srcBLen is not a multiple of 4,
 527:Drivers/CMSIS/DSP/Source/FilteringFunctions/arm_conv_q15.c ****      * the blockSize2 loop cannot be unrolled by 4 */
ARM GAS  C:\Users\Lamp\AppData\Local\Temp\ccyz797W.s 			page 57


 528:Drivers/CMSIS/DSP/Source/FilteringFunctions/arm_conv_q15.c ****     blkCnt = blockSize2;
 529:Drivers/CMSIS/DSP/Source/FilteringFunctions/arm_conv_q15.c **** 
 530:Drivers/CMSIS/DSP/Source/FilteringFunctions/arm_conv_q15.c ****     while (blkCnt > 0U)
 531:Drivers/CMSIS/DSP/Source/FilteringFunctions/arm_conv_q15.c ****     {
 532:Drivers/CMSIS/DSP/Source/FilteringFunctions/arm_conv_q15.c ****       /* Accumulator is made zero for every iteration */
 533:Drivers/CMSIS/DSP/Source/FilteringFunctions/arm_conv_q15.c ****       sum = 0;
 534:Drivers/CMSIS/DSP/Source/FilteringFunctions/arm_conv_q15.c **** 
 535:Drivers/CMSIS/DSP/Source/FilteringFunctions/arm_conv_q15.c ****       /* srcBLen number of MACS should be performed */
 536:Drivers/CMSIS/DSP/Source/FilteringFunctions/arm_conv_q15.c ****       k = srcBLen;
 537:Drivers/CMSIS/DSP/Source/FilteringFunctions/arm_conv_q15.c **** 
 538:Drivers/CMSIS/DSP/Source/FilteringFunctions/arm_conv_q15.c ****       while (k > 0U)
 539:Drivers/CMSIS/DSP/Source/FilteringFunctions/arm_conv_q15.c ****       {
 540:Drivers/CMSIS/DSP/Source/FilteringFunctions/arm_conv_q15.c ****         /* Perform the multiply-accumulate */
 541:Drivers/CMSIS/DSP/Source/FilteringFunctions/arm_conv_q15.c ****         sum += (q63_t) ((q31_t) * px++ * *py--);
 542:Drivers/CMSIS/DSP/Source/FilteringFunctions/arm_conv_q15.c **** 
 543:Drivers/CMSIS/DSP/Source/FilteringFunctions/arm_conv_q15.c ****         /* Decrement the loop counter */
 544:Drivers/CMSIS/DSP/Source/FilteringFunctions/arm_conv_q15.c ****         k--;
 545:Drivers/CMSIS/DSP/Source/FilteringFunctions/arm_conv_q15.c ****       }
 546:Drivers/CMSIS/DSP/Source/FilteringFunctions/arm_conv_q15.c **** 
 547:Drivers/CMSIS/DSP/Source/FilteringFunctions/arm_conv_q15.c ****       /* Store the result in the accumulator in the destination buffer. */
 548:Drivers/CMSIS/DSP/Source/FilteringFunctions/arm_conv_q15.c ****       *pOut++ = (q15_t) (__SSAT(sum >> 15, 16));
 549:Drivers/CMSIS/DSP/Source/FilteringFunctions/arm_conv_q15.c **** 
 550:Drivers/CMSIS/DSP/Source/FilteringFunctions/arm_conv_q15.c ****       /* Increment the MAC count */
 551:Drivers/CMSIS/DSP/Source/FilteringFunctions/arm_conv_q15.c ****       count++;
 552:Drivers/CMSIS/DSP/Source/FilteringFunctions/arm_conv_q15.c **** 
 553:Drivers/CMSIS/DSP/Source/FilteringFunctions/arm_conv_q15.c ****       /* Update the inputA and inputB pointers for next MAC calculation */
 554:Drivers/CMSIS/DSP/Source/FilteringFunctions/arm_conv_q15.c ****       px = pIn1 + count;
 555:Drivers/CMSIS/DSP/Source/FilteringFunctions/arm_conv_q15.c ****       py = pSrc2;
 556:Drivers/CMSIS/DSP/Source/FilteringFunctions/arm_conv_q15.c **** 
 557:Drivers/CMSIS/DSP/Source/FilteringFunctions/arm_conv_q15.c ****       /* Decrement the loop counter */
 558:Drivers/CMSIS/DSP/Source/FilteringFunctions/arm_conv_q15.c ****       blkCnt--;
 559:Drivers/CMSIS/DSP/Source/FilteringFunctions/arm_conv_q15.c ****     }
 560:Drivers/CMSIS/DSP/Source/FilteringFunctions/arm_conv_q15.c ****   }
 561:Drivers/CMSIS/DSP/Source/FilteringFunctions/arm_conv_q15.c **** 
 562:Drivers/CMSIS/DSP/Source/FilteringFunctions/arm_conv_q15.c **** 
 563:Drivers/CMSIS/DSP/Source/FilteringFunctions/arm_conv_q15.c ****   /* --------------------------
 564:Drivers/CMSIS/DSP/Source/FilteringFunctions/arm_conv_q15.c ****    * Initializations of stage3
 565:Drivers/CMSIS/DSP/Source/FilteringFunctions/arm_conv_q15.c ****    * -------------------------*/
 566:Drivers/CMSIS/DSP/Source/FilteringFunctions/arm_conv_q15.c **** 
 567:Drivers/CMSIS/DSP/Source/FilteringFunctions/arm_conv_q15.c ****   /* sum += x[srcALen-srcBLen+1] * y[srcBLen-1] + x[srcALen-srcBLen+2] * y[srcBLen-2] +...+ x[srcAL
 568:Drivers/CMSIS/DSP/Source/FilteringFunctions/arm_conv_q15.c ****    * sum += x[srcALen-srcBLen+2] * y[srcBLen-1] + x[srcALen-srcBLen+3] * y[srcBLen-2] +...+ x[srcAL
 569:Drivers/CMSIS/DSP/Source/FilteringFunctions/arm_conv_q15.c ****    * ....
 570:Drivers/CMSIS/DSP/Source/FilteringFunctions/arm_conv_q15.c ****    * sum +=  x[srcALen-2] * y[srcBLen-1] + x[srcALen-1] * y[srcBLen-2]
 571:Drivers/CMSIS/DSP/Source/FilteringFunctions/arm_conv_q15.c ****    * sum +=  x[srcALen-1] * y[srcBLen-1]
 572:Drivers/CMSIS/DSP/Source/FilteringFunctions/arm_conv_q15.c ****    */
 573:Drivers/CMSIS/DSP/Source/FilteringFunctions/arm_conv_q15.c **** 
 574:Drivers/CMSIS/DSP/Source/FilteringFunctions/arm_conv_q15.c ****   /* In this stage the MAC operations are decreased by 1 for every iteration.
 575:Drivers/CMSIS/DSP/Source/FilteringFunctions/arm_conv_q15.c ****      The blockSize3 variable holds the number of MAC operations performed */
 576:Drivers/CMSIS/DSP/Source/FilteringFunctions/arm_conv_q15.c **** 
 577:Drivers/CMSIS/DSP/Source/FilteringFunctions/arm_conv_q15.c ****   blockSize3 = srcBLen - 1U;
 1481              		.loc 1 577 3 is_stmt 1 view .LVU555
 578:Drivers/CMSIS/DSP/Source/FilteringFunctions/arm_conv_q15.c **** 
 579:Drivers/CMSIS/DSP/Source/FilteringFunctions/arm_conv_q15.c ****   /* Working pointer of inputA */
 580:Drivers/CMSIS/DSP/Source/FilteringFunctions/arm_conv_q15.c ****   pSrc1 = (pIn1 + srcALen) - (srcBLen - 1U);
 1482              		.loc 1 580 3 view .LVU556
 1483              		.loc 1 580 9 is_stmt 0 view .LVU557
 1484 0530 089B     		ldr	r3, [sp, #32]
ARM GAS  C:\Users\Lamp\AppData\Local\Temp\ccyz797W.s 			page 58


 1485 0532 03EB490C 		add	ip, r3, r9, lsl #1
 1486              	.LVL217:
 581:Drivers/CMSIS/DSP/Source/FilteringFunctions/arm_conv_q15.c ****   px = pSrc1;
 1487              		.loc 1 581 3 is_stmt 1 view .LVU558
 582:Drivers/CMSIS/DSP/Source/FilteringFunctions/arm_conv_q15.c **** 
 583:Drivers/CMSIS/DSP/Source/FilteringFunctions/arm_conv_q15.c ****   /* Working pointer of inputB */
 584:Drivers/CMSIS/DSP/Source/FilteringFunctions/arm_conv_q15.c ****   pSrc2 = pIn2 + (srcBLen - 1U);
 1488              		.loc 1 584 3 view .LVU559
 585:Drivers/CMSIS/DSP/Source/FilteringFunctions/arm_conv_q15.c ****   pIn2 = pSrc2 - 1U;
 1489              		.loc 1 585 3 view .LVU560
 1490              		.loc 1 585 8 is_stmt 0 view .LVU561
 1491 0536 079B     		ldr	r3, [sp, #28]
 1492 0538 A3F10208 		sub	r8, r3, #2
 1493              	.LVL218:
 586:Drivers/CMSIS/DSP/Source/FilteringFunctions/arm_conv_q15.c ****   py = pIn2;
 1494              		.loc 1 586 3 is_stmt 1 view .LVU562
 587:Drivers/CMSIS/DSP/Source/FilteringFunctions/arm_conv_q15.c **** 
 588:Drivers/CMSIS/DSP/Source/FilteringFunctions/arm_conv_q15.c ****   /* -------------------
 589:Drivers/CMSIS/DSP/Source/FilteringFunctions/arm_conv_q15.c ****    * Stage3 process
 590:Drivers/CMSIS/DSP/Source/FilteringFunctions/arm_conv_q15.c ****    * ------------------*/
 591:Drivers/CMSIS/DSP/Source/FilteringFunctions/arm_conv_q15.c **** 
 592:Drivers/CMSIS/DSP/Source/FilteringFunctions/arm_conv_q15.c ****   /* For loop unrolling by 4, this stage is divided into two. */
 593:Drivers/CMSIS/DSP/Source/FilteringFunctions/arm_conv_q15.c ****   /* First part of this stage computes the MAC operations greater than 4 */
 594:Drivers/CMSIS/DSP/Source/FilteringFunctions/arm_conv_q15.c ****   /* Second part of this stage computes the MAC operations less than or equal to 4 */
 595:Drivers/CMSIS/DSP/Source/FilteringFunctions/arm_conv_q15.c **** 
 596:Drivers/CMSIS/DSP/Source/FilteringFunctions/arm_conv_q15.c ****   /* The first part of the stage starts here */
 597:Drivers/CMSIS/DSP/Source/FilteringFunctions/arm_conv_q15.c ****   j = blockSize3 >> 2U;
 1495              		.loc 1 597 3 view .LVU563
 1496              		.loc 1 597 5 is_stmt 0 view .LVU564
 1497 053c 8608     		lsrs	r6, r0, #2
 1498              	.LVL219:
 598:Drivers/CMSIS/DSP/Source/FilteringFunctions/arm_conv_q15.c **** 
 599:Drivers/CMSIS/DSP/Source/FilteringFunctions/arm_conv_q15.c ****   while ((j > 0U) && (blockSize3 > 0U))
 1499              		.loc 1 599 3 is_stmt 1 view .LVU565
 1500 053e 3746     		mov	r7, r6
 1501              		.loc 1 599 9 is_stmt 0 view .LVU566
 1502 0540 73E0     		b	.L29
 1503              	.LVL220:
 1504              	.L27:
 541:Drivers/CMSIS/DSP/Source/FilteringFunctions/arm_conv_q15.c **** 
 1505              		.loc 1 541 9 is_stmt 1 view .LVU567
 541:Drivers/CMSIS/DSP/Source/FilteringFunctions/arm_conv_q15.c **** 
 1506              		.loc 1 541 33 is_stmt 0 view .LVU568
 1507 0542 32F902EB 		ldrsh	lr, [r2], #2
 1508              	.LVL221:
 541:Drivers/CMSIS/DSP/Source/FilteringFunctions/arm_conv_q15.c **** 
 1509              		.loc 1 541 42 view .LVU569
 1510 0546 31F90289 		ldrsh	r8, [r1], #-2
 1511              	.LVL222:
 541:Drivers/CMSIS/DSP/Source/FilteringFunctions/arm_conv_q15.c **** 
 1512              		.loc 1 541 40 view .LVU570
 1513 054a 08FB0EFE 		mul	lr, r8, lr
 541:Drivers/CMSIS/DSP/Source/FilteringFunctions/arm_conv_q15.c **** 
 1514              		.loc 1 541 13 view .LVU571
 1515 054e 13EB0E03 		adds	r3, r3, lr
 1516              	.LVL223:
 541:Drivers/CMSIS/DSP/Source/FilteringFunctions/arm_conv_q15.c **** 
ARM GAS  C:\Users\Lamp\AppData\Local\Temp\ccyz797W.s 			page 59


 1517              		.loc 1 541 13 view .LVU572
 1518 0552 4CEBEE7C 		adc	ip, ip, lr, asr #31
 1519              	.LVL224:
 544:Drivers/CMSIS/DSP/Source/FilteringFunctions/arm_conv_q15.c ****       }
 1520              		.loc 1 544 9 is_stmt 1 view .LVU573
 544:Drivers/CMSIS/DSP/Source/FilteringFunctions/arm_conv_q15.c ****       }
 1521              		.loc 1 544 10 is_stmt 0 view .LVU574
 1522 0556 0138     		subs	r0, r0, #1
 1523              	.LVL225:
 1524              	.L28:
 538:Drivers/CMSIS/DSP/Source/FilteringFunctions/arm_conv_q15.c ****       {
 1525              		.loc 1 538 16 is_stmt 1 view .LVU575
 1526 0558 0028     		cmp	r0, #0
 1527 055a F2D1     		bne	.L27
 548:Drivers/CMSIS/DSP/Source/FilteringFunctions/arm_conv_q15.c **** 
 1528              		.loc 1 548 7 view .LVU576
 1529              	.LBB139:
 548:Drivers/CMSIS/DSP/Source/FilteringFunctions/arm_conv_q15.c **** 
 1530              		.loc 1 548 26 view .LVU577
 1531 055c DB0B     		lsrs	r3, r3, #15
 1532              	.LVL226:
 548:Drivers/CMSIS/DSP/Source/FilteringFunctions/arm_conv_q15.c **** 
 1533              		.loc 1 548 26 is_stmt 0 view .LVU578
 1534 055e 43EA4C43 		orr	r3, r3, ip, lsl #17
 1535              	.LVL227:
 548:Drivers/CMSIS/DSP/Source/FilteringFunctions/arm_conv_q15.c **** 
 1536              		.loc 1 548 26 is_stmt 1 view .LVU579
 1537              		.syntax unified
 1538              	@ 548 "Drivers/CMSIS/DSP/Source/FilteringFunctions/arm_conv_q15.c" 1
 1539 0562 03F30F03 		ssat r3, #16, r3
 1540              	@ 0 "" 2
 1541              	.LVL228:
 548:Drivers/CMSIS/DSP/Source/FilteringFunctions/arm_conv_q15.c **** 
 1542              		.loc 1 548 26 view .LVU580
 1543              		.thumb
 1544              		.syntax unified
 1545              	.LBE139:
 548:Drivers/CMSIS/DSP/Source/FilteringFunctions/arm_conv_q15.c **** 
 1546              		.loc 1 548 12 is_stmt 0 view .LVU581
 1547 0566 1899     		ldr	r1, [sp, #96]
 1548              	.LVL229:
 548:Drivers/CMSIS/DSP/Source/FilteringFunctions/arm_conv_q15.c **** 
 1549              		.loc 1 548 15 view .LVU582
 1550 0568 21F8023B 		strh	r3, [r1], #2	@ movhi
 1551              	.LVL230:
 551:Drivers/CMSIS/DSP/Source/FilteringFunctions/arm_conv_q15.c **** 
 1552              		.loc 1 551 7 is_stmt 1 view .LVU583
 551:Drivers/CMSIS/DSP/Source/FilteringFunctions/arm_conv_q15.c **** 
 1553              		.loc 1 551 12 is_stmt 0 view .LVU584
 1554 056c 0135     		adds	r5, r5, #1
 1555              	.LVL231:
 554:Drivers/CMSIS/DSP/Source/FilteringFunctions/arm_conv_q15.c ****       py = pSrc2;
 1556              		.loc 1 554 7 is_stmt 1 view .LVU585
 554:Drivers/CMSIS/DSP/Source/FilteringFunctions/arm_conv_q15.c ****       py = pSrc2;
 1557              		.loc 1 554 17 is_stmt 0 view .LVU586
 1558 056e 06EB4502 		add	r2, r6, r5, lsl #1
 1559              	.LVL232:
ARM GAS  C:\Users\Lamp\AppData\Local\Temp\ccyz797W.s 			page 60


 555:Drivers/CMSIS/DSP/Source/FilteringFunctions/arm_conv_q15.c **** 
 1560              		.loc 1 555 7 is_stmt 1 view .LVU587
 558:Drivers/CMSIS/DSP/Source/FilteringFunctions/arm_conv_q15.c ****     }
 1561              		.loc 1 558 7 view .LVU588
 558:Drivers/CMSIS/DSP/Source/FilteringFunctions/arm_conv_q15.c ****     }
 1562              		.loc 1 558 13 is_stmt 0 view .LVU589
 1563 0572 013F     		subs	r7, r7, #1
 1564              	.LVL233:
 548:Drivers/CMSIS/DSP/Source/FilteringFunctions/arm_conv_q15.c **** 
 1565              		.loc 1 548 12 view .LVU590
 1566 0574 1891     		str	r1, [sp, #96]
 1567              	.LVL234:
 1568              	.L13:
 530:Drivers/CMSIS/DSP/Source/FilteringFunctions/arm_conv_q15.c ****     {
 1569              		.loc 1 530 19 is_stmt 1 view .LVU591
 1570 0576 57B1     		cbz	r7, .L50
 1571 0578 0799     		ldr	r1, [sp, #28]
 536:Drivers/CMSIS/DSP/Source/FilteringFunctions/arm_conv_q15.c **** 
 1572              		.loc 1 536 9 is_stmt 0 view .LVU592
 1573 057a 0998     		ldr	r0, [sp, #36]
 533:Drivers/CMSIS/DSP/Source/FilteringFunctions/arm_conv_q15.c **** 
 1574              		.loc 1 533 11 view .LVU593
 1575 057c 0023     		movs	r3, #0
 1576 057e 9C46     		mov	ip, r3
 1577 0580 EAE7     		b	.L28
 1578              	.LVL235:
 1579              	.L40:
 260:Drivers/CMSIS/DSP/Source/FilteringFunctions/arm_conv_q15.c **** 
 1580              		.loc 1 260 6 view .LVU594
 1581 0582 089E     		ldr	r6, [sp, #32]
 1582 0584 3246     		mov	r2, r6
 528:Drivers/CMSIS/DSP/Source/FilteringFunctions/arm_conv_q15.c **** 
 1583              		.loc 1 528 12 view .LVU595
 1584 0586 4F46     		mov	r7, r9
 1585              	.LVL236:
 528:Drivers/CMSIS/DSP/Source/FilteringFunctions/arm_conv_q15.c **** 
 1586              		.loc 1 528 12 view .LVU596
 1587 0588 0B9D     		ldr	r5, [sp, #44]
 1588 058a 0446     		mov	r4, r0
 1589 058c F3E7     		b	.L13
 1590              	.LVL237:
 1591              	.L50:
 528:Drivers/CMSIS/DSP/Source/FilteringFunctions/arm_conv_q15.c **** 
 1592              		.loc 1 528 12 view .LVU597
 1593 058e 2046     		mov	r0, r4
 1594 0590 CEE7     		b	.L26
 1595              	.LVL238:
 1596              	.L31:
 600:Drivers/CMSIS/DSP/Source/FilteringFunctions/arm_conv_q15.c ****   {
 601:Drivers/CMSIS/DSP/Source/FilteringFunctions/arm_conv_q15.c ****     /* Accumulator is made zero for every iteration */
 602:Drivers/CMSIS/DSP/Source/FilteringFunctions/arm_conv_q15.c ****     sum = 0;
 603:Drivers/CMSIS/DSP/Source/FilteringFunctions/arm_conv_q15.c **** 
 604:Drivers/CMSIS/DSP/Source/FilteringFunctions/arm_conv_q15.c ****     /* Apply loop unrolling and compute 4 MACs simultaneously. */
 605:Drivers/CMSIS/DSP/Source/FilteringFunctions/arm_conv_q15.c ****     k = blockSize3 >> 2U;
 606:Drivers/CMSIS/DSP/Source/FilteringFunctions/arm_conv_q15.c **** 
 607:Drivers/CMSIS/DSP/Source/FilteringFunctions/arm_conv_q15.c ****     /* First part of the processing with loop unrolling.  Compute 4 MACs at a time.
 608:Drivers/CMSIS/DSP/Source/FilteringFunctions/arm_conv_q15.c ****      ** a second loop below computes MACs for the remaining 1 to 3 samples. */
ARM GAS  C:\Users\Lamp\AppData\Local\Temp\ccyz797W.s 			page 61


 609:Drivers/CMSIS/DSP/Source/FilteringFunctions/arm_conv_q15.c ****     while (k > 0U)
 610:Drivers/CMSIS/DSP/Source/FilteringFunctions/arm_conv_q15.c ****     {
 611:Drivers/CMSIS/DSP/Source/FilteringFunctions/arm_conv_q15.c ****       /* x[srcALen - srcBLen + 1], x[srcALen - srcBLen + 2] are multiplied
 612:Drivers/CMSIS/DSP/Source/FilteringFunctions/arm_conv_q15.c ****        * with y[srcBLen - 1], y[srcBLen - 2] respectively */
 613:Drivers/CMSIS/DSP/Source/FilteringFunctions/arm_conv_q15.c ****       sum = __SMLALDX(*__SIMD32(px)++, *__SIMD32(py)--, sum);
 1597              		.loc 1 613 7 is_stmt 1 view .LVU598
 1598              		.loc 1 613 23 is_stmt 0 view .LVU599
 1599 0592 AC46     		mov	ip, r5
 1600 0594 5CF8082B 		ldr	r2, [ip], #8
 1601              	.LVL239:
 1602              		.loc 1 613 40 view .LVU600
 1603 0598 A646     		mov	lr, r4
 1604 059a 5EF80869 		ldr	r6, [lr], #-8
 1605              	.LVL240:
 1606              	.LBB140:
 1607              	.LBI140:
 947:Drivers/CMSIS/DSP/Include/arm_math.h ****   uint32_t x,
 1608              		.loc 2 947 41 is_stmt 1 view .LVU601
 1609              	.LBB141:
 953:Drivers/CMSIS/DSP/Include/arm_math.h ****                        ((((q31_t)x      ) >> 16) * (((q31_t)y << 16) >> 16)) +
 1610              		.loc 2 953 5 view .LVU602
 953:Drivers/CMSIS/DSP/Include/arm_math.h ****                        ((((q31_t)x      ) >> 16) * (((q31_t)y << 16) >> 16)) +
 1611              		.loc 2 953 43 is_stmt 0 view .LVU603
 1612 059e 0FFA82F9 		sxth	r9, r2
 953:Drivers/CMSIS/DSP/Include/arm_math.h ****                        ((((q31_t)x      ) >> 16) * (((q31_t)y << 16) >> 16)) +
 1613              		.loc 2 953 70 view .LVU604
 1614 05a2 4FEA264A 		asr	r10, r6, #16
 1615              		.loc 2 954 43 view .LVU605
 1616 05a6 1214     		asrs	r2, r2, #16
 1617              	.LVL241:
 1618              		.loc 2 954 70 view .LVU606
 1619 05a8 36B2     		sxth	r6, r6
 1620              	.LVL242:
 1621              		.loc 2 954 50 view .LVU607
 1622 05aa 06FB02F2 		mul	r2, r6, r2
 953:Drivers/CMSIS/DSP/Include/arm_math.h ****                        ((((q31_t)x      ) >> 16) * (((q31_t)y << 16) >> 16)) +
 1623              		.loc 2 953 78 view .LVU608
 1624 05ae 0AFB0922 		mla	r2, r10, r9, r2
 1625              		.loc 2 954 78 view .LVU609
 1626 05b2 8918     		adds	r1, r1, r2
 1627              	.LVL243:
 1628              		.loc 2 954 78 view .LVU610
 1629 05b4 43EBE272 		adc	r2, r3, r2, asr #31
 1630              	.LVL244:
 1631              		.loc 2 954 78 view .LVU611
 1632              	.LBE141:
 1633              	.LBE140:
 614:Drivers/CMSIS/DSP/Source/FilteringFunctions/arm_conv_q15.c ****       /* x[srcALen - srcBLen + 3], x[srcALen - srcBLen + 4] are multiplied
 615:Drivers/CMSIS/DSP/Source/FilteringFunctions/arm_conv_q15.c ****        * with y[srcBLen - 3], y[srcBLen - 4] respectively */
 616:Drivers/CMSIS/DSP/Source/FilteringFunctions/arm_conv_q15.c ****       sum = __SMLALDX(*__SIMD32(px)++, *__SIMD32(py)--, sum);
 1634              		.loc 1 616 7 is_stmt 1 view .LVU612
 1635              		.loc 1 616 23 is_stmt 0 view .LVU613
 1636 05b8 6B68     		ldr	r3, [r5, #4]
 1637              	.LVL245:
 1638              		.loc 1 616 40 view .LVU614
 1639 05ba 54F8046C 		ldr	r6, [r4, #-4]
 1640              	.LVL246:
ARM GAS  C:\Users\Lamp\AppData\Local\Temp\ccyz797W.s 			page 62


 1641              	.LBB142:
 1642              	.LBI142:
 947:Drivers/CMSIS/DSP/Include/arm_math.h ****   uint32_t x,
 1643              		.loc 2 947 41 is_stmt 1 view .LVU615
 1644              	.LBB143:
 953:Drivers/CMSIS/DSP/Include/arm_math.h ****                        ((((q31_t)x      ) >> 16) * (((q31_t)y << 16) >> 16)) +
 1645              		.loc 2 953 5 view .LVU616
 953:Drivers/CMSIS/DSP/Include/arm_math.h ****                        ((((q31_t)x      ) >> 16) * (((q31_t)y << 16) >> 16)) +
 1646              		.loc 2 953 43 is_stmt 0 view .LVU617
 1647 05be 1CB2     		sxth	r4, r3
 953:Drivers/CMSIS/DSP/Include/arm_math.h ****                        ((((q31_t)x      ) >> 16) * (((q31_t)y << 16) >> 16)) +
 1648              		.loc 2 953 70 view .LVU618
 1649 05c0 3514     		asrs	r5, r6, #16
 1650              		.loc 2 954 43 view .LVU619
 1651 05c2 1B14     		asrs	r3, r3, #16
 1652              	.LVL247:
 1653              		.loc 2 954 70 view .LVU620
 1654 05c4 36B2     		sxth	r6, r6
 1655              	.LVL248:
 1656              		.loc 2 954 50 view .LVU621
 1657 05c6 06FB03F3 		mul	r3, r6, r3
 953:Drivers/CMSIS/DSP/Include/arm_math.h ****                        ((((q31_t)x      ) >> 16) * (((q31_t)y << 16) >> 16)) +
 1658              		.loc 2 953 78 view .LVU622
 1659 05ca 05FB0433 		mla	r3, r5, r4, r3
 1660              		.loc 2 954 78 view .LVU623
 1661 05ce 5918     		adds	r1, r3, r1
 1662              	.LVL249:
 1663              		.loc 2 954 78 view .LVU624
 1664 05d0 42EBE373 		adc	r3, r2, r3, asr #31
 1665              	.LVL250:
 1666              		.loc 2 954 78 view .LVU625
 1667              	.LBE143:
 1668              	.LBE142:
 617:Drivers/CMSIS/DSP/Source/FilteringFunctions/arm_conv_q15.c **** 
 618:Drivers/CMSIS/DSP/Source/FilteringFunctions/arm_conv_q15.c ****       /* Decrement the loop counter */
 619:Drivers/CMSIS/DSP/Source/FilteringFunctions/arm_conv_q15.c ****       k--;
 1669              		.loc 1 619 7 is_stmt 1 view .LVU626
 1670              		.loc 1 619 8 is_stmt 0 view .LVU627
 1671 05d4 0138     		subs	r0, r0, #1
 1672              	.LVL251:
 616:Drivers/CMSIS/DSP/Source/FilteringFunctions/arm_conv_q15.c **** 
 1673              		.loc 1 616 53 view .LVU628
 1674 05d6 7446     		mov	r4, lr
 616:Drivers/CMSIS/DSP/Source/FilteringFunctions/arm_conv_q15.c **** 
 1675              		.loc 1 616 36 view .LVU629
 1676 05d8 6546     		mov	r5, ip
 1677              	.LVL252:
 1678              	.L30:
 609:Drivers/CMSIS/DSP/Source/FilteringFunctions/arm_conv_q15.c ****     {
 1679              		.loc 1 609 14 is_stmt 1 view .LVU630
 1680 05da 0028     		cmp	r0, #0
 1681 05dc D9D1     		bne	.L31
 620:Drivers/CMSIS/DSP/Source/FilteringFunctions/arm_conv_q15.c ****     }
 621:Drivers/CMSIS/DSP/Source/FilteringFunctions/arm_conv_q15.c **** 
 622:Drivers/CMSIS/DSP/Source/FilteringFunctions/arm_conv_q15.c ****     /* For the next MAC operations, the pointer py is used without SIMD
 623:Drivers/CMSIS/DSP/Source/FilteringFunctions/arm_conv_q15.c ****      * So, py is incremented by 1 */
 624:Drivers/CMSIS/DSP/Source/FilteringFunctions/arm_conv_q15.c ****     py = py + 1U;
ARM GAS  C:\Users\Lamp\AppData\Local\Temp\ccyz797W.s 			page 63


 1682              		.loc 1 624 13 is_stmt 0 view .LVU631
 1683 05de DDF800C0 		ldr	ip, [sp]
 1684 05e2 5846     		mov	r0, fp
 1685              	.LVL253:
 1686              		.loc 1 624 5 is_stmt 1 view .LVU632
 1687              		.loc 1 624 13 is_stmt 0 view .LVU633
 1688 05e4 0234     		adds	r4, r4, #2
 1689              	.LVL254:
 625:Drivers/CMSIS/DSP/Source/FilteringFunctions/arm_conv_q15.c **** 
 626:Drivers/CMSIS/DSP/Source/FilteringFunctions/arm_conv_q15.c ****     /* If the blockSize3 is not a multiple of 4, compute any remaining MACs here.
 627:Drivers/CMSIS/DSP/Source/FilteringFunctions/arm_conv_q15.c ****      ** No loop unrolling is used. */
 628:Drivers/CMSIS/DSP/Source/FilteringFunctions/arm_conv_q15.c ****     k = blockSize3 % 0x4U;
 1690              		.loc 1 628 5 is_stmt 1 view .LVU634
 1691              		.loc 1 628 7 is_stmt 0 view .LVU635
 1692 05e6 0BF00306 		and	r6, fp, #3
 1693              	.LVL255:
 629:Drivers/CMSIS/DSP/Source/FilteringFunctions/arm_conv_q15.c **** 
 630:Drivers/CMSIS/DSP/Source/FilteringFunctions/arm_conv_q15.c ****     while (k > 0U)
 1694              		.loc 1 630 5 is_stmt 1 view .LVU636
 1695              		.loc 1 630 11 is_stmt 0 view .LVU637
 1696 05ea 0FE0     		b	.L32
 1697              	.LVL256:
 1698              	.L33:
 631:Drivers/CMSIS/DSP/Source/FilteringFunctions/arm_conv_q15.c ****     {
 632:Drivers/CMSIS/DSP/Source/FilteringFunctions/arm_conv_q15.c ****       /* sum += x[srcALen - srcBLen + 5] * y[srcBLen - 5] */
 633:Drivers/CMSIS/DSP/Source/FilteringFunctions/arm_conv_q15.c ****       sum = __SMLALD(*px++, *py--, sum);
 1699              		.loc 1 633 7 is_stmt 1 view .LVU638
 1700              		.loc 1 633 22 is_stmt 0 view .LVU639
 1701 05ec 35F902EB 		ldrsh	lr, [r5], #2
 1702              	.LVL257:
 1703              		.loc 1 633 29 view .LVU640
 1704 05f0 34F90299 		ldrsh	r9, [r4], #-2
 1705              	.LVL258:
 1706              	.LBB144:
 1707              	.LBI144:
 932:Drivers/CMSIS/DSP/Include/arm_math.h ****   uint32_t x,
 1708              		.loc 2 932 41 is_stmt 1 view .LVU641
 1709              	.LBB145:
 938:Drivers/CMSIS/DSP/Include/arm_math.h ****                        ((((q31_t)x      ) >> 16) * (((q31_t)y      ) >> 16)) +
 1710              		.loc 2 938 5 view .LVU642
 939:Drivers/CMSIS/DSP/Include/arm_math.h ****                        ( ((q63_t)sum    )                                  )   ));
 1711              		.loc 2 939 43 is_stmt 0 view .LVU643
 1712 05f4 4FEA2E42 		asr	r2, lr, #16
 939:Drivers/CMSIS/DSP/Include/arm_math.h ****                        ( ((q63_t)sum    )                                  )   ));
 1713              		.loc 2 939 70 view .LVU644
 1714 05f8 4FEA294A 		asr	r10, r9, #16
 939:Drivers/CMSIS/DSP/Include/arm_math.h ****                        ( ((q63_t)sum    )                                  )   ));
 1715              		.loc 2 939 50 view .LVU645
 1716 05fc 0AFB02F2 		mul	r2, r10, r2
 938:Drivers/CMSIS/DSP/Include/arm_math.h ****                        ((((q31_t)x      ) >> 16) * (((q31_t)y      ) >> 16)) +
 1717              		.loc 2 938 78 view .LVU646
 1718 0600 09FB0E22 		mla	r2, r9, lr, r2
 939:Drivers/CMSIS/DSP/Include/arm_math.h ****                        ( ((q63_t)sum    )                                  )   ));
 1719              		.loc 2 939 78 view .LVU647
 1720 0604 8918     		adds	r1, r1, r2
 1721              	.LVL259:
 939:Drivers/CMSIS/DSP/Include/arm_math.h ****                        ( ((q63_t)sum    )                                  )   ));
ARM GAS  C:\Users\Lamp\AppData\Local\Temp\ccyz797W.s 			page 64


 1722              		.loc 2 939 78 view .LVU648
 1723 0606 43EBE273 		adc	r3, r3, r2, asr #31
 1724              	.LVL260:
 939:Drivers/CMSIS/DSP/Include/arm_math.h ****                        ( ((q63_t)sum    )                                  )   ));
 1725              		.loc 2 939 78 view .LVU649
 1726              	.LBE145:
 1727              	.LBE144:
 634:Drivers/CMSIS/DSP/Source/FilteringFunctions/arm_conv_q15.c **** 
 635:Drivers/CMSIS/DSP/Source/FilteringFunctions/arm_conv_q15.c ****       /* Decrement the loop counter */
 636:Drivers/CMSIS/DSP/Source/FilteringFunctions/arm_conv_q15.c ****       k--;
 1728              		.loc 1 636 7 is_stmt 1 view .LVU650
 1729              		.loc 1 636 8 is_stmt 0 view .LVU651
 1730 060a 013E     		subs	r6, r6, #1
 1731              	.LVL261:
 1732              	.L32:
 630:Drivers/CMSIS/DSP/Source/FilteringFunctions/arm_conv_q15.c ****     {
 1733              		.loc 1 630 14 is_stmt 1 view .LVU652
 1734 060c 002E     		cmp	r6, #0
 1735 060e EDD1     		bne	.L33
 637:Drivers/CMSIS/DSP/Source/FilteringFunctions/arm_conv_q15.c ****     }
 638:Drivers/CMSIS/DSP/Source/FilteringFunctions/arm_conv_q15.c **** 
 639:Drivers/CMSIS/DSP/Source/FilteringFunctions/arm_conv_q15.c ****     /* Store the result in the accumulator in the destination buffer. */
 640:Drivers/CMSIS/DSP/Source/FilteringFunctions/arm_conv_q15.c ****     *pOut++ = (q15_t) (__SSAT((sum >> 15), 16));
 1736              		.loc 1 640 5 view .LVU653
 1737              	.LBB146:
 1738              		.loc 1 640 24 view .LVU654
 1739 0610 C90B     		lsrs	r1, r1, #15
 1740              	.LVL262:
 1741              		.loc 1 640 24 is_stmt 0 view .LVU655
 1742 0612 41EA4341 		orr	r1, r1, r3, lsl #17
 1743              	.LVL263:
 1744              		.loc 1 640 24 is_stmt 1 view .LVU656
 1745              		.syntax unified
 1746              	@ 640 "Drivers/CMSIS/DSP/Source/FilteringFunctions/arm_conv_q15.c" 1
 1747 0616 01F30F01 		ssat r1, #16, r1
 1748              	@ 0 "" 2
 1749              	.LVL264:
 1750              		.loc 1 640 24 view .LVU657
 1751              		.thumb
 1752              		.syntax unified
 1753              	.LBE146:
 1754              		.loc 1 640 10 is_stmt 0 view .LVU658
 1755 061a 189B     		ldr	r3, [sp, #96]
 1756              	.LVL265:
 1757              		.loc 1 640 13 view .LVU659
 1758 061c 23F8021B 		strh	r1, [r3], #2	@ movhi
 1759              	.LVL266:
 641:Drivers/CMSIS/DSP/Source/FilteringFunctions/arm_conv_q15.c **** 
 642:Drivers/CMSIS/DSP/Source/FilteringFunctions/arm_conv_q15.c ****     /* Update the inputA and inputB pointers for next MAC calculation */
 643:Drivers/CMSIS/DSP/Source/FilteringFunctions/arm_conv_q15.c ****     px = ++pSrc1;
 1760              		.loc 1 643 5 is_stmt 1 view .LVU660
 1761              		.loc 1 643 8 is_stmt 0 view .LVU661
 1762 0620 0CF1020C 		add	ip, ip, #2
 1763              	.LVL267:
 644:Drivers/CMSIS/DSP/Source/FilteringFunctions/arm_conv_q15.c ****     py = pIn2;
 1764              		.loc 1 644 5 is_stmt 1 view .LVU662
 645:Drivers/CMSIS/DSP/Source/FilteringFunctions/arm_conv_q15.c **** 
ARM GAS  C:\Users\Lamp\AppData\Local\Temp\ccyz797W.s 			page 65


 646:Drivers/CMSIS/DSP/Source/FilteringFunctions/arm_conv_q15.c ****     /* Decrement the loop counter */
 647:Drivers/CMSIS/DSP/Source/FilteringFunctions/arm_conv_q15.c ****     blockSize3--;
 1765              		.loc 1 647 5 view .LVU663
 1766              		.loc 1 647 15 is_stmt 0 view .LVU664
 1767 0624 0138     		subs	r0, r0, #1
 1768              	.LVL268:
 648:Drivers/CMSIS/DSP/Source/FilteringFunctions/arm_conv_q15.c **** 
 649:Drivers/CMSIS/DSP/Source/FilteringFunctions/arm_conv_q15.c ****     j--;
 1769              		.loc 1 649 5 is_stmt 1 view .LVU665
 1770              		.loc 1 649 6 is_stmt 0 view .LVU666
 1771 0626 013F     		subs	r7, r7, #1
 1772              	.LVL269:
 640:Drivers/CMSIS/DSP/Source/FilteringFunctions/arm_conv_q15.c **** 
 1773              		.loc 1 640 10 view .LVU667
 1774 0628 1893     		str	r3, [sp, #96]
 1775              	.LVL270:
 1776              	.L29:
 599:Drivers/CMSIS/DSP/Source/FilteringFunctions/arm_conv_q15.c ****   {
 1777              		.loc 1 599 19 is_stmt 1 view .LVU668
 1778 062a 7FB3     		cbz	r7, .L43
 599:Drivers/CMSIS/DSP/Source/FilteringFunctions/arm_conv_q15.c ****   {
 1779              		.loc 1 599 19 is_stmt 0 discriminator 1 view .LVU669
 1780 062c 48B1     		cbz	r0, .L51
 602:Drivers/CMSIS/DSP/Source/FilteringFunctions/arm_conv_q15.c **** 
 1781              		.loc 1 602 5 is_stmt 1 view .LVU670
 1782              	.LVL271:
 605:Drivers/CMSIS/DSP/Source/FilteringFunctions/arm_conv_q15.c **** 
 1783              		.loc 1 605 5 view .LVU671
 605:Drivers/CMSIS/DSP/Source/FilteringFunctions/arm_conv_q15.c **** 
 1784              		.loc 1 605 7 is_stmt 0 view .LVU672
 1785 062e 8608     		lsrs	r6, r0, #2
 1786              	.LVL272:
 609:Drivers/CMSIS/DSP/Source/FilteringFunctions/arm_conv_q15.c ****     {
 1787              		.loc 1 609 5 is_stmt 1 view .LVU673
 609:Drivers/CMSIS/DSP/Source/FilteringFunctions/arm_conv_q15.c ****     {
 1788              		.loc 1 609 11 is_stmt 0 view .LVU674
 1789 0630 4446     		mov	r4, r8
 1790 0632 6546     		mov	r5, ip
 602:Drivers/CMSIS/DSP/Source/FilteringFunctions/arm_conv_q15.c **** 
 1791              		.loc 1 602 9 view .LVU675
 1792 0634 0021     		movs	r1, #0
 1793 0636 0B46     		mov	r3, r1
 1794 0638 CDF800C0 		str	ip, [sp]
 1795 063c 8346     		mov	fp, r0
 1796 063e 3046     		mov	r0, r6
 1797              	.LVL273:
 609:Drivers/CMSIS/DSP/Source/FilteringFunctions/arm_conv_q15.c ****     {
 1798              		.loc 1 609 11 view .LVU676
 1799 0640 CBE7     		b	.L30
 1800              	.LVL274:
 1801              	.L51:
 609:Drivers/CMSIS/DSP/Source/FilteringFunctions/arm_conv_q15.c ****     {
 1802              		.loc 1 609 11 view .LVU677
 1803 0642 189E     		ldr	r6, [sp, #96]
 1804 0644 1BE0     		b	.L37
 1805              	.LVL275:
 1806              	.L36:
ARM GAS  C:\Users\Lamp\AppData\Local\Temp\ccyz797W.s 			page 66


 650:Drivers/CMSIS/DSP/Source/FilteringFunctions/arm_conv_q15.c ****   }
 651:Drivers/CMSIS/DSP/Source/FilteringFunctions/arm_conv_q15.c **** 
 652:Drivers/CMSIS/DSP/Source/FilteringFunctions/arm_conv_q15.c ****   /* The second part of the stage starts here */
 653:Drivers/CMSIS/DSP/Source/FilteringFunctions/arm_conv_q15.c ****   /* SIMD is not used for the next MAC operations,
 654:Drivers/CMSIS/DSP/Source/FilteringFunctions/arm_conv_q15.c ****    * so pointer py is updated to read only one sample at a time */
 655:Drivers/CMSIS/DSP/Source/FilteringFunctions/arm_conv_q15.c ****   py = py + 1U;
 656:Drivers/CMSIS/DSP/Source/FilteringFunctions/arm_conv_q15.c **** 
 657:Drivers/CMSIS/DSP/Source/FilteringFunctions/arm_conv_q15.c ****   while (blockSize3 > 0U)
 658:Drivers/CMSIS/DSP/Source/FilteringFunctions/arm_conv_q15.c ****   {
 659:Drivers/CMSIS/DSP/Source/FilteringFunctions/arm_conv_q15.c ****     /* Accumulator is made zero for every iteration */
 660:Drivers/CMSIS/DSP/Source/FilteringFunctions/arm_conv_q15.c ****     sum = 0;
 661:Drivers/CMSIS/DSP/Source/FilteringFunctions/arm_conv_q15.c **** 
 662:Drivers/CMSIS/DSP/Source/FilteringFunctions/arm_conv_q15.c ****     /* Apply loop unrolling and compute 4 MACs simultaneously. */
 663:Drivers/CMSIS/DSP/Source/FilteringFunctions/arm_conv_q15.c ****     k = blockSize3;
 664:Drivers/CMSIS/DSP/Source/FilteringFunctions/arm_conv_q15.c **** 
 665:Drivers/CMSIS/DSP/Source/FilteringFunctions/arm_conv_q15.c ****     while (k > 0U)
 666:Drivers/CMSIS/DSP/Source/FilteringFunctions/arm_conv_q15.c ****     {
 667:Drivers/CMSIS/DSP/Source/FilteringFunctions/arm_conv_q15.c ****       /* Perform the multiply-accumulates */
 668:Drivers/CMSIS/DSP/Source/FilteringFunctions/arm_conv_q15.c ****       /* sum +=  x[srcALen-1] * y[srcBLen-1] */
 669:Drivers/CMSIS/DSP/Source/FilteringFunctions/arm_conv_q15.c ****       sum = __SMLALD(*px++, *py--, sum);
 1807              		.loc 1 669 7 is_stmt 1 view .LVU678
 1808              		.loc 1 669 22 is_stmt 0 view .LVU679
 1809 0646 31F902EB 		ldrsh	lr, [r1], #2
 1810              	.LVL276:
 1811              		.loc 1 669 29 view .LVU680
 1812 064a 34F90289 		ldrsh	r8, [r4], #-2
 1813              	.LVL277:
 1814              	.LBB147:
 1815              	.LBI147:
 932:Drivers/CMSIS/DSP/Include/arm_math.h ****   uint32_t x,
 1816              		.loc 2 932 41 is_stmt 1 view .LVU681
 1817              	.LBB148:
 938:Drivers/CMSIS/DSP/Include/arm_math.h ****                        ((((q31_t)x      ) >> 16) * (((q31_t)y      ) >> 16)) +
 1818              		.loc 2 938 5 view .LVU682
 939:Drivers/CMSIS/DSP/Include/arm_math.h ****                        ( ((q63_t)sum    )                                  )   ));
 1819              		.loc 2 939 43 is_stmt 0 view .LVU683
 1820 064e 4FEA2E43 		asr	r3, lr, #16
 939:Drivers/CMSIS/DSP/Include/arm_math.h ****                        ( ((q63_t)sum    )                                  )   ));
 1821              		.loc 2 939 70 view .LVU684
 1822 0652 4FEA2849 		asr	r9, r8, #16
 939:Drivers/CMSIS/DSP/Include/arm_math.h ****                        ( ((q63_t)sum    )                                  )   ));
 1823              		.loc 2 939 50 view .LVU685
 1824 0656 09FB03F3 		mul	r3, r9, r3
 938:Drivers/CMSIS/DSP/Include/arm_math.h ****                        ((((q31_t)x      ) >> 16) * (((q31_t)y      ) >> 16)) +
 1825              		.loc 2 938 78 view .LVU686
 1826 065a 08FB0E33 		mla	r3, r8, lr, r3
 939:Drivers/CMSIS/DSP/Include/arm_math.h ****                        ( ((q63_t)sum    )                                  )   ));
 1827              		.loc 2 939 78 view .LVU687
 1828 065e D218     		adds	r2, r2, r3
 1829              	.LVL278:
 939:Drivers/CMSIS/DSP/Include/arm_math.h ****                        ( ((q63_t)sum    )                                  )   ));
 1830              		.loc 2 939 78 view .LVU688
 1831 0660 47EBE377 		adc	r7, r7, r3, asr #31
 1832              	.LVL279:
 939:Drivers/CMSIS/DSP/Include/arm_math.h ****                        ( ((q63_t)sum    )                                  )   ));
 1833              		.loc 2 939 78 view .LVU689
 1834              	.LBE148:
ARM GAS  C:\Users\Lamp\AppData\Local\Temp\ccyz797W.s 			page 67


 1835              	.LBE147:
 670:Drivers/CMSIS/DSP/Source/FilteringFunctions/arm_conv_q15.c **** 
 671:Drivers/CMSIS/DSP/Source/FilteringFunctions/arm_conv_q15.c ****       /* Decrement the loop counter */
 672:Drivers/CMSIS/DSP/Source/FilteringFunctions/arm_conv_q15.c ****       k--;
 1836              		.loc 1 672 7 is_stmt 1 view .LVU690
 1837              		.loc 1 672 8 is_stmt 0 view .LVU691
 1838 0664 013D     		subs	r5, r5, #1
 1839              	.LVL280:
 1840              	.L38:
 665:Drivers/CMSIS/DSP/Source/FilteringFunctions/arm_conv_q15.c ****     {
 1841              		.loc 1 665 14 is_stmt 1 view .LVU692
 1842 0666 002D     		cmp	r5, #0
 1843 0668 EDD1     		bne	.L36
 673:Drivers/CMSIS/DSP/Source/FilteringFunctions/arm_conv_q15.c ****     }
 674:Drivers/CMSIS/DSP/Source/FilteringFunctions/arm_conv_q15.c **** 
 675:Drivers/CMSIS/DSP/Source/FilteringFunctions/arm_conv_q15.c ****     /* Store the result in the accumulator in the destination buffer. */
 676:Drivers/CMSIS/DSP/Source/FilteringFunctions/arm_conv_q15.c ****     *pOut++ = (q15_t) (__SSAT((sum >> 15), 16));
 1844              		.loc 1 676 5 view .LVU693
 1845              	.LBB149:
 1846              		.loc 1 676 24 view .LVU694
 1847 066a D20B     		lsrs	r2, r2, #15
 1848              	.LVL281:
 1849              		.loc 1 676 24 is_stmt 0 view .LVU695
 1850 066c 42EA4742 		orr	r2, r2, r7, lsl #17
 1851              	.LVL282:
 1852              		.loc 1 676 24 is_stmt 1 view .LVU696
 1853              		.syntax unified
 1854              	@ 676 "Drivers/CMSIS/DSP/Source/FilteringFunctions/arm_conv_q15.c" 1
 1855 0670 02F30F02 		ssat r2, #16, r2
 1856              	@ 0 "" 2
 1857              	.LVL283:
 1858              		.loc 1 676 24 view .LVU697
 1859              		.loc 1 676 24 is_stmt 0 view .LVU698
 1860              		.thumb
 1861              		.syntax unified
 1862              	.LBE149:
 1863              		.loc 1 676 13 view .LVU699
 1864 0674 26F8022B 		strh	r2, [r6], #2	@ movhi
 1865              	.LVL284:
 677:Drivers/CMSIS/DSP/Source/FilteringFunctions/arm_conv_q15.c **** 
 678:Drivers/CMSIS/DSP/Source/FilteringFunctions/arm_conv_q15.c ****     /* Update the inputA and inputB pointers for next MAC calculation */
 679:Drivers/CMSIS/DSP/Source/FilteringFunctions/arm_conv_q15.c ****     px = ++pSrc1;
 1866              		.loc 1 679 5 is_stmt 1 view .LVU700
 1867              		.loc 1 679 8 is_stmt 0 view .LVU701
 1868 0678 0CF1020C 		add	ip, ip, #2
 1869              	.LVL285:
 680:Drivers/CMSIS/DSP/Source/FilteringFunctions/arm_conv_q15.c ****     py = pSrc2;
 1870              		.loc 1 680 5 is_stmt 1 view .LVU702
 681:Drivers/CMSIS/DSP/Source/FilteringFunctions/arm_conv_q15.c **** 
 682:Drivers/CMSIS/DSP/Source/FilteringFunctions/arm_conv_q15.c ****     /* Decrement the loop counter */
 683:Drivers/CMSIS/DSP/Source/FilteringFunctions/arm_conv_q15.c ****     blockSize3--;
 1871              		.loc 1 683 5 view .LVU703
 1872              		.loc 1 683 15 is_stmt 0 view .LVU704
 1873 067c 0138     		subs	r0, r0, #1
 1874              	.LVL286:
 1875              	.L37:
 657:Drivers/CMSIS/DSP/Source/FilteringFunctions/arm_conv_q15.c ****   {
ARM GAS  C:\Users\Lamp\AppData\Local\Temp\ccyz797W.s 			page 68


 1876              		.loc 1 657 21 is_stmt 1 view .LVU705
 1877 067e 38B1     		cbz	r0, .L52
 657:Drivers/CMSIS/DSP/Source/FilteringFunctions/arm_conv_q15.c ****   {
 1878              		.loc 1 657 21 is_stmt 0 view .LVU706
 1879 0680 079C     		ldr	r4, [sp, #28]
 1880 0682 6146     		mov	r1, ip
 663:Drivers/CMSIS/DSP/Source/FilteringFunctions/arm_conv_q15.c **** 
 1881              		.loc 1 663 7 view .LVU707
 1882 0684 0546     		mov	r5, r0
 660:Drivers/CMSIS/DSP/Source/FilteringFunctions/arm_conv_q15.c **** 
 1883              		.loc 1 660 9 view .LVU708
 1884 0686 0022     		movs	r2, #0
 1885 0688 1746     		mov	r7, r2
 1886 068a ECE7     		b	.L38
 1887              	.LVL287:
 1888              	.L43:
 660:Drivers/CMSIS/DSP/Source/FilteringFunctions/arm_conv_q15.c **** 
 1889              		.loc 1 660 9 view .LVU709
 1890 068c 189E     		ldr	r6, [sp, #96]
 1891 068e F6E7     		b	.L37
 1892              	.LVL288:
 1893              	.L52:
 684:Drivers/CMSIS/DSP/Source/FilteringFunctions/arm_conv_q15.c ****   }
 685:Drivers/CMSIS/DSP/Source/FilteringFunctions/arm_conv_q15.c **** 
 686:Drivers/CMSIS/DSP/Source/FilteringFunctions/arm_conv_q15.c **** #else
 687:Drivers/CMSIS/DSP/Source/FilteringFunctions/arm_conv_q15.c **** 
 688:Drivers/CMSIS/DSP/Source/FilteringFunctions/arm_conv_q15.c **** /* Run the below code for Cortex-M0 */
 689:Drivers/CMSIS/DSP/Source/FilteringFunctions/arm_conv_q15.c **** 
 690:Drivers/CMSIS/DSP/Source/FilteringFunctions/arm_conv_q15.c ****   q15_t *pIn1 = pSrcA;                           /* input pointer */
 691:Drivers/CMSIS/DSP/Source/FilteringFunctions/arm_conv_q15.c ****   q15_t *pIn2 = pSrcB;                           /* coefficient pointer */
 692:Drivers/CMSIS/DSP/Source/FilteringFunctions/arm_conv_q15.c ****   q63_t sum;                                     /* Accumulator */
 693:Drivers/CMSIS/DSP/Source/FilteringFunctions/arm_conv_q15.c ****   uint32_t i, j;                                 /* loop counter */
 694:Drivers/CMSIS/DSP/Source/FilteringFunctions/arm_conv_q15.c **** 
 695:Drivers/CMSIS/DSP/Source/FilteringFunctions/arm_conv_q15.c ****   /* Loop to calculate output of convolution for output length number of times */
 696:Drivers/CMSIS/DSP/Source/FilteringFunctions/arm_conv_q15.c ****   for (i = 0; i < (srcALen + srcBLen - 1); i++)
 697:Drivers/CMSIS/DSP/Source/FilteringFunctions/arm_conv_q15.c ****   {
 698:Drivers/CMSIS/DSP/Source/FilteringFunctions/arm_conv_q15.c ****     /* Initialize sum with zero to carry on MAC operations */
 699:Drivers/CMSIS/DSP/Source/FilteringFunctions/arm_conv_q15.c ****     sum = 0;
 700:Drivers/CMSIS/DSP/Source/FilteringFunctions/arm_conv_q15.c **** 
 701:Drivers/CMSIS/DSP/Source/FilteringFunctions/arm_conv_q15.c ****     /* Loop to perform MAC operations according to convolution equation */
 702:Drivers/CMSIS/DSP/Source/FilteringFunctions/arm_conv_q15.c ****     for (j = 0; j <= i; j++)
 703:Drivers/CMSIS/DSP/Source/FilteringFunctions/arm_conv_q15.c ****     {
 704:Drivers/CMSIS/DSP/Source/FilteringFunctions/arm_conv_q15.c ****       /* Check the array limitations */
 705:Drivers/CMSIS/DSP/Source/FilteringFunctions/arm_conv_q15.c ****       if (((i - j) < srcBLen) && (j < srcALen))
 706:Drivers/CMSIS/DSP/Source/FilteringFunctions/arm_conv_q15.c ****       {
 707:Drivers/CMSIS/DSP/Source/FilteringFunctions/arm_conv_q15.c ****         /* z[i] += x[i-j] * y[j] */
 708:Drivers/CMSIS/DSP/Source/FilteringFunctions/arm_conv_q15.c ****         sum += (q31_t) pIn1[j] * (pIn2[i - j]);
 709:Drivers/CMSIS/DSP/Source/FilteringFunctions/arm_conv_q15.c ****       }
 710:Drivers/CMSIS/DSP/Source/FilteringFunctions/arm_conv_q15.c ****     }
 711:Drivers/CMSIS/DSP/Source/FilteringFunctions/arm_conv_q15.c **** 
 712:Drivers/CMSIS/DSP/Source/FilteringFunctions/arm_conv_q15.c ****     /* Store the output in the destination buffer */
 713:Drivers/CMSIS/DSP/Source/FilteringFunctions/arm_conv_q15.c ****     pDst[i] = (q15_t) __SSAT((sum >> 15U), 16U);
 714:Drivers/CMSIS/DSP/Source/FilteringFunctions/arm_conv_q15.c ****   }
 715:Drivers/CMSIS/DSP/Source/FilteringFunctions/arm_conv_q15.c **** 
 716:Drivers/CMSIS/DSP/Source/FilteringFunctions/arm_conv_q15.c **** #endif /* #if (defined(ARM_MATH_CM7) || defined(ARM_MATH_CM4) || defined(ARM_MATH_CM3)) && !defined
 717:Drivers/CMSIS/DSP/Source/FilteringFunctions/arm_conv_q15.c **** 
 718:Drivers/CMSIS/DSP/Source/FilteringFunctions/arm_conv_q15.c **** }
ARM GAS  C:\Users\Lamp\AppData\Local\Temp\ccyz797W.s 			page 69


 1894              		.loc 1 718 1 view .LVU710
 1895 0690 0FB0     		add	sp, sp, #60
 1896              	.LCFI2:
 1897              		.cfi_def_cfa_offset 36
 1898              		@ sp needed
 1899 0692 BDE8F08F 		pop	{r4, r5, r6, r7, r8, r9, r10, fp, pc}
 1900              		.loc 1 718 1 view .LVU711
 1901              		.cfi_endproc
 1902              	.LFE100:
 1904              		.text
 1905              	.Letext0:
 1906              		.file 3 "C:/ARM GNU Toolchain/arm-none-eabi/include/machine/_default_types.h"
 1907              		.file 4 "C:/ARM GNU Toolchain/arm-none-eabi/include/sys/_stdint.h"
ARM GAS  C:\Users\Lamp\AppData\Local\Temp\ccyz797W.s 			page 70


DEFINED SYMBOLS
                            *ABS*:00000000 arm_conv_q15.c
C:\Users\Lamp\AppData\Local\Temp\ccyz797W.s:19     .text.arm_conv_q15:00000000 $t
C:\Users\Lamp\AppData\Local\Temp\ccyz797W.s:25     .text.arm_conv_q15:00000000 arm_conv_q15

NO UNDEFINED SYMBOLS
