ARM GAS  C:\Users\Lamp\AppData\Local\Temp\ccC8j8ON.s 			page 1


   1              		.cpu cortex-m3
   2              		.arch armv7-m
   3              		.fpu softvfp
   4              		.eabi_attribute 20, 1
   5              		.eabi_attribute 21, 1
   6              		.eabi_attribute 23, 3
   7              		.eabi_attribute 24, 1
   8              		.eabi_attribute 25, 1
   9              		.eabi_attribute 26, 1
  10              		.eabi_attribute 30, 1
  11              		.eabi_attribute 34, 1
  12              		.eabi_attribute 18, 4
  13              		.file	"arm_std_f32.c"
  14              		.text
  15              	.Ltext0:
  16              		.cfi_sections	.debug_frame
  17              		.file 1 "Drivers/CMSIS/DSP/Source/StatisticsFunctions/arm_std_f32.c"
  18              		.global	__aeabi_fmul
  19              		.global	__aeabi_fadd
  20              		.global	__aeabi_ui2f
  21              		.global	__aeabi_fdiv
  22              		.global	__aeabi_fsub
  23              		.global	__aeabi_fcmpge
  24              		.section	.text.arm_std_f32,"ax",%progbits
  25              		.align	1
  26              		.global	arm_std_f32
  27              		.syntax unified
  28              		.thumb
  29              		.thumb_func
  31              	arm_std_f32:
  32              	.LVL0:
  33              	.LFB100:
   1:Drivers/CMSIS/DSP/Source/StatisticsFunctions/arm_std_f32.c **** /* ----------------------------------------------------------------------
   2:Drivers/CMSIS/DSP/Source/StatisticsFunctions/arm_std_f32.c ****  * Project:      CMSIS DSP Library
   3:Drivers/CMSIS/DSP/Source/StatisticsFunctions/arm_std_f32.c ****  * Title:        arm_std_f32.c
   4:Drivers/CMSIS/DSP/Source/StatisticsFunctions/arm_std_f32.c ****  * Description:  Standard deviation of the elements of a floating-point vector
   5:Drivers/CMSIS/DSP/Source/StatisticsFunctions/arm_std_f32.c ****  *
   6:Drivers/CMSIS/DSP/Source/StatisticsFunctions/arm_std_f32.c ****  * $Date:        27. January 2017
   7:Drivers/CMSIS/DSP/Source/StatisticsFunctions/arm_std_f32.c ****  * $Revision:    V.1.5.1
   8:Drivers/CMSIS/DSP/Source/StatisticsFunctions/arm_std_f32.c ****  *
   9:Drivers/CMSIS/DSP/Source/StatisticsFunctions/arm_std_f32.c ****  * Target Processor: Cortex-M cores
  10:Drivers/CMSIS/DSP/Source/StatisticsFunctions/arm_std_f32.c ****  * -------------------------------------------------------------------- */
  11:Drivers/CMSIS/DSP/Source/StatisticsFunctions/arm_std_f32.c **** /*
  12:Drivers/CMSIS/DSP/Source/StatisticsFunctions/arm_std_f32.c ****  * Copyright (C) 2010-2017 ARM Limited or its affiliates. All rights reserved.
  13:Drivers/CMSIS/DSP/Source/StatisticsFunctions/arm_std_f32.c ****  *
  14:Drivers/CMSIS/DSP/Source/StatisticsFunctions/arm_std_f32.c ****  * SPDX-License-Identifier: Apache-2.0
  15:Drivers/CMSIS/DSP/Source/StatisticsFunctions/arm_std_f32.c ****  *
  16:Drivers/CMSIS/DSP/Source/StatisticsFunctions/arm_std_f32.c ****  * Licensed under the Apache License, Version 2.0 (the License); you may
  17:Drivers/CMSIS/DSP/Source/StatisticsFunctions/arm_std_f32.c ****  * not use this file except in compliance with the License.
  18:Drivers/CMSIS/DSP/Source/StatisticsFunctions/arm_std_f32.c ****  * You may obtain a copy of the License at
  19:Drivers/CMSIS/DSP/Source/StatisticsFunctions/arm_std_f32.c ****  *
  20:Drivers/CMSIS/DSP/Source/StatisticsFunctions/arm_std_f32.c ****  * www.apache.org/licenses/LICENSE-2.0
  21:Drivers/CMSIS/DSP/Source/StatisticsFunctions/arm_std_f32.c ****  *
  22:Drivers/CMSIS/DSP/Source/StatisticsFunctions/arm_std_f32.c ****  * Unless required by applicable law or agreed to in writing, software
  23:Drivers/CMSIS/DSP/Source/StatisticsFunctions/arm_std_f32.c ****  * distributed under the License is distributed on an AS IS BASIS, WITHOUT
  24:Drivers/CMSIS/DSP/Source/StatisticsFunctions/arm_std_f32.c ****  * WARRANTIES OR CONDITIONS OF ANY KIND, either express or implied.
  25:Drivers/CMSIS/DSP/Source/StatisticsFunctions/arm_std_f32.c ****  * See the License for the specific language governing permissions and
ARM GAS  C:\Users\Lamp\AppData\Local\Temp\ccC8j8ON.s 			page 2


  26:Drivers/CMSIS/DSP/Source/StatisticsFunctions/arm_std_f32.c ****  * limitations under the License.
  27:Drivers/CMSIS/DSP/Source/StatisticsFunctions/arm_std_f32.c ****  */
  28:Drivers/CMSIS/DSP/Source/StatisticsFunctions/arm_std_f32.c **** 
  29:Drivers/CMSIS/DSP/Source/StatisticsFunctions/arm_std_f32.c **** #include "arm_math.h"
  30:Drivers/CMSIS/DSP/Source/StatisticsFunctions/arm_std_f32.c **** 
  31:Drivers/CMSIS/DSP/Source/StatisticsFunctions/arm_std_f32.c **** /**
  32:Drivers/CMSIS/DSP/Source/StatisticsFunctions/arm_std_f32.c ****  * @ingroup groupStats
  33:Drivers/CMSIS/DSP/Source/StatisticsFunctions/arm_std_f32.c ****  */
  34:Drivers/CMSIS/DSP/Source/StatisticsFunctions/arm_std_f32.c **** 
  35:Drivers/CMSIS/DSP/Source/StatisticsFunctions/arm_std_f32.c **** /**
  36:Drivers/CMSIS/DSP/Source/StatisticsFunctions/arm_std_f32.c ****  * @defgroup STD Standard deviation
  37:Drivers/CMSIS/DSP/Source/StatisticsFunctions/arm_std_f32.c ****  *
  38:Drivers/CMSIS/DSP/Source/StatisticsFunctions/arm_std_f32.c ****  * Calculates the standard deviation of the elements in the input vector.
  39:Drivers/CMSIS/DSP/Source/StatisticsFunctions/arm_std_f32.c ****  * The underlying algorithm is used:
  40:Drivers/CMSIS/DSP/Source/StatisticsFunctions/arm_std_f32.c ****  *
  41:Drivers/CMSIS/DSP/Source/StatisticsFunctions/arm_std_f32.c ****  * <pre>
  42:Drivers/CMSIS/DSP/Source/StatisticsFunctions/arm_std_f32.c ****  *   Result = sqrt((sumOfSquares - sum<sup>2</sup> / blockSize) / (blockSize - 1))
  43:Drivers/CMSIS/DSP/Source/StatisticsFunctions/arm_std_f32.c ****  *
  44:Drivers/CMSIS/DSP/Source/StatisticsFunctions/arm_std_f32.c ****  *     where, sumOfSquares = pSrc[0] * pSrc[0] + pSrc[1] * pSrc[1] + ... + pSrc[blockSize-1] * pSrc
  45:Drivers/CMSIS/DSP/Source/StatisticsFunctions/arm_std_f32.c ****  *
  46:Drivers/CMSIS/DSP/Source/StatisticsFunctions/arm_std_f32.c ****  *                     sum = pSrc[0] + pSrc[1] + pSrc[2] + ... + pSrc[blockSize-1]
  47:Drivers/CMSIS/DSP/Source/StatisticsFunctions/arm_std_f32.c ****  * </pre>
  48:Drivers/CMSIS/DSP/Source/StatisticsFunctions/arm_std_f32.c ****  *
  49:Drivers/CMSIS/DSP/Source/StatisticsFunctions/arm_std_f32.c ****  * There are separate functions for floating point, Q31, and Q15 data types.
  50:Drivers/CMSIS/DSP/Source/StatisticsFunctions/arm_std_f32.c ****  */
  51:Drivers/CMSIS/DSP/Source/StatisticsFunctions/arm_std_f32.c **** 
  52:Drivers/CMSIS/DSP/Source/StatisticsFunctions/arm_std_f32.c **** /**
  53:Drivers/CMSIS/DSP/Source/StatisticsFunctions/arm_std_f32.c ****  * @addtogroup STD
  54:Drivers/CMSIS/DSP/Source/StatisticsFunctions/arm_std_f32.c ****  * @{
  55:Drivers/CMSIS/DSP/Source/StatisticsFunctions/arm_std_f32.c ****  */
  56:Drivers/CMSIS/DSP/Source/StatisticsFunctions/arm_std_f32.c **** 
  57:Drivers/CMSIS/DSP/Source/StatisticsFunctions/arm_std_f32.c **** 
  58:Drivers/CMSIS/DSP/Source/StatisticsFunctions/arm_std_f32.c **** /**
  59:Drivers/CMSIS/DSP/Source/StatisticsFunctions/arm_std_f32.c ****  * @brief Standard deviation of the elements of a floating-point vector.
  60:Drivers/CMSIS/DSP/Source/StatisticsFunctions/arm_std_f32.c ****  * @param[in]       *pSrc points to the input vector
  61:Drivers/CMSIS/DSP/Source/StatisticsFunctions/arm_std_f32.c ****  * @param[in]       blockSize length of the input vector
  62:Drivers/CMSIS/DSP/Source/StatisticsFunctions/arm_std_f32.c ****  * @param[out]      *pResult standard deviation value returned here
  63:Drivers/CMSIS/DSP/Source/StatisticsFunctions/arm_std_f32.c ****  * @return none.
  64:Drivers/CMSIS/DSP/Source/StatisticsFunctions/arm_std_f32.c ****  */
  65:Drivers/CMSIS/DSP/Source/StatisticsFunctions/arm_std_f32.c **** 
  66:Drivers/CMSIS/DSP/Source/StatisticsFunctions/arm_std_f32.c **** void arm_std_f32(
  67:Drivers/CMSIS/DSP/Source/StatisticsFunctions/arm_std_f32.c ****   float32_t * pSrc,
  68:Drivers/CMSIS/DSP/Source/StatisticsFunctions/arm_std_f32.c ****   uint32_t blockSize,
  69:Drivers/CMSIS/DSP/Source/StatisticsFunctions/arm_std_f32.c ****   float32_t * pResult)
  70:Drivers/CMSIS/DSP/Source/StatisticsFunctions/arm_std_f32.c **** {
  34              		.loc 1 70 1 view -0
  35              		.cfi_startproc
  36              		@ args = 0, pretend = 0, frame = 0
  37              		@ frame_needed = 0, uses_anonymous_args = 0
  38              		.loc 1 70 1 is_stmt 0 view .LVU1
  39 0000 2DE9F047 		push	{r4, r5, r6, r7, r8, r9, r10, lr}
  40              	.LCFI0:
  41              		.cfi_def_cfa_offset 32
  42              		.cfi_offset 4, -32
  43              		.cfi_offset 5, -28
  44              		.cfi_offset 6, -24
  45              		.cfi_offset 7, -20
ARM GAS  C:\Users\Lamp\AppData\Local\Temp\ccC8j8ON.s 			page 3


  46              		.cfi_offset 8, -16
  47              		.cfi_offset 9, -12
  48              		.cfi_offset 10, -8
  49              		.cfi_offset 14, -4
  50 0004 9246     		mov	r10, r2
  71:Drivers/CMSIS/DSP/Source/StatisticsFunctions/arm_std_f32.c ****   float32_t sum = 0.0f;                          /* Temporary result storage */
  51              		.loc 1 71 3 is_stmt 1 view .LVU2
  52              	.LVL1:
  72:Drivers/CMSIS/DSP/Source/StatisticsFunctions/arm_std_f32.c ****   float32_t sumOfSquares = 0.0f;                 /* Sum of squares */
  53              		.loc 1 72 3 view .LVU3
  73:Drivers/CMSIS/DSP/Source/StatisticsFunctions/arm_std_f32.c ****   float32_t in;                                  /* input value */
  54              		.loc 1 73 3 view .LVU4
  74:Drivers/CMSIS/DSP/Source/StatisticsFunctions/arm_std_f32.c ****   uint32_t blkCnt;                               /* loop counter */
  55              		.loc 1 74 3 view .LVU5
  75:Drivers/CMSIS/DSP/Source/StatisticsFunctions/arm_std_f32.c **** #if defined (ARM_MATH_DSP)
  76:Drivers/CMSIS/DSP/Source/StatisticsFunctions/arm_std_f32.c ****   float32_t meanOfSquares, mean, squareOfMean;   /* Temporary variables */
  77:Drivers/CMSIS/DSP/Source/StatisticsFunctions/arm_std_f32.c **** #else
  78:Drivers/CMSIS/DSP/Source/StatisticsFunctions/arm_std_f32.c ****   float32_t squareOfSum;                         /* Square of Sum */
  56              		.loc 1 78 3 view .LVU6
  79:Drivers/CMSIS/DSP/Source/StatisticsFunctions/arm_std_f32.c ****   float32_t var;                                 /* Temporary varaince storage */
  57              		.loc 1 79 3 view .LVU7
  80:Drivers/CMSIS/DSP/Source/StatisticsFunctions/arm_std_f32.c **** #endif
  81:Drivers/CMSIS/DSP/Source/StatisticsFunctions/arm_std_f32.c **** 
  82:Drivers/CMSIS/DSP/Source/StatisticsFunctions/arm_std_f32.c ****   if (blockSize == 1U)
  58              		.loc 1 82 3 view .LVU8
  59              		.loc 1 82 6 is_stmt 0 view .LVU9
  60 0006 0129     		cmp	r1, #1
  61 0008 05D0     		beq	.L11
  62 000a 0446     		mov	r4, r0
  63 000c 8946     		mov	r9, r1
  83:Drivers/CMSIS/DSP/Source/StatisticsFunctions/arm_std_f32.c ****   {
  84:Drivers/CMSIS/DSP/Source/StatisticsFunctions/arm_std_f32.c ****     *pResult = 0;
  85:Drivers/CMSIS/DSP/Source/StatisticsFunctions/arm_std_f32.c ****     return;
  86:Drivers/CMSIS/DSP/Source/StatisticsFunctions/arm_std_f32.c ****   }
  87:Drivers/CMSIS/DSP/Source/StatisticsFunctions/arm_std_f32.c **** 
  88:Drivers/CMSIS/DSP/Source/StatisticsFunctions/arm_std_f32.c **** #if defined (ARM_MATH_DSP)
  89:Drivers/CMSIS/DSP/Source/StatisticsFunctions/arm_std_f32.c ****   /* Run the below code for Cortex-M4 and Cortex-M3 */
  90:Drivers/CMSIS/DSP/Source/StatisticsFunctions/arm_std_f32.c **** 
  91:Drivers/CMSIS/DSP/Source/StatisticsFunctions/arm_std_f32.c ****   /*loop Unrolling */
  92:Drivers/CMSIS/DSP/Source/StatisticsFunctions/arm_std_f32.c ****   blkCnt = blockSize >> 2U;
  93:Drivers/CMSIS/DSP/Source/StatisticsFunctions/arm_std_f32.c **** 
  94:Drivers/CMSIS/DSP/Source/StatisticsFunctions/arm_std_f32.c ****   /* First part of the processing with loop unrolling.  Compute 4 outputs at a time.
  95:Drivers/CMSIS/DSP/Source/StatisticsFunctions/arm_std_f32.c ****    ** a second loop below computes the remaining 1 to 3 samples. */
  96:Drivers/CMSIS/DSP/Source/StatisticsFunctions/arm_std_f32.c ****   while (blkCnt > 0U)
  97:Drivers/CMSIS/DSP/Source/StatisticsFunctions/arm_std_f32.c ****   {
  98:Drivers/CMSIS/DSP/Source/StatisticsFunctions/arm_std_f32.c ****     /* C = (A[0] * A[0] + A[1] * A[1] + ... + A[blockSize-1] * A[blockSize-1])  */
  99:Drivers/CMSIS/DSP/Source/StatisticsFunctions/arm_std_f32.c ****     /* Compute Sum of squares of the input samples
 100:Drivers/CMSIS/DSP/Source/StatisticsFunctions/arm_std_f32.c ****      * and then store the result in a temporary variable, sum. */
 101:Drivers/CMSIS/DSP/Source/StatisticsFunctions/arm_std_f32.c ****     in = *pSrc++;
 102:Drivers/CMSIS/DSP/Source/StatisticsFunctions/arm_std_f32.c ****     sum += in;
 103:Drivers/CMSIS/DSP/Source/StatisticsFunctions/arm_std_f32.c ****     sumOfSquares += in * in;
 104:Drivers/CMSIS/DSP/Source/StatisticsFunctions/arm_std_f32.c ****     in = *pSrc++;
 105:Drivers/CMSIS/DSP/Source/StatisticsFunctions/arm_std_f32.c ****     sum += in;
 106:Drivers/CMSIS/DSP/Source/StatisticsFunctions/arm_std_f32.c ****     sumOfSquares += in * in;
 107:Drivers/CMSIS/DSP/Source/StatisticsFunctions/arm_std_f32.c ****     in = *pSrc++;
 108:Drivers/CMSIS/DSP/Source/StatisticsFunctions/arm_std_f32.c ****     sum += in;
 109:Drivers/CMSIS/DSP/Source/StatisticsFunctions/arm_std_f32.c ****     sumOfSquares += in * in;
ARM GAS  C:\Users\Lamp\AppData\Local\Temp\ccC8j8ON.s 			page 4


 110:Drivers/CMSIS/DSP/Source/StatisticsFunctions/arm_std_f32.c ****     in = *pSrc++;
 111:Drivers/CMSIS/DSP/Source/StatisticsFunctions/arm_std_f32.c ****     sum += in;
 112:Drivers/CMSIS/DSP/Source/StatisticsFunctions/arm_std_f32.c ****     sumOfSquares += in * in;
 113:Drivers/CMSIS/DSP/Source/StatisticsFunctions/arm_std_f32.c **** 
 114:Drivers/CMSIS/DSP/Source/StatisticsFunctions/arm_std_f32.c ****     /* Decrement the loop counter */
 115:Drivers/CMSIS/DSP/Source/StatisticsFunctions/arm_std_f32.c ****     blkCnt--;
 116:Drivers/CMSIS/DSP/Source/StatisticsFunctions/arm_std_f32.c ****   }
 117:Drivers/CMSIS/DSP/Source/StatisticsFunctions/arm_std_f32.c **** 
 118:Drivers/CMSIS/DSP/Source/StatisticsFunctions/arm_std_f32.c ****   /* If the blockSize is not a multiple of 4, compute any remaining output samples here.
 119:Drivers/CMSIS/DSP/Source/StatisticsFunctions/arm_std_f32.c ****    ** No loop unrolling is used. */
 120:Drivers/CMSIS/DSP/Source/StatisticsFunctions/arm_std_f32.c ****   blkCnt = blockSize % 0x4U;
 121:Drivers/CMSIS/DSP/Source/StatisticsFunctions/arm_std_f32.c **** 
 122:Drivers/CMSIS/DSP/Source/StatisticsFunctions/arm_std_f32.c ****   while (blkCnt > 0U)
 123:Drivers/CMSIS/DSP/Source/StatisticsFunctions/arm_std_f32.c ****   {
 124:Drivers/CMSIS/DSP/Source/StatisticsFunctions/arm_std_f32.c ****     /* C = (A[0] * A[0] + A[1] * A[1] + ... + A[blockSize-1] * A[blockSize-1]) */
 125:Drivers/CMSIS/DSP/Source/StatisticsFunctions/arm_std_f32.c ****     /* Compute Sum of squares of the input samples
 126:Drivers/CMSIS/DSP/Source/StatisticsFunctions/arm_std_f32.c ****      * and then store the result in a temporary variable, sum. */
 127:Drivers/CMSIS/DSP/Source/StatisticsFunctions/arm_std_f32.c ****     in = *pSrc++;
 128:Drivers/CMSIS/DSP/Source/StatisticsFunctions/arm_std_f32.c ****     sum += in;
 129:Drivers/CMSIS/DSP/Source/StatisticsFunctions/arm_std_f32.c ****     sumOfSquares += in * in;
 130:Drivers/CMSIS/DSP/Source/StatisticsFunctions/arm_std_f32.c **** 
 131:Drivers/CMSIS/DSP/Source/StatisticsFunctions/arm_std_f32.c ****     /* Decrement the loop counter */
 132:Drivers/CMSIS/DSP/Source/StatisticsFunctions/arm_std_f32.c ****     blkCnt--;
 133:Drivers/CMSIS/DSP/Source/StatisticsFunctions/arm_std_f32.c ****   }
 134:Drivers/CMSIS/DSP/Source/StatisticsFunctions/arm_std_f32.c **** 
 135:Drivers/CMSIS/DSP/Source/StatisticsFunctions/arm_std_f32.c ****   /* Compute Mean of squares of the input samples
 136:Drivers/CMSIS/DSP/Source/StatisticsFunctions/arm_std_f32.c ****    * and then store the result in a temporary variable, meanOfSquares. */
 137:Drivers/CMSIS/DSP/Source/StatisticsFunctions/arm_std_f32.c ****   meanOfSquares = sumOfSquares / ((float32_t) blockSize - 1.0f);
 138:Drivers/CMSIS/DSP/Source/StatisticsFunctions/arm_std_f32.c **** 
 139:Drivers/CMSIS/DSP/Source/StatisticsFunctions/arm_std_f32.c ****   /* Compute mean of all input values */
 140:Drivers/CMSIS/DSP/Source/StatisticsFunctions/arm_std_f32.c ****   mean = sum / (float32_t) blockSize;
 141:Drivers/CMSIS/DSP/Source/StatisticsFunctions/arm_std_f32.c **** 
 142:Drivers/CMSIS/DSP/Source/StatisticsFunctions/arm_std_f32.c ****   /* Compute square of mean */
 143:Drivers/CMSIS/DSP/Source/StatisticsFunctions/arm_std_f32.c ****   squareOfMean = (mean * mean) * (((float32_t) blockSize) /
 144:Drivers/CMSIS/DSP/Source/StatisticsFunctions/arm_std_f32.c ****                                   ((float32_t) blockSize - 1.0f));
 145:Drivers/CMSIS/DSP/Source/StatisticsFunctions/arm_std_f32.c **** 
 146:Drivers/CMSIS/DSP/Source/StatisticsFunctions/arm_std_f32.c ****   /* Compute standard deviation and then store the result to the destination */
 147:Drivers/CMSIS/DSP/Source/StatisticsFunctions/arm_std_f32.c ****   arm_sqrt_f32((meanOfSquares - squareOfMean), pResult);
 148:Drivers/CMSIS/DSP/Source/StatisticsFunctions/arm_std_f32.c **** 
 149:Drivers/CMSIS/DSP/Source/StatisticsFunctions/arm_std_f32.c **** #else
 150:Drivers/CMSIS/DSP/Source/StatisticsFunctions/arm_std_f32.c ****   /* Run the below code for Cortex-M0 */
 151:Drivers/CMSIS/DSP/Source/StatisticsFunctions/arm_std_f32.c **** 
 152:Drivers/CMSIS/DSP/Source/StatisticsFunctions/arm_std_f32.c ****   /* Loop over blockSize number of values */
 153:Drivers/CMSIS/DSP/Source/StatisticsFunctions/arm_std_f32.c ****   blkCnt = blockSize;
  64              		.loc 1 153 10 view .LVU10
  65 000e 8846     		mov	r8, r1
  72:Drivers/CMSIS/DSP/Source/StatisticsFunctions/arm_std_f32.c ****   float32_t in;                                  /* input value */
  66              		.loc 1 72 13 view .LVU11
  67 0010 0025     		movs	r5, #0
  71:Drivers/CMSIS/DSP/Source/StatisticsFunctions/arm_std_f32.c ****   float32_t sumOfSquares = 0.0f;                 /* Sum of squares */
  68              		.loc 1 71 13 view .LVU12
  69 0012 2E46     		mov	r6, r5
  70 0014 14E0     		b	.L2
  71              	.L11:
  84:Drivers/CMSIS/DSP/Source/StatisticsFunctions/arm_std_f32.c ****     return;
  72              		.loc 1 84 5 is_stmt 1 view .LVU13
  84:Drivers/CMSIS/DSP/Source/StatisticsFunctions/arm_std_f32.c ****     return;
ARM GAS  C:\Users\Lamp\AppData\Local\Temp\ccC8j8ON.s 			page 5


  73              		.loc 1 84 14 is_stmt 0 view .LVU14
  74 0016 0023     		movs	r3, #0
  75 0018 1360     		str	r3, [r2]	@ float
  85:Drivers/CMSIS/DSP/Source/StatisticsFunctions/arm_std_f32.c ****   }
  76              		.loc 1 85 5 is_stmt 1 view .LVU15
  77 001a 39E0     		b	.L1
  78              	.LVL2:
  79              	.L4:
 154:Drivers/CMSIS/DSP/Source/StatisticsFunctions/arm_std_f32.c **** 
 155:Drivers/CMSIS/DSP/Source/StatisticsFunctions/arm_std_f32.c ****   while (blkCnt > 0U)
 156:Drivers/CMSIS/DSP/Source/StatisticsFunctions/arm_std_f32.c ****   {
 157:Drivers/CMSIS/DSP/Source/StatisticsFunctions/arm_std_f32.c ****     /* C = (A[0] * A[0] + A[1] * A[1] + ... + A[blockSize-1] * A[blockSize-1]) */
 158:Drivers/CMSIS/DSP/Source/StatisticsFunctions/arm_std_f32.c ****     /* Compute Sum of squares of the input samples
 159:Drivers/CMSIS/DSP/Source/StatisticsFunctions/arm_std_f32.c ****      * and then store the result in a temporary variable, sumOfSquares. */
 160:Drivers/CMSIS/DSP/Source/StatisticsFunctions/arm_std_f32.c ****     in = *pSrc++;
  80              		.loc 1 160 5 view .LVU16
  81              		.loc 1 160 8 is_stmt 0 view .LVU17
  82 001c 54F8047B 		ldr	r7, [r4], #4	@ float
  83              	.LVL3:
 161:Drivers/CMSIS/DSP/Source/StatisticsFunctions/arm_std_f32.c ****     sumOfSquares += in * in;
  84              		.loc 1 161 5 is_stmt 1 view .LVU18
  85              		.loc 1 161 24 is_stmt 0 view .LVU19
  86 0020 3946     		mov	r1, r7
  87 0022 3846     		mov	r0, r7
  88 0024 FFF7FEFF 		bl	__aeabi_fmul
  89              	.LVL4:
  90 0028 0146     		mov	r1, r0
  91              		.loc 1 161 18 view .LVU20
  92 002a 2846     		mov	r0, r5
  93 002c FFF7FEFF 		bl	__aeabi_fadd
  94              	.LVL5:
  95 0030 0546     		mov	r5, r0
  96              	.LVL6:
 162:Drivers/CMSIS/DSP/Source/StatisticsFunctions/arm_std_f32.c **** 
 163:Drivers/CMSIS/DSP/Source/StatisticsFunctions/arm_std_f32.c ****     /* C = (A[0] + A[1] + ... + A[blockSize-1]) */
 164:Drivers/CMSIS/DSP/Source/StatisticsFunctions/arm_std_f32.c ****     /* Compute Sum of the input samples
 165:Drivers/CMSIS/DSP/Source/StatisticsFunctions/arm_std_f32.c ****      * and then store the result in a temporary variable, sum. */
 166:Drivers/CMSIS/DSP/Source/StatisticsFunctions/arm_std_f32.c ****     sum += in;
  97              		.loc 1 166 5 is_stmt 1 view .LVU21
  98              		.loc 1 166 9 is_stmt 0 view .LVU22
  99 0032 3946     		mov	r1, r7
 100 0034 3046     		mov	r0, r6
 101              	.LVL7:
 102              		.loc 1 166 9 view .LVU23
 103 0036 FFF7FEFF 		bl	__aeabi_fadd
 104              	.LVL8:
 105 003a 0646     		mov	r6, r0
 106              	.LVL9:
 167:Drivers/CMSIS/DSP/Source/StatisticsFunctions/arm_std_f32.c **** 
 168:Drivers/CMSIS/DSP/Source/StatisticsFunctions/arm_std_f32.c ****     /* Decrement the loop counter */
 169:Drivers/CMSIS/DSP/Source/StatisticsFunctions/arm_std_f32.c ****     blkCnt--;
 107              		.loc 1 169 5 is_stmt 1 view .LVU24
 108              		.loc 1 169 11 is_stmt 0 view .LVU25
 109 003c 08F1FF38 		add	r8, r8, #-1
 110              	.LVL10:
 111              	.L2:
 155:Drivers/CMSIS/DSP/Source/StatisticsFunctions/arm_std_f32.c ****   {
ARM GAS  C:\Users\Lamp\AppData\Local\Temp\ccC8j8ON.s 			page 6


 112              		.loc 1 155 17 is_stmt 1 view .LVU26
 113 0040 B8F1000F 		cmp	r8, #0
 114 0044 EAD1     		bne	.L4
 170:Drivers/CMSIS/DSP/Source/StatisticsFunctions/arm_std_f32.c ****   }
 171:Drivers/CMSIS/DSP/Source/StatisticsFunctions/arm_std_f32.c **** 
 172:Drivers/CMSIS/DSP/Source/StatisticsFunctions/arm_std_f32.c ****   /* Compute the square of sum */
 173:Drivers/CMSIS/DSP/Source/StatisticsFunctions/arm_std_f32.c ****   squareOfSum = ((sum * sum) / (float32_t) blockSize);
 115              		.loc 1 173 3 view .LVU27
 116              		.loc 1 173 23 is_stmt 0 view .LVU28
 117 0046 3146     		mov	r1, r6
 118 0048 3046     		mov	r0, r6
 119 004a FFF7FEFF 		bl	__aeabi_fmul
 120              	.LVL11:
 121 004e 0646     		mov	r6, r0
 122              	.LVL12:
 123              		.loc 1 173 32 view .LVU29
 124 0050 4846     		mov	r0, r9
 125 0052 FFF7FEFF 		bl	__aeabi_ui2f
 126              	.LVL13:
 127 0056 0446     		mov	r4, r0
 128              	.LVL14:
 129              		.loc 1 173 15 view .LVU30
 130 0058 0146     		mov	r1, r0
 131 005a 3046     		mov	r0, r6
 132 005c FFF7FEFF 		bl	__aeabi_fdiv
 133              	.LVL15:
 134 0060 0146     		mov	r1, r0
 135              	.LVL16:
 174:Drivers/CMSIS/DSP/Source/StatisticsFunctions/arm_std_f32.c **** 
 175:Drivers/CMSIS/DSP/Source/StatisticsFunctions/arm_std_f32.c ****   /* Compute the variance */
 176:Drivers/CMSIS/DSP/Source/StatisticsFunctions/arm_std_f32.c ****   var = ((sumOfSquares - squareOfSum) / (float32_t) (blockSize - 1.0f));
 136              		.loc 1 176 3 is_stmt 1 view .LVU31
 137              		.loc 1 176 24 is_stmt 0 view .LVU32
 138 0062 2846     		mov	r0, r5
 139              	.LVL17:
 140              		.loc 1 176 24 view .LVU33
 141 0064 FFF7FEFF 		bl	__aeabi_fsub
 142              	.LVL18:
 143              		.loc 1 176 24 view .LVU34
 144 0068 0546     		mov	r5, r0
 145              	.LVL19:
 146              		.loc 1 176 41 view .LVU35
 147 006a 4FF07E51 		mov	r1, #1065353216
 148 006e 2046     		mov	r0, r4
 149 0070 FFF7FEFF 		bl	__aeabi_fsub
 150              	.LVL20:
 151 0074 0146     		mov	r1, r0
 152              		.loc 1 176 7 view .LVU36
 153 0076 2846     		mov	r0, r5
 154 0078 FFF7FEFF 		bl	__aeabi_fdiv
 155              	.LVL21:
 156 007c 0446     		mov	r4, r0
 157              	.LVL22:
 177:Drivers/CMSIS/DSP/Source/StatisticsFunctions/arm_std_f32.c **** 
 178:Drivers/CMSIS/DSP/Source/StatisticsFunctions/arm_std_f32.c ****   /* Compute standard deviation and then store the result to the destination */
 179:Drivers/CMSIS/DSP/Source/StatisticsFunctions/arm_std_f32.c ****   arm_sqrt_f32(var, pResult);
 158              		.loc 1 179 3 is_stmt 1 view .LVU37
ARM GAS  C:\Users\Lamp\AppData\Local\Temp\ccC8j8ON.s 			page 7


 159              	.LBB4:
 160              	.LBI4:
 161              		.file 2 "Drivers/CMSIS/DSP/Include/arm_math.h"
   1:Drivers/CMSIS/DSP/Include/arm_math.h **** /******************************************************************************
   2:Drivers/CMSIS/DSP/Include/arm_math.h ****  * @file     arm_math.h
   3:Drivers/CMSIS/DSP/Include/arm_math.h ****  * @brief    Public header file for CMSIS DSP LibraryU
   4:Drivers/CMSIS/DSP/Include/arm_math.h ****  * @version  V1.5.3
   5:Drivers/CMSIS/DSP/Include/arm_math.h ****  * @date     10. January 2018
   6:Drivers/CMSIS/DSP/Include/arm_math.h ****  ******************************************************************************/
   7:Drivers/CMSIS/DSP/Include/arm_math.h **** /*
   8:Drivers/CMSIS/DSP/Include/arm_math.h ****  * Copyright (c) 2010-2018 Arm Limited or its affiliates. All rights reserved.
   9:Drivers/CMSIS/DSP/Include/arm_math.h ****  *
  10:Drivers/CMSIS/DSP/Include/arm_math.h ****  * SPDX-License-Identifier: Apache-2.0
  11:Drivers/CMSIS/DSP/Include/arm_math.h ****  *
  12:Drivers/CMSIS/DSP/Include/arm_math.h ****  * Licensed under the Apache License, Version 2.0 (the License); you may
  13:Drivers/CMSIS/DSP/Include/arm_math.h ****  * not use this file except in compliance with the License.
  14:Drivers/CMSIS/DSP/Include/arm_math.h ****  * You may obtain a copy of the License at
  15:Drivers/CMSIS/DSP/Include/arm_math.h ****  *
  16:Drivers/CMSIS/DSP/Include/arm_math.h ****  * www.apache.org/licenses/LICENSE-2.0
  17:Drivers/CMSIS/DSP/Include/arm_math.h ****  *
  18:Drivers/CMSIS/DSP/Include/arm_math.h ****  * Unless required by applicable law or agreed to in writing, software
  19:Drivers/CMSIS/DSP/Include/arm_math.h ****  * distributed under the License is distributed on an AS IS BASIS, WITHOUT
  20:Drivers/CMSIS/DSP/Include/arm_math.h ****  * WARRANTIES OR CONDITIONS OF ANY KIND, either express or implied.
  21:Drivers/CMSIS/DSP/Include/arm_math.h ****  * See the License for the specific language governing permissions and
  22:Drivers/CMSIS/DSP/Include/arm_math.h ****  * limitations under the License.
  23:Drivers/CMSIS/DSP/Include/arm_math.h ****  */
  24:Drivers/CMSIS/DSP/Include/arm_math.h **** 
  25:Drivers/CMSIS/DSP/Include/arm_math.h **** /**
  26:Drivers/CMSIS/DSP/Include/arm_math.h ****    \mainpage CMSIS DSP Software Library
  27:Drivers/CMSIS/DSP/Include/arm_math.h ****    *
  28:Drivers/CMSIS/DSP/Include/arm_math.h ****    * Introduction
  29:Drivers/CMSIS/DSP/Include/arm_math.h ****    * ------------
  30:Drivers/CMSIS/DSP/Include/arm_math.h ****    *
  31:Drivers/CMSIS/DSP/Include/arm_math.h ****    * This user manual describes the CMSIS DSP software library,
  32:Drivers/CMSIS/DSP/Include/arm_math.h ****    * a suite of common signal processing functions for use on Cortex-M processor based devices.
  33:Drivers/CMSIS/DSP/Include/arm_math.h ****    *
  34:Drivers/CMSIS/DSP/Include/arm_math.h ****    * The library is divided into a number of functions each covering a specific category:
  35:Drivers/CMSIS/DSP/Include/arm_math.h ****    * - Basic math functions
  36:Drivers/CMSIS/DSP/Include/arm_math.h ****    * - Fast math functions
  37:Drivers/CMSIS/DSP/Include/arm_math.h ****    * - Complex math functions
  38:Drivers/CMSIS/DSP/Include/arm_math.h ****    * - Filters
  39:Drivers/CMSIS/DSP/Include/arm_math.h ****    * - Matrix functions
  40:Drivers/CMSIS/DSP/Include/arm_math.h ****    * - Transforms
  41:Drivers/CMSIS/DSP/Include/arm_math.h ****    * - Motor control functions
  42:Drivers/CMSIS/DSP/Include/arm_math.h ****    * - Statistical functions
  43:Drivers/CMSIS/DSP/Include/arm_math.h ****    * - Support functions
  44:Drivers/CMSIS/DSP/Include/arm_math.h ****    * - Interpolation functions
  45:Drivers/CMSIS/DSP/Include/arm_math.h ****    *
  46:Drivers/CMSIS/DSP/Include/arm_math.h ****    * The library has separate functions for operating on 8-bit integers, 16-bit integers,
  47:Drivers/CMSIS/DSP/Include/arm_math.h ****    * 32-bit integer and 32-bit floating-point values.
  48:Drivers/CMSIS/DSP/Include/arm_math.h ****    *
  49:Drivers/CMSIS/DSP/Include/arm_math.h ****    * Using the Library
  50:Drivers/CMSIS/DSP/Include/arm_math.h ****    * ------------
  51:Drivers/CMSIS/DSP/Include/arm_math.h ****    *
  52:Drivers/CMSIS/DSP/Include/arm_math.h ****    * The library installer contains prebuilt versions of the libraries in the <code>Lib</code> fold
  53:Drivers/CMSIS/DSP/Include/arm_math.h ****    * - arm_cortexM7lfdp_math.lib (Cortex-M7, Little endian, Double Precision Floating Point Unit)
  54:Drivers/CMSIS/DSP/Include/arm_math.h ****    * - arm_cortexM7bfdp_math.lib (Cortex-M7, Big endian, Double Precision Floating Point Unit)
ARM GAS  C:\Users\Lamp\AppData\Local\Temp\ccC8j8ON.s 			page 8


  55:Drivers/CMSIS/DSP/Include/arm_math.h ****    * - arm_cortexM7lfsp_math.lib (Cortex-M7, Little endian, Single Precision Floating Point Unit)
  56:Drivers/CMSIS/DSP/Include/arm_math.h ****    * - arm_cortexM7bfsp_math.lib (Cortex-M7, Big endian and Single Precision Floating Point Unit on
  57:Drivers/CMSIS/DSP/Include/arm_math.h ****    * - arm_cortexM7l_math.lib (Cortex-M7, Little endian)
  58:Drivers/CMSIS/DSP/Include/arm_math.h ****    * - arm_cortexM7b_math.lib (Cortex-M7, Big endian)
  59:Drivers/CMSIS/DSP/Include/arm_math.h ****    * - arm_cortexM4lf_math.lib (Cortex-M4, Little endian, Floating Point Unit)
  60:Drivers/CMSIS/DSP/Include/arm_math.h ****    * - arm_cortexM4bf_math.lib (Cortex-M4, Big endian, Floating Point Unit)
  61:Drivers/CMSIS/DSP/Include/arm_math.h ****    * - arm_cortexM4l_math.lib (Cortex-M4, Little endian)
  62:Drivers/CMSIS/DSP/Include/arm_math.h ****    * - arm_cortexM4b_math.lib (Cortex-M4, Big endian)
  63:Drivers/CMSIS/DSP/Include/arm_math.h ****    * - arm_cortexM3l_math.lib (Cortex-M3, Little endian)
  64:Drivers/CMSIS/DSP/Include/arm_math.h ****    * - arm_cortexM3b_math.lib (Cortex-M3, Big endian)
  65:Drivers/CMSIS/DSP/Include/arm_math.h ****    * - arm_cortexM0l_math.lib (Cortex-M0 / Cortex-M0+, Little endian)
  66:Drivers/CMSIS/DSP/Include/arm_math.h ****    * - arm_cortexM0b_math.lib (Cortex-M0 / Cortex-M0+, Big endian)
  67:Drivers/CMSIS/DSP/Include/arm_math.h ****    * - arm_ARMv8MBLl_math.lib (Armv8-M Baseline, Little endian)
  68:Drivers/CMSIS/DSP/Include/arm_math.h ****    * - arm_ARMv8MMLl_math.lib (Armv8-M Mainline, Little endian)
  69:Drivers/CMSIS/DSP/Include/arm_math.h ****    * - arm_ARMv8MMLlfsp_math.lib (Armv8-M Mainline, Little endian, Single Precision Floating Point 
  70:Drivers/CMSIS/DSP/Include/arm_math.h ****    * - arm_ARMv8MMLld_math.lib (Armv8-M Mainline, Little endian, DSP instructions)
  71:Drivers/CMSIS/DSP/Include/arm_math.h ****    * - arm_ARMv8MMLldfsp_math.lib (Armv8-M Mainline, Little endian, DSP instructions, Single Precis
  72:Drivers/CMSIS/DSP/Include/arm_math.h ****    *
  73:Drivers/CMSIS/DSP/Include/arm_math.h ****    * The library functions are declared in the public file <code>arm_math.h</code> which is placed 
  74:Drivers/CMSIS/DSP/Include/arm_math.h ****    * Simply include this file and link the appropriate library in the application and begin calling
  75:Drivers/CMSIS/DSP/Include/arm_math.h ****    * public header file <code> arm_math.h</code> for Cortex-M cores with little endian and big endi
  76:Drivers/CMSIS/DSP/Include/arm_math.h ****    * Define the appropriate preprocessor macro ARM_MATH_CM7 or ARM_MATH_CM4 or ARM_MATH_CM3 or
  77:Drivers/CMSIS/DSP/Include/arm_math.h ****    * ARM_MATH_CM0 or ARM_MATH_CM0PLUS depending on the target processor in the application.
  78:Drivers/CMSIS/DSP/Include/arm_math.h ****    * For Armv8-M cores define preprocessor macro ARM_MATH_ARMV8MBL or ARM_MATH_ARMV8MML.
  79:Drivers/CMSIS/DSP/Include/arm_math.h ****    * Set preprocessor macro __DSP_PRESENT if Armv8-M Mainline core supports DSP instructions.
  80:Drivers/CMSIS/DSP/Include/arm_math.h ****    * 
  81:Drivers/CMSIS/DSP/Include/arm_math.h ****    *
  82:Drivers/CMSIS/DSP/Include/arm_math.h ****    * Examples
  83:Drivers/CMSIS/DSP/Include/arm_math.h ****    * --------
  84:Drivers/CMSIS/DSP/Include/arm_math.h ****    *
  85:Drivers/CMSIS/DSP/Include/arm_math.h ****    * The library ships with a number of examples which demonstrate how to use the library functions
  86:Drivers/CMSIS/DSP/Include/arm_math.h ****    *
  87:Drivers/CMSIS/DSP/Include/arm_math.h ****    * Toolchain Support
  88:Drivers/CMSIS/DSP/Include/arm_math.h ****    * ------------
  89:Drivers/CMSIS/DSP/Include/arm_math.h ****    *
  90:Drivers/CMSIS/DSP/Include/arm_math.h ****    * The library has been developed and tested with MDK version 5.14.0.0
  91:Drivers/CMSIS/DSP/Include/arm_math.h ****    * The library is being tested in GCC and IAR toolchains and updates on this activity will be mad
  92:Drivers/CMSIS/DSP/Include/arm_math.h ****    *
  93:Drivers/CMSIS/DSP/Include/arm_math.h ****    * Building the Library
  94:Drivers/CMSIS/DSP/Include/arm_math.h ****    * ------------
  95:Drivers/CMSIS/DSP/Include/arm_math.h ****    *
  96:Drivers/CMSIS/DSP/Include/arm_math.h ****    * The library installer contains a project file to rebuild libraries on MDK toolchain in the <co
  97:Drivers/CMSIS/DSP/Include/arm_math.h ****    * - arm_cortexM_math.uvprojx
  98:Drivers/CMSIS/DSP/Include/arm_math.h ****    *
  99:Drivers/CMSIS/DSP/Include/arm_math.h ****    *
 100:Drivers/CMSIS/DSP/Include/arm_math.h ****    * The libraries can be built by opening the arm_cortexM_math.uvprojx project in MDK-ARM, selecti
 101:Drivers/CMSIS/DSP/Include/arm_math.h ****    *
 102:Drivers/CMSIS/DSP/Include/arm_math.h ****    * Preprocessor Macros
 103:Drivers/CMSIS/DSP/Include/arm_math.h ****    * ------------
 104:Drivers/CMSIS/DSP/Include/arm_math.h ****    *
 105:Drivers/CMSIS/DSP/Include/arm_math.h ****    * Each library project have different preprocessor macros.
 106:Drivers/CMSIS/DSP/Include/arm_math.h ****    *
 107:Drivers/CMSIS/DSP/Include/arm_math.h ****    * - UNALIGNED_SUPPORT_DISABLE:
 108:Drivers/CMSIS/DSP/Include/arm_math.h ****    *
 109:Drivers/CMSIS/DSP/Include/arm_math.h ****    * Define macro UNALIGNED_SUPPORT_DISABLE, If the silicon does not support unaligned memory acces
 110:Drivers/CMSIS/DSP/Include/arm_math.h ****    *
 111:Drivers/CMSIS/DSP/Include/arm_math.h ****    * - ARM_MATH_BIG_ENDIAN:
ARM GAS  C:\Users\Lamp\AppData\Local\Temp\ccC8j8ON.s 			page 9


 112:Drivers/CMSIS/DSP/Include/arm_math.h ****    *
 113:Drivers/CMSIS/DSP/Include/arm_math.h ****    * Define macro ARM_MATH_BIG_ENDIAN to build the library for big endian targets. By default libra
 114:Drivers/CMSIS/DSP/Include/arm_math.h ****    *
 115:Drivers/CMSIS/DSP/Include/arm_math.h ****    * - ARM_MATH_MATRIX_CHECK:
 116:Drivers/CMSIS/DSP/Include/arm_math.h ****    *
 117:Drivers/CMSIS/DSP/Include/arm_math.h ****    * Define macro ARM_MATH_MATRIX_CHECK for checking on the input and output sizes of matrices
 118:Drivers/CMSIS/DSP/Include/arm_math.h ****    *
 119:Drivers/CMSIS/DSP/Include/arm_math.h ****    * - ARM_MATH_ROUNDING:
 120:Drivers/CMSIS/DSP/Include/arm_math.h ****    *
 121:Drivers/CMSIS/DSP/Include/arm_math.h ****    * Define macro ARM_MATH_ROUNDING for rounding on support functions
 122:Drivers/CMSIS/DSP/Include/arm_math.h ****    *
 123:Drivers/CMSIS/DSP/Include/arm_math.h ****    * - ARM_MATH_CMx:
 124:Drivers/CMSIS/DSP/Include/arm_math.h ****    *
 125:Drivers/CMSIS/DSP/Include/arm_math.h ****    * Define macro ARM_MATH_CM4 for building the library on Cortex-M4 target, ARM_MATH_CM3 for build
 126:Drivers/CMSIS/DSP/Include/arm_math.h ****    * and ARM_MATH_CM0 for building library on Cortex-M0 target, ARM_MATH_CM0PLUS for building libra
 127:Drivers/CMSIS/DSP/Include/arm_math.h ****    * ARM_MATH_CM7 for building the library on cortex-M7.
 128:Drivers/CMSIS/DSP/Include/arm_math.h ****    *
 129:Drivers/CMSIS/DSP/Include/arm_math.h ****    * - ARM_MATH_ARMV8MxL:
 130:Drivers/CMSIS/DSP/Include/arm_math.h ****    *
 131:Drivers/CMSIS/DSP/Include/arm_math.h ****    * Define macro ARM_MATH_ARMV8MBL for building the library on Armv8-M Baseline target, ARM_MATH_A
 132:Drivers/CMSIS/DSP/Include/arm_math.h ****    * on Armv8-M Mainline target.
 133:Drivers/CMSIS/DSP/Include/arm_math.h ****    *
 134:Drivers/CMSIS/DSP/Include/arm_math.h ****    * - __FPU_PRESENT:
 135:Drivers/CMSIS/DSP/Include/arm_math.h ****    *
 136:Drivers/CMSIS/DSP/Include/arm_math.h ****    * Initialize macro __FPU_PRESENT = 1 when building on FPU supported Targets. Enable this macro f
 137:Drivers/CMSIS/DSP/Include/arm_math.h ****    *
 138:Drivers/CMSIS/DSP/Include/arm_math.h ****    * - __DSP_PRESENT:
 139:Drivers/CMSIS/DSP/Include/arm_math.h ****    *
 140:Drivers/CMSIS/DSP/Include/arm_math.h ****    * Initialize macro __DSP_PRESENT = 1 when Armv8-M Mainline core supports DSP instructions.
 141:Drivers/CMSIS/DSP/Include/arm_math.h ****    *
 142:Drivers/CMSIS/DSP/Include/arm_math.h ****    * <hr>
 143:Drivers/CMSIS/DSP/Include/arm_math.h ****    * CMSIS-DSP in ARM::CMSIS Pack
 144:Drivers/CMSIS/DSP/Include/arm_math.h ****    * -----------------------------
 145:Drivers/CMSIS/DSP/Include/arm_math.h ****    *
 146:Drivers/CMSIS/DSP/Include/arm_math.h ****    * The following files relevant to CMSIS-DSP are present in the <b>ARM::CMSIS</b> Pack directorie
 147:Drivers/CMSIS/DSP/Include/arm_math.h ****    * |File/Folder                   |Content                                                       
 148:Drivers/CMSIS/DSP/Include/arm_math.h ****    * |------------------------------|--------------------------------------------------------------
 149:Drivers/CMSIS/DSP/Include/arm_math.h ****    * |\b CMSIS\\Documentation\\DSP  | This documentation                                           
 150:Drivers/CMSIS/DSP/Include/arm_math.h ****    * |\b CMSIS\\DSP_Lib             | Software license agreement (license.txt)                     
 151:Drivers/CMSIS/DSP/Include/arm_math.h ****    * |\b CMSIS\\DSP_Lib\\Examples   | Example projects demonstrating the usage of the library funct
 152:Drivers/CMSIS/DSP/Include/arm_math.h ****    * |\b CMSIS\\DSP_Lib\\Source     | Source files for rebuilding the library                      
 153:Drivers/CMSIS/DSP/Include/arm_math.h ****    *
 154:Drivers/CMSIS/DSP/Include/arm_math.h ****    * <hr>
 155:Drivers/CMSIS/DSP/Include/arm_math.h ****    * Revision History of CMSIS-DSP
 156:Drivers/CMSIS/DSP/Include/arm_math.h ****    * ------------
 157:Drivers/CMSIS/DSP/Include/arm_math.h ****    * Please refer to \ref ChangeLog_pg.
 158:Drivers/CMSIS/DSP/Include/arm_math.h ****    *
 159:Drivers/CMSIS/DSP/Include/arm_math.h ****    * Copyright Notice
 160:Drivers/CMSIS/DSP/Include/arm_math.h ****    * ------------
 161:Drivers/CMSIS/DSP/Include/arm_math.h ****    *
 162:Drivers/CMSIS/DSP/Include/arm_math.h ****    * Copyright (C) 2010-2015 Arm Limited. All rights reserved.
 163:Drivers/CMSIS/DSP/Include/arm_math.h ****    */
 164:Drivers/CMSIS/DSP/Include/arm_math.h **** 
 165:Drivers/CMSIS/DSP/Include/arm_math.h **** 
 166:Drivers/CMSIS/DSP/Include/arm_math.h **** /**
 167:Drivers/CMSIS/DSP/Include/arm_math.h ****  * @defgroup groupMath Basic Math Functions
 168:Drivers/CMSIS/DSP/Include/arm_math.h ****  */
ARM GAS  C:\Users\Lamp\AppData\Local\Temp\ccC8j8ON.s 			page 10


 169:Drivers/CMSIS/DSP/Include/arm_math.h **** 
 170:Drivers/CMSIS/DSP/Include/arm_math.h **** /**
 171:Drivers/CMSIS/DSP/Include/arm_math.h ****  * @defgroup groupFastMath Fast Math Functions
 172:Drivers/CMSIS/DSP/Include/arm_math.h ****  * This set of functions provides a fast approximation to sine, cosine, and square root.
 173:Drivers/CMSIS/DSP/Include/arm_math.h ****  * As compared to most of the other functions in the CMSIS math library, the fast math functions
 174:Drivers/CMSIS/DSP/Include/arm_math.h ****  * operate on individual values and not arrays.
 175:Drivers/CMSIS/DSP/Include/arm_math.h ****  * There are separate functions for Q15, Q31, and floating-point data.
 176:Drivers/CMSIS/DSP/Include/arm_math.h ****  *
 177:Drivers/CMSIS/DSP/Include/arm_math.h ****  */
 178:Drivers/CMSIS/DSP/Include/arm_math.h **** 
 179:Drivers/CMSIS/DSP/Include/arm_math.h **** /**
 180:Drivers/CMSIS/DSP/Include/arm_math.h ****  * @defgroup groupCmplxMath Complex Math Functions
 181:Drivers/CMSIS/DSP/Include/arm_math.h ****  * This set of functions operates on complex data vectors.
 182:Drivers/CMSIS/DSP/Include/arm_math.h ****  * The data in the complex arrays is stored in an interleaved fashion
 183:Drivers/CMSIS/DSP/Include/arm_math.h ****  * (real, imag, real, imag, ...).
 184:Drivers/CMSIS/DSP/Include/arm_math.h ****  * In the API functions, the number of samples in a complex array refers
 185:Drivers/CMSIS/DSP/Include/arm_math.h ****  * to the number of complex values; the array contains twice this number of
 186:Drivers/CMSIS/DSP/Include/arm_math.h ****  * real values.
 187:Drivers/CMSIS/DSP/Include/arm_math.h ****  */
 188:Drivers/CMSIS/DSP/Include/arm_math.h **** 
 189:Drivers/CMSIS/DSP/Include/arm_math.h **** /**
 190:Drivers/CMSIS/DSP/Include/arm_math.h ****  * @defgroup groupFilters Filtering Functions
 191:Drivers/CMSIS/DSP/Include/arm_math.h ****  */
 192:Drivers/CMSIS/DSP/Include/arm_math.h **** 
 193:Drivers/CMSIS/DSP/Include/arm_math.h **** /**
 194:Drivers/CMSIS/DSP/Include/arm_math.h ****  * @defgroup groupMatrix Matrix Functions
 195:Drivers/CMSIS/DSP/Include/arm_math.h ****  *
 196:Drivers/CMSIS/DSP/Include/arm_math.h ****  * This set of functions provides basic matrix math operations.
 197:Drivers/CMSIS/DSP/Include/arm_math.h ****  * The functions operate on matrix data structures.  For example,
 198:Drivers/CMSIS/DSP/Include/arm_math.h ****  * the type
 199:Drivers/CMSIS/DSP/Include/arm_math.h ****  * definition for the floating-point matrix structure is shown
 200:Drivers/CMSIS/DSP/Include/arm_math.h ****  * below:
 201:Drivers/CMSIS/DSP/Include/arm_math.h ****  * <pre>
 202:Drivers/CMSIS/DSP/Include/arm_math.h ****  *     typedef struct
 203:Drivers/CMSIS/DSP/Include/arm_math.h ****  *     {
 204:Drivers/CMSIS/DSP/Include/arm_math.h ****  *       uint16_t numRows;     // number of rows of the matrix.
 205:Drivers/CMSIS/DSP/Include/arm_math.h ****  *       uint16_t numCols;     // number of columns of the matrix.
 206:Drivers/CMSIS/DSP/Include/arm_math.h ****  *       float32_t *pData;     // points to the data of the matrix.
 207:Drivers/CMSIS/DSP/Include/arm_math.h ****  *     } arm_matrix_instance_f32;
 208:Drivers/CMSIS/DSP/Include/arm_math.h ****  * </pre>
 209:Drivers/CMSIS/DSP/Include/arm_math.h ****  * There are similar definitions for Q15 and Q31 data types.
 210:Drivers/CMSIS/DSP/Include/arm_math.h ****  *
 211:Drivers/CMSIS/DSP/Include/arm_math.h ****  * The structure specifies the size of the matrix and then points to
 212:Drivers/CMSIS/DSP/Include/arm_math.h ****  * an array of data.  The array is of size <code>numRows X numCols</code>
 213:Drivers/CMSIS/DSP/Include/arm_math.h ****  * and the values are arranged in row order.  That is, the
 214:Drivers/CMSIS/DSP/Include/arm_math.h ****  * matrix element (i, j) is stored at:
 215:Drivers/CMSIS/DSP/Include/arm_math.h ****  * <pre>
 216:Drivers/CMSIS/DSP/Include/arm_math.h ****  *     pData[i*numCols + j]
 217:Drivers/CMSIS/DSP/Include/arm_math.h ****  * </pre>
 218:Drivers/CMSIS/DSP/Include/arm_math.h ****  *
 219:Drivers/CMSIS/DSP/Include/arm_math.h ****  * \par Init Functions
 220:Drivers/CMSIS/DSP/Include/arm_math.h ****  * There is an associated initialization function for each type of matrix
 221:Drivers/CMSIS/DSP/Include/arm_math.h ****  * data structure.
 222:Drivers/CMSIS/DSP/Include/arm_math.h ****  * The initialization function sets the values of the internal structure fields.
 223:Drivers/CMSIS/DSP/Include/arm_math.h ****  * Refer to the function <code>arm_mat_init_f32()</code>, <code>arm_mat_init_q31()</code>
 224:Drivers/CMSIS/DSP/Include/arm_math.h ****  * and <code>arm_mat_init_q15()</code> for floating-point, Q31 and Q15 types,  respectively.
 225:Drivers/CMSIS/DSP/Include/arm_math.h ****  *
ARM GAS  C:\Users\Lamp\AppData\Local\Temp\ccC8j8ON.s 			page 11


 226:Drivers/CMSIS/DSP/Include/arm_math.h ****  * \par
 227:Drivers/CMSIS/DSP/Include/arm_math.h ****  * Use of the initialization function is optional. However, if initialization function is used
 228:Drivers/CMSIS/DSP/Include/arm_math.h ****  * then the instance structure cannot be placed into a const data section.
 229:Drivers/CMSIS/DSP/Include/arm_math.h ****  * To place the instance structure in a const data
 230:Drivers/CMSIS/DSP/Include/arm_math.h ****  * section, manually initialize the data structure.  For example:
 231:Drivers/CMSIS/DSP/Include/arm_math.h ****  * <pre>
 232:Drivers/CMSIS/DSP/Include/arm_math.h ****  * <code>arm_matrix_instance_f32 S = {nRows, nColumns, pData};</code>
 233:Drivers/CMSIS/DSP/Include/arm_math.h ****  * <code>arm_matrix_instance_q31 S = {nRows, nColumns, pData};</code>
 234:Drivers/CMSIS/DSP/Include/arm_math.h ****  * <code>arm_matrix_instance_q15 S = {nRows, nColumns, pData};</code>
 235:Drivers/CMSIS/DSP/Include/arm_math.h ****  * </pre>
 236:Drivers/CMSIS/DSP/Include/arm_math.h ****  * where <code>nRows</code> specifies the number of rows, <code>nColumns</code>
 237:Drivers/CMSIS/DSP/Include/arm_math.h ****  * specifies the number of columns, and <code>pData</code> points to the
 238:Drivers/CMSIS/DSP/Include/arm_math.h ****  * data array.
 239:Drivers/CMSIS/DSP/Include/arm_math.h ****  *
 240:Drivers/CMSIS/DSP/Include/arm_math.h ****  * \par Size Checking
 241:Drivers/CMSIS/DSP/Include/arm_math.h ****  * By default all of the matrix functions perform size checking on the input and
 242:Drivers/CMSIS/DSP/Include/arm_math.h ****  * output matrices. For example, the matrix addition function verifies that the
 243:Drivers/CMSIS/DSP/Include/arm_math.h ****  * two input matrices and the output matrix all have the same number of rows and
 244:Drivers/CMSIS/DSP/Include/arm_math.h ****  * columns. If the size check fails the functions return:
 245:Drivers/CMSIS/DSP/Include/arm_math.h ****  * <pre>
 246:Drivers/CMSIS/DSP/Include/arm_math.h ****  *     ARM_MATH_SIZE_MISMATCH
 247:Drivers/CMSIS/DSP/Include/arm_math.h ****  * </pre>
 248:Drivers/CMSIS/DSP/Include/arm_math.h ****  * Otherwise the functions return
 249:Drivers/CMSIS/DSP/Include/arm_math.h ****  * <pre>
 250:Drivers/CMSIS/DSP/Include/arm_math.h ****  *     ARM_MATH_SUCCESS
 251:Drivers/CMSIS/DSP/Include/arm_math.h ****  * </pre>
 252:Drivers/CMSIS/DSP/Include/arm_math.h ****  * There is some overhead associated with this matrix size checking.
 253:Drivers/CMSIS/DSP/Include/arm_math.h ****  * The matrix size checking is enabled via the \#define
 254:Drivers/CMSIS/DSP/Include/arm_math.h ****  * <pre>
 255:Drivers/CMSIS/DSP/Include/arm_math.h ****  *     ARM_MATH_MATRIX_CHECK
 256:Drivers/CMSIS/DSP/Include/arm_math.h ****  * </pre>
 257:Drivers/CMSIS/DSP/Include/arm_math.h ****  * within the library project settings.  By default this macro is defined
 258:Drivers/CMSIS/DSP/Include/arm_math.h ****  * and size checking is enabled. By changing the project settings and
 259:Drivers/CMSIS/DSP/Include/arm_math.h ****  * undefining this macro size checking is eliminated and the functions
 260:Drivers/CMSIS/DSP/Include/arm_math.h ****  * run a bit faster. With size checking disabled the functions always
 261:Drivers/CMSIS/DSP/Include/arm_math.h ****  * return <code>ARM_MATH_SUCCESS</code>.
 262:Drivers/CMSIS/DSP/Include/arm_math.h ****  */
 263:Drivers/CMSIS/DSP/Include/arm_math.h **** 
 264:Drivers/CMSIS/DSP/Include/arm_math.h **** /**
 265:Drivers/CMSIS/DSP/Include/arm_math.h ****  * @defgroup groupTransforms Transform Functions
 266:Drivers/CMSIS/DSP/Include/arm_math.h ****  */
 267:Drivers/CMSIS/DSP/Include/arm_math.h **** 
 268:Drivers/CMSIS/DSP/Include/arm_math.h **** /**
 269:Drivers/CMSIS/DSP/Include/arm_math.h ****  * @defgroup groupController Controller Functions
 270:Drivers/CMSIS/DSP/Include/arm_math.h ****  */
 271:Drivers/CMSIS/DSP/Include/arm_math.h **** 
 272:Drivers/CMSIS/DSP/Include/arm_math.h **** /**
 273:Drivers/CMSIS/DSP/Include/arm_math.h ****  * @defgroup groupStats Statistics Functions
 274:Drivers/CMSIS/DSP/Include/arm_math.h ****  */
 275:Drivers/CMSIS/DSP/Include/arm_math.h **** /**
 276:Drivers/CMSIS/DSP/Include/arm_math.h ****  * @defgroup groupSupport Support Functions
 277:Drivers/CMSIS/DSP/Include/arm_math.h ****  */
 278:Drivers/CMSIS/DSP/Include/arm_math.h **** 
 279:Drivers/CMSIS/DSP/Include/arm_math.h **** /**
 280:Drivers/CMSIS/DSP/Include/arm_math.h ****  * @defgroup groupInterpolation Interpolation Functions
 281:Drivers/CMSIS/DSP/Include/arm_math.h ****  * These functions perform 1- and 2-dimensional interpolation of data.
 282:Drivers/CMSIS/DSP/Include/arm_math.h ****  * Linear interpolation is used for 1-dimensional data and
ARM GAS  C:\Users\Lamp\AppData\Local\Temp\ccC8j8ON.s 			page 12


 283:Drivers/CMSIS/DSP/Include/arm_math.h ****  * bilinear interpolation is used for 2-dimensional data.
 284:Drivers/CMSIS/DSP/Include/arm_math.h ****  */
 285:Drivers/CMSIS/DSP/Include/arm_math.h **** 
 286:Drivers/CMSIS/DSP/Include/arm_math.h **** /**
 287:Drivers/CMSIS/DSP/Include/arm_math.h ****  * @defgroup groupExamples Examples
 288:Drivers/CMSIS/DSP/Include/arm_math.h ****  */
 289:Drivers/CMSIS/DSP/Include/arm_math.h **** #ifndef _ARM_MATH_H
 290:Drivers/CMSIS/DSP/Include/arm_math.h **** #define _ARM_MATH_H
 291:Drivers/CMSIS/DSP/Include/arm_math.h **** 
 292:Drivers/CMSIS/DSP/Include/arm_math.h **** /* Compiler specific diagnostic adjustment */
 293:Drivers/CMSIS/DSP/Include/arm_math.h **** #if   defined ( __CC_ARM )
 294:Drivers/CMSIS/DSP/Include/arm_math.h **** 
 295:Drivers/CMSIS/DSP/Include/arm_math.h **** #elif defined ( __ARMCC_VERSION ) && ( __ARMCC_VERSION >= 6010050 )
 296:Drivers/CMSIS/DSP/Include/arm_math.h **** 
 297:Drivers/CMSIS/DSP/Include/arm_math.h **** #elif defined ( __GNUC__ )
 298:Drivers/CMSIS/DSP/Include/arm_math.h **** #pragma GCC diagnostic push
 299:Drivers/CMSIS/DSP/Include/arm_math.h **** #pragma GCC diagnostic ignored "-Wsign-conversion"
 300:Drivers/CMSIS/DSP/Include/arm_math.h **** #pragma GCC diagnostic ignored "-Wconversion"
 301:Drivers/CMSIS/DSP/Include/arm_math.h **** #pragma GCC diagnostic ignored "-Wunused-parameter"
 302:Drivers/CMSIS/DSP/Include/arm_math.h **** 
 303:Drivers/CMSIS/DSP/Include/arm_math.h **** #elif defined ( __ICCARM__ )
 304:Drivers/CMSIS/DSP/Include/arm_math.h **** 
 305:Drivers/CMSIS/DSP/Include/arm_math.h **** #elif defined ( __TI_ARM__ )
 306:Drivers/CMSIS/DSP/Include/arm_math.h **** 
 307:Drivers/CMSIS/DSP/Include/arm_math.h **** #elif defined ( __CSMC__ )
 308:Drivers/CMSIS/DSP/Include/arm_math.h **** 
 309:Drivers/CMSIS/DSP/Include/arm_math.h **** #elif defined ( __TASKING__ )
 310:Drivers/CMSIS/DSP/Include/arm_math.h **** 
 311:Drivers/CMSIS/DSP/Include/arm_math.h **** #else
 312:Drivers/CMSIS/DSP/Include/arm_math.h ****   #error Unknown compiler
 313:Drivers/CMSIS/DSP/Include/arm_math.h **** #endif
 314:Drivers/CMSIS/DSP/Include/arm_math.h **** 
 315:Drivers/CMSIS/DSP/Include/arm_math.h **** 
 316:Drivers/CMSIS/DSP/Include/arm_math.h **** #define __CMSIS_GENERIC         /* disable NVIC and Systick functions */
 317:Drivers/CMSIS/DSP/Include/arm_math.h **** 
 318:Drivers/CMSIS/DSP/Include/arm_math.h **** #if defined(ARM_MATH_CM7)
 319:Drivers/CMSIS/DSP/Include/arm_math.h ****   #include "core_cm7.h"
 320:Drivers/CMSIS/DSP/Include/arm_math.h ****   #define ARM_MATH_DSP
 321:Drivers/CMSIS/DSP/Include/arm_math.h **** #elif defined (ARM_MATH_CM4)
 322:Drivers/CMSIS/DSP/Include/arm_math.h ****   #include "core_cm4.h"
 323:Drivers/CMSIS/DSP/Include/arm_math.h ****   #define ARM_MATH_DSP
 324:Drivers/CMSIS/DSP/Include/arm_math.h **** #elif defined (ARM_MATH_CM3)
 325:Drivers/CMSIS/DSP/Include/arm_math.h ****   #include "core_cm3.h"
 326:Drivers/CMSIS/DSP/Include/arm_math.h **** #elif defined (ARM_MATH_CM0)
 327:Drivers/CMSIS/DSP/Include/arm_math.h ****   #include "core_cm0.h"
 328:Drivers/CMSIS/DSP/Include/arm_math.h ****   #define ARM_MATH_CM0_FAMILY
 329:Drivers/CMSIS/DSP/Include/arm_math.h **** #elif defined (ARM_MATH_CM0PLUS)
 330:Drivers/CMSIS/DSP/Include/arm_math.h ****   #include "core_cm0plus.h"
 331:Drivers/CMSIS/DSP/Include/arm_math.h ****   #define ARM_MATH_CM0_FAMILY
 332:Drivers/CMSIS/DSP/Include/arm_math.h **** #elif defined (ARM_MATH_ARMV8MBL)
 333:Drivers/CMSIS/DSP/Include/arm_math.h ****   #include "core_armv8mbl.h"
 334:Drivers/CMSIS/DSP/Include/arm_math.h ****   #define ARM_MATH_CM0_FAMILY
 335:Drivers/CMSIS/DSP/Include/arm_math.h **** #elif defined (ARM_MATH_ARMV8MML)
 336:Drivers/CMSIS/DSP/Include/arm_math.h ****   #include "core_armv8mml.h"
 337:Drivers/CMSIS/DSP/Include/arm_math.h ****   #if (defined (__DSP_PRESENT) && (__DSP_PRESENT == 1))
 338:Drivers/CMSIS/DSP/Include/arm_math.h ****     #define ARM_MATH_DSP
 339:Drivers/CMSIS/DSP/Include/arm_math.h ****   #endif
ARM GAS  C:\Users\Lamp\AppData\Local\Temp\ccC8j8ON.s 			page 13


 340:Drivers/CMSIS/DSP/Include/arm_math.h **** #else
 341:Drivers/CMSIS/DSP/Include/arm_math.h ****   #error "Define according the used Cortex core ARM_MATH_CM7, ARM_MATH_CM4, ARM_MATH_CM3, ARM_MATH_
 342:Drivers/CMSIS/DSP/Include/arm_math.h **** #endif
 343:Drivers/CMSIS/DSP/Include/arm_math.h **** 
 344:Drivers/CMSIS/DSP/Include/arm_math.h **** #undef  __CMSIS_GENERIC         /* enable NVIC and Systick functions */
 345:Drivers/CMSIS/DSP/Include/arm_math.h **** #include "string.h"
 346:Drivers/CMSIS/DSP/Include/arm_math.h **** #include "math.h"
 347:Drivers/CMSIS/DSP/Include/arm_math.h **** #ifdef   __cplusplus
 348:Drivers/CMSIS/DSP/Include/arm_math.h **** extern "C"
 349:Drivers/CMSIS/DSP/Include/arm_math.h **** {
 350:Drivers/CMSIS/DSP/Include/arm_math.h **** #endif
 351:Drivers/CMSIS/DSP/Include/arm_math.h **** 
 352:Drivers/CMSIS/DSP/Include/arm_math.h **** 
 353:Drivers/CMSIS/DSP/Include/arm_math.h ****   /**
 354:Drivers/CMSIS/DSP/Include/arm_math.h ****    * @brief Macros required for reciprocal calculation in Normalized LMS
 355:Drivers/CMSIS/DSP/Include/arm_math.h ****    */
 356:Drivers/CMSIS/DSP/Include/arm_math.h **** 
 357:Drivers/CMSIS/DSP/Include/arm_math.h **** #define DELTA_Q31          (0x100)
 358:Drivers/CMSIS/DSP/Include/arm_math.h **** #define DELTA_Q15          0x5
 359:Drivers/CMSIS/DSP/Include/arm_math.h **** #define INDEX_MASK         0x0000003F
 360:Drivers/CMSIS/DSP/Include/arm_math.h **** #ifndef PI
 361:Drivers/CMSIS/DSP/Include/arm_math.h ****   #define PI               3.14159265358979f
 362:Drivers/CMSIS/DSP/Include/arm_math.h **** #endif
 363:Drivers/CMSIS/DSP/Include/arm_math.h **** 
 364:Drivers/CMSIS/DSP/Include/arm_math.h ****   /**
 365:Drivers/CMSIS/DSP/Include/arm_math.h ****    * @brief Macros required for SINE and COSINE Fast math approximations
 366:Drivers/CMSIS/DSP/Include/arm_math.h ****    */
 367:Drivers/CMSIS/DSP/Include/arm_math.h **** 
 368:Drivers/CMSIS/DSP/Include/arm_math.h **** #define FAST_MATH_TABLE_SIZE  512
 369:Drivers/CMSIS/DSP/Include/arm_math.h **** #define FAST_MATH_Q31_SHIFT   (32 - 10)
 370:Drivers/CMSIS/DSP/Include/arm_math.h **** #define FAST_MATH_Q15_SHIFT   (16 - 10)
 371:Drivers/CMSIS/DSP/Include/arm_math.h **** #define CONTROLLER_Q31_SHIFT  (32 - 9)
 372:Drivers/CMSIS/DSP/Include/arm_math.h **** #define TABLE_SPACING_Q31     0x400000
 373:Drivers/CMSIS/DSP/Include/arm_math.h **** #define TABLE_SPACING_Q15     0x80
 374:Drivers/CMSIS/DSP/Include/arm_math.h **** 
 375:Drivers/CMSIS/DSP/Include/arm_math.h ****   /**
 376:Drivers/CMSIS/DSP/Include/arm_math.h ****    * @brief Macros required for SINE and COSINE Controller functions
 377:Drivers/CMSIS/DSP/Include/arm_math.h ****    */
 378:Drivers/CMSIS/DSP/Include/arm_math.h ****   /* 1.31(q31) Fixed value of 2/360 */
 379:Drivers/CMSIS/DSP/Include/arm_math.h ****   /* -1 to +1 is divided into 360 values so total spacing is (2/360) */
 380:Drivers/CMSIS/DSP/Include/arm_math.h **** #define INPUT_SPACING         0xB60B61
 381:Drivers/CMSIS/DSP/Include/arm_math.h **** 
 382:Drivers/CMSIS/DSP/Include/arm_math.h ****   /**
 383:Drivers/CMSIS/DSP/Include/arm_math.h ****    * @brief Macro for Unaligned Support
 384:Drivers/CMSIS/DSP/Include/arm_math.h ****    */
 385:Drivers/CMSIS/DSP/Include/arm_math.h **** #ifndef UNALIGNED_SUPPORT_DISABLE
 386:Drivers/CMSIS/DSP/Include/arm_math.h ****     #define ALIGN4
 387:Drivers/CMSIS/DSP/Include/arm_math.h **** #else
 388:Drivers/CMSIS/DSP/Include/arm_math.h ****   #if defined  (__GNUC__)
 389:Drivers/CMSIS/DSP/Include/arm_math.h ****     #define ALIGN4 __attribute__((aligned(4)))
 390:Drivers/CMSIS/DSP/Include/arm_math.h ****   #else
 391:Drivers/CMSIS/DSP/Include/arm_math.h ****     #define ALIGN4 __align(4)
 392:Drivers/CMSIS/DSP/Include/arm_math.h ****   #endif
 393:Drivers/CMSIS/DSP/Include/arm_math.h **** #endif   /* #ifndef UNALIGNED_SUPPORT_DISABLE */
 394:Drivers/CMSIS/DSP/Include/arm_math.h **** 
 395:Drivers/CMSIS/DSP/Include/arm_math.h ****   /**
 396:Drivers/CMSIS/DSP/Include/arm_math.h ****    * @brief Error status returned by some functions in the library.
ARM GAS  C:\Users\Lamp\AppData\Local\Temp\ccC8j8ON.s 			page 14


 397:Drivers/CMSIS/DSP/Include/arm_math.h ****    */
 398:Drivers/CMSIS/DSP/Include/arm_math.h **** 
 399:Drivers/CMSIS/DSP/Include/arm_math.h ****   typedef enum
 400:Drivers/CMSIS/DSP/Include/arm_math.h ****   {
 401:Drivers/CMSIS/DSP/Include/arm_math.h ****     ARM_MATH_SUCCESS = 0,                /**< No error */
 402:Drivers/CMSIS/DSP/Include/arm_math.h ****     ARM_MATH_ARGUMENT_ERROR = -1,        /**< One or more arguments are incorrect */
 403:Drivers/CMSIS/DSP/Include/arm_math.h ****     ARM_MATH_LENGTH_ERROR = -2,          /**< Length of data buffer is incorrect */
 404:Drivers/CMSIS/DSP/Include/arm_math.h ****     ARM_MATH_SIZE_MISMATCH = -3,         /**< Size of matrices is not compatible with the operation
 405:Drivers/CMSIS/DSP/Include/arm_math.h ****     ARM_MATH_NANINF = -4,                /**< Not-a-number (NaN) or infinity is generated */
 406:Drivers/CMSIS/DSP/Include/arm_math.h ****     ARM_MATH_SINGULAR = -5,              /**< Generated by matrix inversion if the input matrix is 
 407:Drivers/CMSIS/DSP/Include/arm_math.h ****     ARM_MATH_TEST_FAILURE = -6           /**< Test Failed  */
 408:Drivers/CMSIS/DSP/Include/arm_math.h ****   } arm_status;
 409:Drivers/CMSIS/DSP/Include/arm_math.h **** 
 410:Drivers/CMSIS/DSP/Include/arm_math.h ****   /**
 411:Drivers/CMSIS/DSP/Include/arm_math.h ****    * @brief 8-bit fractional data type in 1.7 format.
 412:Drivers/CMSIS/DSP/Include/arm_math.h ****    */
 413:Drivers/CMSIS/DSP/Include/arm_math.h ****   typedef int8_t q7_t;
 414:Drivers/CMSIS/DSP/Include/arm_math.h **** 
 415:Drivers/CMSIS/DSP/Include/arm_math.h ****   /**
 416:Drivers/CMSIS/DSP/Include/arm_math.h ****    * @brief 16-bit fractional data type in 1.15 format.
 417:Drivers/CMSIS/DSP/Include/arm_math.h ****    */
 418:Drivers/CMSIS/DSP/Include/arm_math.h ****   typedef int16_t q15_t;
 419:Drivers/CMSIS/DSP/Include/arm_math.h **** 
 420:Drivers/CMSIS/DSP/Include/arm_math.h ****   /**
 421:Drivers/CMSIS/DSP/Include/arm_math.h ****    * @brief 32-bit fractional data type in 1.31 format.
 422:Drivers/CMSIS/DSP/Include/arm_math.h ****    */
 423:Drivers/CMSIS/DSP/Include/arm_math.h ****   typedef int32_t q31_t;
 424:Drivers/CMSIS/DSP/Include/arm_math.h **** 
 425:Drivers/CMSIS/DSP/Include/arm_math.h ****   /**
 426:Drivers/CMSIS/DSP/Include/arm_math.h ****    * @brief 64-bit fractional data type in 1.63 format.
 427:Drivers/CMSIS/DSP/Include/arm_math.h ****    */
 428:Drivers/CMSIS/DSP/Include/arm_math.h ****   typedef int64_t q63_t;
 429:Drivers/CMSIS/DSP/Include/arm_math.h **** 
 430:Drivers/CMSIS/DSP/Include/arm_math.h ****   /**
 431:Drivers/CMSIS/DSP/Include/arm_math.h ****    * @brief 32-bit floating-point type definition.
 432:Drivers/CMSIS/DSP/Include/arm_math.h ****    */
 433:Drivers/CMSIS/DSP/Include/arm_math.h ****   typedef float float32_t;
 434:Drivers/CMSIS/DSP/Include/arm_math.h **** 
 435:Drivers/CMSIS/DSP/Include/arm_math.h ****   /**
 436:Drivers/CMSIS/DSP/Include/arm_math.h ****    * @brief 64-bit floating-point type definition.
 437:Drivers/CMSIS/DSP/Include/arm_math.h ****    */
 438:Drivers/CMSIS/DSP/Include/arm_math.h ****   typedef double float64_t;
 439:Drivers/CMSIS/DSP/Include/arm_math.h **** 
 440:Drivers/CMSIS/DSP/Include/arm_math.h ****   /**
 441:Drivers/CMSIS/DSP/Include/arm_math.h ****    * @brief definition to read/write two 16 bit values.
 442:Drivers/CMSIS/DSP/Include/arm_math.h ****    */
 443:Drivers/CMSIS/DSP/Include/arm_math.h **** #if   defined ( __CC_ARM )
 444:Drivers/CMSIS/DSP/Include/arm_math.h ****   #define __SIMD32_TYPE int32_t __packed
 445:Drivers/CMSIS/DSP/Include/arm_math.h ****   #define CMSIS_UNUSED __attribute__((unused))
 446:Drivers/CMSIS/DSP/Include/arm_math.h ****   #define CMSIS_INLINE __attribute__((always_inline))
 447:Drivers/CMSIS/DSP/Include/arm_math.h **** 
 448:Drivers/CMSIS/DSP/Include/arm_math.h **** #elif defined ( __ARMCC_VERSION ) && ( __ARMCC_VERSION >= 6010050 )
 449:Drivers/CMSIS/DSP/Include/arm_math.h ****   #define __SIMD32_TYPE int32_t
 450:Drivers/CMSIS/DSP/Include/arm_math.h ****   #define CMSIS_UNUSED __attribute__((unused))
 451:Drivers/CMSIS/DSP/Include/arm_math.h ****   #define CMSIS_INLINE __attribute__((always_inline))
 452:Drivers/CMSIS/DSP/Include/arm_math.h **** 
 453:Drivers/CMSIS/DSP/Include/arm_math.h **** #elif defined ( __GNUC__ )
ARM GAS  C:\Users\Lamp\AppData\Local\Temp\ccC8j8ON.s 			page 15


 454:Drivers/CMSIS/DSP/Include/arm_math.h ****   #define __SIMD32_TYPE int32_t
 455:Drivers/CMSIS/DSP/Include/arm_math.h ****   #define CMSIS_UNUSED __attribute__((unused))
 456:Drivers/CMSIS/DSP/Include/arm_math.h ****   #define CMSIS_INLINE __attribute__((always_inline))
 457:Drivers/CMSIS/DSP/Include/arm_math.h **** 
 458:Drivers/CMSIS/DSP/Include/arm_math.h **** #elif defined ( __ICCARM__ )
 459:Drivers/CMSIS/DSP/Include/arm_math.h ****   #define __SIMD32_TYPE int32_t __packed
 460:Drivers/CMSIS/DSP/Include/arm_math.h ****   #define CMSIS_UNUSED
 461:Drivers/CMSIS/DSP/Include/arm_math.h ****   #define CMSIS_INLINE
 462:Drivers/CMSIS/DSP/Include/arm_math.h **** 
 463:Drivers/CMSIS/DSP/Include/arm_math.h **** #elif defined ( __TI_ARM__ )
 464:Drivers/CMSIS/DSP/Include/arm_math.h ****   #define __SIMD32_TYPE int32_t
 465:Drivers/CMSIS/DSP/Include/arm_math.h ****   #define CMSIS_UNUSED __attribute__((unused))
 466:Drivers/CMSIS/DSP/Include/arm_math.h ****   #define CMSIS_INLINE
 467:Drivers/CMSIS/DSP/Include/arm_math.h **** 
 468:Drivers/CMSIS/DSP/Include/arm_math.h **** #elif defined ( __CSMC__ )
 469:Drivers/CMSIS/DSP/Include/arm_math.h ****   #define __SIMD32_TYPE int32_t
 470:Drivers/CMSIS/DSP/Include/arm_math.h ****   #define CMSIS_UNUSED
 471:Drivers/CMSIS/DSP/Include/arm_math.h ****   #define CMSIS_INLINE
 472:Drivers/CMSIS/DSP/Include/arm_math.h **** 
 473:Drivers/CMSIS/DSP/Include/arm_math.h **** #elif defined ( __TASKING__ )
 474:Drivers/CMSIS/DSP/Include/arm_math.h ****   #define __SIMD32_TYPE __unaligned int32_t
 475:Drivers/CMSIS/DSP/Include/arm_math.h ****   #define CMSIS_UNUSED
 476:Drivers/CMSIS/DSP/Include/arm_math.h ****   #define CMSIS_INLINE
 477:Drivers/CMSIS/DSP/Include/arm_math.h **** 
 478:Drivers/CMSIS/DSP/Include/arm_math.h **** #else
 479:Drivers/CMSIS/DSP/Include/arm_math.h ****   #error Unknown compiler
 480:Drivers/CMSIS/DSP/Include/arm_math.h **** #endif
 481:Drivers/CMSIS/DSP/Include/arm_math.h **** 
 482:Drivers/CMSIS/DSP/Include/arm_math.h **** #define __SIMD32(addr)        (*(__SIMD32_TYPE **) & (addr))
 483:Drivers/CMSIS/DSP/Include/arm_math.h **** #define __SIMD32_CONST(addr)  ((__SIMD32_TYPE *)(addr))
 484:Drivers/CMSIS/DSP/Include/arm_math.h **** #define _SIMD32_OFFSET(addr)  (*(__SIMD32_TYPE *)  (addr))
 485:Drivers/CMSIS/DSP/Include/arm_math.h **** #define __SIMD64(addr)        (*(int64_t **) & (addr))
 486:Drivers/CMSIS/DSP/Include/arm_math.h **** 
 487:Drivers/CMSIS/DSP/Include/arm_math.h **** #if !defined (ARM_MATH_DSP)
 488:Drivers/CMSIS/DSP/Include/arm_math.h ****   /**
 489:Drivers/CMSIS/DSP/Include/arm_math.h ****    * @brief definition to pack two 16 bit values.
 490:Drivers/CMSIS/DSP/Include/arm_math.h ****    */
 491:Drivers/CMSIS/DSP/Include/arm_math.h **** #define __PKHBT(ARG1, ARG2, ARG3) ( (((int32_t)(ARG1) <<    0) & (int32_t)0x0000FFFF) | \
 492:Drivers/CMSIS/DSP/Include/arm_math.h ****                                     (((int32_t)(ARG2) << ARG3) & (int32_t)0xFFFF0000)  )
 493:Drivers/CMSIS/DSP/Include/arm_math.h **** #define __PKHTB(ARG1, ARG2, ARG3) ( (((int32_t)(ARG1) <<    0) & (int32_t)0xFFFF0000) | \
 494:Drivers/CMSIS/DSP/Include/arm_math.h ****                                     (((int32_t)(ARG2) >> ARG3) & (int32_t)0x0000FFFF)  )
 495:Drivers/CMSIS/DSP/Include/arm_math.h **** 
 496:Drivers/CMSIS/DSP/Include/arm_math.h **** #endif /* !defined (ARM_MATH_DSP) */
 497:Drivers/CMSIS/DSP/Include/arm_math.h **** 
 498:Drivers/CMSIS/DSP/Include/arm_math.h ****    /**
 499:Drivers/CMSIS/DSP/Include/arm_math.h ****    * @brief definition to pack four 8 bit values.
 500:Drivers/CMSIS/DSP/Include/arm_math.h ****    */
 501:Drivers/CMSIS/DSP/Include/arm_math.h **** #ifndef ARM_MATH_BIG_ENDIAN
 502:Drivers/CMSIS/DSP/Include/arm_math.h **** 
 503:Drivers/CMSIS/DSP/Include/arm_math.h **** #define __PACKq7(v0,v1,v2,v3) ( (((int32_t)(v0) <<  0) & (int32_t)0x000000FF) | \
 504:Drivers/CMSIS/DSP/Include/arm_math.h ****                                 (((int32_t)(v1) <<  8) & (int32_t)0x0000FF00) | \
 505:Drivers/CMSIS/DSP/Include/arm_math.h ****                                 (((int32_t)(v2) << 16) & (int32_t)0x00FF0000) | \
 506:Drivers/CMSIS/DSP/Include/arm_math.h ****                                 (((int32_t)(v3) << 24) & (int32_t)0xFF000000)  )
 507:Drivers/CMSIS/DSP/Include/arm_math.h **** #else
 508:Drivers/CMSIS/DSP/Include/arm_math.h **** 
 509:Drivers/CMSIS/DSP/Include/arm_math.h **** #define __PACKq7(v0,v1,v2,v3) ( (((int32_t)(v3) <<  0) & (int32_t)0x000000FF) | \
 510:Drivers/CMSIS/DSP/Include/arm_math.h ****                                 (((int32_t)(v2) <<  8) & (int32_t)0x0000FF00) | \
ARM GAS  C:\Users\Lamp\AppData\Local\Temp\ccC8j8ON.s 			page 16


 511:Drivers/CMSIS/DSP/Include/arm_math.h ****                                 (((int32_t)(v1) << 16) & (int32_t)0x00FF0000) | \
 512:Drivers/CMSIS/DSP/Include/arm_math.h ****                                 (((int32_t)(v0) << 24) & (int32_t)0xFF000000)  )
 513:Drivers/CMSIS/DSP/Include/arm_math.h **** 
 514:Drivers/CMSIS/DSP/Include/arm_math.h **** #endif
 515:Drivers/CMSIS/DSP/Include/arm_math.h **** 
 516:Drivers/CMSIS/DSP/Include/arm_math.h **** 
 517:Drivers/CMSIS/DSP/Include/arm_math.h ****   /**
 518:Drivers/CMSIS/DSP/Include/arm_math.h ****    * @brief Clips Q63 to Q31 values.
 519:Drivers/CMSIS/DSP/Include/arm_math.h ****    */
 520:Drivers/CMSIS/DSP/Include/arm_math.h ****   CMSIS_INLINE __STATIC_INLINE q31_t clip_q63_to_q31(
 521:Drivers/CMSIS/DSP/Include/arm_math.h ****   q63_t x)
 522:Drivers/CMSIS/DSP/Include/arm_math.h ****   {
 523:Drivers/CMSIS/DSP/Include/arm_math.h ****     return ((q31_t) (x >> 32) != ((q31_t) x >> 31)) ?
 524:Drivers/CMSIS/DSP/Include/arm_math.h ****       ((0x7FFFFFFF ^ ((q31_t) (x >> 63)))) : (q31_t) x;
 525:Drivers/CMSIS/DSP/Include/arm_math.h ****   }
 526:Drivers/CMSIS/DSP/Include/arm_math.h **** 
 527:Drivers/CMSIS/DSP/Include/arm_math.h ****   /**
 528:Drivers/CMSIS/DSP/Include/arm_math.h ****    * @brief Clips Q63 to Q15 values.
 529:Drivers/CMSIS/DSP/Include/arm_math.h ****    */
 530:Drivers/CMSIS/DSP/Include/arm_math.h ****   CMSIS_INLINE __STATIC_INLINE q15_t clip_q63_to_q15(
 531:Drivers/CMSIS/DSP/Include/arm_math.h ****   q63_t x)
 532:Drivers/CMSIS/DSP/Include/arm_math.h ****   {
 533:Drivers/CMSIS/DSP/Include/arm_math.h ****     return ((q31_t) (x >> 32) != ((q31_t) x >> 31)) ?
 534:Drivers/CMSIS/DSP/Include/arm_math.h ****       ((0x7FFF ^ ((q15_t) (x >> 63)))) : (q15_t) (x >> 15);
 535:Drivers/CMSIS/DSP/Include/arm_math.h ****   }
 536:Drivers/CMSIS/DSP/Include/arm_math.h **** 
 537:Drivers/CMSIS/DSP/Include/arm_math.h ****   /**
 538:Drivers/CMSIS/DSP/Include/arm_math.h ****    * @brief Clips Q31 to Q7 values.
 539:Drivers/CMSIS/DSP/Include/arm_math.h ****    */
 540:Drivers/CMSIS/DSP/Include/arm_math.h ****   CMSIS_INLINE __STATIC_INLINE q7_t clip_q31_to_q7(
 541:Drivers/CMSIS/DSP/Include/arm_math.h ****   q31_t x)
 542:Drivers/CMSIS/DSP/Include/arm_math.h ****   {
 543:Drivers/CMSIS/DSP/Include/arm_math.h ****     return ((q31_t) (x >> 24) != ((q31_t) x >> 23)) ?
 544:Drivers/CMSIS/DSP/Include/arm_math.h ****       ((0x7F ^ ((q7_t) (x >> 31)))) : (q7_t) x;
 545:Drivers/CMSIS/DSP/Include/arm_math.h ****   }
 546:Drivers/CMSIS/DSP/Include/arm_math.h **** 
 547:Drivers/CMSIS/DSP/Include/arm_math.h ****   /**
 548:Drivers/CMSIS/DSP/Include/arm_math.h ****    * @brief Clips Q31 to Q15 values.
 549:Drivers/CMSIS/DSP/Include/arm_math.h ****    */
 550:Drivers/CMSIS/DSP/Include/arm_math.h ****   CMSIS_INLINE __STATIC_INLINE q15_t clip_q31_to_q15(
 551:Drivers/CMSIS/DSP/Include/arm_math.h ****   q31_t x)
 552:Drivers/CMSIS/DSP/Include/arm_math.h ****   {
 553:Drivers/CMSIS/DSP/Include/arm_math.h ****     return ((q31_t) (x >> 16) != ((q31_t) x >> 15)) ?
 554:Drivers/CMSIS/DSP/Include/arm_math.h ****       ((0x7FFF ^ ((q15_t) (x >> 31)))) : (q15_t) x;
 555:Drivers/CMSIS/DSP/Include/arm_math.h ****   }
 556:Drivers/CMSIS/DSP/Include/arm_math.h **** 
 557:Drivers/CMSIS/DSP/Include/arm_math.h ****   /**
 558:Drivers/CMSIS/DSP/Include/arm_math.h ****    * @brief Multiplies 32 X 64 and returns 32 bit result in 2.30 format.
 559:Drivers/CMSIS/DSP/Include/arm_math.h ****    */
 560:Drivers/CMSIS/DSP/Include/arm_math.h **** 
 561:Drivers/CMSIS/DSP/Include/arm_math.h ****   CMSIS_INLINE __STATIC_INLINE q63_t mult32x64(
 562:Drivers/CMSIS/DSP/Include/arm_math.h ****   q63_t x,
 563:Drivers/CMSIS/DSP/Include/arm_math.h ****   q31_t y)
 564:Drivers/CMSIS/DSP/Include/arm_math.h ****   {
 565:Drivers/CMSIS/DSP/Include/arm_math.h ****     return ((((q63_t) (x & 0x00000000FFFFFFFF) * y) >> 32) +
 566:Drivers/CMSIS/DSP/Include/arm_math.h ****             (((q63_t) (x >> 32) * y)));
 567:Drivers/CMSIS/DSP/Include/arm_math.h ****   }
ARM GAS  C:\Users\Lamp\AppData\Local\Temp\ccC8j8ON.s 			page 17


 568:Drivers/CMSIS/DSP/Include/arm_math.h **** 
 569:Drivers/CMSIS/DSP/Include/arm_math.h ****   /**
 570:Drivers/CMSIS/DSP/Include/arm_math.h ****    * @brief Function to Calculates 1/in (reciprocal) value of Q31 Data type.
 571:Drivers/CMSIS/DSP/Include/arm_math.h ****    */
 572:Drivers/CMSIS/DSP/Include/arm_math.h **** 
 573:Drivers/CMSIS/DSP/Include/arm_math.h ****   CMSIS_INLINE __STATIC_INLINE uint32_t arm_recip_q31(
 574:Drivers/CMSIS/DSP/Include/arm_math.h ****   q31_t in,
 575:Drivers/CMSIS/DSP/Include/arm_math.h ****   q31_t * dst,
 576:Drivers/CMSIS/DSP/Include/arm_math.h ****   q31_t * pRecipTable)
 577:Drivers/CMSIS/DSP/Include/arm_math.h ****   {
 578:Drivers/CMSIS/DSP/Include/arm_math.h ****     q31_t out;
 579:Drivers/CMSIS/DSP/Include/arm_math.h ****     uint32_t tempVal;
 580:Drivers/CMSIS/DSP/Include/arm_math.h ****     uint32_t index, i;
 581:Drivers/CMSIS/DSP/Include/arm_math.h ****     uint32_t signBits;
 582:Drivers/CMSIS/DSP/Include/arm_math.h **** 
 583:Drivers/CMSIS/DSP/Include/arm_math.h ****     if (in > 0)
 584:Drivers/CMSIS/DSP/Include/arm_math.h ****     {
 585:Drivers/CMSIS/DSP/Include/arm_math.h ****       signBits = ((uint32_t) (__CLZ( in) - 1));
 586:Drivers/CMSIS/DSP/Include/arm_math.h ****     }
 587:Drivers/CMSIS/DSP/Include/arm_math.h ****     else
 588:Drivers/CMSIS/DSP/Include/arm_math.h ****     {
 589:Drivers/CMSIS/DSP/Include/arm_math.h ****       signBits = ((uint32_t) (__CLZ(-in) - 1));
 590:Drivers/CMSIS/DSP/Include/arm_math.h ****     }
 591:Drivers/CMSIS/DSP/Include/arm_math.h **** 
 592:Drivers/CMSIS/DSP/Include/arm_math.h ****     /* Convert input sample to 1.31 format */
 593:Drivers/CMSIS/DSP/Include/arm_math.h ****     in = (in << signBits);
 594:Drivers/CMSIS/DSP/Include/arm_math.h **** 
 595:Drivers/CMSIS/DSP/Include/arm_math.h ****     /* calculation of index for initial approximated Val */
 596:Drivers/CMSIS/DSP/Include/arm_math.h ****     index = (uint32_t)(in >> 24);
 597:Drivers/CMSIS/DSP/Include/arm_math.h ****     index = (index & INDEX_MASK);
 598:Drivers/CMSIS/DSP/Include/arm_math.h **** 
 599:Drivers/CMSIS/DSP/Include/arm_math.h ****     /* 1.31 with exp 1 */
 600:Drivers/CMSIS/DSP/Include/arm_math.h ****     out = pRecipTable[index];
 601:Drivers/CMSIS/DSP/Include/arm_math.h **** 
 602:Drivers/CMSIS/DSP/Include/arm_math.h ****     /* calculation of reciprocal value */
 603:Drivers/CMSIS/DSP/Include/arm_math.h ****     /* running approximation for two iterations */
 604:Drivers/CMSIS/DSP/Include/arm_math.h ****     for (i = 0U; i < 2U; i++)
 605:Drivers/CMSIS/DSP/Include/arm_math.h ****     {
 606:Drivers/CMSIS/DSP/Include/arm_math.h ****       tempVal = (uint32_t) (((q63_t) in * out) >> 31);
 607:Drivers/CMSIS/DSP/Include/arm_math.h ****       tempVal = 0x7FFFFFFFu - tempVal;
 608:Drivers/CMSIS/DSP/Include/arm_math.h ****       /*      1.31 with exp 1 */
 609:Drivers/CMSIS/DSP/Include/arm_math.h ****       /* out = (q31_t) (((q63_t) out * tempVal) >> 30); */
 610:Drivers/CMSIS/DSP/Include/arm_math.h ****       out = clip_q63_to_q31(((q63_t) out * tempVal) >> 30);
 611:Drivers/CMSIS/DSP/Include/arm_math.h ****     }
 612:Drivers/CMSIS/DSP/Include/arm_math.h **** 
 613:Drivers/CMSIS/DSP/Include/arm_math.h ****     /* write output */
 614:Drivers/CMSIS/DSP/Include/arm_math.h ****     *dst = out;
 615:Drivers/CMSIS/DSP/Include/arm_math.h **** 
 616:Drivers/CMSIS/DSP/Include/arm_math.h ****     /* return num of signbits of out = 1/in value */
 617:Drivers/CMSIS/DSP/Include/arm_math.h ****     return (signBits + 1U);
 618:Drivers/CMSIS/DSP/Include/arm_math.h ****   }
 619:Drivers/CMSIS/DSP/Include/arm_math.h **** 
 620:Drivers/CMSIS/DSP/Include/arm_math.h **** 
 621:Drivers/CMSIS/DSP/Include/arm_math.h ****   /**
 622:Drivers/CMSIS/DSP/Include/arm_math.h ****    * @brief Function to Calculates 1/in (reciprocal) value of Q15 Data type.
 623:Drivers/CMSIS/DSP/Include/arm_math.h ****    */
 624:Drivers/CMSIS/DSP/Include/arm_math.h ****   CMSIS_INLINE __STATIC_INLINE uint32_t arm_recip_q15(
ARM GAS  C:\Users\Lamp\AppData\Local\Temp\ccC8j8ON.s 			page 18


 625:Drivers/CMSIS/DSP/Include/arm_math.h ****   q15_t in,
 626:Drivers/CMSIS/DSP/Include/arm_math.h ****   q15_t * dst,
 627:Drivers/CMSIS/DSP/Include/arm_math.h ****   q15_t * pRecipTable)
 628:Drivers/CMSIS/DSP/Include/arm_math.h ****   {
 629:Drivers/CMSIS/DSP/Include/arm_math.h ****     q15_t out = 0;
 630:Drivers/CMSIS/DSP/Include/arm_math.h ****     uint32_t tempVal = 0;
 631:Drivers/CMSIS/DSP/Include/arm_math.h ****     uint32_t index = 0, i = 0;
 632:Drivers/CMSIS/DSP/Include/arm_math.h ****     uint32_t signBits = 0;
 633:Drivers/CMSIS/DSP/Include/arm_math.h **** 
 634:Drivers/CMSIS/DSP/Include/arm_math.h ****     if (in > 0)
 635:Drivers/CMSIS/DSP/Include/arm_math.h ****     {
 636:Drivers/CMSIS/DSP/Include/arm_math.h ****       signBits = ((uint32_t)(__CLZ( in) - 17));
 637:Drivers/CMSIS/DSP/Include/arm_math.h ****     }
 638:Drivers/CMSIS/DSP/Include/arm_math.h ****     else
 639:Drivers/CMSIS/DSP/Include/arm_math.h ****     {
 640:Drivers/CMSIS/DSP/Include/arm_math.h ****       signBits = ((uint32_t)(__CLZ(-in) - 17));
 641:Drivers/CMSIS/DSP/Include/arm_math.h ****     }
 642:Drivers/CMSIS/DSP/Include/arm_math.h **** 
 643:Drivers/CMSIS/DSP/Include/arm_math.h ****     /* Convert input sample to 1.15 format */
 644:Drivers/CMSIS/DSP/Include/arm_math.h ****     in = (in << signBits);
 645:Drivers/CMSIS/DSP/Include/arm_math.h **** 
 646:Drivers/CMSIS/DSP/Include/arm_math.h ****     /* calculation of index for initial approximated Val */
 647:Drivers/CMSIS/DSP/Include/arm_math.h ****     index = (uint32_t)(in >>  8);
 648:Drivers/CMSIS/DSP/Include/arm_math.h ****     index = (index & INDEX_MASK);
 649:Drivers/CMSIS/DSP/Include/arm_math.h **** 
 650:Drivers/CMSIS/DSP/Include/arm_math.h ****     /*      1.15 with exp 1  */
 651:Drivers/CMSIS/DSP/Include/arm_math.h ****     out = pRecipTable[index];
 652:Drivers/CMSIS/DSP/Include/arm_math.h **** 
 653:Drivers/CMSIS/DSP/Include/arm_math.h ****     /* calculation of reciprocal value */
 654:Drivers/CMSIS/DSP/Include/arm_math.h ****     /* running approximation for two iterations */
 655:Drivers/CMSIS/DSP/Include/arm_math.h ****     for (i = 0U; i < 2U; i++)
 656:Drivers/CMSIS/DSP/Include/arm_math.h ****     {
 657:Drivers/CMSIS/DSP/Include/arm_math.h ****       tempVal = (uint32_t) (((q31_t) in * out) >> 15);
 658:Drivers/CMSIS/DSP/Include/arm_math.h ****       tempVal = 0x7FFFu - tempVal;
 659:Drivers/CMSIS/DSP/Include/arm_math.h ****       /*      1.15 with exp 1 */
 660:Drivers/CMSIS/DSP/Include/arm_math.h ****       out = (q15_t) (((q31_t) out * tempVal) >> 14);
 661:Drivers/CMSIS/DSP/Include/arm_math.h ****       /* out = clip_q31_to_q15(((q31_t) out * tempVal) >> 14); */
 662:Drivers/CMSIS/DSP/Include/arm_math.h ****     }
 663:Drivers/CMSIS/DSP/Include/arm_math.h **** 
 664:Drivers/CMSIS/DSP/Include/arm_math.h ****     /* write output */
 665:Drivers/CMSIS/DSP/Include/arm_math.h ****     *dst = out;
 666:Drivers/CMSIS/DSP/Include/arm_math.h **** 
 667:Drivers/CMSIS/DSP/Include/arm_math.h ****     /* return num of signbits of out = 1/in value */
 668:Drivers/CMSIS/DSP/Include/arm_math.h ****     return (signBits + 1);
 669:Drivers/CMSIS/DSP/Include/arm_math.h ****   }
 670:Drivers/CMSIS/DSP/Include/arm_math.h **** 
 671:Drivers/CMSIS/DSP/Include/arm_math.h **** 
 672:Drivers/CMSIS/DSP/Include/arm_math.h **** /*
 673:Drivers/CMSIS/DSP/Include/arm_math.h ****  * @brief C custom defined intrinsic function for M3 and M0 processors
 674:Drivers/CMSIS/DSP/Include/arm_math.h ****  */
 675:Drivers/CMSIS/DSP/Include/arm_math.h **** #if !defined (ARM_MATH_DSP)
 676:Drivers/CMSIS/DSP/Include/arm_math.h **** 
 677:Drivers/CMSIS/DSP/Include/arm_math.h ****   /*
 678:Drivers/CMSIS/DSP/Include/arm_math.h ****    * @brief C custom defined QADD8 for M3 and M0 processors
 679:Drivers/CMSIS/DSP/Include/arm_math.h ****    */
 680:Drivers/CMSIS/DSP/Include/arm_math.h ****   CMSIS_INLINE __STATIC_INLINE uint32_t __QADD8(
 681:Drivers/CMSIS/DSP/Include/arm_math.h ****   uint32_t x,
ARM GAS  C:\Users\Lamp\AppData\Local\Temp\ccC8j8ON.s 			page 19


 682:Drivers/CMSIS/DSP/Include/arm_math.h ****   uint32_t y)
 683:Drivers/CMSIS/DSP/Include/arm_math.h ****   {
 684:Drivers/CMSIS/DSP/Include/arm_math.h ****     q31_t r, s, t, u;
 685:Drivers/CMSIS/DSP/Include/arm_math.h **** 
 686:Drivers/CMSIS/DSP/Include/arm_math.h ****     r = __SSAT(((((q31_t)x << 24) >> 24) + (((q31_t)y << 24) >> 24)), 8) & (int32_t)0x000000FF;
 687:Drivers/CMSIS/DSP/Include/arm_math.h ****     s = __SSAT(((((q31_t)x << 16) >> 24) + (((q31_t)y << 16) >> 24)), 8) & (int32_t)0x000000FF;
 688:Drivers/CMSIS/DSP/Include/arm_math.h ****     t = __SSAT(((((q31_t)x <<  8) >> 24) + (((q31_t)y <<  8) >> 24)), 8) & (int32_t)0x000000FF;
 689:Drivers/CMSIS/DSP/Include/arm_math.h ****     u = __SSAT(((((q31_t)x      ) >> 24) + (((q31_t)y      ) >> 24)), 8) & (int32_t)0x000000FF;
 690:Drivers/CMSIS/DSP/Include/arm_math.h **** 
 691:Drivers/CMSIS/DSP/Include/arm_math.h ****     return ((uint32_t)((u << 24) | (t << 16) | (s <<  8) | (r      )));
 692:Drivers/CMSIS/DSP/Include/arm_math.h ****   }
 693:Drivers/CMSIS/DSP/Include/arm_math.h **** 
 694:Drivers/CMSIS/DSP/Include/arm_math.h **** 
 695:Drivers/CMSIS/DSP/Include/arm_math.h ****   /*
 696:Drivers/CMSIS/DSP/Include/arm_math.h ****    * @brief C custom defined QSUB8 for M3 and M0 processors
 697:Drivers/CMSIS/DSP/Include/arm_math.h ****    */
 698:Drivers/CMSIS/DSP/Include/arm_math.h ****   CMSIS_INLINE __STATIC_INLINE uint32_t __QSUB8(
 699:Drivers/CMSIS/DSP/Include/arm_math.h ****   uint32_t x,
 700:Drivers/CMSIS/DSP/Include/arm_math.h ****   uint32_t y)
 701:Drivers/CMSIS/DSP/Include/arm_math.h ****   {
 702:Drivers/CMSIS/DSP/Include/arm_math.h ****     q31_t r, s, t, u;
 703:Drivers/CMSIS/DSP/Include/arm_math.h **** 
 704:Drivers/CMSIS/DSP/Include/arm_math.h ****     r = __SSAT(((((q31_t)x << 24) >> 24) - (((q31_t)y << 24) >> 24)), 8) & (int32_t)0x000000FF;
 705:Drivers/CMSIS/DSP/Include/arm_math.h ****     s = __SSAT(((((q31_t)x << 16) >> 24) - (((q31_t)y << 16) >> 24)), 8) & (int32_t)0x000000FF;
 706:Drivers/CMSIS/DSP/Include/arm_math.h ****     t = __SSAT(((((q31_t)x <<  8) >> 24) - (((q31_t)y <<  8) >> 24)), 8) & (int32_t)0x000000FF;
 707:Drivers/CMSIS/DSP/Include/arm_math.h ****     u = __SSAT(((((q31_t)x      ) >> 24) - (((q31_t)y      ) >> 24)), 8) & (int32_t)0x000000FF;
 708:Drivers/CMSIS/DSP/Include/arm_math.h **** 
 709:Drivers/CMSIS/DSP/Include/arm_math.h ****     return ((uint32_t)((u << 24) | (t << 16) | (s <<  8) | (r      )));
 710:Drivers/CMSIS/DSP/Include/arm_math.h ****   }
 711:Drivers/CMSIS/DSP/Include/arm_math.h **** 
 712:Drivers/CMSIS/DSP/Include/arm_math.h **** 
 713:Drivers/CMSIS/DSP/Include/arm_math.h ****   /*
 714:Drivers/CMSIS/DSP/Include/arm_math.h ****    * @brief C custom defined QADD16 for M3 and M0 processors
 715:Drivers/CMSIS/DSP/Include/arm_math.h ****    */
 716:Drivers/CMSIS/DSP/Include/arm_math.h ****   CMSIS_INLINE __STATIC_INLINE uint32_t __QADD16(
 717:Drivers/CMSIS/DSP/Include/arm_math.h ****   uint32_t x,
 718:Drivers/CMSIS/DSP/Include/arm_math.h ****   uint32_t y)
 719:Drivers/CMSIS/DSP/Include/arm_math.h ****   {
 720:Drivers/CMSIS/DSP/Include/arm_math.h **** /*  q31_t r,     s;  without initialisation 'arm_offset_q15 test' fails  but 'intrinsic' tests pass
 721:Drivers/CMSIS/DSP/Include/arm_math.h ****     q31_t r = 0, s = 0;
 722:Drivers/CMSIS/DSP/Include/arm_math.h **** 
 723:Drivers/CMSIS/DSP/Include/arm_math.h ****     r = __SSAT(((((q31_t)x << 16) >> 16) + (((q31_t)y << 16) >> 16)), 16) & (int32_t)0x0000FFFF;
 724:Drivers/CMSIS/DSP/Include/arm_math.h ****     s = __SSAT(((((q31_t)x      ) >> 16) + (((q31_t)y      ) >> 16)), 16) & (int32_t)0x0000FFFF;
 725:Drivers/CMSIS/DSP/Include/arm_math.h **** 
 726:Drivers/CMSIS/DSP/Include/arm_math.h ****     return ((uint32_t)((s << 16) | (r      )));
 727:Drivers/CMSIS/DSP/Include/arm_math.h ****   }
 728:Drivers/CMSIS/DSP/Include/arm_math.h **** 
 729:Drivers/CMSIS/DSP/Include/arm_math.h **** 
 730:Drivers/CMSIS/DSP/Include/arm_math.h ****   /*
 731:Drivers/CMSIS/DSP/Include/arm_math.h ****    * @brief C custom defined SHADD16 for M3 and M0 processors
 732:Drivers/CMSIS/DSP/Include/arm_math.h ****    */
 733:Drivers/CMSIS/DSP/Include/arm_math.h ****   CMSIS_INLINE __STATIC_INLINE uint32_t __SHADD16(
 734:Drivers/CMSIS/DSP/Include/arm_math.h ****   uint32_t x,
 735:Drivers/CMSIS/DSP/Include/arm_math.h ****   uint32_t y)
 736:Drivers/CMSIS/DSP/Include/arm_math.h ****   {
 737:Drivers/CMSIS/DSP/Include/arm_math.h ****     q31_t r, s;
 738:Drivers/CMSIS/DSP/Include/arm_math.h **** 
ARM GAS  C:\Users\Lamp\AppData\Local\Temp\ccC8j8ON.s 			page 20


 739:Drivers/CMSIS/DSP/Include/arm_math.h ****     r = (((((q31_t)x << 16) >> 16) + (((q31_t)y << 16) >> 16)) >> 1) & (int32_t)0x0000FFFF;
 740:Drivers/CMSIS/DSP/Include/arm_math.h ****     s = (((((q31_t)x      ) >> 16) + (((q31_t)y      ) >> 16)) >> 1) & (int32_t)0x0000FFFF;
 741:Drivers/CMSIS/DSP/Include/arm_math.h **** 
 742:Drivers/CMSIS/DSP/Include/arm_math.h ****     return ((uint32_t)((s << 16) | (r      )));
 743:Drivers/CMSIS/DSP/Include/arm_math.h ****   }
 744:Drivers/CMSIS/DSP/Include/arm_math.h **** 
 745:Drivers/CMSIS/DSP/Include/arm_math.h **** 
 746:Drivers/CMSIS/DSP/Include/arm_math.h ****   /*
 747:Drivers/CMSIS/DSP/Include/arm_math.h ****    * @brief C custom defined QSUB16 for M3 and M0 processors
 748:Drivers/CMSIS/DSP/Include/arm_math.h ****    */
 749:Drivers/CMSIS/DSP/Include/arm_math.h ****   CMSIS_INLINE __STATIC_INLINE uint32_t __QSUB16(
 750:Drivers/CMSIS/DSP/Include/arm_math.h ****   uint32_t x,
 751:Drivers/CMSIS/DSP/Include/arm_math.h ****   uint32_t y)
 752:Drivers/CMSIS/DSP/Include/arm_math.h ****   {
 753:Drivers/CMSIS/DSP/Include/arm_math.h ****     q31_t r, s;
 754:Drivers/CMSIS/DSP/Include/arm_math.h **** 
 755:Drivers/CMSIS/DSP/Include/arm_math.h ****     r = __SSAT(((((q31_t)x << 16) >> 16) - (((q31_t)y << 16) >> 16)), 16) & (int32_t)0x0000FFFF;
 756:Drivers/CMSIS/DSP/Include/arm_math.h ****     s = __SSAT(((((q31_t)x      ) >> 16) - (((q31_t)y      ) >> 16)), 16) & (int32_t)0x0000FFFF;
 757:Drivers/CMSIS/DSP/Include/arm_math.h **** 
 758:Drivers/CMSIS/DSP/Include/arm_math.h ****     return ((uint32_t)((s << 16) | (r      )));
 759:Drivers/CMSIS/DSP/Include/arm_math.h ****   }
 760:Drivers/CMSIS/DSP/Include/arm_math.h **** 
 761:Drivers/CMSIS/DSP/Include/arm_math.h **** 
 762:Drivers/CMSIS/DSP/Include/arm_math.h ****   /*
 763:Drivers/CMSIS/DSP/Include/arm_math.h ****    * @brief C custom defined SHSUB16 for M3 and M0 processors
 764:Drivers/CMSIS/DSP/Include/arm_math.h ****    */
 765:Drivers/CMSIS/DSP/Include/arm_math.h ****   CMSIS_INLINE __STATIC_INLINE uint32_t __SHSUB16(
 766:Drivers/CMSIS/DSP/Include/arm_math.h ****   uint32_t x,
 767:Drivers/CMSIS/DSP/Include/arm_math.h ****   uint32_t y)
 768:Drivers/CMSIS/DSP/Include/arm_math.h ****   {
 769:Drivers/CMSIS/DSP/Include/arm_math.h ****     q31_t r, s;
 770:Drivers/CMSIS/DSP/Include/arm_math.h **** 
 771:Drivers/CMSIS/DSP/Include/arm_math.h ****     r = (((((q31_t)x << 16) >> 16) - (((q31_t)y << 16) >> 16)) >> 1) & (int32_t)0x0000FFFF;
 772:Drivers/CMSIS/DSP/Include/arm_math.h ****     s = (((((q31_t)x      ) >> 16) - (((q31_t)y      ) >> 16)) >> 1) & (int32_t)0x0000FFFF;
 773:Drivers/CMSIS/DSP/Include/arm_math.h **** 
 774:Drivers/CMSIS/DSP/Include/arm_math.h ****     return ((uint32_t)((s << 16) | (r      )));
 775:Drivers/CMSIS/DSP/Include/arm_math.h ****   }
 776:Drivers/CMSIS/DSP/Include/arm_math.h **** 
 777:Drivers/CMSIS/DSP/Include/arm_math.h **** 
 778:Drivers/CMSIS/DSP/Include/arm_math.h ****   /*
 779:Drivers/CMSIS/DSP/Include/arm_math.h ****    * @brief C custom defined QASX for M3 and M0 processors
 780:Drivers/CMSIS/DSP/Include/arm_math.h ****    */
 781:Drivers/CMSIS/DSP/Include/arm_math.h ****   CMSIS_INLINE __STATIC_INLINE uint32_t __QASX(
 782:Drivers/CMSIS/DSP/Include/arm_math.h ****   uint32_t x,
 783:Drivers/CMSIS/DSP/Include/arm_math.h ****   uint32_t y)
 784:Drivers/CMSIS/DSP/Include/arm_math.h ****   {
 785:Drivers/CMSIS/DSP/Include/arm_math.h ****     q31_t r, s;
 786:Drivers/CMSIS/DSP/Include/arm_math.h **** 
 787:Drivers/CMSIS/DSP/Include/arm_math.h ****     r = __SSAT(((((q31_t)x << 16) >> 16) - (((q31_t)y      ) >> 16)), 16) & (int32_t)0x0000FFFF;
 788:Drivers/CMSIS/DSP/Include/arm_math.h ****     s = __SSAT(((((q31_t)x      ) >> 16) + (((q31_t)y << 16) >> 16)), 16) & (int32_t)0x0000FFFF;
 789:Drivers/CMSIS/DSP/Include/arm_math.h **** 
 790:Drivers/CMSIS/DSP/Include/arm_math.h ****     return ((uint32_t)((s << 16) | (r      )));
 791:Drivers/CMSIS/DSP/Include/arm_math.h ****   }
 792:Drivers/CMSIS/DSP/Include/arm_math.h **** 
 793:Drivers/CMSIS/DSP/Include/arm_math.h **** 
 794:Drivers/CMSIS/DSP/Include/arm_math.h ****   /*
 795:Drivers/CMSIS/DSP/Include/arm_math.h ****    * @brief C custom defined SHASX for M3 and M0 processors
ARM GAS  C:\Users\Lamp\AppData\Local\Temp\ccC8j8ON.s 			page 21


 796:Drivers/CMSIS/DSP/Include/arm_math.h ****    */
 797:Drivers/CMSIS/DSP/Include/arm_math.h ****   CMSIS_INLINE __STATIC_INLINE uint32_t __SHASX(
 798:Drivers/CMSIS/DSP/Include/arm_math.h ****   uint32_t x,
 799:Drivers/CMSIS/DSP/Include/arm_math.h ****   uint32_t y)
 800:Drivers/CMSIS/DSP/Include/arm_math.h ****   {
 801:Drivers/CMSIS/DSP/Include/arm_math.h ****     q31_t r, s;
 802:Drivers/CMSIS/DSP/Include/arm_math.h **** 
 803:Drivers/CMSIS/DSP/Include/arm_math.h ****     r = (((((q31_t)x << 16) >> 16) - (((q31_t)y      ) >> 16)) >> 1) & (int32_t)0x0000FFFF;
 804:Drivers/CMSIS/DSP/Include/arm_math.h ****     s = (((((q31_t)x      ) >> 16) + (((q31_t)y << 16) >> 16)) >> 1) & (int32_t)0x0000FFFF;
 805:Drivers/CMSIS/DSP/Include/arm_math.h **** 
 806:Drivers/CMSIS/DSP/Include/arm_math.h ****     return ((uint32_t)((s << 16) | (r      )));
 807:Drivers/CMSIS/DSP/Include/arm_math.h ****   }
 808:Drivers/CMSIS/DSP/Include/arm_math.h **** 
 809:Drivers/CMSIS/DSP/Include/arm_math.h **** 
 810:Drivers/CMSIS/DSP/Include/arm_math.h ****   /*
 811:Drivers/CMSIS/DSP/Include/arm_math.h ****    * @brief C custom defined QSAX for M3 and M0 processors
 812:Drivers/CMSIS/DSP/Include/arm_math.h ****    */
 813:Drivers/CMSIS/DSP/Include/arm_math.h ****   CMSIS_INLINE __STATIC_INLINE uint32_t __QSAX(
 814:Drivers/CMSIS/DSP/Include/arm_math.h ****   uint32_t x,
 815:Drivers/CMSIS/DSP/Include/arm_math.h ****   uint32_t y)
 816:Drivers/CMSIS/DSP/Include/arm_math.h ****   {
 817:Drivers/CMSIS/DSP/Include/arm_math.h ****     q31_t r, s;
 818:Drivers/CMSIS/DSP/Include/arm_math.h **** 
 819:Drivers/CMSIS/DSP/Include/arm_math.h ****     r = __SSAT(((((q31_t)x << 16) >> 16) + (((q31_t)y      ) >> 16)), 16) & (int32_t)0x0000FFFF;
 820:Drivers/CMSIS/DSP/Include/arm_math.h ****     s = __SSAT(((((q31_t)x      ) >> 16) - (((q31_t)y << 16) >> 16)), 16) & (int32_t)0x0000FFFF;
 821:Drivers/CMSIS/DSP/Include/arm_math.h **** 
 822:Drivers/CMSIS/DSP/Include/arm_math.h ****     return ((uint32_t)((s << 16) | (r      )));
 823:Drivers/CMSIS/DSP/Include/arm_math.h ****   }
 824:Drivers/CMSIS/DSP/Include/arm_math.h **** 
 825:Drivers/CMSIS/DSP/Include/arm_math.h **** 
 826:Drivers/CMSIS/DSP/Include/arm_math.h ****   /*
 827:Drivers/CMSIS/DSP/Include/arm_math.h ****    * @brief C custom defined SHSAX for M3 and M0 processors
 828:Drivers/CMSIS/DSP/Include/arm_math.h ****    */
 829:Drivers/CMSIS/DSP/Include/arm_math.h ****   CMSIS_INLINE __STATIC_INLINE uint32_t __SHSAX(
 830:Drivers/CMSIS/DSP/Include/arm_math.h ****   uint32_t x,
 831:Drivers/CMSIS/DSP/Include/arm_math.h ****   uint32_t y)
 832:Drivers/CMSIS/DSP/Include/arm_math.h ****   {
 833:Drivers/CMSIS/DSP/Include/arm_math.h ****     q31_t r, s;
 834:Drivers/CMSIS/DSP/Include/arm_math.h **** 
 835:Drivers/CMSIS/DSP/Include/arm_math.h ****     r = (((((q31_t)x << 16) >> 16) + (((q31_t)y      ) >> 16)) >> 1) & (int32_t)0x0000FFFF;
 836:Drivers/CMSIS/DSP/Include/arm_math.h ****     s = (((((q31_t)x      ) >> 16) - (((q31_t)y << 16) >> 16)) >> 1) & (int32_t)0x0000FFFF;
 837:Drivers/CMSIS/DSP/Include/arm_math.h **** 
 838:Drivers/CMSIS/DSP/Include/arm_math.h ****     return ((uint32_t)((s << 16) | (r      )));
 839:Drivers/CMSIS/DSP/Include/arm_math.h ****   }
 840:Drivers/CMSIS/DSP/Include/arm_math.h **** 
 841:Drivers/CMSIS/DSP/Include/arm_math.h **** 
 842:Drivers/CMSIS/DSP/Include/arm_math.h ****   /*
 843:Drivers/CMSIS/DSP/Include/arm_math.h ****    * @brief C custom defined SMUSDX for M3 and M0 processors
 844:Drivers/CMSIS/DSP/Include/arm_math.h ****    */
 845:Drivers/CMSIS/DSP/Include/arm_math.h ****   CMSIS_INLINE __STATIC_INLINE uint32_t __SMUSDX(
 846:Drivers/CMSIS/DSP/Include/arm_math.h ****   uint32_t x,
 847:Drivers/CMSIS/DSP/Include/arm_math.h ****   uint32_t y)
 848:Drivers/CMSIS/DSP/Include/arm_math.h ****   {
 849:Drivers/CMSIS/DSP/Include/arm_math.h ****     return ((uint32_t)(((((q31_t)x << 16) >> 16) * (((q31_t)y      ) >> 16)) -
 850:Drivers/CMSIS/DSP/Include/arm_math.h ****                        ((((q31_t)x      ) >> 16) * (((q31_t)y << 16) >> 16))   ));
 851:Drivers/CMSIS/DSP/Include/arm_math.h ****   }
 852:Drivers/CMSIS/DSP/Include/arm_math.h **** 
ARM GAS  C:\Users\Lamp\AppData\Local\Temp\ccC8j8ON.s 			page 22


 853:Drivers/CMSIS/DSP/Include/arm_math.h ****   /*
 854:Drivers/CMSIS/DSP/Include/arm_math.h ****    * @brief C custom defined SMUADX for M3 and M0 processors
 855:Drivers/CMSIS/DSP/Include/arm_math.h ****    */
 856:Drivers/CMSIS/DSP/Include/arm_math.h ****   CMSIS_INLINE __STATIC_INLINE uint32_t __SMUADX(
 857:Drivers/CMSIS/DSP/Include/arm_math.h ****   uint32_t x,
 858:Drivers/CMSIS/DSP/Include/arm_math.h ****   uint32_t y)
 859:Drivers/CMSIS/DSP/Include/arm_math.h ****   {
 860:Drivers/CMSIS/DSP/Include/arm_math.h ****     return ((uint32_t)(((((q31_t)x << 16) >> 16) * (((q31_t)y      ) >> 16)) +
 861:Drivers/CMSIS/DSP/Include/arm_math.h ****                        ((((q31_t)x      ) >> 16) * (((q31_t)y << 16) >> 16))   ));
 862:Drivers/CMSIS/DSP/Include/arm_math.h ****   }
 863:Drivers/CMSIS/DSP/Include/arm_math.h **** 
 864:Drivers/CMSIS/DSP/Include/arm_math.h **** 
 865:Drivers/CMSIS/DSP/Include/arm_math.h ****   /*
 866:Drivers/CMSIS/DSP/Include/arm_math.h ****    * @brief C custom defined QADD for M3 and M0 processors
 867:Drivers/CMSIS/DSP/Include/arm_math.h ****    */
 868:Drivers/CMSIS/DSP/Include/arm_math.h ****   CMSIS_INLINE __STATIC_INLINE int32_t __QADD(
 869:Drivers/CMSIS/DSP/Include/arm_math.h ****   int32_t x,
 870:Drivers/CMSIS/DSP/Include/arm_math.h ****   int32_t y)
 871:Drivers/CMSIS/DSP/Include/arm_math.h ****   {
 872:Drivers/CMSIS/DSP/Include/arm_math.h ****     return ((int32_t)(clip_q63_to_q31((q63_t)x + (q31_t)y)));
 873:Drivers/CMSIS/DSP/Include/arm_math.h ****   }
 874:Drivers/CMSIS/DSP/Include/arm_math.h **** 
 875:Drivers/CMSIS/DSP/Include/arm_math.h **** 
 876:Drivers/CMSIS/DSP/Include/arm_math.h ****   /*
 877:Drivers/CMSIS/DSP/Include/arm_math.h ****    * @brief C custom defined QSUB for M3 and M0 processors
 878:Drivers/CMSIS/DSP/Include/arm_math.h ****    */
 879:Drivers/CMSIS/DSP/Include/arm_math.h ****   CMSIS_INLINE __STATIC_INLINE int32_t __QSUB(
 880:Drivers/CMSIS/DSP/Include/arm_math.h ****   int32_t x,
 881:Drivers/CMSIS/DSP/Include/arm_math.h ****   int32_t y)
 882:Drivers/CMSIS/DSP/Include/arm_math.h ****   {
 883:Drivers/CMSIS/DSP/Include/arm_math.h ****     return ((int32_t)(clip_q63_to_q31((q63_t)x - (q31_t)y)));
 884:Drivers/CMSIS/DSP/Include/arm_math.h ****   }
 885:Drivers/CMSIS/DSP/Include/arm_math.h **** 
 886:Drivers/CMSIS/DSP/Include/arm_math.h **** 
 887:Drivers/CMSIS/DSP/Include/arm_math.h ****   /*
 888:Drivers/CMSIS/DSP/Include/arm_math.h ****    * @brief C custom defined SMLAD for M3 and M0 processors
 889:Drivers/CMSIS/DSP/Include/arm_math.h ****    */
 890:Drivers/CMSIS/DSP/Include/arm_math.h ****   CMSIS_INLINE __STATIC_INLINE uint32_t __SMLAD(
 891:Drivers/CMSIS/DSP/Include/arm_math.h ****   uint32_t x,
 892:Drivers/CMSIS/DSP/Include/arm_math.h ****   uint32_t y,
 893:Drivers/CMSIS/DSP/Include/arm_math.h ****   uint32_t sum)
 894:Drivers/CMSIS/DSP/Include/arm_math.h ****   {
 895:Drivers/CMSIS/DSP/Include/arm_math.h ****     return ((uint32_t)(((((q31_t)x << 16) >> 16) * (((q31_t)y << 16) >> 16)) +
 896:Drivers/CMSIS/DSP/Include/arm_math.h ****                        ((((q31_t)x      ) >> 16) * (((q31_t)y      ) >> 16)) +
 897:Drivers/CMSIS/DSP/Include/arm_math.h ****                        ( ((q31_t)sum    )                                  )   ));
 898:Drivers/CMSIS/DSP/Include/arm_math.h ****   }
 899:Drivers/CMSIS/DSP/Include/arm_math.h **** 
 900:Drivers/CMSIS/DSP/Include/arm_math.h **** 
 901:Drivers/CMSIS/DSP/Include/arm_math.h ****   /*
 902:Drivers/CMSIS/DSP/Include/arm_math.h ****    * @brief C custom defined SMLADX for M3 and M0 processors
 903:Drivers/CMSIS/DSP/Include/arm_math.h ****    */
 904:Drivers/CMSIS/DSP/Include/arm_math.h ****   CMSIS_INLINE __STATIC_INLINE uint32_t __SMLADX(
 905:Drivers/CMSIS/DSP/Include/arm_math.h ****   uint32_t x,
 906:Drivers/CMSIS/DSP/Include/arm_math.h ****   uint32_t y,
 907:Drivers/CMSIS/DSP/Include/arm_math.h ****   uint32_t sum)
 908:Drivers/CMSIS/DSP/Include/arm_math.h ****   {
 909:Drivers/CMSIS/DSP/Include/arm_math.h ****     return ((uint32_t)(((((q31_t)x << 16) >> 16) * (((q31_t)y      ) >> 16)) +
ARM GAS  C:\Users\Lamp\AppData\Local\Temp\ccC8j8ON.s 			page 23


 910:Drivers/CMSIS/DSP/Include/arm_math.h ****                        ((((q31_t)x      ) >> 16) * (((q31_t)y << 16) >> 16)) +
 911:Drivers/CMSIS/DSP/Include/arm_math.h ****                        ( ((q31_t)sum    )                                  )   ));
 912:Drivers/CMSIS/DSP/Include/arm_math.h ****   }
 913:Drivers/CMSIS/DSP/Include/arm_math.h **** 
 914:Drivers/CMSIS/DSP/Include/arm_math.h **** 
 915:Drivers/CMSIS/DSP/Include/arm_math.h ****   /*
 916:Drivers/CMSIS/DSP/Include/arm_math.h ****    * @brief C custom defined SMLSDX for M3 and M0 processors
 917:Drivers/CMSIS/DSP/Include/arm_math.h ****    */
 918:Drivers/CMSIS/DSP/Include/arm_math.h ****   CMSIS_INLINE __STATIC_INLINE uint32_t __SMLSDX(
 919:Drivers/CMSIS/DSP/Include/arm_math.h ****   uint32_t x,
 920:Drivers/CMSIS/DSP/Include/arm_math.h ****   uint32_t y,
 921:Drivers/CMSIS/DSP/Include/arm_math.h ****   uint32_t sum)
 922:Drivers/CMSIS/DSP/Include/arm_math.h ****   {
 923:Drivers/CMSIS/DSP/Include/arm_math.h ****     return ((uint32_t)(((((q31_t)x << 16) >> 16) * (((q31_t)y      ) >> 16)) -
 924:Drivers/CMSIS/DSP/Include/arm_math.h ****                        ((((q31_t)x      ) >> 16) * (((q31_t)y << 16) >> 16)) +
 925:Drivers/CMSIS/DSP/Include/arm_math.h ****                        ( ((q31_t)sum    )                                  )   ));
 926:Drivers/CMSIS/DSP/Include/arm_math.h ****   }
 927:Drivers/CMSIS/DSP/Include/arm_math.h **** 
 928:Drivers/CMSIS/DSP/Include/arm_math.h **** 
 929:Drivers/CMSIS/DSP/Include/arm_math.h ****   /*
 930:Drivers/CMSIS/DSP/Include/arm_math.h ****    * @brief C custom defined SMLALD for M3 and M0 processors
 931:Drivers/CMSIS/DSP/Include/arm_math.h ****    */
 932:Drivers/CMSIS/DSP/Include/arm_math.h ****   CMSIS_INLINE __STATIC_INLINE uint64_t __SMLALD(
 933:Drivers/CMSIS/DSP/Include/arm_math.h ****   uint32_t x,
 934:Drivers/CMSIS/DSP/Include/arm_math.h ****   uint32_t y,
 935:Drivers/CMSIS/DSP/Include/arm_math.h ****   uint64_t sum)
 936:Drivers/CMSIS/DSP/Include/arm_math.h ****   {
 937:Drivers/CMSIS/DSP/Include/arm_math.h **** /*  return (sum + ((q15_t) (x >> 16) * (q15_t) (y >> 16)) + ((q15_t) x * (q15_t) y)); */
 938:Drivers/CMSIS/DSP/Include/arm_math.h ****     return ((uint64_t)(((((q31_t)x << 16) >> 16) * (((q31_t)y << 16) >> 16)) +
 939:Drivers/CMSIS/DSP/Include/arm_math.h ****                        ((((q31_t)x      ) >> 16) * (((q31_t)y      ) >> 16)) +
 940:Drivers/CMSIS/DSP/Include/arm_math.h ****                        ( ((q63_t)sum    )                                  )   ));
 941:Drivers/CMSIS/DSP/Include/arm_math.h ****   }
 942:Drivers/CMSIS/DSP/Include/arm_math.h **** 
 943:Drivers/CMSIS/DSP/Include/arm_math.h **** 
 944:Drivers/CMSIS/DSP/Include/arm_math.h ****   /*
 945:Drivers/CMSIS/DSP/Include/arm_math.h ****    * @brief C custom defined SMLALDX for M3 and M0 processors
 946:Drivers/CMSIS/DSP/Include/arm_math.h ****    */
 947:Drivers/CMSIS/DSP/Include/arm_math.h ****   CMSIS_INLINE __STATIC_INLINE uint64_t __SMLALDX(
 948:Drivers/CMSIS/DSP/Include/arm_math.h ****   uint32_t x,
 949:Drivers/CMSIS/DSP/Include/arm_math.h ****   uint32_t y,
 950:Drivers/CMSIS/DSP/Include/arm_math.h ****   uint64_t sum)
 951:Drivers/CMSIS/DSP/Include/arm_math.h ****   {
 952:Drivers/CMSIS/DSP/Include/arm_math.h **** /*  return (sum + ((q15_t) (x >> 16) * (q15_t) y)) + ((q15_t) x * (q15_t) (y >> 16)); */
 953:Drivers/CMSIS/DSP/Include/arm_math.h ****     return ((uint64_t)(((((q31_t)x << 16) >> 16) * (((q31_t)y      ) >> 16)) +
 954:Drivers/CMSIS/DSP/Include/arm_math.h ****                        ((((q31_t)x      ) >> 16) * (((q31_t)y << 16) >> 16)) +
 955:Drivers/CMSIS/DSP/Include/arm_math.h ****                        ( ((q63_t)sum    )                                  )   ));
 956:Drivers/CMSIS/DSP/Include/arm_math.h ****   }
 957:Drivers/CMSIS/DSP/Include/arm_math.h **** 
 958:Drivers/CMSIS/DSP/Include/arm_math.h **** 
 959:Drivers/CMSIS/DSP/Include/arm_math.h ****   /*
 960:Drivers/CMSIS/DSP/Include/arm_math.h ****    * @brief C custom defined SMUAD for M3 and M0 processors
 961:Drivers/CMSIS/DSP/Include/arm_math.h ****    */
 962:Drivers/CMSIS/DSP/Include/arm_math.h ****   CMSIS_INLINE __STATIC_INLINE uint32_t __SMUAD(
 963:Drivers/CMSIS/DSP/Include/arm_math.h ****   uint32_t x,
 964:Drivers/CMSIS/DSP/Include/arm_math.h ****   uint32_t y)
 965:Drivers/CMSIS/DSP/Include/arm_math.h ****   {
 966:Drivers/CMSIS/DSP/Include/arm_math.h ****     return ((uint32_t)(((((q31_t)x << 16) >> 16) * (((q31_t)y << 16) >> 16)) +
ARM GAS  C:\Users\Lamp\AppData\Local\Temp\ccC8j8ON.s 			page 24


 967:Drivers/CMSIS/DSP/Include/arm_math.h ****                        ((((q31_t)x      ) >> 16) * (((q31_t)y      ) >> 16))   ));
 968:Drivers/CMSIS/DSP/Include/arm_math.h ****   }
 969:Drivers/CMSIS/DSP/Include/arm_math.h **** 
 970:Drivers/CMSIS/DSP/Include/arm_math.h **** 
 971:Drivers/CMSIS/DSP/Include/arm_math.h ****   /*
 972:Drivers/CMSIS/DSP/Include/arm_math.h ****    * @brief C custom defined SMUSD for M3 and M0 processors
 973:Drivers/CMSIS/DSP/Include/arm_math.h ****    */
 974:Drivers/CMSIS/DSP/Include/arm_math.h ****   CMSIS_INLINE __STATIC_INLINE uint32_t __SMUSD(
 975:Drivers/CMSIS/DSP/Include/arm_math.h ****   uint32_t x,
 976:Drivers/CMSIS/DSP/Include/arm_math.h ****   uint32_t y)
 977:Drivers/CMSIS/DSP/Include/arm_math.h ****   {
 978:Drivers/CMSIS/DSP/Include/arm_math.h ****     return ((uint32_t)(((((q31_t)x << 16) >> 16) * (((q31_t)y << 16) >> 16)) -
 979:Drivers/CMSIS/DSP/Include/arm_math.h ****                        ((((q31_t)x      ) >> 16) * (((q31_t)y      ) >> 16))   ));
 980:Drivers/CMSIS/DSP/Include/arm_math.h ****   }
 981:Drivers/CMSIS/DSP/Include/arm_math.h **** 
 982:Drivers/CMSIS/DSP/Include/arm_math.h **** 
 983:Drivers/CMSIS/DSP/Include/arm_math.h ****   /*
 984:Drivers/CMSIS/DSP/Include/arm_math.h ****    * @brief C custom defined SXTB16 for M3 and M0 processors
 985:Drivers/CMSIS/DSP/Include/arm_math.h ****    */
 986:Drivers/CMSIS/DSP/Include/arm_math.h ****   CMSIS_INLINE __STATIC_INLINE uint32_t __SXTB16(
 987:Drivers/CMSIS/DSP/Include/arm_math.h ****   uint32_t x)
 988:Drivers/CMSIS/DSP/Include/arm_math.h ****   {
 989:Drivers/CMSIS/DSP/Include/arm_math.h ****     return ((uint32_t)(((((q31_t)x << 24) >> 24) & (q31_t)0x0000FFFF) |
 990:Drivers/CMSIS/DSP/Include/arm_math.h ****                        ((((q31_t)x <<  8) >>  8) & (q31_t)0xFFFF0000)  ));
 991:Drivers/CMSIS/DSP/Include/arm_math.h ****   }
 992:Drivers/CMSIS/DSP/Include/arm_math.h **** 
 993:Drivers/CMSIS/DSP/Include/arm_math.h ****   /*
 994:Drivers/CMSIS/DSP/Include/arm_math.h ****    * @brief C custom defined SMMLA for M3 and M0 processors
 995:Drivers/CMSIS/DSP/Include/arm_math.h ****    */
 996:Drivers/CMSIS/DSP/Include/arm_math.h ****   CMSIS_INLINE __STATIC_INLINE int32_t __SMMLA(
 997:Drivers/CMSIS/DSP/Include/arm_math.h ****   int32_t x,
 998:Drivers/CMSIS/DSP/Include/arm_math.h ****   int32_t y,
 999:Drivers/CMSIS/DSP/Include/arm_math.h ****   int32_t sum)
1000:Drivers/CMSIS/DSP/Include/arm_math.h ****   {
1001:Drivers/CMSIS/DSP/Include/arm_math.h ****     return (sum + (int32_t) (((int64_t) x * y) >> 32));
1002:Drivers/CMSIS/DSP/Include/arm_math.h ****   }
1003:Drivers/CMSIS/DSP/Include/arm_math.h **** 
1004:Drivers/CMSIS/DSP/Include/arm_math.h **** #endif /* !defined (ARM_MATH_DSP) */
1005:Drivers/CMSIS/DSP/Include/arm_math.h **** 
1006:Drivers/CMSIS/DSP/Include/arm_math.h **** 
1007:Drivers/CMSIS/DSP/Include/arm_math.h ****   /**
1008:Drivers/CMSIS/DSP/Include/arm_math.h ****    * @brief Instance structure for the Q7 FIR filter.
1009:Drivers/CMSIS/DSP/Include/arm_math.h ****    */
1010:Drivers/CMSIS/DSP/Include/arm_math.h ****   typedef struct
1011:Drivers/CMSIS/DSP/Include/arm_math.h ****   {
1012:Drivers/CMSIS/DSP/Include/arm_math.h ****     uint16_t numTaps;        /**< number of filter coefficients in the filter. */
1013:Drivers/CMSIS/DSP/Include/arm_math.h ****     q7_t *pState;            /**< points to the state variable array. The array is of length numTap
1014:Drivers/CMSIS/DSP/Include/arm_math.h ****     q7_t *pCoeffs;           /**< points to the coefficient array. The array is of length numTaps.*
1015:Drivers/CMSIS/DSP/Include/arm_math.h ****   } arm_fir_instance_q7;
1016:Drivers/CMSIS/DSP/Include/arm_math.h **** 
1017:Drivers/CMSIS/DSP/Include/arm_math.h ****   /**
1018:Drivers/CMSIS/DSP/Include/arm_math.h ****    * @brief Instance structure for the Q15 FIR filter.
1019:Drivers/CMSIS/DSP/Include/arm_math.h ****    */
1020:Drivers/CMSIS/DSP/Include/arm_math.h ****   typedef struct
1021:Drivers/CMSIS/DSP/Include/arm_math.h ****   {
1022:Drivers/CMSIS/DSP/Include/arm_math.h ****     uint16_t numTaps;         /**< number of filter coefficients in the filter. */
1023:Drivers/CMSIS/DSP/Include/arm_math.h ****     q15_t *pState;            /**< points to the state variable array. The array is of length numTa
ARM GAS  C:\Users\Lamp\AppData\Local\Temp\ccC8j8ON.s 			page 25


1024:Drivers/CMSIS/DSP/Include/arm_math.h ****     q15_t *pCoeffs;           /**< points to the coefficient array. The array is of length numTaps.
1025:Drivers/CMSIS/DSP/Include/arm_math.h ****   } arm_fir_instance_q15;
1026:Drivers/CMSIS/DSP/Include/arm_math.h **** 
1027:Drivers/CMSIS/DSP/Include/arm_math.h ****   /**
1028:Drivers/CMSIS/DSP/Include/arm_math.h ****    * @brief Instance structure for the Q31 FIR filter.
1029:Drivers/CMSIS/DSP/Include/arm_math.h ****    */
1030:Drivers/CMSIS/DSP/Include/arm_math.h ****   typedef struct
1031:Drivers/CMSIS/DSP/Include/arm_math.h ****   {
1032:Drivers/CMSIS/DSP/Include/arm_math.h ****     uint16_t numTaps;         /**< number of filter coefficients in the filter. */
1033:Drivers/CMSIS/DSP/Include/arm_math.h ****     q31_t *pState;            /**< points to the state variable array. The array is of length numTa
1034:Drivers/CMSIS/DSP/Include/arm_math.h ****     q31_t *pCoeffs;           /**< points to the coefficient array. The array is of length numTaps.
1035:Drivers/CMSIS/DSP/Include/arm_math.h ****   } arm_fir_instance_q31;
1036:Drivers/CMSIS/DSP/Include/arm_math.h **** 
1037:Drivers/CMSIS/DSP/Include/arm_math.h ****   /**
1038:Drivers/CMSIS/DSP/Include/arm_math.h ****    * @brief Instance structure for the floating-point FIR filter.
1039:Drivers/CMSIS/DSP/Include/arm_math.h ****    */
1040:Drivers/CMSIS/DSP/Include/arm_math.h ****   typedef struct
1041:Drivers/CMSIS/DSP/Include/arm_math.h ****   {
1042:Drivers/CMSIS/DSP/Include/arm_math.h ****     uint16_t numTaps;     /**< number of filter coefficients in the filter. */
1043:Drivers/CMSIS/DSP/Include/arm_math.h ****     float32_t *pState;    /**< points to the state variable array. The array is of length numTaps+b
1044:Drivers/CMSIS/DSP/Include/arm_math.h ****     float32_t *pCoeffs;   /**< points to the coefficient array. The array is of length numTaps. */
1045:Drivers/CMSIS/DSP/Include/arm_math.h ****   } arm_fir_instance_f32;
1046:Drivers/CMSIS/DSP/Include/arm_math.h **** 
1047:Drivers/CMSIS/DSP/Include/arm_math.h **** 
1048:Drivers/CMSIS/DSP/Include/arm_math.h ****   /**
1049:Drivers/CMSIS/DSP/Include/arm_math.h ****    * @brief Processing function for the Q7 FIR filter.
1050:Drivers/CMSIS/DSP/Include/arm_math.h ****    * @param[in]  S          points to an instance of the Q7 FIR filter structure.
1051:Drivers/CMSIS/DSP/Include/arm_math.h ****    * @param[in]  pSrc       points to the block of input data.
1052:Drivers/CMSIS/DSP/Include/arm_math.h ****    * @param[out] pDst       points to the block of output data.
1053:Drivers/CMSIS/DSP/Include/arm_math.h ****    * @param[in]  blockSize  number of samples to process.
1054:Drivers/CMSIS/DSP/Include/arm_math.h ****    */
1055:Drivers/CMSIS/DSP/Include/arm_math.h ****   void arm_fir_q7(
1056:Drivers/CMSIS/DSP/Include/arm_math.h ****   const arm_fir_instance_q7 * S,
1057:Drivers/CMSIS/DSP/Include/arm_math.h ****   q7_t * pSrc,
1058:Drivers/CMSIS/DSP/Include/arm_math.h ****   q7_t * pDst,
1059:Drivers/CMSIS/DSP/Include/arm_math.h ****   uint32_t blockSize);
1060:Drivers/CMSIS/DSP/Include/arm_math.h **** 
1061:Drivers/CMSIS/DSP/Include/arm_math.h **** 
1062:Drivers/CMSIS/DSP/Include/arm_math.h ****   /**
1063:Drivers/CMSIS/DSP/Include/arm_math.h ****    * @brief  Initialization function for the Q7 FIR filter.
1064:Drivers/CMSIS/DSP/Include/arm_math.h ****    * @param[in,out] S          points to an instance of the Q7 FIR structure.
1065:Drivers/CMSIS/DSP/Include/arm_math.h ****    * @param[in]     numTaps    Number of filter coefficients in the filter.
1066:Drivers/CMSIS/DSP/Include/arm_math.h ****    * @param[in]     pCoeffs    points to the filter coefficients.
1067:Drivers/CMSIS/DSP/Include/arm_math.h ****    * @param[in]     pState     points to the state buffer.
1068:Drivers/CMSIS/DSP/Include/arm_math.h ****    * @param[in]     blockSize  number of samples that are processed.
1069:Drivers/CMSIS/DSP/Include/arm_math.h ****    */
1070:Drivers/CMSIS/DSP/Include/arm_math.h ****   void arm_fir_init_q7(
1071:Drivers/CMSIS/DSP/Include/arm_math.h ****   arm_fir_instance_q7 * S,
1072:Drivers/CMSIS/DSP/Include/arm_math.h ****   uint16_t numTaps,
1073:Drivers/CMSIS/DSP/Include/arm_math.h ****   q7_t * pCoeffs,
1074:Drivers/CMSIS/DSP/Include/arm_math.h ****   q7_t * pState,
1075:Drivers/CMSIS/DSP/Include/arm_math.h ****   uint32_t blockSize);
1076:Drivers/CMSIS/DSP/Include/arm_math.h **** 
1077:Drivers/CMSIS/DSP/Include/arm_math.h **** 
1078:Drivers/CMSIS/DSP/Include/arm_math.h ****   /**
1079:Drivers/CMSIS/DSP/Include/arm_math.h ****    * @brief Processing function for the Q15 FIR filter.
1080:Drivers/CMSIS/DSP/Include/arm_math.h ****    * @param[in]  S          points to an instance of the Q15 FIR structure.
ARM GAS  C:\Users\Lamp\AppData\Local\Temp\ccC8j8ON.s 			page 26


1081:Drivers/CMSIS/DSP/Include/arm_math.h ****    * @param[in]  pSrc       points to the block of input data.
1082:Drivers/CMSIS/DSP/Include/arm_math.h ****    * @param[out] pDst       points to the block of output data.
1083:Drivers/CMSIS/DSP/Include/arm_math.h ****    * @param[in]  blockSize  number of samples to process.
1084:Drivers/CMSIS/DSP/Include/arm_math.h ****    */
1085:Drivers/CMSIS/DSP/Include/arm_math.h ****   void arm_fir_q15(
1086:Drivers/CMSIS/DSP/Include/arm_math.h ****   const arm_fir_instance_q15 * S,
1087:Drivers/CMSIS/DSP/Include/arm_math.h ****   q15_t * pSrc,
1088:Drivers/CMSIS/DSP/Include/arm_math.h ****   q15_t * pDst,
1089:Drivers/CMSIS/DSP/Include/arm_math.h ****   uint32_t blockSize);
1090:Drivers/CMSIS/DSP/Include/arm_math.h **** 
1091:Drivers/CMSIS/DSP/Include/arm_math.h **** 
1092:Drivers/CMSIS/DSP/Include/arm_math.h ****   /**
1093:Drivers/CMSIS/DSP/Include/arm_math.h ****    * @brief Processing function for the fast Q15 FIR filter for Cortex-M3 and Cortex-M4.
1094:Drivers/CMSIS/DSP/Include/arm_math.h ****    * @param[in]  S          points to an instance of the Q15 FIR filter structure.
1095:Drivers/CMSIS/DSP/Include/arm_math.h ****    * @param[in]  pSrc       points to the block of input data.
1096:Drivers/CMSIS/DSP/Include/arm_math.h ****    * @param[out] pDst       points to the block of output data.
1097:Drivers/CMSIS/DSP/Include/arm_math.h ****    * @param[in]  blockSize  number of samples to process.
1098:Drivers/CMSIS/DSP/Include/arm_math.h ****    */
1099:Drivers/CMSIS/DSP/Include/arm_math.h ****   void arm_fir_fast_q15(
1100:Drivers/CMSIS/DSP/Include/arm_math.h ****   const arm_fir_instance_q15 * S,
1101:Drivers/CMSIS/DSP/Include/arm_math.h ****   q15_t * pSrc,
1102:Drivers/CMSIS/DSP/Include/arm_math.h ****   q15_t * pDst,
1103:Drivers/CMSIS/DSP/Include/arm_math.h ****   uint32_t blockSize);
1104:Drivers/CMSIS/DSP/Include/arm_math.h **** 
1105:Drivers/CMSIS/DSP/Include/arm_math.h **** 
1106:Drivers/CMSIS/DSP/Include/arm_math.h ****   /**
1107:Drivers/CMSIS/DSP/Include/arm_math.h ****    * @brief  Initialization function for the Q15 FIR filter.
1108:Drivers/CMSIS/DSP/Include/arm_math.h ****    * @param[in,out] S          points to an instance of the Q15 FIR filter structure.
1109:Drivers/CMSIS/DSP/Include/arm_math.h ****    * @param[in]     numTaps    Number of filter coefficients in the filter. Must be even and greate
1110:Drivers/CMSIS/DSP/Include/arm_math.h ****    * @param[in]     pCoeffs    points to the filter coefficients.
1111:Drivers/CMSIS/DSP/Include/arm_math.h ****    * @param[in]     pState     points to the state buffer.
1112:Drivers/CMSIS/DSP/Include/arm_math.h ****    * @param[in]     blockSize  number of samples that are processed at a time.
1113:Drivers/CMSIS/DSP/Include/arm_math.h ****    * @return The function returns ARM_MATH_SUCCESS if initialization was successful or ARM_MATH_ARG
1114:Drivers/CMSIS/DSP/Include/arm_math.h ****    * <code>numTaps</code> is not a supported value.
1115:Drivers/CMSIS/DSP/Include/arm_math.h ****    */
1116:Drivers/CMSIS/DSP/Include/arm_math.h ****   arm_status arm_fir_init_q15(
1117:Drivers/CMSIS/DSP/Include/arm_math.h ****   arm_fir_instance_q15 * S,
1118:Drivers/CMSIS/DSP/Include/arm_math.h ****   uint16_t numTaps,
1119:Drivers/CMSIS/DSP/Include/arm_math.h ****   q15_t * pCoeffs,
1120:Drivers/CMSIS/DSP/Include/arm_math.h ****   q15_t * pState,
1121:Drivers/CMSIS/DSP/Include/arm_math.h ****   uint32_t blockSize);
1122:Drivers/CMSIS/DSP/Include/arm_math.h **** 
1123:Drivers/CMSIS/DSP/Include/arm_math.h **** 
1124:Drivers/CMSIS/DSP/Include/arm_math.h ****   /**
1125:Drivers/CMSIS/DSP/Include/arm_math.h ****    * @brief Processing function for the Q31 FIR filter.
1126:Drivers/CMSIS/DSP/Include/arm_math.h ****    * @param[in]  S          points to an instance of the Q31 FIR filter structure.
1127:Drivers/CMSIS/DSP/Include/arm_math.h ****    * @param[in]  pSrc       points to the block of input data.
1128:Drivers/CMSIS/DSP/Include/arm_math.h ****    * @param[out] pDst       points to the block of output data.
1129:Drivers/CMSIS/DSP/Include/arm_math.h ****    * @param[in]  blockSize  number of samples to process.
1130:Drivers/CMSIS/DSP/Include/arm_math.h ****    */
1131:Drivers/CMSIS/DSP/Include/arm_math.h ****   void arm_fir_q31(
1132:Drivers/CMSIS/DSP/Include/arm_math.h ****   const arm_fir_instance_q31 * S,
1133:Drivers/CMSIS/DSP/Include/arm_math.h ****   q31_t * pSrc,
1134:Drivers/CMSIS/DSP/Include/arm_math.h ****   q31_t * pDst,
1135:Drivers/CMSIS/DSP/Include/arm_math.h ****   uint32_t blockSize);
1136:Drivers/CMSIS/DSP/Include/arm_math.h **** 
1137:Drivers/CMSIS/DSP/Include/arm_math.h **** 
ARM GAS  C:\Users\Lamp\AppData\Local\Temp\ccC8j8ON.s 			page 27


1138:Drivers/CMSIS/DSP/Include/arm_math.h ****   /**
1139:Drivers/CMSIS/DSP/Include/arm_math.h ****    * @brief Processing function for the fast Q31 FIR filter for Cortex-M3 and Cortex-M4.
1140:Drivers/CMSIS/DSP/Include/arm_math.h ****    * @param[in]  S          points to an instance of the Q31 FIR structure.
1141:Drivers/CMSIS/DSP/Include/arm_math.h ****    * @param[in]  pSrc       points to the block of input data.
1142:Drivers/CMSIS/DSP/Include/arm_math.h ****    * @param[out] pDst       points to the block of output data.
1143:Drivers/CMSIS/DSP/Include/arm_math.h ****    * @param[in]  blockSize  number of samples to process.
1144:Drivers/CMSIS/DSP/Include/arm_math.h ****    */
1145:Drivers/CMSIS/DSP/Include/arm_math.h ****   void arm_fir_fast_q31(
1146:Drivers/CMSIS/DSP/Include/arm_math.h ****   const arm_fir_instance_q31 * S,
1147:Drivers/CMSIS/DSP/Include/arm_math.h ****   q31_t * pSrc,
1148:Drivers/CMSIS/DSP/Include/arm_math.h ****   q31_t * pDst,
1149:Drivers/CMSIS/DSP/Include/arm_math.h ****   uint32_t blockSize);
1150:Drivers/CMSIS/DSP/Include/arm_math.h **** 
1151:Drivers/CMSIS/DSP/Include/arm_math.h **** 
1152:Drivers/CMSIS/DSP/Include/arm_math.h ****   /**
1153:Drivers/CMSIS/DSP/Include/arm_math.h ****    * @brief  Initialization function for the Q31 FIR filter.
1154:Drivers/CMSIS/DSP/Include/arm_math.h ****    * @param[in,out] S          points to an instance of the Q31 FIR structure.
1155:Drivers/CMSIS/DSP/Include/arm_math.h ****    * @param[in]     numTaps    Number of filter coefficients in the filter.
1156:Drivers/CMSIS/DSP/Include/arm_math.h ****    * @param[in]     pCoeffs    points to the filter coefficients.
1157:Drivers/CMSIS/DSP/Include/arm_math.h ****    * @param[in]     pState     points to the state buffer.
1158:Drivers/CMSIS/DSP/Include/arm_math.h ****    * @param[in]     blockSize  number of samples that are processed at a time.
1159:Drivers/CMSIS/DSP/Include/arm_math.h ****    */
1160:Drivers/CMSIS/DSP/Include/arm_math.h ****   void arm_fir_init_q31(
1161:Drivers/CMSIS/DSP/Include/arm_math.h ****   arm_fir_instance_q31 * S,
1162:Drivers/CMSIS/DSP/Include/arm_math.h ****   uint16_t numTaps,
1163:Drivers/CMSIS/DSP/Include/arm_math.h ****   q31_t * pCoeffs,
1164:Drivers/CMSIS/DSP/Include/arm_math.h ****   q31_t * pState,
1165:Drivers/CMSIS/DSP/Include/arm_math.h ****   uint32_t blockSize);
1166:Drivers/CMSIS/DSP/Include/arm_math.h **** 
1167:Drivers/CMSIS/DSP/Include/arm_math.h **** 
1168:Drivers/CMSIS/DSP/Include/arm_math.h ****   /**
1169:Drivers/CMSIS/DSP/Include/arm_math.h ****    * @brief Processing function for the floating-point FIR filter.
1170:Drivers/CMSIS/DSP/Include/arm_math.h ****    * @param[in]  S          points to an instance of the floating-point FIR structure.
1171:Drivers/CMSIS/DSP/Include/arm_math.h ****    * @param[in]  pSrc       points to the block of input data.
1172:Drivers/CMSIS/DSP/Include/arm_math.h ****    * @param[out] pDst       points to the block of output data.
1173:Drivers/CMSIS/DSP/Include/arm_math.h ****    * @param[in]  blockSize  number of samples to process.
1174:Drivers/CMSIS/DSP/Include/arm_math.h ****    */
1175:Drivers/CMSIS/DSP/Include/arm_math.h ****   void arm_fir_f32(
1176:Drivers/CMSIS/DSP/Include/arm_math.h ****   const arm_fir_instance_f32 * S,
1177:Drivers/CMSIS/DSP/Include/arm_math.h ****   float32_t * pSrc,
1178:Drivers/CMSIS/DSP/Include/arm_math.h ****   float32_t * pDst,
1179:Drivers/CMSIS/DSP/Include/arm_math.h ****   uint32_t blockSize);
1180:Drivers/CMSIS/DSP/Include/arm_math.h **** 
1181:Drivers/CMSIS/DSP/Include/arm_math.h **** 
1182:Drivers/CMSIS/DSP/Include/arm_math.h ****   /**
1183:Drivers/CMSIS/DSP/Include/arm_math.h ****    * @brief  Initialization function for the floating-point FIR filter.
1184:Drivers/CMSIS/DSP/Include/arm_math.h ****    * @param[in,out] S          points to an instance of the floating-point FIR filter structure.
1185:Drivers/CMSIS/DSP/Include/arm_math.h ****    * @param[in]     numTaps    Number of filter coefficients in the filter.
1186:Drivers/CMSIS/DSP/Include/arm_math.h ****    * @param[in]     pCoeffs    points to the filter coefficients.
1187:Drivers/CMSIS/DSP/Include/arm_math.h ****    * @param[in]     pState     points to the state buffer.
1188:Drivers/CMSIS/DSP/Include/arm_math.h ****    * @param[in]     blockSize  number of samples that are processed at a time.
1189:Drivers/CMSIS/DSP/Include/arm_math.h ****    */
1190:Drivers/CMSIS/DSP/Include/arm_math.h ****   void arm_fir_init_f32(
1191:Drivers/CMSIS/DSP/Include/arm_math.h ****   arm_fir_instance_f32 * S,
1192:Drivers/CMSIS/DSP/Include/arm_math.h ****   uint16_t numTaps,
1193:Drivers/CMSIS/DSP/Include/arm_math.h ****   float32_t * pCoeffs,
1194:Drivers/CMSIS/DSP/Include/arm_math.h ****   float32_t * pState,
ARM GAS  C:\Users\Lamp\AppData\Local\Temp\ccC8j8ON.s 			page 28


1195:Drivers/CMSIS/DSP/Include/arm_math.h ****   uint32_t blockSize);
1196:Drivers/CMSIS/DSP/Include/arm_math.h **** 
1197:Drivers/CMSIS/DSP/Include/arm_math.h **** 
1198:Drivers/CMSIS/DSP/Include/arm_math.h ****   /**
1199:Drivers/CMSIS/DSP/Include/arm_math.h ****    * @brief Instance structure for the Q15 Biquad cascade filter.
1200:Drivers/CMSIS/DSP/Include/arm_math.h ****    */
1201:Drivers/CMSIS/DSP/Include/arm_math.h ****   typedef struct
1202:Drivers/CMSIS/DSP/Include/arm_math.h ****   {
1203:Drivers/CMSIS/DSP/Include/arm_math.h ****     int8_t numStages;        /**< number of 2nd order stages in the filter.  Overall order is 2*num
1204:Drivers/CMSIS/DSP/Include/arm_math.h ****     q15_t *pState;           /**< Points to the array of state coefficients.  The array is of lengt
1205:Drivers/CMSIS/DSP/Include/arm_math.h ****     q15_t *pCoeffs;          /**< Points to the array of coefficients.  The array is of length 5*nu
1206:Drivers/CMSIS/DSP/Include/arm_math.h ****     int8_t postShift;        /**< Additional shift, in bits, applied to each output sample. */
1207:Drivers/CMSIS/DSP/Include/arm_math.h ****   } arm_biquad_casd_df1_inst_q15;
1208:Drivers/CMSIS/DSP/Include/arm_math.h **** 
1209:Drivers/CMSIS/DSP/Include/arm_math.h ****   /**
1210:Drivers/CMSIS/DSP/Include/arm_math.h ****    * @brief Instance structure for the Q31 Biquad cascade filter.
1211:Drivers/CMSIS/DSP/Include/arm_math.h ****    */
1212:Drivers/CMSIS/DSP/Include/arm_math.h ****   typedef struct
1213:Drivers/CMSIS/DSP/Include/arm_math.h ****   {
1214:Drivers/CMSIS/DSP/Include/arm_math.h ****     uint32_t numStages;      /**< number of 2nd order stages in the filter.  Overall order is 2*num
1215:Drivers/CMSIS/DSP/Include/arm_math.h ****     q31_t *pState;           /**< Points to the array of state coefficients.  The array is of lengt
1216:Drivers/CMSIS/DSP/Include/arm_math.h ****     q31_t *pCoeffs;          /**< Points to the array of coefficients.  The array is of length 5*nu
1217:Drivers/CMSIS/DSP/Include/arm_math.h ****     uint8_t postShift;       /**< Additional shift, in bits, applied to each output sample. */
1218:Drivers/CMSIS/DSP/Include/arm_math.h ****   } arm_biquad_casd_df1_inst_q31;
1219:Drivers/CMSIS/DSP/Include/arm_math.h **** 
1220:Drivers/CMSIS/DSP/Include/arm_math.h ****   /**
1221:Drivers/CMSIS/DSP/Include/arm_math.h ****    * @brief Instance structure for the floating-point Biquad cascade filter.
1222:Drivers/CMSIS/DSP/Include/arm_math.h ****    */
1223:Drivers/CMSIS/DSP/Include/arm_math.h ****   typedef struct
1224:Drivers/CMSIS/DSP/Include/arm_math.h ****   {
1225:Drivers/CMSIS/DSP/Include/arm_math.h ****     uint32_t numStages;      /**< number of 2nd order stages in the filter.  Overall order is 2*num
1226:Drivers/CMSIS/DSP/Include/arm_math.h ****     float32_t *pState;       /**< Points to the array of state coefficients.  The array is of lengt
1227:Drivers/CMSIS/DSP/Include/arm_math.h ****     float32_t *pCoeffs;      /**< Points to the array of coefficients.  The array is of length 5*nu
1228:Drivers/CMSIS/DSP/Include/arm_math.h ****   } arm_biquad_casd_df1_inst_f32;
1229:Drivers/CMSIS/DSP/Include/arm_math.h **** 
1230:Drivers/CMSIS/DSP/Include/arm_math.h **** 
1231:Drivers/CMSIS/DSP/Include/arm_math.h ****   /**
1232:Drivers/CMSIS/DSP/Include/arm_math.h ****    * @brief Processing function for the Q15 Biquad cascade filter.
1233:Drivers/CMSIS/DSP/Include/arm_math.h ****    * @param[in]  S          points to an instance of the Q15 Biquad cascade structure.
1234:Drivers/CMSIS/DSP/Include/arm_math.h ****    * @param[in]  pSrc       points to the block of input data.
1235:Drivers/CMSIS/DSP/Include/arm_math.h ****    * @param[out] pDst       points to the block of output data.
1236:Drivers/CMSIS/DSP/Include/arm_math.h ****    * @param[in]  blockSize  number of samples to process.
1237:Drivers/CMSIS/DSP/Include/arm_math.h ****    */
1238:Drivers/CMSIS/DSP/Include/arm_math.h ****   void arm_biquad_cascade_df1_q15(
1239:Drivers/CMSIS/DSP/Include/arm_math.h ****   const arm_biquad_casd_df1_inst_q15 * S,
1240:Drivers/CMSIS/DSP/Include/arm_math.h ****   q15_t * pSrc,
1241:Drivers/CMSIS/DSP/Include/arm_math.h ****   q15_t * pDst,
1242:Drivers/CMSIS/DSP/Include/arm_math.h ****   uint32_t blockSize);
1243:Drivers/CMSIS/DSP/Include/arm_math.h **** 
1244:Drivers/CMSIS/DSP/Include/arm_math.h **** 
1245:Drivers/CMSIS/DSP/Include/arm_math.h ****   /**
1246:Drivers/CMSIS/DSP/Include/arm_math.h ****    * @brief  Initialization function for the Q15 Biquad cascade filter.
1247:Drivers/CMSIS/DSP/Include/arm_math.h ****    * @param[in,out] S          points to an instance of the Q15 Biquad cascade structure.
1248:Drivers/CMSIS/DSP/Include/arm_math.h ****    * @param[in]     numStages  number of 2nd order stages in the filter.
1249:Drivers/CMSIS/DSP/Include/arm_math.h ****    * @param[in]     pCoeffs    points to the filter coefficients.
1250:Drivers/CMSIS/DSP/Include/arm_math.h ****    * @param[in]     pState     points to the state buffer.
1251:Drivers/CMSIS/DSP/Include/arm_math.h ****    * @param[in]     postShift  Shift to be applied to the output. Varies according to the coefficie
ARM GAS  C:\Users\Lamp\AppData\Local\Temp\ccC8j8ON.s 			page 29


1252:Drivers/CMSIS/DSP/Include/arm_math.h ****    */
1253:Drivers/CMSIS/DSP/Include/arm_math.h ****   void arm_biquad_cascade_df1_init_q15(
1254:Drivers/CMSIS/DSP/Include/arm_math.h ****   arm_biquad_casd_df1_inst_q15 * S,
1255:Drivers/CMSIS/DSP/Include/arm_math.h ****   uint8_t numStages,
1256:Drivers/CMSIS/DSP/Include/arm_math.h ****   q15_t * pCoeffs,
1257:Drivers/CMSIS/DSP/Include/arm_math.h ****   q15_t * pState,
1258:Drivers/CMSIS/DSP/Include/arm_math.h ****   int8_t postShift);
1259:Drivers/CMSIS/DSP/Include/arm_math.h **** 
1260:Drivers/CMSIS/DSP/Include/arm_math.h **** 
1261:Drivers/CMSIS/DSP/Include/arm_math.h ****   /**
1262:Drivers/CMSIS/DSP/Include/arm_math.h ****    * @brief Fast but less precise processing function for the Q15 Biquad cascade filter for Cortex-
1263:Drivers/CMSIS/DSP/Include/arm_math.h ****    * @param[in]  S          points to an instance of the Q15 Biquad cascade structure.
1264:Drivers/CMSIS/DSP/Include/arm_math.h ****    * @param[in]  pSrc       points to the block of input data.
1265:Drivers/CMSIS/DSP/Include/arm_math.h ****    * @param[out] pDst       points to the block of output data.
1266:Drivers/CMSIS/DSP/Include/arm_math.h ****    * @param[in]  blockSize  number of samples to process.
1267:Drivers/CMSIS/DSP/Include/arm_math.h ****    */
1268:Drivers/CMSIS/DSP/Include/arm_math.h ****   void arm_biquad_cascade_df1_fast_q15(
1269:Drivers/CMSIS/DSP/Include/arm_math.h ****   const arm_biquad_casd_df1_inst_q15 * S,
1270:Drivers/CMSIS/DSP/Include/arm_math.h ****   q15_t * pSrc,
1271:Drivers/CMSIS/DSP/Include/arm_math.h ****   q15_t * pDst,
1272:Drivers/CMSIS/DSP/Include/arm_math.h ****   uint32_t blockSize);
1273:Drivers/CMSIS/DSP/Include/arm_math.h **** 
1274:Drivers/CMSIS/DSP/Include/arm_math.h **** 
1275:Drivers/CMSIS/DSP/Include/arm_math.h ****   /**
1276:Drivers/CMSIS/DSP/Include/arm_math.h ****    * @brief Processing function for the Q31 Biquad cascade filter
1277:Drivers/CMSIS/DSP/Include/arm_math.h ****    * @param[in]  S          points to an instance of the Q31 Biquad cascade structure.
1278:Drivers/CMSIS/DSP/Include/arm_math.h ****    * @param[in]  pSrc       points to the block of input data.
1279:Drivers/CMSIS/DSP/Include/arm_math.h ****    * @param[out] pDst       points to the block of output data.
1280:Drivers/CMSIS/DSP/Include/arm_math.h ****    * @param[in]  blockSize  number of samples to process.
1281:Drivers/CMSIS/DSP/Include/arm_math.h ****    */
1282:Drivers/CMSIS/DSP/Include/arm_math.h ****   void arm_biquad_cascade_df1_q31(
1283:Drivers/CMSIS/DSP/Include/arm_math.h ****   const arm_biquad_casd_df1_inst_q31 * S,
1284:Drivers/CMSIS/DSP/Include/arm_math.h ****   q31_t * pSrc,
1285:Drivers/CMSIS/DSP/Include/arm_math.h ****   q31_t * pDst,
1286:Drivers/CMSIS/DSP/Include/arm_math.h ****   uint32_t blockSize);
1287:Drivers/CMSIS/DSP/Include/arm_math.h **** 
1288:Drivers/CMSIS/DSP/Include/arm_math.h **** 
1289:Drivers/CMSIS/DSP/Include/arm_math.h ****   /**
1290:Drivers/CMSIS/DSP/Include/arm_math.h ****    * @brief Fast but less precise processing function for the Q31 Biquad cascade filter for Cortex-
1291:Drivers/CMSIS/DSP/Include/arm_math.h ****    * @param[in]  S          points to an instance of the Q31 Biquad cascade structure.
1292:Drivers/CMSIS/DSP/Include/arm_math.h ****    * @param[in]  pSrc       points to the block of input data.
1293:Drivers/CMSIS/DSP/Include/arm_math.h ****    * @param[out] pDst       points to the block of output data.
1294:Drivers/CMSIS/DSP/Include/arm_math.h ****    * @param[in]  blockSize  number of samples to process.
1295:Drivers/CMSIS/DSP/Include/arm_math.h ****    */
1296:Drivers/CMSIS/DSP/Include/arm_math.h ****   void arm_biquad_cascade_df1_fast_q31(
1297:Drivers/CMSIS/DSP/Include/arm_math.h ****   const arm_biquad_casd_df1_inst_q31 * S,
1298:Drivers/CMSIS/DSP/Include/arm_math.h ****   q31_t * pSrc,
1299:Drivers/CMSIS/DSP/Include/arm_math.h ****   q31_t * pDst,
1300:Drivers/CMSIS/DSP/Include/arm_math.h ****   uint32_t blockSize);
1301:Drivers/CMSIS/DSP/Include/arm_math.h **** 
1302:Drivers/CMSIS/DSP/Include/arm_math.h **** 
1303:Drivers/CMSIS/DSP/Include/arm_math.h ****   /**
1304:Drivers/CMSIS/DSP/Include/arm_math.h ****    * @brief  Initialization function for the Q31 Biquad cascade filter.
1305:Drivers/CMSIS/DSP/Include/arm_math.h ****    * @param[in,out] S          points to an instance of the Q31 Biquad cascade structure.
1306:Drivers/CMSIS/DSP/Include/arm_math.h ****    * @param[in]     numStages  number of 2nd order stages in the filter.
1307:Drivers/CMSIS/DSP/Include/arm_math.h ****    * @param[in]     pCoeffs    points to the filter coefficients.
1308:Drivers/CMSIS/DSP/Include/arm_math.h ****    * @param[in]     pState     points to the state buffer.
ARM GAS  C:\Users\Lamp\AppData\Local\Temp\ccC8j8ON.s 			page 30


1309:Drivers/CMSIS/DSP/Include/arm_math.h ****    * @param[in]     postShift  Shift to be applied to the output. Varies according to the coefficie
1310:Drivers/CMSIS/DSP/Include/arm_math.h ****    */
1311:Drivers/CMSIS/DSP/Include/arm_math.h ****   void arm_biquad_cascade_df1_init_q31(
1312:Drivers/CMSIS/DSP/Include/arm_math.h ****   arm_biquad_casd_df1_inst_q31 * S,
1313:Drivers/CMSIS/DSP/Include/arm_math.h ****   uint8_t numStages,
1314:Drivers/CMSIS/DSP/Include/arm_math.h ****   q31_t * pCoeffs,
1315:Drivers/CMSIS/DSP/Include/arm_math.h ****   q31_t * pState,
1316:Drivers/CMSIS/DSP/Include/arm_math.h ****   int8_t postShift);
1317:Drivers/CMSIS/DSP/Include/arm_math.h **** 
1318:Drivers/CMSIS/DSP/Include/arm_math.h **** 
1319:Drivers/CMSIS/DSP/Include/arm_math.h ****   /**
1320:Drivers/CMSIS/DSP/Include/arm_math.h ****    * @brief Processing function for the floating-point Biquad cascade filter.
1321:Drivers/CMSIS/DSP/Include/arm_math.h ****    * @param[in]  S          points to an instance of the floating-point Biquad cascade structure.
1322:Drivers/CMSIS/DSP/Include/arm_math.h ****    * @param[in]  pSrc       points to the block of input data.
1323:Drivers/CMSIS/DSP/Include/arm_math.h ****    * @param[out] pDst       points to the block of output data.
1324:Drivers/CMSIS/DSP/Include/arm_math.h ****    * @param[in]  blockSize  number of samples to process.
1325:Drivers/CMSIS/DSP/Include/arm_math.h ****    */
1326:Drivers/CMSIS/DSP/Include/arm_math.h ****   void arm_biquad_cascade_df1_f32(
1327:Drivers/CMSIS/DSP/Include/arm_math.h ****   const arm_biquad_casd_df1_inst_f32 * S,
1328:Drivers/CMSIS/DSP/Include/arm_math.h ****   float32_t * pSrc,
1329:Drivers/CMSIS/DSP/Include/arm_math.h ****   float32_t * pDst,
1330:Drivers/CMSIS/DSP/Include/arm_math.h ****   uint32_t blockSize);
1331:Drivers/CMSIS/DSP/Include/arm_math.h **** 
1332:Drivers/CMSIS/DSP/Include/arm_math.h **** 
1333:Drivers/CMSIS/DSP/Include/arm_math.h ****   /**
1334:Drivers/CMSIS/DSP/Include/arm_math.h ****    * @brief  Initialization function for the floating-point Biquad cascade filter.
1335:Drivers/CMSIS/DSP/Include/arm_math.h ****    * @param[in,out] S          points to an instance of the floating-point Biquad cascade structure
1336:Drivers/CMSIS/DSP/Include/arm_math.h ****    * @param[in]     numStages  number of 2nd order stages in the filter.
1337:Drivers/CMSIS/DSP/Include/arm_math.h ****    * @param[in]     pCoeffs    points to the filter coefficients.
1338:Drivers/CMSIS/DSP/Include/arm_math.h ****    * @param[in]     pState     points to the state buffer.
1339:Drivers/CMSIS/DSP/Include/arm_math.h ****    */
1340:Drivers/CMSIS/DSP/Include/arm_math.h ****   void arm_biquad_cascade_df1_init_f32(
1341:Drivers/CMSIS/DSP/Include/arm_math.h ****   arm_biquad_casd_df1_inst_f32 * S,
1342:Drivers/CMSIS/DSP/Include/arm_math.h ****   uint8_t numStages,
1343:Drivers/CMSIS/DSP/Include/arm_math.h ****   float32_t * pCoeffs,
1344:Drivers/CMSIS/DSP/Include/arm_math.h ****   float32_t * pState);
1345:Drivers/CMSIS/DSP/Include/arm_math.h **** 
1346:Drivers/CMSIS/DSP/Include/arm_math.h **** 
1347:Drivers/CMSIS/DSP/Include/arm_math.h ****   /**
1348:Drivers/CMSIS/DSP/Include/arm_math.h ****    * @brief Instance structure for the floating-point matrix structure.
1349:Drivers/CMSIS/DSP/Include/arm_math.h ****    */
1350:Drivers/CMSIS/DSP/Include/arm_math.h ****   typedef struct
1351:Drivers/CMSIS/DSP/Include/arm_math.h ****   {
1352:Drivers/CMSIS/DSP/Include/arm_math.h ****     uint16_t numRows;     /**< number of rows of the matrix.     */
1353:Drivers/CMSIS/DSP/Include/arm_math.h ****     uint16_t numCols;     /**< number of columns of the matrix.  */
1354:Drivers/CMSIS/DSP/Include/arm_math.h ****     float32_t *pData;     /**< points to the data of the matrix. */
1355:Drivers/CMSIS/DSP/Include/arm_math.h ****   } arm_matrix_instance_f32;
1356:Drivers/CMSIS/DSP/Include/arm_math.h **** 
1357:Drivers/CMSIS/DSP/Include/arm_math.h **** 
1358:Drivers/CMSIS/DSP/Include/arm_math.h ****   /**
1359:Drivers/CMSIS/DSP/Include/arm_math.h ****    * @brief Instance structure for the floating-point matrix structure.
1360:Drivers/CMSIS/DSP/Include/arm_math.h ****    */
1361:Drivers/CMSIS/DSP/Include/arm_math.h ****   typedef struct
1362:Drivers/CMSIS/DSP/Include/arm_math.h ****   {
1363:Drivers/CMSIS/DSP/Include/arm_math.h ****     uint16_t numRows;     /**< number of rows of the matrix.     */
1364:Drivers/CMSIS/DSP/Include/arm_math.h ****     uint16_t numCols;     /**< number of columns of the matrix.  */
1365:Drivers/CMSIS/DSP/Include/arm_math.h ****     float64_t *pData;     /**< points to the data of the matrix. */
ARM GAS  C:\Users\Lamp\AppData\Local\Temp\ccC8j8ON.s 			page 31


1366:Drivers/CMSIS/DSP/Include/arm_math.h ****   } arm_matrix_instance_f64;
1367:Drivers/CMSIS/DSP/Include/arm_math.h **** 
1368:Drivers/CMSIS/DSP/Include/arm_math.h ****   /**
1369:Drivers/CMSIS/DSP/Include/arm_math.h ****    * @brief Instance structure for the Q15 matrix structure.
1370:Drivers/CMSIS/DSP/Include/arm_math.h ****    */
1371:Drivers/CMSIS/DSP/Include/arm_math.h ****   typedef struct
1372:Drivers/CMSIS/DSP/Include/arm_math.h ****   {
1373:Drivers/CMSIS/DSP/Include/arm_math.h ****     uint16_t numRows;     /**< number of rows of the matrix.     */
1374:Drivers/CMSIS/DSP/Include/arm_math.h ****     uint16_t numCols;     /**< number of columns of the matrix.  */
1375:Drivers/CMSIS/DSP/Include/arm_math.h ****     q15_t *pData;         /**< points to the data of the matrix. */
1376:Drivers/CMSIS/DSP/Include/arm_math.h ****   } arm_matrix_instance_q15;
1377:Drivers/CMSIS/DSP/Include/arm_math.h **** 
1378:Drivers/CMSIS/DSP/Include/arm_math.h ****   /**
1379:Drivers/CMSIS/DSP/Include/arm_math.h ****    * @brief Instance structure for the Q31 matrix structure.
1380:Drivers/CMSIS/DSP/Include/arm_math.h ****    */
1381:Drivers/CMSIS/DSP/Include/arm_math.h ****   typedef struct
1382:Drivers/CMSIS/DSP/Include/arm_math.h ****   {
1383:Drivers/CMSIS/DSP/Include/arm_math.h ****     uint16_t numRows;     /**< number of rows of the matrix.     */
1384:Drivers/CMSIS/DSP/Include/arm_math.h ****     uint16_t numCols;     /**< number of columns of the matrix.  */
1385:Drivers/CMSIS/DSP/Include/arm_math.h ****     q31_t *pData;         /**< points to the data of the matrix. */
1386:Drivers/CMSIS/DSP/Include/arm_math.h ****   } arm_matrix_instance_q31;
1387:Drivers/CMSIS/DSP/Include/arm_math.h **** 
1388:Drivers/CMSIS/DSP/Include/arm_math.h **** 
1389:Drivers/CMSIS/DSP/Include/arm_math.h ****   /**
1390:Drivers/CMSIS/DSP/Include/arm_math.h ****    * @brief Floating-point matrix addition.
1391:Drivers/CMSIS/DSP/Include/arm_math.h ****    * @param[in]  pSrcA  points to the first input matrix structure
1392:Drivers/CMSIS/DSP/Include/arm_math.h ****    * @param[in]  pSrcB  points to the second input matrix structure
1393:Drivers/CMSIS/DSP/Include/arm_math.h ****    * @param[out] pDst   points to output matrix structure
1394:Drivers/CMSIS/DSP/Include/arm_math.h ****    * @return     The function returns either
1395:Drivers/CMSIS/DSP/Include/arm_math.h ****    * <code>ARM_MATH_SIZE_MISMATCH</code> or <code>ARM_MATH_SUCCESS</code> based on the outcome of s
1396:Drivers/CMSIS/DSP/Include/arm_math.h ****    */
1397:Drivers/CMSIS/DSP/Include/arm_math.h ****   arm_status arm_mat_add_f32(
1398:Drivers/CMSIS/DSP/Include/arm_math.h ****   const arm_matrix_instance_f32 * pSrcA,
1399:Drivers/CMSIS/DSP/Include/arm_math.h ****   const arm_matrix_instance_f32 * pSrcB,
1400:Drivers/CMSIS/DSP/Include/arm_math.h ****   arm_matrix_instance_f32 * pDst);
1401:Drivers/CMSIS/DSP/Include/arm_math.h **** 
1402:Drivers/CMSIS/DSP/Include/arm_math.h **** 
1403:Drivers/CMSIS/DSP/Include/arm_math.h ****   /**
1404:Drivers/CMSIS/DSP/Include/arm_math.h ****    * @brief Q15 matrix addition.
1405:Drivers/CMSIS/DSP/Include/arm_math.h ****    * @param[in]   pSrcA  points to the first input matrix structure
1406:Drivers/CMSIS/DSP/Include/arm_math.h ****    * @param[in]   pSrcB  points to the second input matrix structure
1407:Drivers/CMSIS/DSP/Include/arm_math.h ****    * @param[out]  pDst   points to output matrix structure
1408:Drivers/CMSIS/DSP/Include/arm_math.h ****    * @return     The function returns either
1409:Drivers/CMSIS/DSP/Include/arm_math.h ****    * <code>ARM_MATH_SIZE_MISMATCH</code> or <code>ARM_MATH_SUCCESS</code> based on the outcome of s
1410:Drivers/CMSIS/DSP/Include/arm_math.h ****    */
1411:Drivers/CMSIS/DSP/Include/arm_math.h ****   arm_status arm_mat_add_q15(
1412:Drivers/CMSIS/DSP/Include/arm_math.h ****   const arm_matrix_instance_q15 * pSrcA,
1413:Drivers/CMSIS/DSP/Include/arm_math.h ****   const arm_matrix_instance_q15 * pSrcB,
1414:Drivers/CMSIS/DSP/Include/arm_math.h ****   arm_matrix_instance_q15 * pDst);
1415:Drivers/CMSIS/DSP/Include/arm_math.h **** 
1416:Drivers/CMSIS/DSP/Include/arm_math.h **** 
1417:Drivers/CMSIS/DSP/Include/arm_math.h ****   /**
1418:Drivers/CMSIS/DSP/Include/arm_math.h ****    * @brief Q31 matrix addition.
1419:Drivers/CMSIS/DSP/Include/arm_math.h ****    * @param[in]  pSrcA  points to the first input matrix structure
1420:Drivers/CMSIS/DSP/Include/arm_math.h ****    * @param[in]  pSrcB  points to the second input matrix structure
1421:Drivers/CMSIS/DSP/Include/arm_math.h ****    * @param[out] pDst   points to output matrix structure
1422:Drivers/CMSIS/DSP/Include/arm_math.h ****    * @return     The function returns either
ARM GAS  C:\Users\Lamp\AppData\Local\Temp\ccC8j8ON.s 			page 32


1423:Drivers/CMSIS/DSP/Include/arm_math.h ****    * <code>ARM_MATH_SIZE_MISMATCH</code> or <code>ARM_MATH_SUCCESS</code> based on the outcome of s
1424:Drivers/CMSIS/DSP/Include/arm_math.h ****    */
1425:Drivers/CMSIS/DSP/Include/arm_math.h ****   arm_status arm_mat_add_q31(
1426:Drivers/CMSIS/DSP/Include/arm_math.h ****   const arm_matrix_instance_q31 * pSrcA,
1427:Drivers/CMSIS/DSP/Include/arm_math.h ****   const arm_matrix_instance_q31 * pSrcB,
1428:Drivers/CMSIS/DSP/Include/arm_math.h ****   arm_matrix_instance_q31 * pDst);
1429:Drivers/CMSIS/DSP/Include/arm_math.h **** 
1430:Drivers/CMSIS/DSP/Include/arm_math.h **** 
1431:Drivers/CMSIS/DSP/Include/arm_math.h ****   /**
1432:Drivers/CMSIS/DSP/Include/arm_math.h ****    * @brief Floating-point, complex, matrix multiplication.
1433:Drivers/CMSIS/DSP/Include/arm_math.h ****    * @param[in]  pSrcA  points to the first input matrix structure
1434:Drivers/CMSIS/DSP/Include/arm_math.h ****    * @param[in]  pSrcB  points to the second input matrix structure
1435:Drivers/CMSIS/DSP/Include/arm_math.h ****    * @param[out] pDst   points to output matrix structure
1436:Drivers/CMSIS/DSP/Include/arm_math.h ****    * @return     The function returns either
1437:Drivers/CMSIS/DSP/Include/arm_math.h ****    * <code>ARM_MATH_SIZE_MISMATCH</code> or <code>ARM_MATH_SUCCESS</code> based on the outcome of s
1438:Drivers/CMSIS/DSP/Include/arm_math.h ****    */
1439:Drivers/CMSIS/DSP/Include/arm_math.h ****   arm_status arm_mat_cmplx_mult_f32(
1440:Drivers/CMSIS/DSP/Include/arm_math.h ****   const arm_matrix_instance_f32 * pSrcA,
1441:Drivers/CMSIS/DSP/Include/arm_math.h ****   const arm_matrix_instance_f32 * pSrcB,
1442:Drivers/CMSIS/DSP/Include/arm_math.h ****   arm_matrix_instance_f32 * pDst);
1443:Drivers/CMSIS/DSP/Include/arm_math.h **** 
1444:Drivers/CMSIS/DSP/Include/arm_math.h **** 
1445:Drivers/CMSIS/DSP/Include/arm_math.h ****   /**
1446:Drivers/CMSIS/DSP/Include/arm_math.h ****    * @brief Q15, complex,  matrix multiplication.
1447:Drivers/CMSIS/DSP/Include/arm_math.h ****    * @param[in]  pSrcA  points to the first input matrix structure
1448:Drivers/CMSIS/DSP/Include/arm_math.h ****    * @param[in]  pSrcB  points to the second input matrix structure
1449:Drivers/CMSIS/DSP/Include/arm_math.h ****    * @param[out] pDst   points to output matrix structure
1450:Drivers/CMSIS/DSP/Include/arm_math.h ****    * @return     The function returns either
1451:Drivers/CMSIS/DSP/Include/arm_math.h ****    * <code>ARM_MATH_SIZE_MISMATCH</code> or <code>ARM_MATH_SUCCESS</code> based on the outcome of s
1452:Drivers/CMSIS/DSP/Include/arm_math.h ****    */
1453:Drivers/CMSIS/DSP/Include/arm_math.h ****   arm_status arm_mat_cmplx_mult_q15(
1454:Drivers/CMSIS/DSP/Include/arm_math.h ****   const arm_matrix_instance_q15 * pSrcA,
1455:Drivers/CMSIS/DSP/Include/arm_math.h ****   const arm_matrix_instance_q15 * pSrcB,
1456:Drivers/CMSIS/DSP/Include/arm_math.h ****   arm_matrix_instance_q15 * pDst,
1457:Drivers/CMSIS/DSP/Include/arm_math.h ****   q15_t * pScratch);
1458:Drivers/CMSIS/DSP/Include/arm_math.h **** 
1459:Drivers/CMSIS/DSP/Include/arm_math.h **** 
1460:Drivers/CMSIS/DSP/Include/arm_math.h ****   /**
1461:Drivers/CMSIS/DSP/Include/arm_math.h ****    * @brief Q31, complex, matrix multiplication.
1462:Drivers/CMSIS/DSP/Include/arm_math.h ****    * @param[in]  pSrcA  points to the first input matrix structure
1463:Drivers/CMSIS/DSP/Include/arm_math.h ****    * @param[in]  pSrcB  points to the second input matrix structure
1464:Drivers/CMSIS/DSP/Include/arm_math.h ****    * @param[out] pDst   points to output matrix structure
1465:Drivers/CMSIS/DSP/Include/arm_math.h ****    * @return     The function returns either
1466:Drivers/CMSIS/DSP/Include/arm_math.h ****    * <code>ARM_MATH_SIZE_MISMATCH</code> or <code>ARM_MATH_SUCCESS</code> based on the outcome of s
1467:Drivers/CMSIS/DSP/Include/arm_math.h ****    */
1468:Drivers/CMSIS/DSP/Include/arm_math.h ****   arm_status arm_mat_cmplx_mult_q31(
1469:Drivers/CMSIS/DSP/Include/arm_math.h ****   const arm_matrix_instance_q31 * pSrcA,
1470:Drivers/CMSIS/DSP/Include/arm_math.h ****   const arm_matrix_instance_q31 * pSrcB,
1471:Drivers/CMSIS/DSP/Include/arm_math.h ****   arm_matrix_instance_q31 * pDst);
1472:Drivers/CMSIS/DSP/Include/arm_math.h **** 
1473:Drivers/CMSIS/DSP/Include/arm_math.h **** 
1474:Drivers/CMSIS/DSP/Include/arm_math.h ****   /**
1475:Drivers/CMSIS/DSP/Include/arm_math.h ****    * @brief Floating-point matrix transpose.
1476:Drivers/CMSIS/DSP/Include/arm_math.h ****    * @param[in]  pSrc  points to the input matrix
1477:Drivers/CMSIS/DSP/Include/arm_math.h ****    * @param[out] pDst  points to the output matrix
1478:Drivers/CMSIS/DSP/Include/arm_math.h ****    * @return    The function returns either  <code>ARM_MATH_SIZE_MISMATCH</code>
1479:Drivers/CMSIS/DSP/Include/arm_math.h ****    * or <code>ARM_MATH_SUCCESS</code> based on the outcome of size checking.
ARM GAS  C:\Users\Lamp\AppData\Local\Temp\ccC8j8ON.s 			page 33


1480:Drivers/CMSIS/DSP/Include/arm_math.h ****    */
1481:Drivers/CMSIS/DSP/Include/arm_math.h ****   arm_status arm_mat_trans_f32(
1482:Drivers/CMSIS/DSP/Include/arm_math.h ****   const arm_matrix_instance_f32 * pSrc,
1483:Drivers/CMSIS/DSP/Include/arm_math.h ****   arm_matrix_instance_f32 * pDst);
1484:Drivers/CMSIS/DSP/Include/arm_math.h **** 
1485:Drivers/CMSIS/DSP/Include/arm_math.h **** 
1486:Drivers/CMSIS/DSP/Include/arm_math.h ****   /**
1487:Drivers/CMSIS/DSP/Include/arm_math.h ****    * @brief Q15 matrix transpose.
1488:Drivers/CMSIS/DSP/Include/arm_math.h ****    * @param[in]  pSrc  points to the input matrix
1489:Drivers/CMSIS/DSP/Include/arm_math.h ****    * @param[out] pDst  points to the output matrix
1490:Drivers/CMSIS/DSP/Include/arm_math.h ****    * @return    The function returns either  <code>ARM_MATH_SIZE_MISMATCH</code>
1491:Drivers/CMSIS/DSP/Include/arm_math.h ****    * or <code>ARM_MATH_SUCCESS</code> based on the outcome of size checking.
1492:Drivers/CMSIS/DSP/Include/arm_math.h ****    */
1493:Drivers/CMSIS/DSP/Include/arm_math.h ****   arm_status arm_mat_trans_q15(
1494:Drivers/CMSIS/DSP/Include/arm_math.h ****   const arm_matrix_instance_q15 * pSrc,
1495:Drivers/CMSIS/DSP/Include/arm_math.h ****   arm_matrix_instance_q15 * pDst);
1496:Drivers/CMSIS/DSP/Include/arm_math.h **** 
1497:Drivers/CMSIS/DSP/Include/arm_math.h **** 
1498:Drivers/CMSIS/DSP/Include/arm_math.h ****   /**
1499:Drivers/CMSIS/DSP/Include/arm_math.h ****    * @brief Q31 matrix transpose.
1500:Drivers/CMSIS/DSP/Include/arm_math.h ****    * @param[in]  pSrc  points to the input matrix
1501:Drivers/CMSIS/DSP/Include/arm_math.h ****    * @param[out] pDst  points to the output matrix
1502:Drivers/CMSIS/DSP/Include/arm_math.h ****    * @return    The function returns either  <code>ARM_MATH_SIZE_MISMATCH</code>
1503:Drivers/CMSIS/DSP/Include/arm_math.h ****    * or <code>ARM_MATH_SUCCESS</code> based on the outcome of size checking.
1504:Drivers/CMSIS/DSP/Include/arm_math.h ****    */
1505:Drivers/CMSIS/DSP/Include/arm_math.h ****   arm_status arm_mat_trans_q31(
1506:Drivers/CMSIS/DSP/Include/arm_math.h ****   const arm_matrix_instance_q31 * pSrc,
1507:Drivers/CMSIS/DSP/Include/arm_math.h ****   arm_matrix_instance_q31 * pDst);
1508:Drivers/CMSIS/DSP/Include/arm_math.h **** 
1509:Drivers/CMSIS/DSP/Include/arm_math.h **** 
1510:Drivers/CMSIS/DSP/Include/arm_math.h ****   /**
1511:Drivers/CMSIS/DSP/Include/arm_math.h ****    * @brief Floating-point matrix multiplication
1512:Drivers/CMSIS/DSP/Include/arm_math.h ****    * @param[in]  pSrcA  points to the first input matrix structure
1513:Drivers/CMSIS/DSP/Include/arm_math.h ****    * @param[in]  pSrcB  points to the second input matrix structure
1514:Drivers/CMSIS/DSP/Include/arm_math.h ****    * @param[out] pDst   points to output matrix structure
1515:Drivers/CMSIS/DSP/Include/arm_math.h ****    * @return     The function returns either
1516:Drivers/CMSIS/DSP/Include/arm_math.h ****    * <code>ARM_MATH_SIZE_MISMATCH</code> or <code>ARM_MATH_SUCCESS</code> based on the outcome of s
1517:Drivers/CMSIS/DSP/Include/arm_math.h ****    */
1518:Drivers/CMSIS/DSP/Include/arm_math.h ****   arm_status arm_mat_mult_f32(
1519:Drivers/CMSIS/DSP/Include/arm_math.h ****   const arm_matrix_instance_f32 * pSrcA,
1520:Drivers/CMSIS/DSP/Include/arm_math.h ****   const arm_matrix_instance_f32 * pSrcB,
1521:Drivers/CMSIS/DSP/Include/arm_math.h ****   arm_matrix_instance_f32 * pDst);
1522:Drivers/CMSIS/DSP/Include/arm_math.h **** 
1523:Drivers/CMSIS/DSP/Include/arm_math.h **** 
1524:Drivers/CMSIS/DSP/Include/arm_math.h ****   /**
1525:Drivers/CMSIS/DSP/Include/arm_math.h ****    * @brief Q15 matrix multiplication
1526:Drivers/CMSIS/DSP/Include/arm_math.h ****    * @param[in]  pSrcA   points to the first input matrix structure
1527:Drivers/CMSIS/DSP/Include/arm_math.h ****    * @param[in]  pSrcB   points to the second input matrix structure
1528:Drivers/CMSIS/DSP/Include/arm_math.h ****    * @param[out] pDst    points to output matrix structure
1529:Drivers/CMSIS/DSP/Include/arm_math.h ****    * @param[in]  pState  points to the array for storing intermediate results
1530:Drivers/CMSIS/DSP/Include/arm_math.h ****    * @return     The function returns either
1531:Drivers/CMSIS/DSP/Include/arm_math.h ****    * <code>ARM_MATH_SIZE_MISMATCH</code> or <code>ARM_MATH_SUCCESS</code> based on the outcome of s
1532:Drivers/CMSIS/DSP/Include/arm_math.h ****    */
1533:Drivers/CMSIS/DSP/Include/arm_math.h ****   arm_status arm_mat_mult_q15(
1534:Drivers/CMSIS/DSP/Include/arm_math.h ****   const arm_matrix_instance_q15 * pSrcA,
1535:Drivers/CMSIS/DSP/Include/arm_math.h ****   const arm_matrix_instance_q15 * pSrcB,
1536:Drivers/CMSIS/DSP/Include/arm_math.h ****   arm_matrix_instance_q15 * pDst,
ARM GAS  C:\Users\Lamp\AppData\Local\Temp\ccC8j8ON.s 			page 34


1537:Drivers/CMSIS/DSP/Include/arm_math.h ****   q15_t * pState);
1538:Drivers/CMSIS/DSP/Include/arm_math.h **** 
1539:Drivers/CMSIS/DSP/Include/arm_math.h **** 
1540:Drivers/CMSIS/DSP/Include/arm_math.h ****   /**
1541:Drivers/CMSIS/DSP/Include/arm_math.h ****    * @brief Q15 matrix multiplication (fast variant) for Cortex-M3 and Cortex-M4
1542:Drivers/CMSIS/DSP/Include/arm_math.h ****    * @param[in]  pSrcA   points to the first input matrix structure
1543:Drivers/CMSIS/DSP/Include/arm_math.h ****    * @param[in]  pSrcB   points to the second input matrix structure
1544:Drivers/CMSIS/DSP/Include/arm_math.h ****    * @param[out] pDst    points to output matrix structure
1545:Drivers/CMSIS/DSP/Include/arm_math.h ****    * @param[in]  pState  points to the array for storing intermediate results
1546:Drivers/CMSIS/DSP/Include/arm_math.h ****    * @return     The function returns either
1547:Drivers/CMSIS/DSP/Include/arm_math.h ****    * <code>ARM_MATH_SIZE_MISMATCH</code> or <code>ARM_MATH_SUCCESS</code> based on the outcome of s
1548:Drivers/CMSIS/DSP/Include/arm_math.h ****    */
1549:Drivers/CMSIS/DSP/Include/arm_math.h ****   arm_status arm_mat_mult_fast_q15(
1550:Drivers/CMSIS/DSP/Include/arm_math.h ****   const arm_matrix_instance_q15 * pSrcA,
1551:Drivers/CMSIS/DSP/Include/arm_math.h ****   const arm_matrix_instance_q15 * pSrcB,
1552:Drivers/CMSIS/DSP/Include/arm_math.h ****   arm_matrix_instance_q15 * pDst,
1553:Drivers/CMSIS/DSP/Include/arm_math.h ****   q15_t * pState);
1554:Drivers/CMSIS/DSP/Include/arm_math.h **** 
1555:Drivers/CMSIS/DSP/Include/arm_math.h **** 
1556:Drivers/CMSIS/DSP/Include/arm_math.h ****   /**
1557:Drivers/CMSIS/DSP/Include/arm_math.h ****    * @brief Q31 matrix multiplication
1558:Drivers/CMSIS/DSP/Include/arm_math.h ****    * @param[in]  pSrcA  points to the first input matrix structure
1559:Drivers/CMSIS/DSP/Include/arm_math.h ****    * @param[in]  pSrcB  points to the second input matrix structure
1560:Drivers/CMSIS/DSP/Include/arm_math.h ****    * @param[out] pDst   points to output matrix structure
1561:Drivers/CMSIS/DSP/Include/arm_math.h ****    * @return     The function returns either
1562:Drivers/CMSIS/DSP/Include/arm_math.h ****    * <code>ARM_MATH_SIZE_MISMATCH</code> or <code>ARM_MATH_SUCCESS</code> based on the outcome of s
1563:Drivers/CMSIS/DSP/Include/arm_math.h ****    */
1564:Drivers/CMSIS/DSP/Include/arm_math.h ****   arm_status arm_mat_mult_q31(
1565:Drivers/CMSIS/DSP/Include/arm_math.h ****   const arm_matrix_instance_q31 * pSrcA,
1566:Drivers/CMSIS/DSP/Include/arm_math.h ****   const arm_matrix_instance_q31 * pSrcB,
1567:Drivers/CMSIS/DSP/Include/arm_math.h ****   arm_matrix_instance_q31 * pDst);
1568:Drivers/CMSIS/DSP/Include/arm_math.h **** 
1569:Drivers/CMSIS/DSP/Include/arm_math.h **** 
1570:Drivers/CMSIS/DSP/Include/arm_math.h ****   /**
1571:Drivers/CMSIS/DSP/Include/arm_math.h ****    * @brief Q31 matrix multiplication (fast variant) for Cortex-M3 and Cortex-M4
1572:Drivers/CMSIS/DSP/Include/arm_math.h ****    * @param[in]  pSrcA  points to the first input matrix structure
1573:Drivers/CMSIS/DSP/Include/arm_math.h ****    * @param[in]  pSrcB  points to the second input matrix structure
1574:Drivers/CMSIS/DSP/Include/arm_math.h ****    * @param[out] pDst   points to output matrix structure
1575:Drivers/CMSIS/DSP/Include/arm_math.h ****    * @return     The function returns either
1576:Drivers/CMSIS/DSP/Include/arm_math.h ****    * <code>ARM_MATH_SIZE_MISMATCH</code> or <code>ARM_MATH_SUCCESS</code> based on the outcome of s
1577:Drivers/CMSIS/DSP/Include/arm_math.h ****    */
1578:Drivers/CMSIS/DSP/Include/arm_math.h ****   arm_status arm_mat_mult_fast_q31(
1579:Drivers/CMSIS/DSP/Include/arm_math.h ****   const arm_matrix_instance_q31 * pSrcA,
1580:Drivers/CMSIS/DSP/Include/arm_math.h ****   const arm_matrix_instance_q31 * pSrcB,
1581:Drivers/CMSIS/DSP/Include/arm_math.h ****   arm_matrix_instance_q31 * pDst);
1582:Drivers/CMSIS/DSP/Include/arm_math.h **** 
1583:Drivers/CMSIS/DSP/Include/arm_math.h **** 
1584:Drivers/CMSIS/DSP/Include/arm_math.h ****   /**
1585:Drivers/CMSIS/DSP/Include/arm_math.h ****    * @brief Floating-point matrix subtraction
1586:Drivers/CMSIS/DSP/Include/arm_math.h ****    * @param[in]  pSrcA  points to the first input matrix structure
1587:Drivers/CMSIS/DSP/Include/arm_math.h ****    * @param[in]  pSrcB  points to the second input matrix structure
1588:Drivers/CMSIS/DSP/Include/arm_math.h ****    * @param[out] pDst   points to output matrix structure
1589:Drivers/CMSIS/DSP/Include/arm_math.h ****    * @return     The function returns either
1590:Drivers/CMSIS/DSP/Include/arm_math.h ****    * <code>ARM_MATH_SIZE_MISMATCH</code> or <code>ARM_MATH_SUCCESS</code> based on the outcome of s
1591:Drivers/CMSIS/DSP/Include/arm_math.h ****    */
1592:Drivers/CMSIS/DSP/Include/arm_math.h ****   arm_status arm_mat_sub_f32(
1593:Drivers/CMSIS/DSP/Include/arm_math.h ****   const arm_matrix_instance_f32 * pSrcA,
ARM GAS  C:\Users\Lamp\AppData\Local\Temp\ccC8j8ON.s 			page 35


1594:Drivers/CMSIS/DSP/Include/arm_math.h ****   const arm_matrix_instance_f32 * pSrcB,
1595:Drivers/CMSIS/DSP/Include/arm_math.h ****   arm_matrix_instance_f32 * pDst);
1596:Drivers/CMSIS/DSP/Include/arm_math.h **** 
1597:Drivers/CMSIS/DSP/Include/arm_math.h **** 
1598:Drivers/CMSIS/DSP/Include/arm_math.h ****   /**
1599:Drivers/CMSIS/DSP/Include/arm_math.h ****    * @brief Q15 matrix subtraction
1600:Drivers/CMSIS/DSP/Include/arm_math.h ****    * @param[in]  pSrcA  points to the first input matrix structure
1601:Drivers/CMSIS/DSP/Include/arm_math.h ****    * @param[in]  pSrcB  points to the second input matrix structure
1602:Drivers/CMSIS/DSP/Include/arm_math.h ****    * @param[out] pDst   points to output matrix structure
1603:Drivers/CMSIS/DSP/Include/arm_math.h ****    * @return     The function returns either
1604:Drivers/CMSIS/DSP/Include/arm_math.h ****    * <code>ARM_MATH_SIZE_MISMATCH</code> or <code>ARM_MATH_SUCCESS</code> based on the outcome of s
1605:Drivers/CMSIS/DSP/Include/arm_math.h ****    */
1606:Drivers/CMSIS/DSP/Include/arm_math.h ****   arm_status arm_mat_sub_q15(
1607:Drivers/CMSIS/DSP/Include/arm_math.h ****   const arm_matrix_instance_q15 * pSrcA,
1608:Drivers/CMSIS/DSP/Include/arm_math.h ****   const arm_matrix_instance_q15 * pSrcB,
1609:Drivers/CMSIS/DSP/Include/arm_math.h ****   arm_matrix_instance_q15 * pDst);
1610:Drivers/CMSIS/DSP/Include/arm_math.h **** 
1611:Drivers/CMSIS/DSP/Include/arm_math.h **** 
1612:Drivers/CMSIS/DSP/Include/arm_math.h ****   /**
1613:Drivers/CMSIS/DSP/Include/arm_math.h ****    * @brief Q31 matrix subtraction
1614:Drivers/CMSIS/DSP/Include/arm_math.h ****    * @param[in]  pSrcA  points to the first input matrix structure
1615:Drivers/CMSIS/DSP/Include/arm_math.h ****    * @param[in]  pSrcB  points to the second input matrix structure
1616:Drivers/CMSIS/DSP/Include/arm_math.h ****    * @param[out] pDst   points to output matrix structure
1617:Drivers/CMSIS/DSP/Include/arm_math.h ****    * @return     The function returns either
1618:Drivers/CMSIS/DSP/Include/arm_math.h ****    * <code>ARM_MATH_SIZE_MISMATCH</code> or <code>ARM_MATH_SUCCESS</code> based on the outcome of s
1619:Drivers/CMSIS/DSP/Include/arm_math.h ****    */
1620:Drivers/CMSIS/DSP/Include/arm_math.h ****   arm_status arm_mat_sub_q31(
1621:Drivers/CMSIS/DSP/Include/arm_math.h ****   const arm_matrix_instance_q31 * pSrcA,
1622:Drivers/CMSIS/DSP/Include/arm_math.h ****   const arm_matrix_instance_q31 * pSrcB,
1623:Drivers/CMSIS/DSP/Include/arm_math.h ****   arm_matrix_instance_q31 * pDst);
1624:Drivers/CMSIS/DSP/Include/arm_math.h **** 
1625:Drivers/CMSIS/DSP/Include/arm_math.h **** 
1626:Drivers/CMSIS/DSP/Include/arm_math.h ****   /**
1627:Drivers/CMSIS/DSP/Include/arm_math.h ****    * @brief Floating-point matrix scaling.
1628:Drivers/CMSIS/DSP/Include/arm_math.h ****    * @param[in]  pSrc   points to the input matrix
1629:Drivers/CMSIS/DSP/Include/arm_math.h ****    * @param[in]  scale  scale factor
1630:Drivers/CMSIS/DSP/Include/arm_math.h ****    * @param[out] pDst   points to the output matrix
1631:Drivers/CMSIS/DSP/Include/arm_math.h ****    * @return     The function returns either
1632:Drivers/CMSIS/DSP/Include/arm_math.h ****    * <code>ARM_MATH_SIZE_MISMATCH</code> or <code>ARM_MATH_SUCCESS</code> based on the outcome of s
1633:Drivers/CMSIS/DSP/Include/arm_math.h ****    */
1634:Drivers/CMSIS/DSP/Include/arm_math.h ****   arm_status arm_mat_scale_f32(
1635:Drivers/CMSIS/DSP/Include/arm_math.h ****   const arm_matrix_instance_f32 * pSrc,
1636:Drivers/CMSIS/DSP/Include/arm_math.h ****   float32_t scale,
1637:Drivers/CMSIS/DSP/Include/arm_math.h ****   arm_matrix_instance_f32 * pDst);
1638:Drivers/CMSIS/DSP/Include/arm_math.h **** 
1639:Drivers/CMSIS/DSP/Include/arm_math.h **** 
1640:Drivers/CMSIS/DSP/Include/arm_math.h ****   /**
1641:Drivers/CMSIS/DSP/Include/arm_math.h ****    * @brief Q15 matrix scaling.
1642:Drivers/CMSIS/DSP/Include/arm_math.h ****    * @param[in]  pSrc        points to input matrix
1643:Drivers/CMSIS/DSP/Include/arm_math.h ****    * @param[in]  scaleFract  fractional portion of the scale factor
1644:Drivers/CMSIS/DSP/Include/arm_math.h ****    * @param[in]  shift       number of bits to shift the result by
1645:Drivers/CMSIS/DSP/Include/arm_math.h ****    * @param[out] pDst        points to output matrix
1646:Drivers/CMSIS/DSP/Include/arm_math.h ****    * @return     The function returns either
1647:Drivers/CMSIS/DSP/Include/arm_math.h ****    * <code>ARM_MATH_SIZE_MISMATCH</code> or <code>ARM_MATH_SUCCESS</code> based on the outcome of s
1648:Drivers/CMSIS/DSP/Include/arm_math.h ****    */
1649:Drivers/CMSIS/DSP/Include/arm_math.h ****   arm_status arm_mat_scale_q15(
1650:Drivers/CMSIS/DSP/Include/arm_math.h ****   const arm_matrix_instance_q15 * pSrc,
ARM GAS  C:\Users\Lamp\AppData\Local\Temp\ccC8j8ON.s 			page 36


1651:Drivers/CMSIS/DSP/Include/arm_math.h ****   q15_t scaleFract,
1652:Drivers/CMSIS/DSP/Include/arm_math.h ****   int32_t shift,
1653:Drivers/CMSIS/DSP/Include/arm_math.h ****   arm_matrix_instance_q15 * pDst);
1654:Drivers/CMSIS/DSP/Include/arm_math.h **** 
1655:Drivers/CMSIS/DSP/Include/arm_math.h **** 
1656:Drivers/CMSIS/DSP/Include/arm_math.h ****   /**
1657:Drivers/CMSIS/DSP/Include/arm_math.h ****    * @brief Q31 matrix scaling.
1658:Drivers/CMSIS/DSP/Include/arm_math.h ****    * @param[in]  pSrc        points to input matrix
1659:Drivers/CMSIS/DSP/Include/arm_math.h ****    * @param[in]  scaleFract  fractional portion of the scale factor
1660:Drivers/CMSIS/DSP/Include/arm_math.h ****    * @param[in]  shift       number of bits to shift the result by
1661:Drivers/CMSIS/DSP/Include/arm_math.h ****    * @param[out] pDst        points to output matrix structure
1662:Drivers/CMSIS/DSP/Include/arm_math.h ****    * @return     The function returns either
1663:Drivers/CMSIS/DSP/Include/arm_math.h ****    * <code>ARM_MATH_SIZE_MISMATCH</code> or <code>ARM_MATH_SUCCESS</code> based on the outcome of s
1664:Drivers/CMSIS/DSP/Include/arm_math.h ****    */
1665:Drivers/CMSIS/DSP/Include/arm_math.h ****   arm_status arm_mat_scale_q31(
1666:Drivers/CMSIS/DSP/Include/arm_math.h ****   const arm_matrix_instance_q31 * pSrc,
1667:Drivers/CMSIS/DSP/Include/arm_math.h ****   q31_t scaleFract,
1668:Drivers/CMSIS/DSP/Include/arm_math.h ****   int32_t shift,
1669:Drivers/CMSIS/DSP/Include/arm_math.h ****   arm_matrix_instance_q31 * pDst);
1670:Drivers/CMSIS/DSP/Include/arm_math.h **** 
1671:Drivers/CMSIS/DSP/Include/arm_math.h **** 
1672:Drivers/CMSIS/DSP/Include/arm_math.h ****   /**
1673:Drivers/CMSIS/DSP/Include/arm_math.h ****    * @brief  Q31 matrix initialization.
1674:Drivers/CMSIS/DSP/Include/arm_math.h ****    * @param[in,out] S         points to an instance of the floating-point matrix structure.
1675:Drivers/CMSIS/DSP/Include/arm_math.h ****    * @param[in]     nRows     number of rows in the matrix.
1676:Drivers/CMSIS/DSP/Include/arm_math.h ****    * @param[in]     nColumns  number of columns in the matrix.
1677:Drivers/CMSIS/DSP/Include/arm_math.h ****    * @param[in]     pData     points to the matrix data array.
1678:Drivers/CMSIS/DSP/Include/arm_math.h ****    */
1679:Drivers/CMSIS/DSP/Include/arm_math.h ****   void arm_mat_init_q31(
1680:Drivers/CMSIS/DSP/Include/arm_math.h ****   arm_matrix_instance_q31 * S,
1681:Drivers/CMSIS/DSP/Include/arm_math.h ****   uint16_t nRows,
1682:Drivers/CMSIS/DSP/Include/arm_math.h ****   uint16_t nColumns,
1683:Drivers/CMSIS/DSP/Include/arm_math.h ****   q31_t * pData);
1684:Drivers/CMSIS/DSP/Include/arm_math.h **** 
1685:Drivers/CMSIS/DSP/Include/arm_math.h **** 
1686:Drivers/CMSIS/DSP/Include/arm_math.h ****   /**
1687:Drivers/CMSIS/DSP/Include/arm_math.h ****    * @brief  Q15 matrix initialization.
1688:Drivers/CMSIS/DSP/Include/arm_math.h ****    * @param[in,out] S         points to an instance of the floating-point matrix structure.
1689:Drivers/CMSIS/DSP/Include/arm_math.h ****    * @param[in]     nRows     number of rows in the matrix.
1690:Drivers/CMSIS/DSP/Include/arm_math.h ****    * @param[in]     nColumns  number of columns in the matrix.
1691:Drivers/CMSIS/DSP/Include/arm_math.h ****    * @param[in]     pData     points to the matrix data array.
1692:Drivers/CMSIS/DSP/Include/arm_math.h ****    */
1693:Drivers/CMSIS/DSP/Include/arm_math.h ****   void arm_mat_init_q15(
1694:Drivers/CMSIS/DSP/Include/arm_math.h ****   arm_matrix_instance_q15 * S,
1695:Drivers/CMSIS/DSP/Include/arm_math.h ****   uint16_t nRows,
1696:Drivers/CMSIS/DSP/Include/arm_math.h ****   uint16_t nColumns,
1697:Drivers/CMSIS/DSP/Include/arm_math.h ****   q15_t * pData);
1698:Drivers/CMSIS/DSP/Include/arm_math.h **** 
1699:Drivers/CMSIS/DSP/Include/arm_math.h **** 
1700:Drivers/CMSIS/DSP/Include/arm_math.h ****   /**
1701:Drivers/CMSIS/DSP/Include/arm_math.h ****    * @brief  Floating-point matrix initialization.
1702:Drivers/CMSIS/DSP/Include/arm_math.h ****    * @param[in,out] S         points to an instance of the floating-point matrix structure.
1703:Drivers/CMSIS/DSP/Include/arm_math.h ****    * @param[in]     nRows     number of rows in the matrix.
1704:Drivers/CMSIS/DSP/Include/arm_math.h ****    * @param[in]     nColumns  number of columns in the matrix.
1705:Drivers/CMSIS/DSP/Include/arm_math.h ****    * @param[in]     pData     points to the matrix data array.
1706:Drivers/CMSIS/DSP/Include/arm_math.h ****    */
1707:Drivers/CMSIS/DSP/Include/arm_math.h ****   void arm_mat_init_f32(
ARM GAS  C:\Users\Lamp\AppData\Local\Temp\ccC8j8ON.s 			page 37


1708:Drivers/CMSIS/DSP/Include/arm_math.h ****   arm_matrix_instance_f32 * S,
1709:Drivers/CMSIS/DSP/Include/arm_math.h ****   uint16_t nRows,
1710:Drivers/CMSIS/DSP/Include/arm_math.h ****   uint16_t nColumns,
1711:Drivers/CMSIS/DSP/Include/arm_math.h ****   float32_t * pData);
1712:Drivers/CMSIS/DSP/Include/arm_math.h **** 
1713:Drivers/CMSIS/DSP/Include/arm_math.h **** 
1714:Drivers/CMSIS/DSP/Include/arm_math.h **** 
1715:Drivers/CMSIS/DSP/Include/arm_math.h ****   /**
1716:Drivers/CMSIS/DSP/Include/arm_math.h ****    * @brief Instance structure for the Q15 PID Control.
1717:Drivers/CMSIS/DSP/Include/arm_math.h ****    */
1718:Drivers/CMSIS/DSP/Include/arm_math.h ****   typedef struct
1719:Drivers/CMSIS/DSP/Include/arm_math.h ****   {
1720:Drivers/CMSIS/DSP/Include/arm_math.h ****     q15_t A0;           /**< The derived gain, A0 = Kp + Ki + Kd . */
1721:Drivers/CMSIS/DSP/Include/arm_math.h **** #if !defined (ARM_MATH_DSP)
1722:Drivers/CMSIS/DSP/Include/arm_math.h ****     q15_t A1;
1723:Drivers/CMSIS/DSP/Include/arm_math.h ****     q15_t A2;
1724:Drivers/CMSIS/DSP/Include/arm_math.h **** #else
1725:Drivers/CMSIS/DSP/Include/arm_math.h ****     q31_t A1;           /**< The derived gain A1 = -Kp - 2Kd | Kd.*/
1726:Drivers/CMSIS/DSP/Include/arm_math.h **** #endif
1727:Drivers/CMSIS/DSP/Include/arm_math.h ****     q15_t state[3];     /**< The state array of length 3. */
1728:Drivers/CMSIS/DSP/Include/arm_math.h ****     q15_t Kp;           /**< The proportional gain. */
1729:Drivers/CMSIS/DSP/Include/arm_math.h ****     q15_t Ki;           /**< The integral gain. */
1730:Drivers/CMSIS/DSP/Include/arm_math.h ****     q15_t Kd;           /**< The derivative gain. */
1731:Drivers/CMSIS/DSP/Include/arm_math.h ****   } arm_pid_instance_q15;
1732:Drivers/CMSIS/DSP/Include/arm_math.h **** 
1733:Drivers/CMSIS/DSP/Include/arm_math.h ****   /**
1734:Drivers/CMSIS/DSP/Include/arm_math.h ****    * @brief Instance structure for the Q31 PID Control.
1735:Drivers/CMSIS/DSP/Include/arm_math.h ****    */
1736:Drivers/CMSIS/DSP/Include/arm_math.h ****   typedef struct
1737:Drivers/CMSIS/DSP/Include/arm_math.h ****   {
1738:Drivers/CMSIS/DSP/Include/arm_math.h ****     q31_t A0;            /**< The derived gain, A0 = Kp + Ki + Kd . */
1739:Drivers/CMSIS/DSP/Include/arm_math.h ****     q31_t A1;            /**< The derived gain, A1 = -Kp - 2Kd. */
1740:Drivers/CMSIS/DSP/Include/arm_math.h ****     q31_t A2;            /**< The derived gain, A2 = Kd . */
1741:Drivers/CMSIS/DSP/Include/arm_math.h ****     q31_t state[3];      /**< The state array of length 3. */
1742:Drivers/CMSIS/DSP/Include/arm_math.h ****     q31_t Kp;            /**< The proportional gain. */
1743:Drivers/CMSIS/DSP/Include/arm_math.h ****     q31_t Ki;            /**< The integral gain. */
1744:Drivers/CMSIS/DSP/Include/arm_math.h ****     q31_t Kd;            /**< The derivative gain. */
1745:Drivers/CMSIS/DSP/Include/arm_math.h ****   } arm_pid_instance_q31;
1746:Drivers/CMSIS/DSP/Include/arm_math.h **** 
1747:Drivers/CMSIS/DSP/Include/arm_math.h ****   /**
1748:Drivers/CMSIS/DSP/Include/arm_math.h ****    * @brief Instance structure for the floating-point PID Control.
1749:Drivers/CMSIS/DSP/Include/arm_math.h ****    */
1750:Drivers/CMSIS/DSP/Include/arm_math.h ****   typedef struct
1751:Drivers/CMSIS/DSP/Include/arm_math.h ****   {
1752:Drivers/CMSIS/DSP/Include/arm_math.h ****     float32_t A0;          /**< The derived gain, A0 = Kp + Ki + Kd . */
1753:Drivers/CMSIS/DSP/Include/arm_math.h ****     float32_t A1;          /**< The derived gain, A1 = -Kp - 2Kd. */
1754:Drivers/CMSIS/DSP/Include/arm_math.h ****     float32_t A2;          /**< The derived gain, A2 = Kd . */
1755:Drivers/CMSIS/DSP/Include/arm_math.h ****     float32_t state[3];    /**< The state array of length 3. */
1756:Drivers/CMSIS/DSP/Include/arm_math.h ****     float32_t Kp;          /**< The proportional gain. */
1757:Drivers/CMSIS/DSP/Include/arm_math.h ****     float32_t Ki;          /**< The integral gain. */
1758:Drivers/CMSIS/DSP/Include/arm_math.h ****     float32_t Kd;          /**< The derivative gain. */
1759:Drivers/CMSIS/DSP/Include/arm_math.h ****   } arm_pid_instance_f32;
1760:Drivers/CMSIS/DSP/Include/arm_math.h **** 
1761:Drivers/CMSIS/DSP/Include/arm_math.h **** 
1762:Drivers/CMSIS/DSP/Include/arm_math.h **** 
1763:Drivers/CMSIS/DSP/Include/arm_math.h ****   /**
1764:Drivers/CMSIS/DSP/Include/arm_math.h ****    * @brief  Initialization function for the floating-point PID Control.
ARM GAS  C:\Users\Lamp\AppData\Local\Temp\ccC8j8ON.s 			page 38


1765:Drivers/CMSIS/DSP/Include/arm_math.h ****    * @param[in,out] S               points to an instance of the PID structure.
1766:Drivers/CMSIS/DSP/Include/arm_math.h ****    * @param[in]     resetStateFlag  flag to reset the state. 0 = no change in state 1 = reset the s
1767:Drivers/CMSIS/DSP/Include/arm_math.h ****    */
1768:Drivers/CMSIS/DSP/Include/arm_math.h ****   void arm_pid_init_f32(
1769:Drivers/CMSIS/DSP/Include/arm_math.h ****   arm_pid_instance_f32 * S,
1770:Drivers/CMSIS/DSP/Include/arm_math.h ****   int32_t resetStateFlag);
1771:Drivers/CMSIS/DSP/Include/arm_math.h **** 
1772:Drivers/CMSIS/DSP/Include/arm_math.h **** 
1773:Drivers/CMSIS/DSP/Include/arm_math.h ****   /**
1774:Drivers/CMSIS/DSP/Include/arm_math.h ****    * @brief  Reset function for the floating-point PID Control.
1775:Drivers/CMSIS/DSP/Include/arm_math.h ****    * @param[in,out] S  is an instance of the floating-point PID Control structure
1776:Drivers/CMSIS/DSP/Include/arm_math.h ****    */
1777:Drivers/CMSIS/DSP/Include/arm_math.h ****   void arm_pid_reset_f32(
1778:Drivers/CMSIS/DSP/Include/arm_math.h ****   arm_pid_instance_f32 * S);
1779:Drivers/CMSIS/DSP/Include/arm_math.h **** 
1780:Drivers/CMSIS/DSP/Include/arm_math.h **** 
1781:Drivers/CMSIS/DSP/Include/arm_math.h ****   /**
1782:Drivers/CMSIS/DSP/Include/arm_math.h ****    * @brief  Initialization function for the Q31 PID Control.
1783:Drivers/CMSIS/DSP/Include/arm_math.h ****    * @param[in,out] S               points to an instance of the Q15 PID structure.
1784:Drivers/CMSIS/DSP/Include/arm_math.h ****    * @param[in]     resetStateFlag  flag to reset the state. 0 = no change in state 1 = reset the s
1785:Drivers/CMSIS/DSP/Include/arm_math.h ****    */
1786:Drivers/CMSIS/DSP/Include/arm_math.h ****   void arm_pid_init_q31(
1787:Drivers/CMSIS/DSP/Include/arm_math.h ****   arm_pid_instance_q31 * S,
1788:Drivers/CMSIS/DSP/Include/arm_math.h ****   int32_t resetStateFlag);
1789:Drivers/CMSIS/DSP/Include/arm_math.h **** 
1790:Drivers/CMSIS/DSP/Include/arm_math.h **** 
1791:Drivers/CMSIS/DSP/Include/arm_math.h ****   /**
1792:Drivers/CMSIS/DSP/Include/arm_math.h ****    * @brief  Reset function for the Q31 PID Control.
1793:Drivers/CMSIS/DSP/Include/arm_math.h ****    * @param[in,out] S   points to an instance of the Q31 PID Control structure
1794:Drivers/CMSIS/DSP/Include/arm_math.h ****    */
1795:Drivers/CMSIS/DSP/Include/arm_math.h **** 
1796:Drivers/CMSIS/DSP/Include/arm_math.h ****   void arm_pid_reset_q31(
1797:Drivers/CMSIS/DSP/Include/arm_math.h ****   arm_pid_instance_q31 * S);
1798:Drivers/CMSIS/DSP/Include/arm_math.h **** 
1799:Drivers/CMSIS/DSP/Include/arm_math.h **** 
1800:Drivers/CMSIS/DSP/Include/arm_math.h ****   /**
1801:Drivers/CMSIS/DSP/Include/arm_math.h ****    * @brief  Initialization function for the Q15 PID Control.
1802:Drivers/CMSIS/DSP/Include/arm_math.h ****    * @param[in,out] S               points to an instance of the Q15 PID structure.
1803:Drivers/CMSIS/DSP/Include/arm_math.h ****    * @param[in]     resetStateFlag  flag to reset the state. 0 = no change in state 1 = reset the s
1804:Drivers/CMSIS/DSP/Include/arm_math.h ****    */
1805:Drivers/CMSIS/DSP/Include/arm_math.h ****   void arm_pid_init_q15(
1806:Drivers/CMSIS/DSP/Include/arm_math.h ****   arm_pid_instance_q15 * S,
1807:Drivers/CMSIS/DSP/Include/arm_math.h ****   int32_t resetStateFlag);
1808:Drivers/CMSIS/DSP/Include/arm_math.h **** 
1809:Drivers/CMSIS/DSP/Include/arm_math.h **** 
1810:Drivers/CMSIS/DSP/Include/arm_math.h ****   /**
1811:Drivers/CMSIS/DSP/Include/arm_math.h ****    * @brief  Reset function for the Q15 PID Control.
1812:Drivers/CMSIS/DSP/Include/arm_math.h ****    * @param[in,out] S  points to an instance of the q15 PID Control structure
1813:Drivers/CMSIS/DSP/Include/arm_math.h ****    */
1814:Drivers/CMSIS/DSP/Include/arm_math.h ****   void arm_pid_reset_q15(
1815:Drivers/CMSIS/DSP/Include/arm_math.h ****   arm_pid_instance_q15 * S);
1816:Drivers/CMSIS/DSP/Include/arm_math.h **** 
1817:Drivers/CMSIS/DSP/Include/arm_math.h **** 
1818:Drivers/CMSIS/DSP/Include/arm_math.h ****   /**
1819:Drivers/CMSIS/DSP/Include/arm_math.h ****    * @brief Instance structure for the floating-point Linear Interpolate function.
1820:Drivers/CMSIS/DSP/Include/arm_math.h ****    */
1821:Drivers/CMSIS/DSP/Include/arm_math.h ****   typedef struct
ARM GAS  C:\Users\Lamp\AppData\Local\Temp\ccC8j8ON.s 			page 39


1822:Drivers/CMSIS/DSP/Include/arm_math.h ****   {
1823:Drivers/CMSIS/DSP/Include/arm_math.h ****     uint32_t nValues;           /**< nValues */
1824:Drivers/CMSIS/DSP/Include/arm_math.h ****     float32_t x1;               /**< x1 */
1825:Drivers/CMSIS/DSP/Include/arm_math.h ****     float32_t xSpacing;         /**< xSpacing */
1826:Drivers/CMSIS/DSP/Include/arm_math.h ****     float32_t *pYData;          /**< pointer to the table of Y values */
1827:Drivers/CMSIS/DSP/Include/arm_math.h ****   } arm_linear_interp_instance_f32;
1828:Drivers/CMSIS/DSP/Include/arm_math.h **** 
1829:Drivers/CMSIS/DSP/Include/arm_math.h ****   /**
1830:Drivers/CMSIS/DSP/Include/arm_math.h ****    * @brief Instance structure for the floating-point bilinear interpolation function.
1831:Drivers/CMSIS/DSP/Include/arm_math.h ****    */
1832:Drivers/CMSIS/DSP/Include/arm_math.h ****   typedef struct
1833:Drivers/CMSIS/DSP/Include/arm_math.h ****   {
1834:Drivers/CMSIS/DSP/Include/arm_math.h ****     uint16_t numRows;   /**< number of rows in the data table. */
1835:Drivers/CMSIS/DSP/Include/arm_math.h ****     uint16_t numCols;   /**< number of columns in the data table. */
1836:Drivers/CMSIS/DSP/Include/arm_math.h ****     float32_t *pData;   /**< points to the data table. */
1837:Drivers/CMSIS/DSP/Include/arm_math.h ****   } arm_bilinear_interp_instance_f32;
1838:Drivers/CMSIS/DSP/Include/arm_math.h **** 
1839:Drivers/CMSIS/DSP/Include/arm_math.h ****    /**
1840:Drivers/CMSIS/DSP/Include/arm_math.h ****    * @brief Instance structure for the Q31 bilinear interpolation function.
1841:Drivers/CMSIS/DSP/Include/arm_math.h ****    */
1842:Drivers/CMSIS/DSP/Include/arm_math.h ****   typedef struct
1843:Drivers/CMSIS/DSP/Include/arm_math.h ****   {
1844:Drivers/CMSIS/DSP/Include/arm_math.h ****     uint16_t numRows;   /**< number of rows in the data table. */
1845:Drivers/CMSIS/DSP/Include/arm_math.h ****     uint16_t numCols;   /**< number of columns in the data table. */
1846:Drivers/CMSIS/DSP/Include/arm_math.h ****     q31_t *pData;       /**< points to the data table. */
1847:Drivers/CMSIS/DSP/Include/arm_math.h ****   } arm_bilinear_interp_instance_q31;
1848:Drivers/CMSIS/DSP/Include/arm_math.h **** 
1849:Drivers/CMSIS/DSP/Include/arm_math.h ****    /**
1850:Drivers/CMSIS/DSP/Include/arm_math.h ****    * @brief Instance structure for the Q15 bilinear interpolation function.
1851:Drivers/CMSIS/DSP/Include/arm_math.h ****    */
1852:Drivers/CMSIS/DSP/Include/arm_math.h ****   typedef struct
1853:Drivers/CMSIS/DSP/Include/arm_math.h ****   {
1854:Drivers/CMSIS/DSP/Include/arm_math.h ****     uint16_t numRows;   /**< number of rows in the data table. */
1855:Drivers/CMSIS/DSP/Include/arm_math.h ****     uint16_t numCols;   /**< number of columns in the data table. */
1856:Drivers/CMSIS/DSP/Include/arm_math.h ****     q15_t *pData;       /**< points to the data table. */
1857:Drivers/CMSIS/DSP/Include/arm_math.h ****   } arm_bilinear_interp_instance_q15;
1858:Drivers/CMSIS/DSP/Include/arm_math.h **** 
1859:Drivers/CMSIS/DSP/Include/arm_math.h ****    /**
1860:Drivers/CMSIS/DSP/Include/arm_math.h ****    * @brief Instance structure for the Q15 bilinear interpolation function.
1861:Drivers/CMSIS/DSP/Include/arm_math.h ****    */
1862:Drivers/CMSIS/DSP/Include/arm_math.h ****   typedef struct
1863:Drivers/CMSIS/DSP/Include/arm_math.h ****   {
1864:Drivers/CMSIS/DSP/Include/arm_math.h ****     uint16_t numRows;   /**< number of rows in the data table. */
1865:Drivers/CMSIS/DSP/Include/arm_math.h ****     uint16_t numCols;   /**< number of columns in the data table. */
1866:Drivers/CMSIS/DSP/Include/arm_math.h ****     q7_t *pData;        /**< points to the data table. */
1867:Drivers/CMSIS/DSP/Include/arm_math.h ****   } arm_bilinear_interp_instance_q7;
1868:Drivers/CMSIS/DSP/Include/arm_math.h **** 
1869:Drivers/CMSIS/DSP/Include/arm_math.h **** 
1870:Drivers/CMSIS/DSP/Include/arm_math.h ****   /**
1871:Drivers/CMSIS/DSP/Include/arm_math.h ****    * @brief Q7 vector multiplication.
1872:Drivers/CMSIS/DSP/Include/arm_math.h ****    * @param[in]  pSrcA      points to the first input vector
1873:Drivers/CMSIS/DSP/Include/arm_math.h ****    * @param[in]  pSrcB      points to the second input vector
1874:Drivers/CMSIS/DSP/Include/arm_math.h ****    * @param[out] pDst       points to the output vector
1875:Drivers/CMSIS/DSP/Include/arm_math.h ****    * @param[in]  blockSize  number of samples in each vector
1876:Drivers/CMSIS/DSP/Include/arm_math.h ****    */
1877:Drivers/CMSIS/DSP/Include/arm_math.h ****   void arm_mult_q7(
1878:Drivers/CMSIS/DSP/Include/arm_math.h ****   q7_t * pSrcA,
ARM GAS  C:\Users\Lamp\AppData\Local\Temp\ccC8j8ON.s 			page 40


1879:Drivers/CMSIS/DSP/Include/arm_math.h ****   q7_t * pSrcB,
1880:Drivers/CMSIS/DSP/Include/arm_math.h ****   q7_t * pDst,
1881:Drivers/CMSIS/DSP/Include/arm_math.h ****   uint32_t blockSize);
1882:Drivers/CMSIS/DSP/Include/arm_math.h **** 
1883:Drivers/CMSIS/DSP/Include/arm_math.h **** 
1884:Drivers/CMSIS/DSP/Include/arm_math.h ****   /**
1885:Drivers/CMSIS/DSP/Include/arm_math.h ****    * @brief Q15 vector multiplication.
1886:Drivers/CMSIS/DSP/Include/arm_math.h ****    * @param[in]  pSrcA      points to the first input vector
1887:Drivers/CMSIS/DSP/Include/arm_math.h ****    * @param[in]  pSrcB      points to the second input vector
1888:Drivers/CMSIS/DSP/Include/arm_math.h ****    * @param[out] pDst       points to the output vector
1889:Drivers/CMSIS/DSP/Include/arm_math.h ****    * @param[in]  blockSize  number of samples in each vector
1890:Drivers/CMSIS/DSP/Include/arm_math.h ****    */
1891:Drivers/CMSIS/DSP/Include/arm_math.h ****   void arm_mult_q15(
1892:Drivers/CMSIS/DSP/Include/arm_math.h ****   q15_t * pSrcA,
1893:Drivers/CMSIS/DSP/Include/arm_math.h ****   q15_t * pSrcB,
1894:Drivers/CMSIS/DSP/Include/arm_math.h ****   q15_t * pDst,
1895:Drivers/CMSIS/DSP/Include/arm_math.h ****   uint32_t blockSize);
1896:Drivers/CMSIS/DSP/Include/arm_math.h **** 
1897:Drivers/CMSIS/DSP/Include/arm_math.h **** 
1898:Drivers/CMSIS/DSP/Include/arm_math.h ****   /**
1899:Drivers/CMSIS/DSP/Include/arm_math.h ****    * @brief Q31 vector multiplication.
1900:Drivers/CMSIS/DSP/Include/arm_math.h ****    * @param[in]  pSrcA      points to the first input vector
1901:Drivers/CMSIS/DSP/Include/arm_math.h ****    * @param[in]  pSrcB      points to the second input vector
1902:Drivers/CMSIS/DSP/Include/arm_math.h ****    * @param[out] pDst       points to the output vector
1903:Drivers/CMSIS/DSP/Include/arm_math.h ****    * @param[in]  blockSize  number of samples in each vector
1904:Drivers/CMSIS/DSP/Include/arm_math.h ****    */
1905:Drivers/CMSIS/DSP/Include/arm_math.h ****   void arm_mult_q31(
1906:Drivers/CMSIS/DSP/Include/arm_math.h ****   q31_t * pSrcA,
1907:Drivers/CMSIS/DSP/Include/arm_math.h ****   q31_t * pSrcB,
1908:Drivers/CMSIS/DSP/Include/arm_math.h ****   q31_t * pDst,
1909:Drivers/CMSIS/DSP/Include/arm_math.h ****   uint32_t blockSize);
1910:Drivers/CMSIS/DSP/Include/arm_math.h **** 
1911:Drivers/CMSIS/DSP/Include/arm_math.h **** 
1912:Drivers/CMSIS/DSP/Include/arm_math.h ****   /**
1913:Drivers/CMSIS/DSP/Include/arm_math.h ****    * @brief Floating-point vector multiplication.
1914:Drivers/CMSIS/DSP/Include/arm_math.h ****    * @param[in]  pSrcA      points to the first input vector
1915:Drivers/CMSIS/DSP/Include/arm_math.h ****    * @param[in]  pSrcB      points to the second input vector
1916:Drivers/CMSIS/DSP/Include/arm_math.h ****    * @param[out] pDst       points to the output vector
1917:Drivers/CMSIS/DSP/Include/arm_math.h ****    * @param[in]  blockSize  number of samples in each vector
1918:Drivers/CMSIS/DSP/Include/arm_math.h ****    */
1919:Drivers/CMSIS/DSP/Include/arm_math.h ****   void arm_mult_f32(
1920:Drivers/CMSIS/DSP/Include/arm_math.h ****   float32_t * pSrcA,
1921:Drivers/CMSIS/DSP/Include/arm_math.h ****   float32_t * pSrcB,
1922:Drivers/CMSIS/DSP/Include/arm_math.h ****   float32_t * pDst,
1923:Drivers/CMSIS/DSP/Include/arm_math.h ****   uint32_t blockSize);
1924:Drivers/CMSIS/DSP/Include/arm_math.h **** 
1925:Drivers/CMSIS/DSP/Include/arm_math.h **** 
1926:Drivers/CMSIS/DSP/Include/arm_math.h ****   /**
1927:Drivers/CMSIS/DSP/Include/arm_math.h ****    * @brief Instance structure for the Q15 CFFT/CIFFT function.
1928:Drivers/CMSIS/DSP/Include/arm_math.h ****    */
1929:Drivers/CMSIS/DSP/Include/arm_math.h ****   typedef struct
1930:Drivers/CMSIS/DSP/Include/arm_math.h ****   {
1931:Drivers/CMSIS/DSP/Include/arm_math.h ****     uint16_t fftLen;                 /**< length of the FFT. */
1932:Drivers/CMSIS/DSP/Include/arm_math.h ****     uint8_t ifftFlag;                /**< flag that selects forward (ifftFlag=0) or inverse (ifftFl
1933:Drivers/CMSIS/DSP/Include/arm_math.h ****     uint8_t bitReverseFlag;          /**< flag that enables (bitReverseFlag=1) or disables (bitReve
1934:Drivers/CMSIS/DSP/Include/arm_math.h ****     q15_t *pTwiddle;                 /**< points to the Sin twiddle factor table. */
1935:Drivers/CMSIS/DSP/Include/arm_math.h ****     uint16_t *pBitRevTable;          /**< points to the bit reversal table. */
ARM GAS  C:\Users\Lamp\AppData\Local\Temp\ccC8j8ON.s 			page 41


1936:Drivers/CMSIS/DSP/Include/arm_math.h ****     uint16_t twidCoefModifier;       /**< twiddle coefficient modifier that supports different size
1937:Drivers/CMSIS/DSP/Include/arm_math.h ****     uint16_t bitRevFactor;           /**< bit reversal modifier that supports different size FFTs w
1938:Drivers/CMSIS/DSP/Include/arm_math.h ****   } arm_cfft_radix2_instance_q15;
1939:Drivers/CMSIS/DSP/Include/arm_math.h **** 
1940:Drivers/CMSIS/DSP/Include/arm_math.h **** /* Deprecated */
1941:Drivers/CMSIS/DSP/Include/arm_math.h ****   arm_status arm_cfft_radix2_init_q15(
1942:Drivers/CMSIS/DSP/Include/arm_math.h ****   arm_cfft_radix2_instance_q15 * S,
1943:Drivers/CMSIS/DSP/Include/arm_math.h ****   uint16_t fftLen,
1944:Drivers/CMSIS/DSP/Include/arm_math.h ****   uint8_t ifftFlag,
1945:Drivers/CMSIS/DSP/Include/arm_math.h ****   uint8_t bitReverseFlag);
1946:Drivers/CMSIS/DSP/Include/arm_math.h **** 
1947:Drivers/CMSIS/DSP/Include/arm_math.h **** /* Deprecated */
1948:Drivers/CMSIS/DSP/Include/arm_math.h ****   void arm_cfft_radix2_q15(
1949:Drivers/CMSIS/DSP/Include/arm_math.h ****   const arm_cfft_radix2_instance_q15 * S,
1950:Drivers/CMSIS/DSP/Include/arm_math.h ****   q15_t * pSrc);
1951:Drivers/CMSIS/DSP/Include/arm_math.h **** 
1952:Drivers/CMSIS/DSP/Include/arm_math.h **** 
1953:Drivers/CMSIS/DSP/Include/arm_math.h ****   /**
1954:Drivers/CMSIS/DSP/Include/arm_math.h ****    * @brief Instance structure for the Q15 CFFT/CIFFT function.
1955:Drivers/CMSIS/DSP/Include/arm_math.h ****    */
1956:Drivers/CMSIS/DSP/Include/arm_math.h ****   typedef struct
1957:Drivers/CMSIS/DSP/Include/arm_math.h ****   {
1958:Drivers/CMSIS/DSP/Include/arm_math.h ****     uint16_t fftLen;                 /**< length of the FFT. */
1959:Drivers/CMSIS/DSP/Include/arm_math.h ****     uint8_t ifftFlag;                /**< flag that selects forward (ifftFlag=0) or inverse (ifftFl
1960:Drivers/CMSIS/DSP/Include/arm_math.h ****     uint8_t bitReverseFlag;          /**< flag that enables (bitReverseFlag=1) or disables (bitReve
1961:Drivers/CMSIS/DSP/Include/arm_math.h ****     q15_t *pTwiddle;                 /**< points to the twiddle factor table. */
1962:Drivers/CMSIS/DSP/Include/arm_math.h ****     uint16_t *pBitRevTable;          /**< points to the bit reversal table. */
1963:Drivers/CMSIS/DSP/Include/arm_math.h ****     uint16_t twidCoefModifier;       /**< twiddle coefficient modifier that supports different size
1964:Drivers/CMSIS/DSP/Include/arm_math.h ****     uint16_t bitRevFactor;           /**< bit reversal modifier that supports different size FFTs w
1965:Drivers/CMSIS/DSP/Include/arm_math.h ****   } arm_cfft_radix4_instance_q15;
1966:Drivers/CMSIS/DSP/Include/arm_math.h **** 
1967:Drivers/CMSIS/DSP/Include/arm_math.h **** /* Deprecated */
1968:Drivers/CMSIS/DSP/Include/arm_math.h ****   arm_status arm_cfft_radix4_init_q15(
1969:Drivers/CMSIS/DSP/Include/arm_math.h ****   arm_cfft_radix4_instance_q15 * S,
1970:Drivers/CMSIS/DSP/Include/arm_math.h ****   uint16_t fftLen,
1971:Drivers/CMSIS/DSP/Include/arm_math.h ****   uint8_t ifftFlag,
1972:Drivers/CMSIS/DSP/Include/arm_math.h ****   uint8_t bitReverseFlag);
1973:Drivers/CMSIS/DSP/Include/arm_math.h **** 
1974:Drivers/CMSIS/DSP/Include/arm_math.h **** /* Deprecated */
1975:Drivers/CMSIS/DSP/Include/arm_math.h ****   void arm_cfft_radix4_q15(
1976:Drivers/CMSIS/DSP/Include/arm_math.h ****   const arm_cfft_radix4_instance_q15 * S,
1977:Drivers/CMSIS/DSP/Include/arm_math.h ****   q15_t * pSrc);
1978:Drivers/CMSIS/DSP/Include/arm_math.h **** 
1979:Drivers/CMSIS/DSP/Include/arm_math.h ****   /**
1980:Drivers/CMSIS/DSP/Include/arm_math.h ****    * @brief Instance structure for the Radix-2 Q31 CFFT/CIFFT function.
1981:Drivers/CMSIS/DSP/Include/arm_math.h ****    */
1982:Drivers/CMSIS/DSP/Include/arm_math.h ****   typedef struct
1983:Drivers/CMSIS/DSP/Include/arm_math.h ****   {
1984:Drivers/CMSIS/DSP/Include/arm_math.h ****     uint16_t fftLen;                 /**< length of the FFT. */
1985:Drivers/CMSIS/DSP/Include/arm_math.h ****     uint8_t ifftFlag;                /**< flag that selects forward (ifftFlag=0) or inverse (ifftFl
1986:Drivers/CMSIS/DSP/Include/arm_math.h ****     uint8_t bitReverseFlag;          /**< flag that enables (bitReverseFlag=1) or disables (bitReve
1987:Drivers/CMSIS/DSP/Include/arm_math.h ****     q31_t *pTwiddle;                 /**< points to the Twiddle factor table. */
1988:Drivers/CMSIS/DSP/Include/arm_math.h ****     uint16_t *pBitRevTable;          /**< points to the bit reversal table. */
1989:Drivers/CMSIS/DSP/Include/arm_math.h ****     uint16_t twidCoefModifier;       /**< twiddle coefficient modifier that supports different size
1990:Drivers/CMSIS/DSP/Include/arm_math.h ****     uint16_t bitRevFactor;           /**< bit reversal modifier that supports different size FFTs w
1991:Drivers/CMSIS/DSP/Include/arm_math.h ****   } arm_cfft_radix2_instance_q31;
1992:Drivers/CMSIS/DSP/Include/arm_math.h **** 
ARM GAS  C:\Users\Lamp\AppData\Local\Temp\ccC8j8ON.s 			page 42


1993:Drivers/CMSIS/DSP/Include/arm_math.h **** /* Deprecated */
1994:Drivers/CMSIS/DSP/Include/arm_math.h ****   arm_status arm_cfft_radix2_init_q31(
1995:Drivers/CMSIS/DSP/Include/arm_math.h ****   arm_cfft_radix2_instance_q31 * S,
1996:Drivers/CMSIS/DSP/Include/arm_math.h ****   uint16_t fftLen,
1997:Drivers/CMSIS/DSP/Include/arm_math.h ****   uint8_t ifftFlag,
1998:Drivers/CMSIS/DSP/Include/arm_math.h ****   uint8_t bitReverseFlag);
1999:Drivers/CMSIS/DSP/Include/arm_math.h **** 
2000:Drivers/CMSIS/DSP/Include/arm_math.h **** /* Deprecated */
2001:Drivers/CMSIS/DSP/Include/arm_math.h ****   void arm_cfft_radix2_q31(
2002:Drivers/CMSIS/DSP/Include/arm_math.h ****   const arm_cfft_radix2_instance_q31 * S,
2003:Drivers/CMSIS/DSP/Include/arm_math.h ****   q31_t * pSrc);
2004:Drivers/CMSIS/DSP/Include/arm_math.h **** 
2005:Drivers/CMSIS/DSP/Include/arm_math.h ****   /**
2006:Drivers/CMSIS/DSP/Include/arm_math.h ****    * @brief Instance structure for the Q31 CFFT/CIFFT function.
2007:Drivers/CMSIS/DSP/Include/arm_math.h ****    */
2008:Drivers/CMSIS/DSP/Include/arm_math.h ****   typedef struct
2009:Drivers/CMSIS/DSP/Include/arm_math.h ****   {
2010:Drivers/CMSIS/DSP/Include/arm_math.h ****     uint16_t fftLen;                 /**< length of the FFT. */
2011:Drivers/CMSIS/DSP/Include/arm_math.h ****     uint8_t ifftFlag;                /**< flag that selects forward (ifftFlag=0) or inverse (ifftFl
2012:Drivers/CMSIS/DSP/Include/arm_math.h ****     uint8_t bitReverseFlag;          /**< flag that enables (bitReverseFlag=1) or disables (bitReve
2013:Drivers/CMSIS/DSP/Include/arm_math.h ****     q31_t *pTwiddle;                 /**< points to the twiddle factor table. */
2014:Drivers/CMSIS/DSP/Include/arm_math.h ****     uint16_t *pBitRevTable;          /**< points to the bit reversal table. */
2015:Drivers/CMSIS/DSP/Include/arm_math.h ****     uint16_t twidCoefModifier;       /**< twiddle coefficient modifier that supports different size
2016:Drivers/CMSIS/DSP/Include/arm_math.h ****     uint16_t bitRevFactor;           /**< bit reversal modifier that supports different size FFTs w
2017:Drivers/CMSIS/DSP/Include/arm_math.h ****   } arm_cfft_radix4_instance_q31;
2018:Drivers/CMSIS/DSP/Include/arm_math.h **** 
2019:Drivers/CMSIS/DSP/Include/arm_math.h **** /* Deprecated */
2020:Drivers/CMSIS/DSP/Include/arm_math.h ****   void arm_cfft_radix4_q31(
2021:Drivers/CMSIS/DSP/Include/arm_math.h ****   const arm_cfft_radix4_instance_q31 * S,
2022:Drivers/CMSIS/DSP/Include/arm_math.h ****   q31_t * pSrc);
2023:Drivers/CMSIS/DSP/Include/arm_math.h **** 
2024:Drivers/CMSIS/DSP/Include/arm_math.h **** /* Deprecated */
2025:Drivers/CMSIS/DSP/Include/arm_math.h ****   arm_status arm_cfft_radix4_init_q31(
2026:Drivers/CMSIS/DSP/Include/arm_math.h ****   arm_cfft_radix4_instance_q31 * S,
2027:Drivers/CMSIS/DSP/Include/arm_math.h ****   uint16_t fftLen,
2028:Drivers/CMSIS/DSP/Include/arm_math.h ****   uint8_t ifftFlag,
2029:Drivers/CMSIS/DSP/Include/arm_math.h ****   uint8_t bitReverseFlag);
2030:Drivers/CMSIS/DSP/Include/arm_math.h **** 
2031:Drivers/CMSIS/DSP/Include/arm_math.h ****   /**
2032:Drivers/CMSIS/DSP/Include/arm_math.h ****    * @brief Instance structure for the floating-point CFFT/CIFFT function.
2033:Drivers/CMSIS/DSP/Include/arm_math.h ****    */
2034:Drivers/CMSIS/DSP/Include/arm_math.h ****   typedef struct
2035:Drivers/CMSIS/DSP/Include/arm_math.h ****   {
2036:Drivers/CMSIS/DSP/Include/arm_math.h ****     uint16_t fftLen;                   /**< length of the FFT. */
2037:Drivers/CMSIS/DSP/Include/arm_math.h ****     uint8_t ifftFlag;                  /**< flag that selects forward (ifftFlag=0) or inverse (ifft
2038:Drivers/CMSIS/DSP/Include/arm_math.h ****     uint8_t bitReverseFlag;            /**< flag that enables (bitReverseFlag=1) or disables (bitRe
2039:Drivers/CMSIS/DSP/Include/arm_math.h ****     float32_t *pTwiddle;               /**< points to the Twiddle factor table. */
2040:Drivers/CMSIS/DSP/Include/arm_math.h ****     uint16_t *pBitRevTable;            /**< points to the bit reversal table. */
2041:Drivers/CMSIS/DSP/Include/arm_math.h ****     uint16_t twidCoefModifier;         /**< twiddle coefficient modifier that supports different si
2042:Drivers/CMSIS/DSP/Include/arm_math.h ****     uint16_t bitRevFactor;             /**< bit reversal modifier that supports different size FFTs
2043:Drivers/CMSIS/DSP/Include/arm_math.h ****     float32_t onebyfftLen;             /**< value of 1/fftLen. */
2044:Drivers/CMSIS/DSP/Include/arm_math.h ****   } arm_cfft_radix2_instance_f32;
2045:Drivers/CMSIS/DSP/Include/arm_math.h **** 
2046:Drivers/CMSIS/DSP/Include/arm_math.h **** /* Deprecated */
2047:Drivers/CMSIS/DSP/Include/arm_math.h ****   arm_status arm_cfft_radix2_init_f32(
2048:Drivers/CMSIS/DSP/Include/arm_math.h ****   arm_cfft_radix2_instance_f32 * S,
2049:Drivers/CMSIS/DSP/Include/arm_math.h ****   uint16_t fftLen,
ARM GAS  C:\Users\Lamp\AppData\Local\Temp\ccC8j8ON.s 			page 43


2050:Drivers/CMSIS/DSP/Include/arm_math.h ****   uint8_t ifftFlag,
2051:Drivers/CMSIS/DSP/Include/arm_math.h ****   uint8_t bitReverseFlag);
2052:Drivers/CMSIS/DSP/Include/arm_math.h **** 
2053:Drivers/CMSIS/DSP/Include/arm_math.h **** /* Deprecated */
2054:Drivers/CMSIS/DSP/Include/arm_math.h ****   void arm_cfft_radix2_f32(
2055:Drivers/CMSIS/DSP/Include/arm_math.h ****   const arm_cfft_radix2_instance_f32 * S,
2056:Drivers/CMSIS/DSP/Include/arm_math.h ****   float32_t * pSrc);
2057:Drivers/CMSIS/DSP/Include/arm_math.h **** 
2058:Drivers/CMSIS/DSP/Include/arm_math.h ****   /**
2059:Drivers/CMSIS/DSP/Include/arm_math.h ****    * @brief Instance structure for the floating-point CFFT/CIFFT function.
2060:Drivers/CMSIS/DSP/Include/arm_math.h ****    */
2061:Drivers/CMSIS/DSP/Include/arm_math.h ****   typedef struct
2062:Drivers/CMSIS/DSP/Include/arm_math.h ****   {
2063:Drivers/CMSIS/DSP/Include/arm_math.h ****     uint16_t fftLen;                   /**< length of the FFT. */
2064:Drivers/CMSIS/DSP/Include/arm_math.h ****     uint8_t ifftFlag;                  /**< flag that selects forward (ifftFlag=0) or inverse (ifft
2065:Drivers/CMSIS/DSP/Include/arm_math.h ****     uint8_t bitReverseFlag;            /**< flag that enables (bitReverseFlag=1) or disables (bitRe
2066:Drivers/CMSIS/DSP/Include/arm_math.h ****     float32_t *pTwiddle;               /**< points to the Twiddle factor table. */
2067:Drivers/CMSIS/DSP/Include/arm_math.h ****     uint16_t *pBitRevTable;            /**< points to the bit reversal table. */
2068:Drivers/CMSIS/DSP/Include/arm_math.h ****     uint16_t twidCoefModifier;         /**< twiddle coefficient modifier that supports different si
2069:Drivers/CMSIS/DSP/Include/arm_math.h ****     uint16_t bitRevFactor;             /**< bit reversal modifier that supports different size FFTs
2070:Drivers/CMSIS/DSP/Include/arm_math.h ****     float32_t onebyfftLen;             /**< value of 1/fftLen. */
2071:Drivers/CMSIS/DSP/Include/arm_math.h ****   } arm_cfft_radix4_instance_f32;
2072:Drivers/CMSIS/DSP/Include/arm_math.h **** 
2073:Drivers/CMSIS/DSP/Include/arm_math.h **** /* Deprecated */
2074:Drivers/CMSIS/DSP/Include/arm_math.h ****   arm_status arm_cfft_radix4_init_f32(
2075:Drivers/CMSIS/DSP/Include/arm_math.h ****   arm_cfft_radix4_instance_f32 * S,
2076:Drivers/CMSIS/DSP/Include/arm_math.h ****   uint16_t fftLen,
2077:Drivers/CMSIS/DSP/Include/arm_math.h ****   uint8_t ifftFlag,
2078:Drivers/CMSIS/DSP/Include/arm_math.h ****   uint8_t bitReverseFlag);
2079:Drivers/CMSIS/DSP/Include/arm_math.h **** 
2080:Drivers/CMSIS/DSP/Include/arm_math.h **** /* Deprecated */
2081:Drivers/CMSIS/DSP/Include/arm_math.h ****   void arm_cfft_radix4_f32(
2082:Drivers/CMSIS/DSP/Include/arm_math.h ****   const arm_cfft_radix4_instance_f32 * S,
2083:Drivers/CMSIS/DSP/Include/arm_math.h ****   float32_t * pSrc);
2084:Drivers/CMSIS/DSP/Include/arm_math.h **** 
2085:Drivers/CMSIS/DSP/Include/arm_math.h ****   /**
2086:Drivers/CMSIS/DSP/Include/arm_math.h ****    * @brief Instance structure for the fixed-point CFFT/CIFFT function.
2087:Drivers/CMSIS/DSP/Include/arm_math.h ****    */
2088:Drivers/CMSIS/DSP/Include/arm_math.h ****   typedef struct
2089:Drivers/CMSIS/DSP/Include/arm_math.h ****   {
2090:Drivers/CMSIS/DSP/Include/arm_math.h ****     uint16_t fftLen;                   /**< length of the FFT. */
2091:Drivers/CMSIS/DSP/Include/arm_math.h ****     const q15_t *pTwiddle;             /**< points to the Twiddle factor table. */
2092:Drivers/CMSIS/DSP/Include/arm_math.h ****     const uint16_t *pBitRevTable;      /**< points to the bit reversal table. */
2093:Drivers/CMSIS/DSP/Include/arm_math.h ****     uint16_t bitRevLength;             /**< bit reversal table length. */
2094:Drivers/CMSIS/DSP/Include/arm_math.h ****   } arm_cfft_instance_q15;
2095:Drivers/CMSIS/DSP/Include/arm_math.h **** 
2096:Drivers/CMSIS/DSP/Include/arm_math.h **** void arm_cfft_q15(
2097:Drivers/CMSIS/DSP/Include/arm_math.h ****     const arm_cfft_instance_q15 * S,
2098:Drivers/CMSIS/DSP/Include/arm_math.h ****     q15_t * p1,
2099:Drivers/CMSIS/DSP/Include/arm_math.h ****     uint8_t ifftFlag,
2100:Drivers/CMSIS/DSP/Include/arm_math.h ****     uint8_t bitReverseFlag);
2101:Drivers/CMSIS/DSP/Include/arm_math.h **** 
2102:Drivers/CMSIS/DSP/Include/arm_math.h ****   /**
2103:Drivers/CMSIS/DSP/Include/arm_math.h ****    * @brief Instance structure for the fixed-point CFFT/CIFFT function.
2104:Drivers/CMSIS/DSP/Include/arm_math.h ****    */
2105:Drivers/CMSIS/DSP/Include/arm_math.h ****   typedef struct
2106:Drivers/CMSIS/DSP/Include/arm_math.h ****   {
ARM GAS  C:\Users\Lamp\AppData\Local\Temp\ccC8j8ON.s 			page 44


2107:Drivers/CMSIS/DSP/Include/arm_math.h ****     uint16_t fftLen;                   /**< length of the FFT. */
2108:Drivers/CMSIS/DSP/Include/arm_math.h ****     const q31_t *pTwiddle;             /**< points to the Twiddle factor table. */
2109:Drivers/CMSIS/DSP/Include/arm_math.h ****     const uint16_t *pBitRevTable;      /**< points to the bit reversal table. */
2110:Drivers/CMSIS/DSP/Include/arm_math.h ****     uint16_t bitRevLength;             /**< bit reversal table length. */
2111:Drivers/CMSIS/DSP/Include/arm_math.h ****   } arm_cfft_instance_q31;
2112:Drivers/CMSIS/DSP/Include/arm_math.h **** 
2113:Drivers/CMSIS/DSP/Include/arm_math.h **** void arm_cfft_q31(
2114:Drivers/CMSIS/DSP/Include/arm_math.h ****     const arm_cfft_instance_q31 * S,
2115:Drivers/CMSIS/DSP/Include/arm_math.h ****     q31_t * p1,
2116:Drivers/CMSIS/DSP/Include/arm_math.h ****     uint8_t ifftFlag,
2117:Drivers/CMSIS/DSP/Include/arm_math.h ****     uint8_t bitReverseFlag);
2118:Drivers/CMSIS/DSP/Include/arm_math.h **** 
2119:Drivers/CMSIS/DSP/Include/arm_math.h ****   /**
2120:Drivers/CMSIS/DSP/Include/arm_math.h ****    * @brief Instance structure for the floating-point CFFT/CIFFT function.
2121:Drivers/CMSIS/DSP/Include/arm_math.h ****    */
2122:Drivers/CMSIS/DSP/Include/arm_math.h ****   typedef struct
2123:Drivers/CMSIS/DSP/Include/arm_math.h ****   {
2124:Drivers/CMSIS/DSP/Include/arm_math.h ****     uint16_t fftLen;                   /**< length of the FFT. */
2125:Drivers/CMSIS/DSP/Include/arm_math.h ****     const float32_t *pTwiddle;         /**< points to the Twiddle factor table. */
2126:Drivers/CMSIS/DSP/Include/arm_math.h ****     const uint16_t *pBitRevTable;      /**< points to the bit reversal table. */
2127:Drivers/CMSIS/DSP/Include/arm_math.h ****     uint16_t bitRevLength;             /**< bit reversal table length. */
2128:Drivers/CMSIS/DSP/Include/arm_math.h ****   } arm_cfft_instance_f32;
2129:Drivers/CMSIS/DSP/Include/arm_math.h **** 
2130:Drivers/CMSIS/DSP/Include/arm_math.h ****   void arm_cfft_f32(
2131:Drivers/CMSIS/DSP/Include/arm_math.h ****   const arm_cfft_instance_f32 * S,
2132:Drivers/CMSIS/DSP/Include/arm_math.h ****   float32_t * p1,
2133:Drivers/CMSIS/DSP/Include/arm_math.h ****   uint8_t ifftFlag,
2134:Drivers/CMSIS/DSP/Include/arm_math.h ****   uint8_t bitReverseFlag);
2135:Drivers/CMSIS/DSP/Include/arm_math.h **** 
2136:Drivers/CMSIS/DSP/Include/arm_math.h ****   /**
2137:Drivers/CMSIS/DSP/Include/arm_math.h ****    * @brief Instance structure for the Q15 RFFT/RIFFT function.
2138:Drivers/CMSIS/DSP/Include/arm_math.h ****    */
2139:Drivers/CMSIS/DSP/Include/arm_math.h ****   typedef struct
2140:Drivers/CMSIS/DSP/Include/arm_math.h ****   {
2141:Drivers/CMSIS/DSP/Include/arm_math.h ****     uint32_t fftLenReal;                      /**< length of the real FFT. */
2142:Drivers/CMSIS/DSP/Include/arm_math.h ****     uint8_t ifftFlagR;                        /**< flag that selects forward (ifftFlagR=0) or inver
2143:Drivers/CMSIS/DSP/Include/arm_math.h ****     uint8_t bitReverseFlagR;                  /**< flag that enables (bitReverseFlagR=1) or disable
2144:Drivers/CMSIS/DSP/Include/arm_math.h ****     uint32_t twidCoefRModifier;               /**< twiddle coefficient modifier that supports diffe
2145:Drivers/CMSIS/DSP/Include/arm_math.h ****     q15_t *pTwiddleAReal;                     /**< points to the real twiddle factor table. */
2146:Drivers/CMSIS/DSP/Include/arm_math.h ****     q15_t *pTwiddleBReal;                     /**< points to the imag twiddle factor table. */
2147:Drivers/CMSIS/DSP/Include/arm_math.h ****     const arm_cfft_instance_q15 *pCfft;       /**< points to the complex FFT instance. */
2148:Drivers/CMSIS/DSP/Include/arm_math.h ****   } arm_rfft_instance_q15;
2149:Drivers/CMSIS/DSP/Include/arm_math.h **** 
2150:Drivers/CMSIS/DSP/Include/arm_math.h ****   arm_status arm_rfft_init_q15(
2151:Drivers/CMSIS/DSP/Include/arm_math.h ****   arm_rfft_instance_q15 * S,
2152:Drivers/CMSIS/DSP/Include/arm_math.h ****   uint32_t fftLenReal,
2153:Drivers/CMSIS/DSP/Include/arm_math.h ****   uint32_t ifftFlagR,
2154:Drivers/CMSIS/DSP/Include/arm_math.h ****   uint32_t bitReverseFlag);
2155:Drivers/CMSIS/DSP/Include/arm_math.h **** 
2156:Drivers/CMSIS/DSP/Include/arm_math.h ****   void arm_rfft_q15(
2157:Drivers/CMSIS/DSP/Include/arm_math.h ****   const arm_rfft_instance_q15 * S,
2158:Drivers/CMSIS/DSP/Include/arm_math.h ****   q15_t * pSrc,
2159:Drivers/CMSIS/DSP/Include/arm_math.h ****   q15_t * pDst);
2160:Drivers/CMSIS/DSP/Include/arm_math.h **** 
2161:Drivers/CMSIS/DSP/Include/arm_math.h ****   /**
2162:Drivers/CMSIS/DSP/Include/arm_math.h ****    * @brief Instance structure for the Q31 RFFT/RIFFT function.
2163:Drivers/CMSIS/DSP/Include/arm_math.h ****    */
ARM GAS  C:\Users\Lamp\AppData\Local\Temp\ccC8j8ON.s 			page 45


2164:Drivers/CMSIS/DSP/Include/arm_math.h ****   typedef struct
2165:Drivers/CMSIS/DSP/Include/arm_math.h ****   {
2166:Drivers/CMSIS/DSP/Include/arm_math.h ****     uint32_t fftLenReal;                        /**< length of the real FFT. */
2167:Drivers/CMSIS/DSP/Include/arm_math.h ****     uint8_t ifftFlagR;                          /**< flag that selects forward (ifftFlagR=0) or inv
2168:Drivers/CMSIS/DSP/Include/arm_math.h ****     uint8_t bitReverseFlagR;                    /**< flag that enables (bitReverseFlagR=1) or disab
2169:Drivers/CMSIS/DSP/Include/arm_math.h ****     uint32_t twidCoefRModifier;                 /**< twiddle coefficient modifier that supports dif
2170:Drivers/CMSIS/DSP/Include/arm_math.h ****     q31_t *pTwiddleAReal;                       /**< points to the real twiddle factor table. */
2171:Drivers/CMSIS/DSP/Include/arm_math.h ****     q31_t *pTwiddleBReal;                       /**< points to the imag twiddle factor table. */
2172:Drivers/CMSIS/DSP/Include/arm_math.h ****     const arm_cfft_instance_q31 *pCfft;         /**< points to the complex FFT instance. */
2173:Drivers/CMSIS/DSP/Include/arm_math.h ****   } arm_rfft_instance_q31;
2174:Drivers/CMSIS/DSP/Include/arm_math.h **** 
2175:Drivers/CMSIS/DSP/Include/arm_math.h ****   arm_status arm_rfft_init_q31(
2176:Drivers/CMSIS/DSP/Include/arm_math.h ****   arm_rfft_instance_q31 * S,
2177:Drivers/CMSIS/DSP/Include/arm_math.h ****   uint32_t fftLenReal,
2178:Drivers/CMSIS/DSP/Include/arm_math.h ****   uint32_t ifftFlagR,
2179:Drivers/CMSIS/DSP/Include/arm_math.h ****   uint32_t bitReverseFlag);
2180:Drivers/CMSIS/DSP/Include/arm_math.h **** 
2181:Drivers/CMSIS/DSP/Include/arm_math.h ****   void arm_rfft_q31(
2182:Drivers/CMSIS/DSP/Include/arm_math.h ****   const arm_rfft_instance_q31 * S,
2183:Drivers/CMSIS/DSP/Include/arm_math.h ****   q31_t * pSrc,
2184:Drivers/CMSIS/DSP/Include/arm_math.h ****   q31_t * pDst);
2185:Drivers/CMSIS/DSP/Include/arm_math.h **** 
2186:Drivers/CMSIS/DSP/Include/arm_math.h ****   /**
2187:Drivers/CMSIS/DSP/Include/arm_math.h ****    * @brief Instance structure for the floating-point RFFT/RIFFT function.
2188:Drivers/CMSIS/DSP/Include/arm_math.h ****    */
2189:Drivers/CMSIS/DSP/Include/arm_math.h ****   typedef struct
2190:Drivers/CMSIS/DSP/Include/arm_math.h ****   {
2191:Drivers/CMSIS/DSP/Include/arm_math.h ****     uint32_t fftLenReal;                        /**< length of the real FFT. */
2192:Drivers/CMSIS/DSP/Include/arm_math.h ****     uint16_t fftLenBy2;                         /**< length of the complex FFT. */
2193:Drivers/CMSIS/DSP/Include/arm_math.h ****     uint8_t ifftFlagR;                          /**< flag that selects forward (ifftFlagR=0) or inv
2194:Drivers/CMSIS/DSP/Include/arm_math.h ****     uint8_t bitReverseFlagR;                    /**< flag that enables (bitReverseFlagR=1) or disab
2195:Drivers/CMSIS/DSP/Include/arm_math.h ****     uint32_t twidCoefRModifier;                     /**< twiddle coefficient modifier that supports
2196:Drivers/CMSIS/DSP/Include/arm_math.h ****     float32_t *pTwiddleAReal;                   /**< points to the real twiddle factor table. */
2197:Drivers/CMSIS/DSP/Include/arm_math.h ****     float32_t *pTwiddleBReal;                   /**< points to the imag twiddle factor table. */
2198:Drivers/CMSIS/DSP/Include/arm_math.h ****     arm_cfft_radix4_instance_f32 *pCfft;        /**< points to the complex FFT instance. */
2199:Drivers/CMSIS/DSP/Include/arm_math.h ****   } arm_rfft_instance_f32;
2200:Drivers/CMSIS/DSP/Include/arm_math.h **** 
2201:Drivers/CMSIS/DSP/Include/arm_math.h ****   arm_status arm_rfft_init_f32(
2202:Drivers/CMSIS/DSP/Include/arm_math.h ****   arm_rfft_instance_f32 * S,
2203:Drivers/CMSIS/DSP/Include/arm_math.h ****   arm_cfft_radix4_instance_f32 * S_CFFT,
2204:Drivers/CMSIS/DSP/Include/arm_math.h ****   uint32_t fftLenReal,
2205:Drivers/CMSIS/DSP/Include/arm_math.h ****   uint32_t ifftFlagR,
2206:Drivers/CMSIS/DSP/Include/arm_math.h ****   uint32_t bitReverseFlag);
2207:Drivers/CMSIS/DSP/Include/arm_math.h **** 
2208:Drivers/CMSIS/DSP/Include/arm_math.h ****   void arm_rfft_f32(
2209:Drivers/CMSIS/DSP/Include/arm_math.h ****   const arm_rfft_instance_f32 * S,
2210:Drivers/CMSIS/DSP/Include/arm_math.h ****   float32_t * pSrc,
2211:Drivers/CMSIS/DSP/Include/arm_math.h ****   float32_t * pDst);
2212:Drivers/CMSIS/DSP/Include/arm_math.h **** 
2213:Drivers/CMSIS/DSP/Include/arm_math.h ****   /**
2214:Drivers/CMSIS/DSP/Include/arm_math.h ****    * @brief Instance structure for the floating-point RFFT/RIFFT function.
2215:Drivers/CMSIS/DSP/Include/arm_math.h ****    */
2216:Drivers/CMSIS/DSP/Include/arm_math.h **** typedef struct
2217:Drivers/CMSIS/DSP/Include/arm_math.h ****   {
2218:Drivers/CMSIS/DSP/Include/arm_math.h ****     arm_cfft_instance_f32 Sint;      /**< Internal CFFT structure. */
2219:Drivers/CMSIS/DSP/Include/arm_math.h ****     uint16_t fftLenRFFT;             /**< length of the real sequence */
2220:Drivers/CMSIS/DSP/Include/arm_math.h ****     float32_t * pTwiddleRFFT;        /**< Twiddle factors real stage  */
ARM GAS  C:\Users\Lamp\AppData\Local\Temp\ccC8j8ON.s 			page 46


2221:Drivers/CMSIS/DSP/Include/arm_math.h ****   } arm_rfft_fast_instance_f32 ;
2222:Drivers/CMSIS/DSP/Include/arm_math.h **** 
2223:Drivers/CMSIS/DSP/Include/arm_math.h **** arm_status arm_rfft_fast_init_f32 (
2224:Drivers/CMSIS/DSP/Include/arm_math.h ****    arm_rfft_fast_instance_f32 * S,
2225:Drivers/CMSIS/DSP/Include/arm_math.h ****    uint16_t fftLen);
2226:Drivers/CMSIS/DSP/Include/arm_math.h **** 
2227:Drivers/CMSIS/DSP/Include/arm_math.h **** void arm_rfft_fast_f32(
2228:Drivers/CMSIS/DSP/Include/arm_math.h ****   arm_rfft_fast_instance_f32 * S,
2229:Drivers/CMSIS/DSP/Include/arm_math.h ****   float32_t * p, float32_t * pOut,
2230:Drivers/CMSIS/DSP/Include/arm_math.h ****   uint8_t ifftFlag);
2231:Drivers/CMSIS/DSP/Include/arm_math.h **** 
2232:Drivers/CMSIS/DSP/Include/arm_math.h ****   /**
2233:Drivers/CMSIS/DSP/Include/arm_math.h ****    * @brief Instance structure for the floating-point DCT4/IDCT4 function.
2234:Drivers/CMSIS/DSP/Include/arm_math.h ****    */
2235:Drivers/CMSIS/DSP/Include/arm_math.h ****   typedef struct
2236:Drivers/CMSIS/DSP/Include/arm_math.h ****   {
2237:Drivers/CMSIS/DSP/Include/arm_math.h ****     uint16_t N;                          /**< length of the DCT4. */
2238:Drivers/CMSIS/DSP/Include/arm_math.h ****     uint16_t Nby2;                       /**< half of the length of the DCT4. */
2239:Drivers/CMSIS/DSP/Include/arm_math.h ****     float32_t normalize;                 /**< normalizing factor. */
2240:Drivers/CMSIS/DSP/Include/arm_math.h ****     float32_t *pTwiddle;                 /**< points to the twiddle factor table. */
2241:Drivers/CMSIS/DSP/Include/arm_math.h ****     float32_t *pCosFactor;               /**< points to the cosFactor table. */
2242:Drivers/CMSIS/DSP/Include/arm_math.h ****     arm_rfft_instance_f32 *pRfft;        /**< points to the real FFT instance. */
2243:Drivers/CMSIS/DSP/Include/arm_math.h ****     arm_cfft_radix4_instance_f32 *pCfft; /**< points to the complex FFT instance. */
2244:Drivers/CMSIS/DSP/Include/arm_math.h ****   } arm_dct4_instance_f32;
2245:Drivers/CMSIS/DSP/Include/arm_math.h **** 
2246:Drivers/CMSIS/DSP/Include/arm_math.h **** 
2247:Drivers/CMSIS/DSP/Include/arm_math.h ****   /**
2248:Drivers/CMSIS/DSP/Include/arm_math.h ****    * @brief  Initialization function for the floating-point DCT4/IDCT4.
2249:Drivers/CMSIS/DSP/Include/arm_math.h ****    * @param[in,out] S          points to an instance of floating-point DCT4/IDCT4 structure.
2250:Drivers/CMSIS/DSP/Include/arm_math.h ****    * @param[in]     S_RFFT     points to an instance of floating-point RFFT/RIFFT structure.
2251:Drivers/CMSIS/DSP/Include/arm_math.h ****    * @param[in]     S_CFFT     points to an instance of floating-point CFFT/CIFFT structure.
2252:Drivers/CMSIS/DSP/Include/arm_math.h ****    * @param[in]     N          length of the DCT4.
2253:Drivers/CMSIS/DSP/Include/arm_math.h ****    * @param[in]     Nby2       half of the length of the DCT4.
2254:Drivers/CMSIS/DSP/Include/arm_math.h ****    * @param[in]     normalize  normalizing factor.
2255:Drivers/CMSIS/DSP/Include/arm_math.h ****    * @return      arm_status function returns ARM_MATH_SUCCESS if initialization is successful or A
2256:Drivers/CMSIS/DSP/Include/arm_math.h ****    */
2257:Drivers/CMSIS/DSP/Include/arm_math.h ****   arm_status arm_dct4_init_f32(
2258:Drivers/CMSIS/DSP/Include/arm_math.h ****   arm_dct4_instance_f32 * S,
2259:Drivers/CMSIS/DSP/Include/arm_math.h ****   arm_rfft_instance_f32 * S_RFFT,
2260:Drivers/CMSIS/DSP/Include/arm_math.h ****   arm_cfft_radix4_instance_f32 * S_CFFT,
2261:Drivers/CMSIS/DSP/Include/arm_math.h ****   uint16_t N,
2262:Drivers/CMSIS/DSP/Include/arm_math.h ****   uint16_t Nby2,
2263:Drivers/CMSIS/DSP/Include/arm_math.h ****   float32_t normalize);
2264:Drivers/CMSIS/DSP/Include/arm_math.h **** 
2265:Drivers/CMSIS/DSP/Include/arm_math.h **** 
2266:Drivers/CMSIS/DSP/Include/arm_math.h ****   /**
2267:Drivers/CMSIS/DSP/Include/arm_math.h ****    * @brief Processing function for the floating-point DCT4/IDCT4.
2268:Drivers/CMSIS/DSP/Include/arm_math.h ****    * @param[in]     S              points to an instance of the floating-point DCT4/IDCT4 structure
2269:Drivers/CMSIS/DSP/Include/arm_math.h ****    * @param[in]     pState         points to state buffer.
2270:Drivers/CMSIS/DSP/Include/arm_math.h ****    * @param[in,out] pInlineBuffer  points to the in-place input and output buffer.
2271:Drivers/CMSIS/DSP/Include/arm_math.h ****    */
2272:Drivers/CMSIS/DSP/Include/arm_math.h ****   void arm_dct4_f32(
2273:Drivers/CMSIS/DSP/Include/arm_math.h ****   const arm_dct4_instance_f32 * S,
2274:Drivers/CMSIS/DSP/Include/arm_math.h ****   float32_t * pState,
2275:Drivers/CMSIS/DSP/Include/arm_math.h ****   float32_t * pInlineBuffer);
2276:Drivers/CMSIS/DSP/Include/arm_math.h **** 
2277:Drivers/CMSIS/DSP/Include/arm_math.h **** 
ARM GAS  C:\Users\Lamp\AppData\Local\Temp\ccC8j8ON.s 			page 47


2278:Drivers/CMSIS/DSP/Include/arm_math.h ****   /**
2279:Drivers/CMSIS/DSP/Include/arm_math.h ****    * @brief Instance structure for the Q31 DCT4/IDCT4 function.
2280:Drivers/CMSIS/DSP/Include/arm_math.h ****    */
2281:Drivers/CMSIS/DSP/Include/arm_math.h ****   typedef struct
2282:Drivers/CMSIS/DSP/Include/arm_math.h ****   {
2283:Drivers/CMSIS/DSP/Include/arm_math.h ****     uint16_t N;                          /**< length of the DCT4. */
2284:Drivers/CMSIS/DSP/Include/arm_math.h ****     uint16_t Nby2;                       /**< half of the length of the DCT4. */
2285:Drivers/CMSIS/DSP/Include/arm_math.h ****     q31_t normalize;                     /**< normalizing factor. */
2286:Drivers/CMSIS/DSP/Include/arm_math.h ****     q31_t *pTwiddle;                     /**< points to the twiddle factor table. */
2287:Drivers/CMSIS/DSP/Include/arm_math.h ****     q31_t *pCosFactor;                   /**< points to the cosFactor table. */
2288:Drivers/CMSIS/DSP/Include/arm_math.h ****     arm_rfft_instance_q31 *pRfft;        /**< points to the real FFT instance. */
2289:Drivers/CMSIS/DSP/Include/arm_math.h ****     arm_cfft_radix4_instance_q31 *pCfft; /**< points to the complex FFT instance. */
2290:Drivers/CMSIS/DSP/Include/arm_math.h ****   } arm_dct4_instance_q31;
2291:Drivers/CMSIS/DSP/Include/arm_math.h **** 
2292:Drivers/CMSIS/DSP/Include/arm_math.h **** 
2293:Drivers/CMSIS/DSP/Include/arm_math.h ****   /**
2294:Drivers/CMSIS/DSP/Include/arm_math.h ****    * @brief  Initialization function for the Q31 DCT4/IDCT4.
2295:Drivers/CMSIS/DSP/Include/arm_math.h ****    * @param[in,out] S          points to an instance of Q31 DCT4/IDCT4 structure.
2296:Drivers/CMSIS/DSP/Include/arm_math.h ****    * @param[in]     S_RFFT     points to an instance of Q31 RFFT/RIFFT structure
2297:Drivers/CMSIS/DSP/Include/arm_math.h ****    * @param[in]     S_CFFT     points to an instance of Q31 CFFT/CIFFT structure
2298:Drivers/CMSIS/DSP/Include/arm_math.h ****    * @param[in]     N          length of the DCT4.
2299:Drivers/CMSIS/DSP/Include/arm_math.h ****    * @param[in]     Nby2       half of the length of the DCT4.
2300:Drivers/CMSIS/DSP/Include/arm_math.h ****    * @param[in]     normalize  normalizing factor.
2301:Drivers/CMSIS/DSP/Include/arm_math.h ****    * @return      arm_status function returns ARM_MATH_SUCCESS if initialization is successful or A
2302:Drivers/CMSIS/DSP/Include/arm_math.h ****    */
2303:Drivers/CMSIS/DSP/Include/arm_math.h ****   arm_status arm_dct4_init_q31(
2304:Drivers/CMSIS/DSP/Include/arm_math.h ****   arm_dct4_instance_q31 * S,
2305:Drivers/CMSIS/DSP/Include/arm_math.h ****   arm_rfft_instance_q31 * S_RFFT,
2306:Drivers/CMSIS/DSP/Include/arm_math.h ****   arm_cfft_radix4_instance_q31 * S_CFFT,
2307:Drivers/CMSIS/DSP/Include/arm_math.h ****   uint16_t N,
2308:Drivers/CMSIS/DSP/Include/arm_math.h ****   uint16_t Nby2,
2309:Drivers/CMSIS/DSP/Include/arm_math.h ****   q31_t normalize);
2310:Drivers/CMSIS/DSP/Include/arm_math.h **** 
2311:Drivers/CMSIS/DSP/Include/arm_math.h **** 
2312:Drivers/CMSIS/DSP/Include/arm_math.h ****   /**
2313:Drivers/CMSIS/DSP/Include/arm_math.h ****    * @brief Processing function for the Q31 DCT4/IDCT4.
2314:Drivers/CMSIS/DSP/Include/arm_math.h ****    * @param[in]     S              points to an instance of the Q31 DCT4 structure.
2315:Drivers/CMSIS/DSP/Include/arm_math.h ****    * @param[in]     pState         points to state buffer.
2316:Drivers/CMSIS/DSP/Include/arm_math.h ****    * @param[in,out] pInlineBuffer  points to the in-place input and output buffer.
2317:Drivers/CMSIS/DSP/Include/arm_math.h ****    */
2318:Drivers/CMSIS/DSP/Include/arm_math.h ****   void arm_dct4_q31(
2319:Drivers/CMSIS/DSP/Include/arm_math.h ****   const arm_dct4_instance_q31 * S,
2320:Drivers/CMSIS/DSP/Include/arm_math.h ****   q31_t * pState,
2321:Drivers/CMSIS/DSP/Include/arm_math.h ****   q31_t * pInlineBuffer);
2322:Drivers/CMSIS/DSP/Include/arm_math.h **** 
2323:Drivers/CMSIS/DSP/Include/arm_math.h **** 
2324:Drivers/CMSIS/DSP/Include/arm_math.h ****   /**
2325:Drivers/CMSIS/DSP/Include/arm_math.h ****    * @brief Instance structure for the Q15 DCT4/IDCT4 function.
2326:Drivers/CMSIS/DSP/Include/arm_math.h ****    */
2327:Drivers/CMSIS/DSP/Include/arm_math.h ****   typedef struct
2328:Drivers/CMSIS/DSP/Include/arm_math.h ****   {
2329:Drivers/CMSIS/DSP/Include/arm_math.h ****     uint16_t N;                          /**< length of the DCT4. */
2330:Drivers/CMSIS/DSP/Include/arm_math.h ****     uint16_t Nby2;                       /**< half of the length of the DCT4. */
2331:Drivers/CMSIS/DSP/Include/arm_math.h ****     q15_t normalize;                     /**< normalizing factor. */
2332:Drivers/CMSIS/DSP/Include/arm_math.h ****     q15_t *pTwiddle;                     /**< points to the twiddle factor table. */
2333:Drivers/CMSIS/DSP/Include/arm_math.h ****     q15_t *pCosFactor;                   /**< points to the cosFactor table. */
2334:Drivers/CMSIS/DSP/Include/arm_math.h ****     arm_rfft_instance_q15 *pRfft;        /**< points to the real FFT instance. */
ARM GAS  C:\Users\Lamp\AppData\Local\Temp\ccC8j8ON.s 			page 48


2335:Drivers/CMSIS/DSP/Include/arm_math.h ****     arm_cfft_radix4_instance_q15 *pCfft; /**< points to the complex FFT instance. */
2336:Drivers/CMSIS/DSP/Include/arm_math.h ****   } arm_dct4_instance_q15;
2337:Drivers/CMSIS/DSP/Include/arm_math.h **** 
2338:Drivers/CMSIS/DSP/Include/arm_math.h **** 
2339:Drivers/CMSIS/DSP/Include/arm_math.h ****   /**
2340:Drivers/CMSIS/DSP/Include/arm_math.h ****    * @brief  Initialization function for the Q15 DCT4/IDCT4.
2341:Drivers/CMSIS/DSP/Include/arm_math.h ****    * @param[in,out] S          points to an instance of Q15 DCT4/IDCT4 structure.
2342:Drivers/CMSIS/DSP/Include/arm_math.h ****    * @param[in]     S_RFFT     points to an instance of Q15 RFFT/RIFFT structure.
2343:Drivers/CMSIS/DSP/Include/arm_math.h ****    * @param[in]     S_CFFT     points to an instance of Q15 CFFT/CIFFT structure.
2344:Drivers/CMSIS/DSP/Include/arm_math.h ****    * @param[in]     N          length of the DCT4.
2345:Drivers/CMSIS/DSP/Include/arm_math.h ****    * @param[in]     Nby2       half of the length of the DCT4.
2346:Drivers/CMSIS/DSP/Include/arm_math.h ****    * @param[in]     normalize  normalizing factor.
2347:Drivers/CMSIS/DSP/Include/arm_math.h ****    * @return      arm_status function returns ARM_MATH_SUCCESS if initialization is successful or A
2348:Drivers/CMSIS/DSP/Include/arm_math.h ****    */
2349:Drivers/CMSIS/DSP/Include/arm_math.h ****   arm_status arm_dct4_init_q15(
2350:Drivers/CMSIS/DSP/Include/arm_math.h ****   arm_dct4_instance_q15 * S,
2351:Drivers/CMSIS/DSP/Include/arm_math.h ****   arm_rfft_instance_q15 * S_RFFT,
2352:Drivers/CMSIS/DSP/Include/arm_math.h ****   arm_cfft_radix4_instance_q15 * S_CFFT,
2353:Drivers/CMSIS/DSP/Include/arm_math.h ****   uint16_t N,
2354:Drivers/CMSIS/DSP/Include/arm_math.h ****   uint16_t Nby2,
2355:Drivers/CMSIS/DSP/Include/arm_math.h ****   q15_t normalize);
2356:Drivers/CMSIS/DSP/Include/arm_math.h **** 
2357:Drivers/CMSIS/DSP/Include/arm_math.h **** 
2358:Drivers/CMSIS/DSP/Include/arm_math.h ****   /**
2359:Drivers/CMSIS/DSP/Include/arm_math.h ****    * @brief Processing function for the Q15 DCT4/IDCT4.
2360:Drivers/CMSIS/DSP/Include/arm_math.h ****    * @param[in]     S              points to an instance of the Q15 DCT4 structure.
2361:Drivers/CMSIS/DSP/Include/arm_math.h ****    * @param[in]     pState         points to state buffer.
2362:Drivers/CMSIS/DSP/Include/arm_math.h ****    * @param[in,out] pInlineBuffer  points to the in-place input and output buffer.
2363:Drivers/CMSIS/DSP/Include/arm_math.h ****    */
2364:Drivers/CMSIS/DSP/Include/arm_math.h ****   void arm_dct4_q15(
2365:Drivers/CMSIS/DSP/Include/arm_math.h ****   const arm_dct4_instance_q15 * S,
2366:Drivers/CMSIS/DSP/Include/arm_math.h ****   q15_t * pState,
2367:Drivers/CMSIS/DSP/Include/arm_math.h ****   q15_t * pInlineBuffer);
2368:Drivers/CMSIS/DSP/Include/arm_math.h **** 
2369:Drivers/CMSIS/DSP/Include/arm_math.h **** 
2370:Drivers/CMSIS/DSP/Include/arm_math.h ****   /**
2371:Drivers/CMSIS/DSP/Include/arm_math.h ****    * @brief Floating-point vector addition.
2372:Drivers/CMSIS/DSP/Include/arm_math.h ****    * @param[in]  pSrcA      points to the first input vector
2373:Drivers/CMSIS/DSP/Include/arm_math.h ****    * @param[in]  pSrcB      points to the second input vector
2374:Drivers/CMSIS/DSP/Include/arm_math.h ****    * @param[out] pDst       points to the output vector
2375:Drivers/CMSIS/DSP/Include/arm_math.h ****    * @param[in]  blockSize  number of samples in each vector
2376:Drivers/CMSIS/DSP/Include/arm_math.h ****    */
2377:Drivers/CMSIS/DSP/Include/arm_math.h ****   void arm_add_f32(
2378:Drivers/CMSIS/DSP/Include/arm_math.h ****   float32_t * pSrcA,
2379:Drivers/CMSIS/DSP/Include/arm_math.h ****   float32_t * pSrcB,
2380:Drivers/CMSIS/DSP/Include/arm_math.h ****   float32_t * pDst,
2381:Drivers/CMSIS/DSP/Include/arm_math.h ****   uint32_t blockSize);
2382:Drivers/CMSIS/DSP/Include/arm_math.h **** 
2383:Drivers/CMSIS/DSP/Include/arm_math.h **** 
2384:Drivers/CMSIS/DSP/Include/arm_math.h ****   /**
2385:Drivers/CMSIS/DSP/Include/arm_math.h ****    * @brief Q7 vector addition.
2386:Drivers/CMSIS/DSP/Include/arm_math.h ****    * @param[in]  pSrcA      points to the first input vector
2387:Drivers/CMSIS/DSP/Include/arm_math.h ****    * @param[in]  pSrcB      points to the second input vector
2388:Drivers/CMSIS/DSP/Include/arm_math.h ****    * @param[out] pDst       points to the output vector
2389:Drivers/CMSIS/DSP/Include/arm_math.h ****    * @param[in]  blockSize  number of samples in each vector
2390:Drivers/CMSIS/DSP/Include/arm_math.h ****    */
2391:Drivers/CMSIS/DSP/Include/arm_math.h ****   void arm_add_q7(
ARM GAS  C:\Users\Lamp\AppData\Local\Temp\ccC8j8ON.s 			page 49


2392:Drivers/CMSIS/DSP/Include/arm_math.h ****   q7_t * pSrcA,
2393:Drivers/CMSIS/DSP/Include/arm_math.h ****   q7_t * pSrcB,
2394:Drivers/CMSIS/DSP/Include/arm_math.h ****   q7_t * pDst,
2395:Drivers/CMSIS/DSP/Include/arm_math.h ****   uint32_t blockSize);
2396:Drivers/CMSIS/DSP/Include/arm_math.h **** 
2397:Drivers/CMSIS/DSP/Include/arm_math.h **** 
2398:Drivers/CMSIS/DSP/Include/arm_math.h ****   /**
2399:Drivers/CMSIS/DSP/Include/arm_math.h ****    * @brief Q15 vector addition.
2400:Drivers/CMSIS/DSP/Include/arm_math.h ****    * @param[in]  pSrcA      points to the first input vector
2401:Drivers/CMSIS/DSP/Include/arm_math.h ****    * @param[in]  pSrcB      points to the second input vector
2402:Drivers/CMSIS/DSP/Include/arm_math.h ****    * @param[out] pDst       points to the output vector
2403:Drivers/CMSIS/DSP/Include/arm_math.h ****    * @param[in]  blockSize  number of samples in each vector
2404:Drivers/CMSIS/DSP/Include/arm_math.h ****    */
2405:Drivers/CMSIS/DSP/Include/arm_math.h ****   void arm_add_q15(
2406:Drivers/CMSIS/DSP/Include/arm_math.h ****   q15_t * pSrcA,
2407:Drivers/CMSIS/DSP/Include/arm_math.h ****   q15_t * pSrcB,
2408:Drivers/CMSIS/DSP/Include/arm_math.h ****   q15_t * pDst,
2409:Drivers/CMSIS/DSP/Include/arm_math.h ****   uint32_t blockSize);
2410:Drivers/CMSIS/DSP/Include/arm_math.h **** 
2411:Drivers/CMSIS/DSP/Include/arm_math.h **** 
2412:Drivers/CMSIS/DSP/Include/arm_math.h ****   /**
2413:Drivers/CMSIS/DSP/Include/arm_math.h ****    * @brief Q31 vector addition.
2414:Drivers/CMSIS/DSP/Include/arm_math.h ****    * @param[in]  pSrcA      points to the first input vector
2415:Drivers/CMSIS/DSP/Include/arm_math.h ****    * @param[in]  pSrcB      points to the second input vector
2416:Drivers/CMSIS/DSP/Include/arm_math.h ****    * @param[out] pDst       points to the output vector
2417:Drivers/CMSIS/DSP/Include/arm_math.h ****    * @param[in]  blockSize  number of samples in each vector
2418:Drivers/CMSIS/DSP/Include/arm_math.h ****    */
2419:Drivers/CMSIS/DSP/Include/arm_math.h ****   void arm_add_q31(
2420:Drivers/CMSIS/DSP/Include/arm_math.h ****   q31_t * pSrcA,
2421:Drivers/CMSIS/DSP/Include/arm_math.h ****   q31_t * pSrcB,
2422:Drivers/CMSIS/DSP/Include/arm_math.h ****   q31_t * pDst,
2423:Drivers/CMSIS/DSP/Include/arm_math.h ****   uint32_t blockSize);
2424:Drivers/CMSIS/DSP/Include/arm_math.h **** 
2425:Drivers/CMSIS/DSP/Include/arm_math.h **** 
2426:Drivers/CMSIS/DSP/Include/arm_math.h ****   /**
2427:Drivers/CMSIS/DSP/Include/arm_math.h ****    * @brief Floating-point vector subtraction.
2428:Drivers/CMSIS/DSP/Include/arm_math.h ****    * @param[in]  pSrcA      points to the first input vector
2429:Drivers/CMSIS/DSP/Include/arm_math.h ****    * @param[in]  pSrcB      points to the second input vector
2430:Drivers/CMSIS/DSP/Include/arm_math.h ****    * @param[out] pDst       points to the output vector
2431:Drivers/CMSIS/DSP/Include/arm_math.h ****    * @param[in]  blockSize  number of samples in each vector
2432:Drivers/CMSIS/DSP/Include/arm_math.h ****    */
2433:Drivers/CMSIS/DSP/Include/arm_math.h ****   void arm_sub_f32(
2434:Drivers/CMSIS/DSP/Include/arm_math.h ****   float32_t * pSrcA,
2435:Drivers/CMSIS/DSP/Include/arm_math.h ****   float32_t * pSrcB,
2436:Drivers/CMSIS/DSP/Include/arm_math.h ****   float32_t * pDst,
2437:Drivers/CMSIS/DSP/Include/arm_math.h ****   uint32_t blockSize);
2438:Drivers/CMSIS/DSP/Include/arm_math.h **** 
2439:Drivers/CMSIS/DSP/Include/arm_math.h **** 
2440:Drivers/CMSIS/DSP/Include/arm_math.h ****   /**
2441:Drivers/CMSIS/DSP/Include/arm_math.h ****    * @brief Q7 vector subtraction.
2442:Drivers/CMSIS/DSP/Include/arm_math.h ****    * @param[in]  pSrcA      points to the first input vector
2443:Drivers/CMSIS/DSP/Include/arm_math.h ****    * @param[in]  pSrcB      points to the second input vector
2444:Drivers/CMSIS/DSP/Include/arm_math.h ****    * @param[out] pDst       points to the output vector
2445:Drivers/CMSIS/DSP/Include/arm_math.h ****    * @param[in]  blockSize  number of samples in each vector
2446:Drivers/CMSIS/DSP/Include/arm_math.h ****    */
2447:Drivers/CMSIS/DSP/Include/arm_math.h ****   void arm_sub_q7(
2448:Drivers/CMSIS/DSP/Include/arm_math.h ****   q7_t * pSrcA,
ARM GAS  C:\Users\Lamp\AppData\Local\Temp\ccC8j8ON.s 			page 50


2449:Drivers/CMSIS/DSP/Include/arm_math.h ****   q7_t * pSrcB,
2450:Drivers/CMSIS/DSP/Include/arm_math.h ****   q7_t * pDst,
2451:Drivers/CMSIS/DSP/Include/arm_math.h ****   uint32_t blockSize);
2452:Drivers/CMSIS/DSP/Include/arm_math.h **** 
2453:Drivers/CMSIS/DSP/Include/arm_math.h **** 
2454:Drivers/CMSIS/DSP/Include/arm_math.h ****   /**
2455:Drivers/CMSIS/DSP/Include/arm_math.h ****    * @brief Q15 vector subtraction.
2456:Drivers/CMSIS/DSP/Include/arm_math.h ****    * @param[in]  pSrcA      points to the first input vector
2457:Drivers/CMSIS/DSP/Include/arm_math.h ****    * @param[in]  pSrcB      points to the second input vector
2458:Drivers/CMSIS/DSP/Include/arm_math.h ****    * @param[out] pDst       points to the output vector
2459:Drivers/CMSIS/DSP/Include/arm_math.h ****    * @param[in]  blockSize  number of samples in each vector
2460:Drivers/CMSIS/DSP/Include/arm_math.h ****    */
2461:Drivers/CMSIS/DSP/Include/arm_math.h ****   void arm_sub_q15(
2462:Drivers/CMSIS/DSP/Include/arm_math.h ****   q15_t * pSrcA,
2463:Drivers/CMSIS/DSP/Include/arm_math.h ****   q15_t * pSrcB,
2464:Drivers/CMSIS/DSP/Include/arm_math.h ****   q15_t * pDst,
2465:Drivers/CMSIS/DSP/Include/arm_math.h ****   uint32_t blockSize);
2466:Drivers/CMSIS/DSP/Include/arm_math.h **** 
2467:Drivers/CMSIS/DSP/Include/arm_math.h **** 
2468:Drivers/CMSIS/DSP/Include/arm_math.h ****   /**
2469:Drivers/CMSIS/DSP/Include/arm_math.h ****    * @brief Q31 vector subtraction.
2470:Drivers/CMSIS/DSP/Include/arm_math.h ****    * @param[in]  pSrcA      points to the first input vector
2471:Drivers/CMSIS/DSP/Include/arm_math.h ****    * @param[in]  pSrcB      points to the second input vector
2472:Drivers/CMSIS/DSP/Include/arm_math.h ****    * @param[out] pDst       points to the output vector
2473:Drivers/CMSIS/DSP/Include/arm_math.h ****    * @param[in]  blockSize  number of samples in each vector
2474:Drivers/CMSIS/DSP/Include/arm_math.h ****    */
2475:Drivers/CMSIS/DSP/Include/arm_math.h ****   void arm_sub_q31(
2476:Drivers/CMSIS/DSP/Include/arm_math.h ****   q31_t * pSrcA,
2477:Drivers/CMSIS/DSP/Include/arm_math.h ****   q31_t * pSrcB,
2478:Drivers/CMSIS/DSP/Include/arm_math.h ****   q31_t * pDst,
2479:Drivers/CMSIS/DSP/Include/arm_math.h ****   uint32_t blockSize);
2480:Drivers/CMSIS/DSP/Include/arm_math.h **** 
2481:Drivers/CMSIS/DSP/Include/arm_math.h **** 
2482:Drivers/CMSIS/DSP/Include/arm_math.h ****   /**
2483:Drivers/CMSIS/DSP/Include/arm_math.h ****    * @brief Multiplies a floating-point vector by a scalar.
2484:Drivers/CMSIS/DSP/Include/arm_math.h ****    * @param[in]  pSrc       points to the input vector
2485:Drivers/CMSIS/DSP/Include/arm_math.h ****    * @param[in]  scale      scale factor to be applied
2486:Drivers/CMSIS/DSP/Include/arm_math.h ****    * @param[out] pDst       points to the output vector
2487:Drivers/CMSIS/DSP/Include/arm_math.h ****    * @param[in]  blockSize  number of samples in the vector
2488:Drivers/CMSIS/DSP/Include/arm_math.h ****    */
2489:Drivers/CMSIS/DSP/Include/arm_math.h ****   void arm_scale_f32(
2490:Drivers/CMSIS/DSP/Include/arm_math.h ****   float32_t * pSrc,
2491:Drivers/CMSIS/DSP/Include/arm_math.h ****   float32_t scale,
2492:Drivers/CMSIS/DSP/Include/arm_math.h ****   float32_t * pDst,
2493:Drivers/CMSIS/DSP/Include/arm_math.h ****   uint32_t blockSize);
2494:Drivers/CMSIS/DSP/Include/arm_math.h **** 
2495:Drivers/CMSIS/DSP/Include/arm_math.h **** 
2496:Drivers/CMSIS/DSP/Include/arm_math.h ****   /**
2497:Drivers/CMSIS/DSP/Include/arm_math.h ****    * @brief Multiplies a Q7 vector by a scalar.
2498:Drivers/CMSIS/DSP/Include/arm_math.h ****    * @param[in]  pSrc        points to the input vector
2499:Drivers/CMSIS/DSP/Include/arm_math.h ****    * @param[in]  scaleFract  fractional portion of the scale value
2500:Drivers/CMSIS/DSP/Include/arm_math.h ****    * @param[in]  shift       number of bits to shift the result by
2501:Drivers/CMSIS/DSP/Include/arm_math.h ****    * @param[out] pDst        points to the output vector
2502:Drivers/CMSIS/DSP/Include/arm_math.h ****    * @param[in]  blockSize   number of samples in the vector
2503:Drivers/CMSIS/DSP/Include/arm_math.h ****    */
2504:Drivers/CMSIS/DSP/Include/arm_math.h ****   void arm_scale_q7(
2505:Drivers/CMSIS/DSP/Include/arm_math.h ****   q7_t * pSrc,
ARM GAS  C:\Users\Lamp\AppData\Local\Temp\ccC8j8ON.s 			page 51


2506:Drivers/CMSIS/DSP/Include/arm_math.h ****   q7_t scaleFract,
2507:Drivers/CMSIS/DSP/Include/arm_math.h ****   int8_t shift,
2508:Drivers/CMSIS/DSP/Include/arm_math.h ****   q7_t * pDst,
2509:Drivers/CMSIS/DSP/Include/arm_math.h ****   uint32_t blockSize);
2510:Drivers/CMSIS/DSP/Include/arm_math.h **** 
2511:Drivers/CMSIS/DSP/Include/arm_math.h **** 
2512:Drivers/CMSIS/DSP/Include/arm_math.h ****   /**
2513:Drivers/CMSIS/DSP/Include/arm_math.h ****    * @brief Multiplies a Q15 vector by a scalar.
2514:Drivers/CMSIS/DSP/Include/arm_math.h ****    * @param[in]  pSrc        points to the input vector
2515:Drivers/CMSIS/DSP/Include/arm_math.h ****    * @param[in]  scaleFract  fractional portion of the scale value
2516:Drivers/CMSIS/DSP/Include/arm_math.h ****    * @param[in]  shift       number of bits to shift the result by
2517:Drivers/CMSIS/DSP/Include/arm_math.h ****    * @param[out] pDst        points to the output vector
2518:Drivers/CMSIS/DSP/Include/arm_math.h ****    * @param[in]  blockSize   number of samples in the vector
2519:Drivers/CMSIS/DSP/Include/arm_math.h ****    */
2520:Drivers/CMSIS/DSP/Include/arm_math.h ****   void arm_scale_q15(
2521:Drivers/CMSIS/DSP/Include/arm_math.h ****   q15_t * pSrc,
2522:Drivers/CMSIS/DSP/Include/arm_math.h ****   q15_t scaleFract,
2523:Drivers/CMSIS/DSP/Include/arm_math.h ****   int8_t shift,
2524:Drivers/CMSIS/DSP/Include/arm_math.h ****   q15_t * pDst,
2525:Drivers/CMSIS/DSP/Include/arm_math.h ****   uint32_t blockSize);
2526:Drivers/CMSIS/DSP/Include/arm_math.h **** 
2527:Drivers/CMSIS/DSP/Include/arm_math.h **** 
2528:Drivers/CMSIS/DSP/Include/arm_math.h ****   /**
2529:Drivers/CMSIS/DSP/Include/arm_math.h ****    * @brief Multiplies a Q31 vector by a scalar.
2530:Drivers/CMSIS/DSP/Include/arm_math.h ****    * @param[in]  pSrc        points to the input vector
2531:Drivers/CMSIS/DSP/Include/arm_math.h ****    * @param[in]  scaleFract  fractional portion of the scale value
2532:Drivers/CMSIS/DSP/Include/arm_math.h ****    * @param[in]  shift       number of bits to shift the result by
2533:Drivers/CMSIS/DSP/Include/arm_math.h ****    * @param[out] pDst        points to the output vector
2534:Drivers/CMSIS/DSP/Include/arm_math.h ****    * @param[in]  blockSize   number of samples in the vector
2535:Drivers/CMSIS/DSP/Include/arm_math.h ****    */
2536:Drivers/CMSIS/DSP/Include/arm_math.h ****   void arm_scale_q31(
2537:Drivers/CMSIS/DSP/Include/arm_math.h ****   q31_t * pSrc,
2538:Drivers/CMSIS/DSP/Include/arm_math.h ****   q31_t scaleFract,
2539:Drivers/CMSIS/DSP/Include/arm_math.h ****   int8_t shift,
2540:Drivers/CMSIS/DSP/Include/arm_math.h ****   q31_t * pDst,
2541:Drivers/CMSIS/DSP/Include/arm_math.h ****   uint32_t blockSize);
2542:Drivers/CMSIS/DSP/Include/arm_math.h **** 
2543:Drivers/CMSIS/DSP/Include/arm_math.h **** 
2544:Drivers/CMSIS/DSP/Include/arm_math.h ****   /**
2545:Drivers/CMSIS/DSP/Include/arm_math.h ****    * @brief Q7 vector absolute value.
2546:Drivers/CMSIS/DSP/Include/arm_math.h ****    * @param[in]  pSrc       points to the input buffer
2547:Drivers/CMSIS/DSP/Include/arm_math.h ****    * @param[out] pDst       points to the output buffer
2548:Drivers/CMSIS/DSP/Include/arm_math.h ****    * @param[in]  blockSize  number of samples in each vector
2549:Drivers/CMSIS/DSP/Include/arm_math.h ****    */
2550:Drivers/CMSIS/DSP/Include/arm_math.h ****   void arm_abs_q7(
2551:Drivers/CMSIS/DSP/Include/arm_math.h ****   q7_t * pSrc,
2552:Drivers/CMSIS/DSP/Include/arm_math.h ****   q7_t * pDst,
2553:Drivers/CMSIS/DSP/Include/arm_math.h ****   uint32_t blockSize);
2554:Drivers/CMSIS/DSP/Include/arm_math.h **** 
2555:Drivers/CMSIS/DSP/Include/arm_math.h **** 
2556:Drivers/CMSIS/DSP/Include/arm_math.h ****   /**
2557:Drivers/CMSIS/DSP/Include/arm_math.h ****    * @brief Floating-point vector absolute value.
2558:Drivers/CMSIS/DSP/Include/arm_math.h ****    * @param[in]  pSrc       points to the input buffer
2559:Drivers/CMSIS/DSP/Include/arm_math.h ****    * @param[out] pDst       points to the output buffer
2560:Drivers/CMSIS/DSP/Include/arm_math.h ****    * @param[in]  blockSize  number of samples in each vector
2561:Drivers/CMSIS/DSP/Include/arm_math.h ****    */
2562:Drivers/CMSIS/DSP/Include/arm_math.h ****   void arm_abs_f32(
ARM GAS  C:\Users\Lamp\AppData\Local\Temp\ccC8j8ON.s 			page 52


2563:Drivers/CMSIS/DSP/Include/arm_math.h ****   float32_t * pSrc,
2564:Drivers/CMSIS/DSP/Include/arm_math.h ****   float32_t * pDst,
2565:Drivers/CMSIS/DSP/Include/arm_math.h ****   uint32_t blockSize);
2566:Drivers/CMSIS/DSP/Include/arm_math.h **** 
2567:Drivers/CMSIS/DSP/Include/arm_math.h **** 
2568:Drivers/CMSIS/DSP/Include/arm_math.h ****   /**
2569:Drivers/CMSIS/DSP/Include/arm_math.h ****    * @brief Q15 vector absolute value.
2570:Drivers/CMSIS/DSP/Include/arm_math.h ****    * @param[in]  pSrc       points to the input buffer
2571:Drivers/CMSIS/DSP/Include/arm_math.h ****    * @param[out] pDst       points to the output buffer
2572:Drivers/CMSIS/DSP/Include/arm_math.h ****    * @param[in]  blockSize  number of samples in each vector
2573:Drivers/CMSIS/DSP/Include/arm_math.h ****    */
2574:Drivers/CMSIS/DSP/Include/arm_math.h ****   void arm_abs_q15(
2575:Drivers/CMSIS/DSP/Include/arm_math.h ****   q15_t * pSrc,
2576:Drivers/CMSIS/DSP/Include/arm_math.h ****   q15_t * pDst,
2577:Drivers/CMSIS/DSP/Include/arm_math.h ****   uint32_t blockSize);
2578:Drivers/CMSIS/DSP/Include/arm_math.h **** 
2579:Drivers/CMSIS/DSP/Include/arm_math.h **** 
2580:Drivers/CMSIS/DSP/Include/arm_math.h ****   /**
2581:Drivers/CMSIS/DSP/Include/arm_math.h ****    * @brief Q31 vector absolute value.
2582:Drivers/CMSIS/DSP/Include/arm_math.h ****    * @param[in]  pSrc       points to the input buffer
2583:Drivers/CMSIS/DSP/Include/arm_math.h ****    * @param[out] pDst       points to the output buffer
2584:Drivers/CMSIS/DSP/Include/arm_math.h ****    * @param[in]  blockSize  number of samples in each vector
2585:Drivers/CMSIS/DSP/Include/arm_math.h ****    */
2586:Drivers/CMSIS/DSP/Include/arm_math.h ****   void arm_abs_q31(
2587:Drivers/CMSIS/DSP/Include/arm_math.h ****   q31_t * pSrc,
2588:Drivers/CMSIS/DSP/Include/arm_math.h ****   q31_t * pDst,
2589:Drivers/CMSIS/DSP/Include/arm_math.h ****   uint32_t blockSize);
2590:Drivers/CMSIS/DSP/Include/arm_math.h **** 
2591:Drivers/CMSIS/DSP/Include/arm_math.h **** 
2592:Drivers/CMSIS/DSP/Include/arm_math.h ****   /**
2593:Drivers/CMSIS/DSP/Include/arm_math.h ****    * @brief Dot product of floating-point vectors.
2594:Drivers/CMSIS/DSP/Include/arm_math.h ****    * @param[in]  pSrcA      points to the first input vector
2595:Drivers/CMSIS/DSP/Include/arm_math.h ****    * @param[in]  pSrcB      points to the second input vector
2596:Drivers/CMSIS/DSP/Include/arm_math.h ****    * @param[in]  blockSize  number of samples in each vector
2597:Drivers/CMSIS/DSP/Include/arm_math.h ****    * @param[out] result     output result returned here
2598:Drivers/CMSIS/DSP/Include/arm_math.h ****    */
2599:Drivers/CMSIS/DSP/Include/arm_math.h ****   void arm_dot_prod_f32(
2600:Drivers/CMSIS/DSP/Include/arm_math.h ****   float32_t * pSrcA,
2601:Drivers/CMSIS/DSP/Include/arm_math.h ****   float32_t * pSrcB,
2602:Drivers/CMSIS/DSP/Include/arm_math.h ****   uint32_t blockSize,
2603:Drivers/CMSIS/DSP/Include/arm_math.h ****   float32_t * result);
2604:Drivers/CMSIS/DSP/Include/arm_math.h **** 
2605:Drivers/CMSIS/DSP/Include/arm_math.h **** 
2606:Drivers/CMSIS/DSP/Include/arm_math.h ****   /**
2607:Drivers/CMSIS/DSP/Include/arm_math.h ****    * @brief Dot product of Q7 vectors.
2608:Drivers/CMSIS/DSP/Include/arm_math.h ****    * @param[in]  pSrcA      points to the first input vector
2609:Drivers/CMSIS/DSP/Include/arm_math.h ****    * @param[in]  pSrcB      points to the second input vector
2610:Drivers/CMSIS/DSP/Include/arm_math.h ****    * @param[in]  blockSize  number of samples in each vector
2611:Drivers/CMSIS/DSP/Include/arm_math.h ****    * @param[out] result     output result returned here
2612:Drivers/CMSIS/DSP/Include/arm_math.h ****    */
2613:Drivers/CMSIS/DSP/Include/arm_math.h ****   void arm_dot_prod_q7(
2614:Drivers/CMSIS/DSP/Include/arm_math.h ****   q7_t * pSrcA,
2615:Drivers/CMSIS/DSP/Include/arm_math.h ****   q7_t * pSrcB,
2616:Drivers/CMSIS/DSP/Include/arm_math.h ****   uint32_t blockSize,
2617:Drivers/CMSIS/DSP/Include/arm_math.h ****   q31_t * result);
2618:Drivers/CMSIS/DSP/Include/arm_math.h **** 
2619:Drivers/CMSIS/DSP/Include/arm_math.h **** 
ARM GAS  C:\Users\Lamp\AppData\Local\Temp\ccC8j8ON.s 			page 53


2620:Drivers/CMSIS/DSP/Include/arm_math.h ****   /**
2621:Drivers/CMSIS/DSP/Include/arm_math.h ****    * @brief Dot product of Q15 vectors.
2622:Drivers/CMSIS/DSP/Include/arm_math.h ****    * @param[in]  pSrcA      points to the first input vector
2623:Drivers/CMSIS/DSP/Include/arm_math.h ****    * @param[in]  pSrcB      points to the second input vector
2624:Drivers/CMSIS/DSP/Include/arm_math.h ****    * @param[in]  blockSize  number of samples in each vector
2625:Drivers/CMSIS/DSP/Include/arm_math.h ****    * @param[out] result     output result returned here
2626:Drivers/CMSIS/DSP/Include/arm_math.h ****    */
2627:Drivers/CMSIS/DSP/Include/arm_math.h ****   void arm_dot_prod_q15(
2628:Drivers/CMSIS/DSP/Include/arm_math.h ****   q15_t * pSrcA,
2629:Drivers/CMSIS/DSP/Include/arm_math.h ****   q15_t * pSrcB,
2630:Drivers/CMSIS/DSP/Include/arm_math.h ****   uint32_t blockSize,
2631:Drivers/CMSIS/DSP/Include/arm_math.h ****   q63_t * result);
2632:Drivers/CMSIS/DSP/Include/arm_math.h **** 
2633:Drivers/CMSIS/DSP/Include/arm_math.h **** 
2634:Drivers/CMSIS/DSP/Include/arm_math.h ****   /**
2635:Drivers/CMSIS/DSP/Include/arm_math.h ****    * @brief Dot product of Q31 vectors.
2636:Drivers/CMSIS/DSP/Include/arm_math.h ****    * @param[in]  pSrcA      points to the first input vector
2637:Drivers/CMSIS/DSP/Include/arm_math.h ****    * @param[in]  pSrcB      points to the second input vector
2638:Drivers/CMSIS/DSP/Include/arm_math.h ****    * @param[in]  blockSize  number of samples in each vector
2639:Drivers/CMSIS/DSP/Include/arm_math.h ****    * @param[out] result     output result returned here
2640:Drivers/CMSIS/DSP/Include/arm_math.h ****    */
2641:Drivers/CMSIS/DSP/Include/arm_math.h ****   void arm_dot_prod_q31(
2642:Drivers/CMSIS/DSP/Include/arm_math.h ****   q31_t * pSrcA,
2643:Drivers/CMSIS/DSP/Include/arm_math.h ****   q31_t * pSrcB,
2644:Drivers/CMSIS/DSP/Include/arm_math.h ****   uint32_t blockSize,
2645:Drivers/CMSIS/DSP/Include/arm_math.h ****   q63_t * result);
2646:Drivers/CMSIS/DSP/Include/arm_math.h **** 
2647:Drivers/CMSIS/DSP/Include/arm_math.h **** 
2648:Drivers/CMSIS/DSP/Include/arm_math.h ****   /**
2649:Drivers/CMSIS/DSP/Include/arm_math.h ****    * @brief  Shifts the elements of a Q7 vector a specified number of bits.
2650:Drivers/CMSIS/DSP/Include/arm_math.h ****    * @param[in]  pSrc       points to the input vector
2651:Drivers/CMSIS/DSP/Include/arm_math.h ****    * @param[in]  shiftBits  number of bits to shift.  A positive value shifts left; a negative valu
2652:Drivers/CMSIS/DSP/Include/arm_math.h ****    * @param[out] pDst       points to the output vector
2653:Drivers/CMSIS/DSP/Include/arm_math.h ****    * @param[in]  blockSize  number of samples in the vector
2654:Drivers/CMSIS/DSP/Include/arm_math.h ****    */
2655:Drivers/CMSIS/DSP/Include/arm_math.h ****   void arm_shift_q7(
2656:Drivers/CMSIS/DSP/Include/arm_math.h ****   q7_t * pSrc,
2657:Drivers/CMSIS/DSP/Include/arm_math.h ****   int8_t shiftBits,
2658:Drivers/CMSIS/DSP/Include/arm_math.h ****   q7_t * pDst,
2659:Drivers/CMSIS/DSP/Include/arm_math.h ****   uint32_t blockSize);
2660:Drivers/CMSIS/DSP/Include/arm_math.h **** 
2661:Drivers/CMSIS/DSP/Include/arm_math.h **** 
2662:Drivers/CMSIS/DSP/Include/arm_math.h ****   /**
2663:Drivers/CMSIS/DSP/Include/arm_math.h ****    * @brief  Shifts the elements of a Q15 vector a specified number of bits.
2664:Drivers/CMSIS/DSP/Include/arm_math.h ****    * @param[in]  pSrc       points to the input vector
2665:Drivers/CMSIS/DSP/Include/arm_math.h ****    * @param[in]  shiftBits  number of bits to shift.  A positive value shifts left; a negative valu
2666:Drivers/CMSIS/DSP/Include/arm_math.h ****    * @param[out] pDst       points to the output vector
2667:Drivers/CMSIS/DSP/Include/arm_math.h ****    * @param[in]  blockSize  number of samples in the vector
2668:Drivers/CMSIS/DSP/Include/arm_math.h ****    */
2669:Drivers/CMSIS/DSP/Include/arm_math.h ****   void arm_shift_q15(
2670:Drivers/CMSIS/DSP/Include/arm_math.h ****   q15_t * pSrc,
2671:Drivers/CMSIS/DSP/Include/arm_math.h ****   int8_t shiftBits,
2672:Drivers/CMSIS/DSP/Include/arm_math.h ****   q15_t * pDst,
2673:Drivers/CMSIS/DSP/Include/arm_math.h ****   uint32_t blockSize);
2674:Drivers/CMSIS/DSP/Include/arm_math.h **** 
2675:Drivers/CMSIS/DSP/Include/arm_math.h **** 
2676:Drivers/CMSIS/DSP/Include/arm_math.h ****   /**
ARM GAS  C:\Users\Lamp\AppData\Local\Temp\ccC8j8ON.s 			page 54


2677:Drivers/CMSIS/DSP/Include/arm_math.h ****    * @brief  Shifts the elements of a Q31 vector a specified number of bits.
2678:Drivers/CMSIS/DSP/Include/arm_math.h ****    * @param[in]  pSrc       points to the input vector
2679:Drivers/CMSIS/DSP/Include/arm_math.h ****    * @param[in]  shiftBits  number of bits to shift.  A positive value shifts left; a negative valu
2680:Drivers/CMSIS/DSP/Include/arm_math.h ****    * @param[out] pDst       points to the output vector
2681:Drivers/CMSIS/DSP/Include/arm_math.h ****    * @param[in]  blockSize  number of samples in the vector
2682:Drivers/CMSIS/DSP/Include/arm_math.h ****    */
2683:Drivers/CMSIS/DSP/Include/arm_math.h ****   void arm_shift_q31(
2684:Drivers/CMSIS/DSP/Include/arm_math.h ****   q31_t * pSrc,
2685:Drivers/CMSIS/DSP/Include/arm_math.h ****   int8_t shiftBits,
2686:Drivers/CMSIS/DSP/Include/arm_math.h ****   q31_t * pDst,
2687:Drivers/CMSIS/DSP/Include/arm_math.h ****   uint32_t blockSize);
2688:Drivers/CMSIS/DSP/Include/arm_math.h **** 
2689:Drivers/CMSIS/DSP/Include/arm_math.h **** 
2690:Drivers/CMSIS/DSP/Include/arm_math.h ****   /**
2691:Drivers/CMSIS/DSP/Include/arm_math.h ****    * @brief  Adds a constant offset to a floating-point vector.
2692:Drivers/CMSIS/DSP/Include/arm_math.h ****    * @param[in]  pSrc       points to the input vector
2693:Drivers/CMSIS/DSP/Include/arm_math.h ****    * @param[in]  offset     is the offset to be added
2694:Drivers/CMSIS/DSP/Include/arm_math.h ****    * @param[out] pDst       points to the output vector
2695:Drivers/CMSIS/DSP/Include/arm_math.h ****    * @param[in]  blockSize  number of samples in the vector
2696:Drivers/CMSIS/DSP/Include/arm_math.h ****    */
2697:Drivers/CMSIS/DSP/Include/arm_math.h ****   void arm_offset_f32(
2698:Drivers/CMSIS/DSP/Include/arm_math.h ****   float32_t * pSrc,
2699:Drivers/CMSIS/DSP/Include/arm_math.h ****   float32_t offset,
2700:Drivers/CMSIS/DSP/Include/arm_math.h ****   float32_t * pDst,
2701:Drivers/CMSIS/DSP/Include/arm_math.h ****   uint32_t blockSize);
2702:Drivers/CMSIS/DSP/Include/arm_math.h **** 
2703:Drivers/CMSIS/DSP/Include/arm_math.h **** 
2704:Drivers/CMSIS/DSP/Include/arm_math.h ****   /**
2705:Drivers/CMSIS/DSP/Include/arm_math.h ****    * @brief  Adds a constant offset to a Q7 vector.
2706:Drivers/CMSIS/DSP/Include/arm_math.h ****    * @param[in]  pSrc       points to the input vector
2707:Drivers/CMSIS/DSP/Include/arm_math.h ****    * @param[in]  offset     is the offset to be added
2708:Drivers/CMSIS/DSP/Include/arm_math.h ****    * @param[out] pDst       points to the output vector
2709:Drivers/CMSIS/DSP/Include/arm_math.h ****    * @param[in]  blockSize  number of samples in the vector
2710:Drivers/CMSIS/DSP/Include/arm_math.h ****    */
2711:Drivers/CMSIS/DSP/Include/arm_math.h ****   void arm_offset_q7(
2712:Drivers/CMSIS/DSP/Include/arm_math.h ****   q7_t * pSrc,
2713:Drivers/CMSIS/DSP/Include/arm_math.h ****   q7_t offset,
2714:Drivers/CMSIS/DSP/Include/arm_math.h ****   q7_t * pDst,
2715:Drivers/CMSIS/DSP/Include/arm_math.h ****   uint32_t blockSize);
2716:Drivers/CMSIS/DSP/Include/arm_math.h **** 
2717:Drivers/CMSIS/DSP/Include/arm_math.h **** 
2718:Drivers/CMSIS/DSP/Include/arm_math.h ****   /**
2719:Drivers/CMSIS/DSP/Include/arm_math.h ****    * @brief  Adds a constant offset to a Q15 vector.
2720:Drivers/CMSIS/DSP/Include/arm_math.h ****    * @param[in]  pSrc       points to the input vector
2721:Drivers/CMSIS/DSP/Include/arm_math.h ****    * @param[in]  offset     is the offset to be added
2722:Drivers/CMSIS/DSP/Include/arm_math.h ****    * @param[out] pDst       points to the output vector
2723:Drivers/CMSIS/DSP/Include/arm_math.h ****    * @param[in]  blockSize  number of samples in the vector
2724:Drivers/CMSIS/DSP/Include/arm_math.h ****    */
2725:Drivers/CMSIS/DSP/Include/arm_math.h ****   void arm_offset_q15(
2726:Drivers/CMSIS/DSP/Include/arm_math.h ****   q15_t * pSrc,
2727:Drivers/CMSIS/DSP/Include/arm_math.h ****   q15_t offset,
2728:Drivers/CMSIS/DSP/Include/arm_math.h ****   q15_t * pDst,
2729:Drivers/CMSIS/DSP/Include/arm_math.h ****   uint32_t blockSize);
2730:Drivers/CMSIS/DSP/Include/arm_math.h **** 
2731:Drivers/CMSIS/DSP/Include/arm_math.h **** 
2732:Drivers/CMSIS/DSP/Include/arm_math.h ****   /**
2733:Drivers/CMSIS/DSP/Include/arm_math.h ****    * @brief  Adds a constant offset to a Q31 vector.
ARM GAS  C:\Users\Lamp\AppData\Local\Temp\ccC8j8ON.s 			page 55


2734:Drivers/CMSIS/DSP/Include/arm_math.h ****    * @param[in]  pSrc       points to the input vector
2735:Drivers/CMSIS/DSP/Include/arm_math.h ****    * @param[in]  offset     is the offset to be added
2736:Drivers/CMSIS/DSP/Include/arm_math.h ****    * @param[out] pDst       points to the output vector
2737:Drivers/CMSIS/DSP/Include/arm_math.h ****    * @param[in]  blockSize  number of samples in the vector
2738:Drivers/CMSIS/DSP/Include/arm_math.h ****    */
2739:Drivers/CMSIS/DSP/Include/arm_math.h ****   void arm_offset_q31(
2740:Drivers/CMSIS/DSP/Include/arm_math.h ****   q31_t * pSrc,
2741:Drivers/CMSIS/DSP/Include/arm_math.h ****   q31_t offset,
2742:Drivers/CMSIS/DSP/Include/arm_math.h ****   q31_t * pDst,
2743:Drivers/CMSIS/DSP/Include/arm_math.h ****   uint32_t blockSize);
2744:Drivers/CMSIS/DSP/Include/arm_math.h **** 
2745:Drivers/CMSIS/DSP/Include/arm_math.h **** 
2746:Drivers/CMSIS/DSP/Include/arm_math.h ****   /**
2747:Drivers/CMSIS/DSP/Include/arm_math.h ****    * @brief  Negates the elements of a floating-point vector.
2748:Drivers/CMSIS/DSP/Include/arm_math.h ****    * @param[in]  pSrc       points to the input vector
2749:Drivers/CMSIS/DSP/Include/arm_math.h ****    * @param[out] pDst       points to the output vector
2750:Drivers/CMSIS/DSP/Include/arm_math.h ****    * @param[in]  blockSize  number of samples in the vector
2751:Drivers/CMSIS/DSP/Include/arm_math.h ****    */
2752:Drivers/CMSIS/DSP/Include/arm_math.h ****   void arm_negate_f32(
2753:Drivers/CMSIS/DSP/Include/arm_math.h ****   float32_t * pSrc,
2754:Drivers/CMSIS/DSP/Include/arm_math.h ****   float32_t * pDst,
2755:Drivers/CMSIS/DSP/Include/arm_math.h ****   uint32_t blockSize);
2756:Drivers/CMSIS/DSP/Include/arm_math.h **** 
2757:Drivers/CMSIS/DSP/Include/arm_math.h **** 
2758:Drivers/CMSIS/DSP/Include/arm_math.h ****   /**
2759:Drivers/CMSIS/DSP/Include/arm_math.h ****    * @brief  Negates the elements of a Q7 vector.
2760:Drivers/CMSIS/DSP/Include/arm_math.h ****    * @param[in]  pSrc       points to the input vector
2761:Drivers/CMSIS/DSP/Include/arm_math.h ****    * @param[out] pDst       points to the output vector
2762:Drivers/CMSIS/DSP/Include/arm_math.h ****    * @param[in]  blockSize  number of samples in the vector
2763:Drivers/CMSIS/DSP/Include/arm_math.h ****    */
2764:Drivers/CMSIS/DSP/Include/arm_math.h ****   void arm_negate_q7(
2765:Drivers/CMSIS/DSP/Include/arm_math.h ****   q7_t * pSrc,
2766:Drivers/CMSIS/DSP/Include/arm_math.h ****   q7_t * pDst,
2767:Drivers/CMSIS/DSP/Include/arm_math.h ****   uint32_t blockSize);
2768:Drivers/CMSIS/DSP/Include/arm_math.h **** 
2769:Drivers/CMSIS/DSP/Include/arm_math.h **** 
2770:Drivers/CMSIS/DSP/Include/arm_math.h ****   /**
2771:Drivers/CMSIS/DSP/Include/arm_math.h ****    * @brief  Negates the elements of a Q15 vector.
2772:Drivers/CMSIS/DSP/Include/arm_math.h ****    * @param[in]  pSrc       points to the input vector
2773:Drivers/CMSIS/DSP/Include/arm_math.h ****    * @param[out] pDst       points to the output vector
2774:Drivers/CMSIS/DSP/Include/arm_math.h ****    * @param[in]  blockSize  number of samples in the vector
2775:Drivers/CMSIS/DSP/Include/arm_math.h ****    */
2776:Drivers/CMSIS/DSP/Include/arm_math.h ****   void arm_negate_q15(
2777:Drivers/CMSIS/DSP/Include/arm_math.h ****   q15_t * pSrc,
2778:Drivers/CMSIS/DSP/Include/arm_math.h ****   q15_t * pDst,
2779:Drivers/CMSIS/DSP/Include/arm_math.h ****   uint32_t blockSize);
2780:Drivers/CMSIS/DSP/Include/arm_math.h **** 
2781:Drivers/CMSIS/DSP/Include/arm_math.h **** 
2782:Drivers/CMSIS/DSP/Include/arm_math.h ****   /**
2783:Drivers/CMSIS/DSP/Include/arm_math.h ****    * @brief  Negates the elements of a Q31 vector.
2784:Drivers/CMSIS/DSP/Include/arm_math.h ****    * @param[in]  pSrc       points to the input vector
2785:Drivers/CMSIS/DSP/Include/arm_math.h ****    * @param[out] pDst       points to the output vector
2786:Drivers/CMSIS/DSP/Include/arm_math.h ****    * @param[in]  blockSize  number of samples in the vector
2787:Drivers/CMSIS/DSP/Include/arm_math.h ****    */
2788:Drivers/CMSIS/DSP/Include/arm_math.h ****   void arm_negate_q31(
2789:Drivers/CMSIS/DSP/Include/arm_math.h ****   q31_t * pSrc,
2790:Drivers/CMSIS/DSP/Include/arm_math.h ****   q31_t * pDst,
ARM GAS  C:\Users\Lamp\AppData\Local\Temp\ccC8j8ON.s 			page 56


2791:Drivers/CMSIS/DSP/Include/arm_math.h ****   uint32_t blockSize);
2792:Drivers/CMSIS/DSP/Include/arm_math.h **** 
2793:Drivers/CMSIS/DSP/Include/arm_math.h **** 
2794:Drivers/CMSIS/DSP/Include/arm_math.h ****   /**
2795:Drivers/CMSIS/DSP/Include/arm_math.h ****    * @brief  Copies the elements of a floating-point vector.
2796:Drivers/CMSIS/DSP/Include/arm_math.h ****    * @param[in]  pSrc       input pointer
2797:Drivers/CMSIS/DSP/Include/arm_math.h ****    * @param[out] pDst       output pointer
2798:Drivers/CMSIS/DSP/Include/arm_math.h ****    * @param[in]  blockSize  number of samples to process
2799:Drivers/CMSIS/DSP/Include/arm_math.h ****    */
2800:Drivers/CMSIS/DSP/Include/arm_math.h ****   void arm_copy_f32(
2801:Drivers/CMSIS/DSP/Include/arm_math.h ****   float32_t * pSrc,
2802:Drivers/CMSIS/DSP/Include/arm_math.h ****   float32_t * pDst,
2803:Drivers/CMSIS/DSP/Include/arm_math.h ****   uint32_t blockSize);
2804:Drivers/CMSIS/DSP/Include/arm_math.h **** 
2805:Drivers/CMSIS/DSP/Include/arm_math.h **** 
2806:Drivers/CMSIS/DSP/Include/arm_math.h ****   /**
2807:Drivers/CMSIS/DSP/Include/arm_math.h ****    * @brief  Copies the elements of a Q7 vector.
2808:Drivers/CMSIS/DSP/Include/arm_math.h ****    * @param[in]  pSrc       input pointer
2809:Drivers/CMSIS/DSP/Include/arm_math.h ****    * @param[out] pDst       output pointer
2810:Drivers/CMSIS/DSP/Include/arm_math.h ****    * @param[in]  blockSize  number of samples to process
2811:Drivers/CMSIS/DSP/Include/arm_math.h ****    */
2812:Drivers/CMSIS/DSP/Include/arm_math.h ****   void arm_copy_q7(
2813:Drivers/CMSIS/DSP/Include/arm_math.h ****   q7_t * pSrc,
2814:Drivers/CMSIS/DSP/Include/arm_math.h ****   q7_t * pDst,
2815:Drivers/CMSIS/DSP/Include/arm_math.h ****   uint32_t blockSize);
2816:Drivers/CMSIS/DSP/Include/arm_math.h **** 
2817:Drivers/CMSIS/DSP/Include/arm_math.h **** 
2818:Drivers/CMSIS/DSP/Include/arm_math.h ****   /**
2819:Drivers/CMSIS/DSP/Include/arm_math.h ****    * @brief  Copies the elements of a Q15 vector.
2820:Drivers/CMSIS/DSP/Include/arm_math.h ****    * @param[in]  pSrc       input pointer
2821:Drivers/CMSIS/DSP/Include/arm_math.h ****    * @param[out] pDst       output pointer
2822:Drivers/CMSIS/DSP/Include/arm_math.h ****    * @param[in]  blockSize  number of samples to process
2823:Drivers/CMSIS/DSP/Include/arm_math.h ****    */
2824:Drivers/CMSIS/DSP/Include/arm_math.h ****   void arm_copy_q15(
2825:Drivers/CMSIS/DSP/Include/arm_math.h ****   q15_t * pSrc,
2826:Drivers/CMSIS/DSP/Include/arm_math.h ****   q15_t * pDst,
2827:Drivers/CMSIS/DSP/Include/arm_math.h ****   uint32_t blockSize);
2828:Drivers/CMSIS/DSP/Include/arm_math.h **** 
2829:Drivers/CMSIS/DSP/Include/arm_math.h **** 
2830:Drivers/CMSIS/DSP/Include/arm_math.h ****   /**
2831:Drivers/CMSIS/DSP/Include/arm_math.h ****    * @brief  Copies the elements of a Q31 vector.
2832:Drivers/CMSIS/DSP/Include/arm_math.h ****    * @param[in]  pSrc       input pointer
2833:Drivers/CMSIS/DSP/Include/arm_math.h ****    * @param[out] pDst       output pointer
2834:Drivers/CMSIS/DSP/Include/arm_math.h ****    * @param[in]  blockSize  number of samples to process
2835:Drivers/CMSIS/DSP/Include/arm_math.h ****    */
2836:Drivers/CMSIS/DSP/Include/arm_math.h ****   void arm_copy_q31(
2837:Drivers/CMSIS/DSP/Include/arm_math.h ****   q31_t * pSrc,
2838:Drivers/CMSIS/DSP/Include/arm_math.h ****   q31_t * pDst,
2839:Drivers/CMSIS/DSP/Include/arm_math.h ****   uint32_t blockSize);
2840:Drivers/CMSIS/DSP/Include/arm_math.h **** 
2841:Drivers/CMSIS/DSP/Include/arm_math.h **** 
2842:Drivers/CMSIS/DSP/Include/arm_math.h ****   /**
2843:Drivers/CMSIS/DSP/Include/arm_math.h ****    * @brief  Fills a constant value into a floating-point vector.
2844:Drivers/CMSIS/DSP/Include/arm_math.h ****    * @param[in]  value      input value to be filled
2845:Drivers/CMSIS/DSP/Include/arm_math.h ****    * @param[out] pDst       output pointer
2846:Drivers/CMSIS/DSP/Include/arm_math.h ****    * @param[in]  blockSize  number of samples to process
2847:Drivers/CMSIS/DSP/Include/arm_math.h ****    */
ARM GAS  C:\Users\Lamp\AppData\Local\Temp\ccC8j8ON.s 			page 57


2848:Drivers/CMSIS/DSP/Include/arm_math.h ****   void arm_fill_f32(
2849:Drivers/CMSIS/DSP/Include/arm_math.h ****   float32_t value,
2850:Drivers/CMSIS/DSP/Include/arm_math.h ****   float32_t * pDst,
2851:Drivers/CMSIS/DSP/Include/arm_math.h ****   uint32_t blockSize);
2852:Drivers/CMSIS/DSP/Include/arm_math.h **** 
2853:Drivers/CMSIS/DSP/Include/arm_math.h **** 
2854:Drivers/CMSIS/DSP/Include/arm_math.h ****   /**
2855:Drivers/CMSIS/DSP/Include/arm_math.h ****    * @brief  Fills a constant value into a Q7 vector.
2856:Drivers/CMSIS/DSP/Include/arm_math.h ****    * @param[in]  value      input value to be filled
2857:Drivers/CMSIS/DSP/Include/arm_math.h ****    * @param[out] pDst       output pointer
2858:Drivers/CMSIS/DSP/Include/arm_math.h ****    * @param[in]  blockSize  number of samples to process
2859:Drivers/CMSIS/DSP/Include/arm_math.h ****    */
2860:Drivers/CMSIS/DSP/Include/arm_math.h ****   void arm_fill_q7(
2861:Drivers/CMSIS/DSP/Include/arm_math.h ****   q7_t value,
2862:Drivers/CMSIS/DSP/Include/arm_math.h ****   q7_t * pDst,
2863:Drivers/CMSIS/DSP/Include/arm_math.h ****   uint32_t blockSize);
2864:Drivers/CMSIS/DSP/Include/arm_math.h **** 
2865:Drivers/CMSIS/DSP/Include/arm_math.h **** 
2866:Drivers/CMSIS/DSP/Include/arm_math.h ****   /**
2867:Drivers/CMSIS/DSP/Include/arm_math.h ****    * @brief  Fills a constant value into a Q15 vector.
2868:Drivers/CMSIS/DSP/Include/arm_math.h ****    * @param[in]  value      input value to be filled
2869:Drivers/CMSIS/DSP/Include/arm_math.h ****    * @param[out] pDst       output pointer
2870:Drivers/CMSIS/DSP/Include/arm_math.h ****    * @param[in]  blockSize  number of samples to process
2871:Drivers/CMSIS/DSP/Include/arm_math.h ****    */
2872:Drivers/CMSIS/DSP/Include/arm_math.h ****   void arm_fill_q15(
2873:Drivers/CMSIS/DSP/Include/arm_math.h ****   q15_t value,
2874:Drivers/CMSIS/DSP/Include/arm_math.h ****   q15_t * pDst,
2875:Drivers/CMSIS/DSP/Include/arm_math.h ****   uint32_t blockSize);
2876:Drivers/CMSIS/DSP/Include/arm_math.h **** 
2877:Drivers/CMSIS/DSP/Include/arm_math.h **** 
2878:Drivers/CMSIS/DSP/Include/arm_math.h ****   /**
2879:Drivers/CMSIS/DSP/Include/arm_math.h ****    * @brief  Fills a constant value into a Q31 vector.
2880:Drivers/CMSIS/DSP/Include/arm_math.h ****    * @param[in]  value      input value to be filled
2881:Drivers/CMSIS/DSP/Include/arm_math.h ****    * @param[out] pDst       output pointer
2882:Drivers/CMSIS/DSP/Include/arm_math.h ****    * @param[in]  blockSize  number of samples to process
2883:Drivers/CMSIS/DSP/Include/arm_math.h ****    */
2884:Drivers/CMSIS/DSP/Include/arm_math.h ****   void arm_fill_q31(
2885:Drivers/CMSIS/DSP/Include/arm_math.h ****   q31_t value,
2886:Drivers/CMSIS/DSP/Include/arm_math.h ****   q31_t * pDst,
2887:Drivers/CMSIS/DSP/Include/arm_math.h ****   uint32_t blockSize);
2888:Drivers/CMSIS/DSP/Include/arm_math.h **** 
2889:Drivers/CMSIS/DSP/Include/arm_math.h **** 
2890:Drivers/CMSIS/DSP/Include/arm_math.h **** /**
2891:Drivers/CMSIS/DSP/Include/arm_math.h ****  * @brief Convolution of floating-point sequences.
2892:Drivers/CMSIS/DSP/Include/arm_math.h ****  * @param[in]  pSrcA    points to the first input sequence.
2893:Drivers/CMSIS/DSP/Include/arm_math.h ****  * @param[in]  srcALen  length of the first input sequence.
2894:Drivers/CMSIS/DSP/Include/arm_math.h ****  * @param[in]  pSrcB    points to the second input sequence.
2895:Drivers/CMSIS/DSP/Include/arm_math.h ****  * @param[in]  srcBLen  length of the second input sequence.
2896:Drivers/CMSIS/DSP/Include/arm_math.h ****  * @param[out] pDst     points to the location where the output result is written.  Length srcALen+
2897:Drivers/CMSIS/DSP/Include/arm_math.h ****  */
2898:Drivers/CMSIS/DSP/Include/arm_math.h ****   void arm_conv_f32(
2899:Drivers/CMSIS/DSP/Include/arm_math.h ****   float32_t * pSrcA,
2900:Drivers/CMSIS/DSP/Include/arm_math.h ****   uint32_t srcALen,
2901:Drivers/CMSIS/DSP/Include/arm_math.h ****   float32_t * pSrcB,
2902:Drivers/CMSIS/DSP/Include/arm_math.h ****   uint32_t srcBLen,
2903:Drivers/CMSIS/DSP/Include/arm_math.h ****   float32_t * pDst);
2904:Drivers/CMSIS/DSP/Include/arm_math.h **** 
ARM GAS  C:\Users\Lamp\AppData\Local\Temp\ccC8j8ON.s 			page 58


2905:Drivers/CMSIS/DSP/Include/arm_math.h **** 
2906:Drivers/CMSIS/DSP/Include/arm_math.h ****   /**
2907:Drivers/CMSIS/DSP/Include/arm_math.h ****    * @brief Convolution of Q15 sequences.
2908:Drivers/CMSIS/DSP/Include/arm_math.h ****    * @param[in]  pSrcA      points to the first input sequence.
2909:Drivers/CMSIS/DSP/Include/arm_math.h ****    * @param[in]  srcALen    length of the first input sequence.
2910:Drivers/CMSIS/DSP/Include/arm_math.h ****    * @param[in]  pSrcB      points to the second input sequence.
2911:Drivers/CMSIS/DSP/Include/arm_math.h ****    * @param[in]  srcBLen    length of the second input sequence.
2912:Drivers/CMSIS/DSP/Include/arm_math.h ****    * @param[out] pDst       points to the block of output data  Length srcALen+srcBLen-1.
2913:Drivers/CMSIS/DSP/Include/arm_math.h ****    * @param[in]  pScratch1  points to scratch buffer of size max(srcALen, srcBLen) + 2*min(srcALen,
2914:Drivers/CMSIS/DSP/Include/arm_math.h ****    * @param[in]  pScratch2  points to scratch buffer of size min(srcALen, srcBLen).
2915:Drivers/CMSIS/DSP/Include/arm_math.h ****    */
2916:Drivers/CMSIS/DSP/Include/arm_math.h ****   void arm_conv_opt_q15(
2917:Drivers/CMSIS/DSP/Include/arm_math.h ****   q15_t * pSrcA,
2918:Drivers/CMSIS/DSP/Include/arm_math.h ****   uint32_t srcALen,
2919:Drivers/CMSIS/DSP/Include/arm_math.h ****   q15_t * pSrcB,
2920:Drivers/CMSIS/DSP/Include/arm_math.h ****   uint32_t srcBLen,
2921:Drivers/CMSIS/DSP/Include/arm_math.h ****   q15_t * pDst,
2922:Drivers/CMSIS/DSP/Include/arm_math.h ****   q15_t * pScratch1,
2923:Drivers/CMSIS/DSP/Include/arm_math.h ****   q15_t * pScratch2);
2924:Drivers/CMSIS/DSP/Include/arm_math.h **** 
2925:Drivers/CMSIS/DSP/Include/arm_math.h **** 
2926:Drivers/CMSIS/DSP/Include/arm_math.h **** /**
2927:Drivers/CMSIS/DSP/Include/arm_math.h ****  * @brief Convolution of Q15 sequences.
2928:Drivers/CMSIS/DSP/Include/arm_math.h ****  * @param[in]  pSrcA    points to the first input sequence.
2929:Drivers/CMSIS/DSP/Include/arm_math.h ****  * @param[in]  srcALen  length of the first input sequence.
2930:Drivers/CMSIS/DSP/Include/arm_math.h ****  * @param[in]  pSrcB    points to the second input sequence.
2931:Drivers/CMSIS/DSP/Include/arm_math.h ****  * @param[in]  srcBLen  length of the second input sequence.
2932:Drivers/CMSIS/DSP/Include/arm_math.h ****  * @param[out] pDst     points to the location where the output result is written.  Length srcALen+
2933:Drivers/CMSIS/DSP/Include/arm_math.h ****  */
2934:Drivers/CMSIS/DSP/Include/arm_math.h ****   void arm_conv_q15(
2935:Drivers/CMSIS/DSP/Include/arm_math.h ****   q15_t * pSrcA,
2936:Drivers/CMSIS/DSP/Include/arm_math.h ****   uint32_t srcALen,
2937:Drivers/CMSIS/DSP/Include/arm_math.h ****   q15_t * pSrcB,
2938:Drivers/CMSIS/DSP/Include/arm_math.h ****   uint32_t srcBLen,
2939:Drivers/CMSIS/DSP/Include/arm_math.h ****   q15_t * pDst);
2940:Drivers/CMSIS/DSP/Include/arm_math.h **** 
2941:Drivers/CMSIS/DSP/Include/arm_math.h **** 
2942:Drivers/CMSIS/DSP/Include/arm_math.h ****   /**
2943:Drivers/CMSIS/DSP/Include/arm_math.h ****    * @brief Convolution of Q15 sequences (fast version) for Cortex-M3 and Cortex-M4
2944:Drivers/CMSIS/DSP/Include/arm_math.h ****    * @param[in]  pSrcA    points to the first input sequence.
2945:Drivers/CMSIS/DSP/Include/arm_math.h ****    * @param[in]  srcALen  length of the first input sequence.
2946:Drivers/CMSIS/DSP/Include/arm_math.h ****    * @param[in]  pSrcB    points to the second input sequence.
2947:Drivers/CMSIS/DSP/Include/arm_math.h ****    * @param[in]  srcBLen  length of the second input sequence.
2948:Drivers/CMSIS/DSP/Include/arm_math.h ****    * @param[out] pDst     points to the block of output data  Length srcALen+srcBLen-1.
2949:Drivers/CMSIS/DSP/Include/arm_math.h ****    */
2950:Drivers/CMSIS/DSP/Include/arm_math.h ****   void arm_conv_fast_q15(
2951:Drivers/CMSIS/DSP/Include/arm_math.h ****           q15_t * pSrcA,
2952:Drivers/CMSIS/DSP/Include/arm_math.h ****           uint32_t srcALen,
2953:Drivers/CMSIS/DSP/Include/arm_math.h ****           q15_t * pSrcB,
2954:Drivers/CMSIS/DSP/Include/arm_math.h ****           uint32_t srcBLen,
2955:Drivers/CMSIS/DSP/Include/arm_math.h ****           q15_t * pDst);
2956:Drivers/CMSIS/DSP/Include/arm_math.h **** 
2957:Drivers/CMSIS/DSP/Include/arm_math.h **** 
2958:Drivers/CMSIS/DSP/Include/arm_math.h ****   /**
2959:Drivers/CMSIS/DSP/Include/arm_math.h ****    * @brief Convolution of Q15 sequences (fast version) for Cortex-M3 and Cortex-M4
2960:Drivers/CMSIS/DSP/Include/arm_math.h ****    * @param[in]  pSrcA      points to the first input sequence.
2961:Drivers/CMSIS/DSP/Include/arm_math.h ****    * @param[in]  srcALen    length of the first input sequence.
ARM GAS  C:\Users\Lamp\AppData\Local\Temp\ccC8j8ON.s 			page 59


2962:Drivers/CMSIS/DSP/Include/arm_math.h ****    * @param[in]  pSrcB      points to the second input sequence.
2963:Drivers/CMSIS/DSP/Include/arm_math.h ****    * @param[in]  srcBLen    length of the second input sequence.
2964:Drivers/CMSIS/DSP/Include/arm_math.h ****    * @param[out] pDst       points to the block of output data  Length srcALen+srcBLen-1.
2965:Drivers/CMSIS/DSP/Include/arm_math.h ****    * @param[in]  pScratch1  points to scratch buffer of size max(srcALen, srcBLen) + 2*min(srcALen,
2966:Drivers/CMSIS/DSP/Include/arm_math.h ****    * @param[in]  pScratch2  points to scratch buffer of size min(srcALen, srcBLen).
2967:Drivers/CMSIS/DSP/Include/arm_math.h ****    */
2968:Drivers/CMSIS/DSP/Include/arm_math.h ****   void arm_conv_fast_opt_q15(
2969:Drivers/CMSIS/DSP/Include/arm_math.h ****   q15_t * pSrcA,
2970:Drivers/CMSIS/DSP/Include/arm_math.h ****   uint32_t srcALen,
2971:Drivers/CMSIS/DSP/Include/arm_math.h ****   q15_t * pSrcB,
2972:Drivers/CMSIS/DSP/Include/arm_math.h ****   uint32_t srcBLen,
2973:Drivers/CMSIS/DSP/Include/arm_math.h ****   q15_t * pDst,
2974:Drivers/CMSIS/DSP/Include/arm_math.h ****   q15_t * pScratch1,
2975:Drivers/CMSIS/DSP/Include/arm_math.h ****   q15_t * pScratch2);
2976:Drivers/CMSIS/DSP/Include/arm_math.h **** 
2977:Drivers/CMSIS/DSP/Include/arm_math.h **** 
2978:Drivers/CMSIS/DSP/Include/arm_math.h ****   /**
2979:Drivers/CMSIS/DSP/Include/arm_math.h ****    * @brief Convolution of Q31 sequences.
2980:Drivers/CMSIS/DSP/Include/arm_math.h ****    * @param[in]  pSrcA    points to the first input sequence.
2981:Drivers/CMSIS/DSP/Include/arm_math.h ****    * @param[in]  srcALen  length of the first input sequence.
2982:Drivers/CMSIS/DSP/Include/arm_math.h ****    * @param[in]  pSrcB    points to the second input sequence.
2983:Drivers/CMSIS/DSP/Include/arm_math.h ****    * @param[in]  srcBLen  length of the second input sequence.
2984:Drivers/CMSIS/DSP/Include/arm_math.h ****    * @param[out] pDst     points to the block of output data  Length srcALen+srcBLen-1.
2985:Drivers/CMSIS/DSP/Include/arm_math.h ****    */
2986:Drivers/CMSIS/DSP/Include/arm_math.h ****   void arm_conv_q31(
2987:Drivers/CMSIS/DSP/Include/arm_math.h ****   q31_t * pSrcA,
2988:Drivers/CMSIS/DSP/Include/arm_math.h ****   uint32_t srcALen,
2989:Drivers/CMSIS/DSP/Include/arm_math.h ****   q31_t * pSrcB,
2990:Drivers/CMSIS/DSP/Include/arm_math.h ****   uint32_t srcBLen,
2991:Drivers/CMSIS/DSP/Include/arm_math.h ****   q31_t * pDst);
2992:Drivers/CMSIS/DSP/Include/arm_math.h **** 
2993:Drivers/CMSIS/DSP/Include/arm_math.h **** 
2994:Drivers/CMSIS/DSP/Include/arm_math.h ****   /**
2995:Drivers/CMSIS/DSP/Include/arm_math.h ****    * @brief Convolution of Q31 sequences (fast version) for Cortex-M3 and Cortex-M4
2996:Drivers/CMSIS/DSP/Include/arm_math.h ****    * @param[in]  pSrcA    points to the first input sequence.
2997:Drivers/CMSIS/DSP/Include/arm_math.h ****    * @param[in]  srcALen  length of the first input sequence.
2998:Drivers/CMSIS/DSP/Include/arm_math.h ****    * @param[in]  pSrcB    points to the second input sequence.
2999:Drivers/CMSIS/DSP/Include/arm_math.h ****    * @param[in]  srcBLen  length of the second input sequence.
3000:Drivers/CMSIS/DSP/Include/arm_math.h ****    * @param[out] pDst     points to the block of output data  Length srcALen+srcBLen-1.
3001:Drivers/CMSIS/DSP/Include/arm_math.h ****    */
3002:Drivers/CMSIS/DSP/Include/arm_math.h ****   void arm_conv_fast_q31(
3003:Drivers/CMSIS/DSP/Include/arm_math.h ****   q31_t * pSrcA,
3004:Drivers/CMSIS/DSP/Include/arm_math.h ****   uint32_t srcALen,
3005:Drivers/CMSIS/DSP/Include/arm_math.h ****   q31_t * pSrcB,
3006:Drivers/CMSIS/DSP/Include/arm_math.h ****   uint32_t srcBLen,
3007:Drivers/CMSIS/DSP/Include/arm_math.h ****   q31_t * pDst);
3008:Drivers/CMSIS/DSP/Include/arm_math.h **** 
3009:Drivers/CMSIS/DSP/Include/arm_math.h **** 
3010:Drivers/CMSIS/DSP/Include/arm_math.h ****     /**
3011:Drivers/CMSIS/DSP/Include/arm_math.h ****    * @brief Convolution of Q7 sequences.
3012:Drivers/CMSIS/DSP/Include/arm_math.h ****    * @param[in]  pSrcA      points to the first input sequence.
3013:Drivers/CMSIS/DSP/Include/arm_math.h ****    * @param[in]  srcALen    length of the first input sequence.
3014:Drivers/CMSIS/DSP/Include/arm_math.h ****    * @param[in]  pSrcB      points to the second input sequence.
3015:Drivers/CMSIS/DSP/Include/arm_math.h ****    * @param[in]  srcBLen    length of the second input sequence.
3016:Drivers/CMSIS/DSP/Include/arm_math.h ****    * @param[out] pDst       points to the block of output data  Length srcALen+srcBLen-1.
3017:Drivers/CMSIS/DSP/Include/arm_math.h ****    * @param[in]  pScratch1  points to scratch buffer(of type q15_t) of size max(srcALen, srcBLen) +
3018:Drivers/CMSIS/DSP/Include/arm_math.h ****    * @param[in]  pScratch2  points to scratch buffer (of type q15_t) of size min(srcALen, srcBLen).
ARM GAS  C:\Users\Lamp\AppData\Local\Temp\ccC8j8ON.s 			page 60


3019:Drivers/CMSIS/DSP/Include/arm_math.h ****    */
3020:Drivers/CMSIS/DSP/Include/arm_math.h ****   void arm_conv_opt_q7(
3021:Drivers/CMSIS/DSP/Include/arm_math.h ****   q7_t * pSrcA,
3022:Drivers/CMSIS/DSP/Include/arm_math.h ****   uint32_t srcALen,
3023:Drivers/CMSIS/DSP/Include/arm_math.h ****   q7_t * pSrcB,
3024:Drivers/CMSIS/DSP/Include/arm_math.h ****   uint32_t srcBLen,
3025:Drivers/CMSIS/DSP/Include/arm_math.h ****   q7_t * pDst,
3026:Drivers/CMSIS/DSP/Include/arm_math.h ****   q15_t * pScratch1,
3027:Drivers/CMSIS/DSP/Include/arm_math.h ****   q15_t * pScratch2);
3028:Drivers/CMSIS/DSP/Include/arm_math.h **** 
3029:Drivers/CMSIS/DSP/Include/arm_math.h **** 
3030:Drivers/CMSIS/DSP/Include/arm_math.h ****   /**
3031:Drivers/CMSIS/DSP/Include/arm_math.h ****    * @brief Convolution of Q7 sequences.
3032:Drivers/CMSIS/DSP/Include/arm_math.h ****    * @param[in]  pSrcA    points to the first input sequence.
3033:Drivers/CMSIS/DSP/Include/arm_math.h ****    * @param[in]  srcALen  length of the first input sequence.
3034:Drivers/CMSIS/DSP/Include/arm_math.h ****    * @param[in]  pSrcB    points to the second input sequence.
3035:Drivers/CMSIS/DSP/Include/arm_math.h ****    * @param[in]  srcBLen  length of the second input sequence.
3036:Drivers/CMSIS/DSP/Include/arm_math.h ****    * @param[out] pDst     points to the block of output data  Length srcALen+srcBLen-1.
3037:Drivers/CMSIS/DSP/Include/arm_math.h ****    */
3038:Drivers/CMSIS/DSP/Include/arm_math.h ****   void arm_conv_q7(
3039:Drivers/CMSIS/DSP/Include/arm_math.h ****   q7_t * pSrcA,
3040:Drivers/CMSIS/DSP/Include/arm_math.h ****   uint32_t srcALen,
3041:Drivers/CMSIS/DSP/Include/arm_math.h ****   q7_t * pSrcB,
3042:Drivers/CMSIS/DSP/Include/arm_math.h ****   uint32_t srcBLen,
3043:Drivers/CMSIS/DSP/Include/arm_math.h ****   q7_t * pDst);
3044:Drivers/CMSIS/DSP/Include/arm_math.h **** 
3045:Drivers/CMSIS/DSP/Include/arm_math.h **** 
3046:Drivers/CMSIS/DSP/Include/arm_math.h ****   /**
3047:Drivers/CMSIS/DSP/Include/arm_math.h ****    * @brief Partial convolution of floating-point sequences.
3048:Drivers/CMSIS/DSP/Include/arm_math.h ****    * @param[in]  pSrcA       points to the first input sequence.
3049:Drivers/CMSIS/DSP/Include/arm_math.h ****    * @param[in]  srcALen     length of the first input sequence.
3050:Drivers/CMSIS/DSP/Include/arm_math.h ****    * @param[in]  pSrcB       points to the second input sequence.
3051:Drivers/CMSIS/DSP/Include/arm_math.h ****    * @param[in]  srcBLen     length of the second input sequence.
3052:Drivers/CMSIS/DSP/Include/arm_math.h ****    * @param[out] pDst        points to the block of output data
3053:Drivers/CMSIS/DSP/Include/arm_math.h ****    * @param[in]  firstIndex  is the first output sample to start with.
3054:Drivers/CMSIS/DSP/Include/arm_math.h ****    * @param[in]  numPoints   is the number of output points to be computed.
3055:Drivers/CMSIS/DSP/Include/arm_math.h ****    * @return  Returns either ARM_MATH_SUCCESS if the function completed correctly or ARM_MATH_ARGUM
3056:Drivers/CMSIS/DSP/Include/arm_math.h ****    */
3057:Drivers/CMSIS/DSP/Include/arm_math.h ****   arm_status arm_conv_partial_f32(
3058:Drivers/CMSIS/DSP/Include/arm_math.h ****   float32_t * pSrcA,
3059:Drivers/CMSIS/DSP/Include/arm_math.h ****   uint32_t srcALen,
3060:Drivers/CMSIS/DSP/Include/arm_math.h ****   float32_t * pSrcB,
3061:Drivers/CMSIS/DSP/Include/arm_math.h ****   uint32_t srcBLen,
3062:Drivers/CMSIS/DSP/Include/arm_math.h ****   float32_t * pDst,
3063:Drivers/CMSIS/DSP/Include/arm_math.h ****   uint32_t firstIndex,
3064:Drivers/CMSIS/DSP/Include/arm_math.h ****   uint32_t numPoints);
3065:Drivers/CMSIS/DSP/Include/arm_math.h **** 
3066:Drivers/CMSIS/DSP/Include/arm_math.h **** 
3067:Drivers/CMSIS/DSP/Include/arm_math.h ****   /**
3068:Drivers/CMSIS/DSP/Include/arm_math.h ****    * @brief Partial convolution of Q15 sequences.
3069:Drivers/CMSIS/DSP/Include/arm_math.h ****    * @param[in]  pSrcA       points to the first input sequence.
3070:Drivers/CMSIS/DSP/Include/arm_math.h ****    * @param[in]  srcALen     length of the first input sequence.
3071:Drivers/CMSIS/DSP/Include/arm_math.h ****    * @param[in]  pSrcB       points to the second input sequence.
3072:Drivers/CMSIS/DSP/Include/arm_math.h ****    * @param[in]  srcBLen     length of the second input sequence.
3073:Drivers/CMSIS/DSP/Include/arm_math.h ****    * @param[out] pDst        points to the block of output data
3074:Drivers/CMSIS/DSP/Include/arm_math.h ****    * @param[in]  firstIndex  is the first output sample to start with.
3075:Drivers/CMSIS/DSP/Include/arm_math.h ****    * @param[in]  numPoints   is the number of output points to be computed.
ARM GAS  C:\Users\Lamp\AppData\Local\Temp\ccC8j8ON.s 			page 61


3076:Drivers/CMSIS/DSP/Include/arm_math.h ****    * @param[in]  pScratch1   points to scratch buffer of size max(srcALen, srcBLen) + 2*min(srcALen
3077:Drivers/CMSIS/DSP/Include/arm_math.h ****    * @param[in]  pScratch2   points to scratch buffer of size min(srcALen, srcBLen).
3078:Drivers/CMSIS/DSP/Include/arm_math.h ****    * @return  Returns either ARM_MATH_SUCCESS if the function completed correctly or ARM_MATH_ARGUM
3079:Drivers/CMSIS/DSP/Include/arm_math.h ****    */
3080:Drivers/CMSIS/DSP/Include/arm_math.h ****   arm_status arm_conv_partial_opt_q15(
3081:Drivers/CMSIS/DSP/Include/arm_math.h ****   q15_t * pSrcA,
3082:Drivers/CMSIS/DSP/Include/arm_math.h ****   uint32_t srcALen,
3083:Drivers/CMSIS/DSP/Include/arm_math.h ****   q15_t * pSrcB,
3084:Drivers/CMSIS/DSP/Include/arm_math.h ****   uint32_t srcBLen,
3085:Drivers/CMSIS/DSP/Include/arm_math.h ****   q15_t * pDst,
3086:Drivers/CMSIS/DSP/Include/arm_math.h ****   uint32_t firstIndex,
3087:Drivers/CMSIS/DSP/Include/arm_math.h ****   uint32_t numPoints,
3088:Drivers/CMSIS/DSP/Include/arm_math.h ****   q15_t * pScratch1,
3089:Drivers/CMSIS/DSP/Include/arm_math.h ****   q15_t * pScratch2);
3090:Drivers/CMSIS/DSP/Include/arm_math.h **** 
3091:Drivers/CMSIS/DSP/Include/arm_math.h **** 
3092:Drivers/CMSIS/DSP/Include/arm_math.h ****   /**
3093:Drivers/CMSIS/DSP/Include/arm_math.h ****    * @brief Partial convolution of Q15 sequences.
3094:Drivers/CMSIS/DSP/Include/arm_math.h ****    * @param[in]  pSrcA       points to the first input sequence.
3095:Drivers/CMSIS/DSP/Include/arm_math.h ****    * @param[in]  srcALen     length of the first input sequence.
3096:Drivers/CMSIS/DSP/Include/arm_math.h ****    * @param[in]  pSrcB       points to the second input sequence.
3097:Drivers/CMSIS/DSP/Include/arm_math.h ****    * @param[in]  srcBLen     length of the second input sequence.
3098:Drivers/CMSIS/DSP/Include/arm_math.h ****    * @param[out] pDst        points to the block of output data
3099:Drivers/CMSIS/DSP/Include/arm_math.h ****    * @param[in]  firstIndex  is the first output sample to start with.
3100:Drivers/CMSIS/DSP/Include/arm_math.h ****    * @param[in]  numPoints   is the number of output points to be computed.
3101:Drivers/CMSIS/DSP/Include/arm_math.h ****    * @return  Returns either ARM_MATH_SUCCESS if the function completed correctly or ARM_MATH_ARGUM
3102:Drivers/CMSIS/DSP/Include/arm_math.h ****    */
3103:Drivers/CMSIS/DSP/Include/arm_math.h ****   arm_status arm_conv_partial_q15(
3104:Drivers/CMSIS/DSP/Include/arm_math.h ****   q15_t * pSrcA,
3105:Drivers/CMSIS/DSP/Include/arm_math.h ****   uint32_t srcALen,
3106:Drivers/CMSIS/DSP/Include/arm_math.h ****   q15_t * pSrcB,
3107:Drivers/CMSIS/DSP/Include/arm_math.h ****   uint32_t srcBLen,
3108:Drivers/CMSIS/DSP/Include/arm_math.h ****   q15_t * pDst,
3109:Drivers/CMSIS/DSP/Include/arm_math.h ****   uint32_t firstIndex,
3110:Drivers/CMSIS/DSP/Include/arm_math.h ****   uint32_t numPoints);
3111:Drivers/CMSIS/DSP/Include/arm_math.h **** 
3112:Drivers/CMSIS/DSP/Include/arm_math.h **** 
3113:Drivers/CMSIS/DSP/Include/arm_math.h ****   /**
3114:Drivers/CMSIS/DSP/Include/arm_math.h ****    * @brief Partial convolution of Q15 sequences (fast version) for Cortex-M3 and Cortex-M4
3115:Drivers/CMSIS/DSP/Include/arm_math.h ****    * @param[in]  pSrcA       points to the first input sequence.
3116:Drivers/CMSIS/DSP/Include/arm_math.h ****    * @param[in]  srcALen     length of the first input sequence.
3117:Drivers/CMSIS/DSP/Include/arm_math.h ****    * @param[in]  pSrcB       points to the second input sequence.
3118:Drivers/CMSIS/DSP/Include/arm_math.h ****    * @param[in]  srcBLen     length of the second input sequence.
3119:Drivers/CMSIS/DSP/Include/arm_math.h ****    * @param[out] pDst        points to the block of output data
3120:Drivers/CMSIS/DSP/Include/arm_math.h ****    * @param[in]  firstIndex  is the first output sample to start with.
3121:Drivers/CMSIS/DSP/Include/arm_math.h ****    * @param[in]  numPoints   is the number of output points to be computed.
3122:Drivers/CMSIS/DSP/Include/arm_math.h ****    * @return  Returns either ARM_MATH_SUCCESS if the function completed correctly or ARM_MATH_ARGUM
3123:Drivers/CMSIS/DSP/Include/arm_math.h ****    */
3124:Drivers/CMSIS/DSP/Include/arm_math.h ****   arm_status arm_conv_partial_fast_q15(
3125:Drivers/CMSIS/DSP/Include/arm_math.h ****   q15_t * pSrcA,
3126:Drivers/CMSIS/DSP/Include/arm_math.h ****   uint32_t srcALen,
3127:Drivers/CMSIS/DSP/Include/arm_math.h ****   q15_t * pSrcB,
3128:Drivers/CMSIS/DSP/Include/arm_math.h ****   uint32_t srcBLen,
3129:Drivers/CMSIS/DSP/Include/arm_math.h ****   q15_t * pDst,
3130:Drivers/CMSIS/DSP/Include/arm_math.h ****   uint32_t firstIndex,
3131:Drivers/CMSIS/DSP/Include/arm_math.h ****   uint32_t numPoints);
3132:Drivers/CMSIS/DSP/Include/arm_math.h **** 
ARM GAS  C:\Users\Lamp\AppData\Local\Temp\ccC8j8ON.s 			page 62


3133:Drivers/CMSIS/DSP/Include/arm_math.h **** 
3134:Drivers/CMSIS/DSP/Include/arm_math.h ****   /**
3135:Drivers/CMSIS/DSP/Include/arm_math.h ****    * @brief Partial convolution of Q15 sequences (fast version) for Cortex-M3 and Cortex-M4
3136:Drivers/CMSIS/DSP/Include/arm_math.h ****    * @param[in]  pSrcA       points to the first input sequence.
3137:Drivers/CMSIS/DSP/Include/arm_math.h ****    * @param[in]  srcALen     length of the first input sequence.
3138:Drivers/CMSIS/DSP/Include/arm_math.h ****    * @param[in]  pSrcB       points to the second input sequence.
3139:Drivers/CMSIS/DSP/Include/arm_math.h ****    * @param[in]  srcBLen     length of the second input sequence.
3140:Drivers/CMSIS/DSP/Include/arm_math.h ****    * @param[out] pDst        points to the block of output data
3141:Drivers/CMSIS/DSP/Include/arm_math.h ****    * @param[in]  firstIndex  is the first output sample to start with.
3142:Drivers/CMSIS/DSP/Include/arm_math.h ****    * @param[in]  numPoints   is the number of output points to be computed.
3143:Drivers/CMSIS/DSP/Include/arm_math.h ****    * @param[in]  pScratch1   points to scratch buffer of size max(srcALen, srcBLen) + 2*min(srcALen
3144:Drivers/CMSIS/DSP/Include/arm_math.h ****    * @param[in]  pScratch2   points to scratch buffer of size min(srcALen, srcBLen).
3145:Drivers/CMSIS/DSP/Include/arm_math.h ****    * @return  Returns either ARM_MATH_SUCCESS if the function completed correctly or ARM_MATH_ARGUM
3146:Drivers/CMSIS/DSP/Include/arm_math.h ****    */
3147:Drivers/CMSIS/DSP/Include/arm_math.h ****   arm_status arm_conv_partial_fast_opt_q15(
3148:Drivers/CMSIS/DSP/Include/arm_math.h ****   q15_t * pSrcA,
3149:Drivers/CMSIS/DSP/Include/arm_math.h ****   uint32_t srcALen,
3150:Drivers/CMSIS/DSP/Include/arm_math.h ****   q15_t * pSrcB,
3151:Drivers/CMSIS/DSP/Include/arm_math.h ****   uint32_t srcBLen,
3152:Drivers/CMSIS/DSP/Include/arm_math.h ****   q15_t * pDst,
3153:Drivers/CMSIS/DSP/Include/arm_math.h ****   uint32_t firstIndex,
3154:Drivers/CMSIS/DSP/Include/arm_math.h ****   uint32_t numPoints,
3155:Drivers/CMSIS/DSP/Include/arm_math.h ****   q15_t * pScratch1,
3156:Drivers/CMSIS/DSP/Include/arm_math.h ****   q15_t * pScratch2);
3157:Drivers/CMSIS/DSP/Include/arm_math.h **** 
3158:Drivers/CMSIS/DSP/Include/arm_math.h **** 
3159:Drivers/CMSIS/DSP/Include/arm_math.h ****   /**
3160:Drivers/CMSIS/DSP/Include/arm_math.h ****    * @brief Partial convolution of Q31 sequences.
3161:Drivers/CMSIS/DSP/Include/arm_math.h ****    * @param[in]  pSrcA       points to the first input sequence.
3162:Drivers/CMSIS/DSP/Include/arm_math.h ****    * @param[in]  srcALen     length of the first input sequence.
3163:Drivers/CMSIS/DSP/Include/arm_math.h ****    * @param[in]  pSrcB       points to the second input sequence.
3164:Drivers/CMSIS/DSP/Include/arm_math.h ****    * @param[in]  srcBLen     length of the second input sequence.
3165:Drivers/CMSIS/DSP/Include/arm_math.h ****    * @param[out] pDst        points to the block of output data
3166:Drivers/CMSIS/DSP/Include/arm_math.h ****    * @param[in]  firstIndex  is the first output sample to start with.
3167:Drivers/CMSIS/DSP/Include/arm_math.h ****    * @param[in]  numPoints   is the number of output points to be computed.
3168:Drivers/CMSIS/DSP/Include/arm_math.h ****    * @return  Returns either ARM_MATH_SUCCESS if the function completed correctly or ARM_MATH_ARGUM
3169:Drivers/CMSIS/DSP/Include/arm_math.h ****    */
3170:Drivers/CMSIS/DSP/Include/arm_math.h ****   arm_status arm_conv_partial_q31(
3171:Drivers/CMSIS/DSP/Include/arm_math.h ****   q31_t * pSrcA,
3172:Drivers/CMSIS/DSP/Include/arm_math.h ****   uint32_t srcALen,
3173:Drivers/CMSIS/DSP/Include/arm_math.h ****   q31_t * pSrcB,
3174:Drivers/CMSIS/DSP/Include/arm_math.h ****   uint32_t srcBLen,
3175:Drivers/CMSIS/DSP/Include/arm_math.h ****   q31_t * pDst,
3176:Drivers/CMSIS/DSP/Include/arm_math.h ****   uint32_t firstIndex,
3177:Drivers/CMSIS/DSP/Include/arm_math.h ****   uint32_t numPoints);
3178:Drivers/CMSIS/DSP/Include/arm_math.h **** 
3179:Drivers/CMSIS/DSP/Include/arm_math.h **** 
3180:Drivers/CMSIS/DSP/Include/arm_math.h ****   /**
3181:Drivers/CMSIS/DSP/Include/arm_math.h ****    * @brief Partial convolution of Q31 sequences (fast version) for Cortex-M3 and Cortex-M4
3182:Drivers/CMSIS/DSP/Include/arm_math.h ****    * @param[in]  pSrcA       points to the first input sequence.
3183:Drivers/CMSIS/DSP/Include/arm_math.h ****    * @param[in]  srcALen     length of the first input sequence.
3184:Drivers/CMSIS/DSP/Include/arm_math.h ****    * @param[in]  pSrcB       points to the second input sequence.
3185:Drivers/CMSIS/DSP/Include/arm_math.h ****    * @param[in]  srcBLen     length of the second input sequence.
3186:Drivers/CMSIS/DSP/Include/arm_math.h ****    * @param[out] pDst        points to the block of output data
3187:Drivers/CMSIS/DSP/Include/arm_math.h ****    * @param[in]  firstIndex  is the first output sample to start with.
3188:Drivers/CMSIS/DSP/Include/arm_math.h ****    * @param[in]  numPoints   is the number of output points to be computed.
3189:Drivers/CMSIS/DSP/Include/arm_math.h ****    * @return  Returns either ARM_MATH_SUCCESS if the function completed correctly or ARM_MATH_ARGUM
ARM GAS  C:\Users\Lamp\AppData\Local\Temp\ccC8j8ON.s 			page 63


3190:Drivers/CMSIS/DSP/Include/arm_math.h ****    */
3191:Drivers/CMSIS/DSP/Include/arm_math.h ****   arm_status arm_conv_partial_fast_q31(
3192:Drivers/CMSIS/DSP/Include/arm_math.h ****   q31_t * pSrcA,
3193:Drivers/CMSIS/DSP/Include/arm_math.h ****   uint32_t srcALen,
3194:Drivers/CMSIS/DSP/Include/arm_math.h ****   q31_t * pSrcB,
3195:Drivers/CMSIS/DSP/Include/arm_math.h ****   uint32_t srcBLen,
3196:Drivers/CMSIS/DSP/Include/arm_math.h ****   q31_t * pDst,
3197:Drivers/CMSIS/DSP/Include/arm_math.h ****   uint32_t firstIndex,
3198:Drivers/CMSIS/DSP/Include/arm_math.h ****   uint32_t numPoints);
3199:Drivers/CMSIS/DSP/Include/arm_math.h **** 
3200:Drivers/CMSIS/DSP/Include/arm_math.h **** 
3201:Drivers/CMSIS/DSP/Include/arm_math.h ****   /**
3202:Drivers/CMSIS/DSP/Include/arm_math.h ****    * @brief Partial convolution of Q7 sequences
3203:Drivers/CMSIS/DSP/Include/arm_math.h ****    * @param[in]  pSrcA       points to the first input sequence.
3204:Drivers/CMSIS/DSP/Include/arm_math.h ****    * @param[in]  srcALen     length of the first input sequence.
3205:Drivers/CMSIS/DSP/Include/arm_math.h ****    * @param[in]  pSrcB       points to the second input sequence.
3206:Drivers/CMSIS/DSP/Include/arm_math.h ****    * @param[in]  srcBLen     length of the second input sequence.
3207:Drivers/CMSIS/DSP/Include/arm_math.h ****    * @param[out] pDst        points to the block of output data
3208:Drivers/CMSIS/DSP/Include/arm_math.h ****    * @param[in]  firstIndex  is the first output sample to start with.
3209:Drivers/CMSIS/DSP/Include/arm_math.h ****    * @param[in]  numPoints   is the number of output points to be computed.
3210:Drivers/CMSIS/DSP/Include/arm_math.h ****    * @param[in]  pScratch1   points to scratch buffer(of type q15_t) of size max(srcALen, srcBLen) 
3211:Drivers/CMSIS/DSP/Include/arm_math.h ****    * @param[in]  pScratch2   points to scratch buffer (of type q15_t) of size min(srcALen, srcBLen)
3212:Drivers/CMSIS/DSP/Include/arm_math.h ****    * @return  Returns either ARM_MATH_SUCCESS if the function completed correctly or ARM_MATH_ARGUM
3213:Drivers/CMSIS/DSP/Include/arm_math.h ****    */
3214:Drivers/CMSIS/DSP/Include/arm_math.h ****   arm_status arm_conv_partial_opt_q7(
3215:Drivers/CMSIS/DSP/Include/arm_math.h ****   q7_t * pSrcA,
3216:Drivers/CMSIS/DSP/Include/arm_math.h ****   uint32_t srcALen,
3217:Drivers/CMSIS/DSP/Include/arm_math.h ****   q7_t * pSrcB,
3218:Drivers/CMSIS/DSP/Include/arm_math.h ****   uint32_t srcBLen,
3219:Drivers/CMSIS/DSP/Include/arm_math.h ****   q7_t * pDst,
3220:Drivers/CMSIS/DSP/Include/arm_math.h ****   uint32_t firstIndex,
3221:Drivers/CMSIS/DSP/Include/arm_math.h ****   uint32_t numPoints,
3222:Drivers/CMSIS/DSP/Include/arm_math.h ****   q15_t * pScratch1,
3223:Drivers/CMSIS/DSP/Include/arm_math.h ****   q15_t * pScratch2);
3224:Drivers/CMSIS/DSP/Include/arm_math.h **** 
3225:Drivers/CMSIS/DSP/Include/arm_math.h **** 
3226:Drivers/CMSIS/DSP/Include/arm_math.h **** /**
3227:Drivers/CMSIS/DSP/Include/arm_math.h ****    * @brief Partial convolution of Q7 sequences.
3228:Drivers/CMSIS/DSP/Include/arm_math.h ****    * @param[in]  pSrcA       points to the first input sequence.
3229:Drivers/CMSIS/DSP/Include/arm_math.h ****    * @param[in]  srcALen     length of the first input sequence.
3230:Drivers/CMSIS/DSP/Include/arm_math.h ****    * @param[in]  pSrcB       points to the second input sequence.
3231:Drivers/CMSIS/DSP/Include/arm_math.h ****    * @param[in]  srcBLen     length of the second input sequence.
3232:Drivers/CMSIS/DSP/Include/arm_math.h ****    * @param[out] pDst        points to the block of output data
3233:Drivers/CMSIS/DSP/Include/arm_math.h ****    * @param[in]  firstIndex  is the first output sample to start with.
3234:Drivers/CMSIS/DSP/Include/arm_math.h ****    * @param[in]  numPoints   is the number of output points to be computed.
3235:Drivers/CMSIS/DSP/Include/arm_math.h ****    * @return  Returns either ARM_MATH_SUCCESS if the function completed correctly or ARM_MATH_ARGUM
3236:Drivers/CMSIS/DSP/Include/arm_math.h ****    */
3237:Drivers/CMSIS/DSP/Include/arm_math.h ****   arm_status arm_conv_partial_q7(
3238:Drivers/CMSIS/DSP/Include/arm_math.h ****   q7_t * pSrcA,
3239:Drivers/CMSIS/DSP/Include/arm_math.h ****   uint32_t srcALen,
3240:Drivers/CMSIS/DSP/Include/arm_math.h ****   q7_t * pSrcB,
3241:Drivers/CMSIS/DSP/Include/arm_math.h ****   uint32_t srcBLen,
3242:Drivers/CMSIS/DSP/Include/arm_math.h ****   q7_t * pDst,
3243:Drivers/CMSIS/DSP/Include/arm_math.h ****   uint32_t firstIndex,
3244:Drivers/CMSIS/DSP/Include/arm_math.h ****   uint32_t numPoints);
3245:Drivers/CMSIS/DSP/Include/arm_math.h **** 
3246:Drivers/CMSIS/DSP/Include/arm_math.h **** 
ARM GAS  C:\Users\Lamp\AppData\Local\Temp\ccC8j8ON.s 			page 64


3247:Drivers/CMSIS/DSP/Include/arm_math.h ****   /**
3248:Drivers/CMSIS/DSP/Include/arm_math.h ****    * @brief Instance structure for the Q15 FIR decimator.
3249:Drivers/CMSIS/DSP/Include/arm_math.h ****    */
3250:Drivers/CMSIS/DSP/Include/arm_math.h ****   typedef struct
3251:Drivers/CMSIS/DSP/Include/arm_math.h ****   {
3252:Drivers/CMSIS/DSP/Include/arm_math.h ****     uint8_t M;                  /**< decimation factor. */
3253:Drivers/CMSIS/DSP/Include/arm_math.h ****     uint16_t numTaps;           /**< number of coefficients in the filter. */
3254:Drivers/CMSIS/DSP/Include/arm_math.h ****     q15_t *pCoeffs;             /**< points to the coefficient array. The array is of length numTap
3255:Drivers/CMSIS/DSP/Include/arm_math.h ****     q15_t *pState;              /**< points to the state variable array. The array is of length num
3256:Drivers/CMSIS/DSP/Include/arm_math.h ****   } arm_fir_decimate_instance_q15;
3257:Drivers/CMSIS/DSP/Include/arm_math.h **** 
3258:Drivers/CMSIS/DSP/Include/arm_math.h ****   /**
3259:Drivers/CMSIS/DSP/Include/arm_math.h ****    * @brief Instance structure for the Q31 FIR decimator.
3260:Drivers/CMSIS/DSP/Include/arm_math.h ****    */
3261:Drivers/CMSIS/DSP/Include/arm_math.h ****   typedef struct
3262:Drivers/CMSIS/DSP/Include/arm_math.h ****   {
3263:Drivers/CMSIS/DSP/Include/arm_math.h ****     uint8_t M;                  /**< decimation factor. */
3264:Drivers/CMSIS/DSP/Include/arm_math.h ****     uint16_t numTaps;           /**< number of coefficients in the filter. */
3265:Drivers/CMSIS/DSP/Include/arm_math.h ****     q31_t *pCoeffs;             /**< points to the coefficient array. The array is of length numTap
3266:Drivers/CMSIS/DSP/Include/arm_math.h ****     q31_t *pState;              /**< points to the state variable array. The array is of length num
3267:Drivers/CMSIS/DSP/Include/arm_math.h ****   } arm_fir_decimate_instance_q31;
3268:Drivers/CMSIS/DSP/Include/arm_math.h **** 
3269:Drivers/CMSIS/DSP/Include/arm_math.h ****   /**
3270:Drivers/CMSIS/DSP/Include/arm_math.h ****    * @brief Instance structure for the floating-point FIR decimator.
3271:Drivers/CMSIS/DSP/Include/arm_math.h ****    */
3272:Drivers/CMSIS/DSP/Include/arm_math.h ****   typedef struct
3273:Drivers/CMSIS/DSP/Include/arm_math.h ****   {
3274:Drivers/CMSIS/DSP/Include/arm_math.h ****     uint8_t M;                  /**< decimation factor. */
3275:Drivers/CMSIS/DSP/Include/arm_math.h ****     uint16_t numTaps;           /**< number of coefficients in the filter. */
3276:Drivers/CMSIS/DSP/Include/arm_math.h ****     float32_t *pCoeffs;         /**< points to the coefficient array. The array is of length numTap
3277:Drivers/CMSIS/DSP/Include/arm_math.h ****     float32_t *pState;          /**< points to the state variable array. The array is of length num
3278:Drivers/CMSIS/DSP/Include/arm_math.h ****   } arm_fir_decimate_instance_f32;
3279:Drivers/CMSIS/DSP/Include/arm_math.h **** 
3280:Drivers/CMSIS/DSP/Include/arm_math.h **** 
3281:Drivers/CMSIS/DSP/Include/arm_math.h ****   /**
3282:Drivers/CMSIS/DSP/Include/arm_math.h ****    * @brief Processing function for the floating-point FIR decimator.
3283:Drivers/CMSIS/DSP/Include/arm_math.h ****    * @param[in]  S          points to an instance of the floating-point FIR decimator structure.
3284:Drivers/CMSIS/DSP/Include/arm_math.h ****    * @param[in]  pSrc       points to the block of input data.
3285:Drivers/CMSIS/DSP/Include/arm_math.h ****    * @param[out] pDst       points to the block of output data
3286:Drivers/CMSIS/DSP/Include/arm_math.h ****    * @param[in]  blockSize  number of input samples to process per call.
3287:Drivers/CMSIS/DSP/Include/arm_math.h ****    */
3288:Drivers/CMSIS/DSP/Include/arm_math.h ****   void arm_fir_decimate_f32(
3289:Drivers/CMSIS/DSP/Include/arm_math.h ****   const arm_fir_decimate_instance_f32 * S,
3290:Drivers/CMSIS/DSP/Include/arm_math.h ****   float32_t * pSrc,
3291:Drivers/CMSIS/DSP/Include/arm_math.h ****   float32_t * pDst,
3292:Drivers/CMSIS/DSP/Include/arm_math.h ****   uint32_t blockSize);
3293:Drivers/CMSIS/DSP/Include/arm_math.h **** 
3294:Drivers/CMSIS/DSP/Include/arm_math.h **** 
3295:Drivers/CMSIS/DSP/Include/arm_math.h ****   /**
3296:Drivers/CMSIS/DSP/Include/arm_math.h ****    * @brief  Initialization function for the floating-point FIR decimator.
3297:Drivers/CMSIS/DSP/Include/arm_math.h ****    * @param[in,out] S          points to an instance of the floating-point FIR decimator structure.
3298:Drivers/CMSIS/DSP/Include/arm_math.h ****    * @param[in]     numTaps    number of coefficients in the filter.
3299:Drivers/CMSIS/DSP/Include/arm_math.h ****    * @param[in]     M          decimation factor.
3300:Drivers/CMSIS/DSP/Include/arm_math.h ****    * @param[in]     pCoeffs    points to the filter coefficients.
3301:Drivers/CMSIS/DSP/Include/arm_math.h ****    * @param[in]     pState     points to the state buffer.
3302:Drivers/CMSIS/DSP/Include/arm_math.h ****    * @param[in]     blockSize  number of input samples to process per call.
3303:Drivers/CMSIS/DSP/Include/arm_math.h ****    * @return    The function returns ARM_MATH_SUCCESS if initialization is successful or ARM_MATH_L
ARM GAS  C:\Users\Lamp\AppData\Local\Temp\ccC8j8ON.s 			page 65


3304:Drivers/CMSIS/DSP/Include/arm_math.h ****    * <code>blockSize</code> is not a multiple of <code>M</code>.
3305:Drivers/CMSIS/DSP/Include/arm_math.h ****    */
3306:Drivers/CMSIS/DSP/Include/arm_math.h ****   arm_status arm_fir_decimate_init_f32(
3307:Drivers/CMSIS/DSP/Include/arm_math.h ****   arm_fir_decimate_instance_f32 * S,
3308:Drivers/CMSIS/DSP/Include/arm_math.h ****   uint16_t numTaps,
3309:Drivers/CMSIS/DSP/Include/arm_math.h ****   uint8_t M,
3310:Drivers/CMSIS/DSP/Include/arm_math.h ****   float32_t * pCoeffs,
3311:Drivers/CMSIS/DSP/Include/arm_math.h ****   float32_t * pState,
3312:Drivers/CMSIS/DSP/Include/arm_math.h ****   uint32_t blockSize);
3313:Drivers/CMSIS/DSP/Include/arm_math.h **** 
3314:Drivers/CMSIS/DSP/Include/arm_math.h **** 
3315:Drivers/CMSIS/DSP/Include/arm_math.h ****   /**
3316:Drivers/CMSIS/DSP/Include/arm_math.h ****    * @brief Processing function for the Q15 FIR decimator.
3317:Drivers/CMSIS/DSP/Include/arm_math.h ****    * @param[in]  S          points to an instance of the Q15 FIR decimator structure.
3318:Drivers/CMSIS/DSP/Include/arm_math.h ****    * @param[in]  pSrc       points to the block of input data.
3319:Drivers/CMSIS/DSP/Include/arm_math.h ****    * @param[out] pDst       points to the block of output data
3320:Drivers/CMSIS/DSP/Include/arm_math.h ****    * @param[in]  blockSize  number of input samples to process per call.
3321:Drivers/CMSIS/DSP/Include/arm_math.h ****    */
3322:Drivers/CMSIS/DSP/Include/arm_math.h ****   void arm_fir_decimate_q15(
3323:Drivers/CMSIS/DSP/Include/arm_math.h ****   const arm_fir_decimate_instance_q15 * S,
3324:Drivers/CMSIS/DSP/Include/arm_math.h ****   q15_t * pSrc,
3325:Drivers/CMSIS/DSP/Include/arm_math.h ****   q15_t * pDst,
3326:Drivers/CMSIS/DSP/Include/arm_math.h ****   uint32_t blockSize);
3327:Drivers/CMSIS/DSP/Include/arm_math.h **** 
3328:Drivers/CMSIS/DSP/Include/arm_math.h **** 
3329:Drivers/CMSIS/DSP/Include/arm_math.h ****   /**
3330:Drivers/CMSIS/DSP/Include/arm_math.h ****    * @brief Processing function for the Q15 FIR decimator (fast variant) for Cortex-M3 and Cortex-M
3331:Drivers/CMSIS/DSP/Include/arm_math.h ****    * @param[in]  S          points to an instance of the Q15 FIR decimator structure.
3332:Drivers/CMSIS/DSP/Include/arm_math.h ****    * @param[in]  pSrc       points to the block of input data.
3333:Drivers/CMSIS/DSP/Include/arm_math.h ****    * @param[out] pDst       points to the block of output data
3334:Drivers/CMSIS/DSP/Include/arm_math.h ****    * @param[in]  blockSize  number of input samples to process per call.
3335:Drivers/CMSIS/DSP/Include/arm_math.h ****    */
3336:Drivers/CMSIS/DSP/Include/arm_math.h ****   void arm_fir_decimate_fast_q15(
3337:Drivers/CMSIS/DSP/Include/arm_math.h ****   const arm_fir_decimate_instance_q15 * S,
3338:Drivers/CMSIS/DSP/Include/arm_math.h ****   q15_t * pSrc,
3339:Drivers/CMSIS/DSP/Include/arm_math.h ****   q15_t * pDst,
3340:Drivers/CMSIS/DSP/Include/arm_math.h ****   uint32_t blockSize);
3341:Drivers/CMSIS/DSP/Include/arm_math.h **** 
3342:Drivers/CMSIS/DSP/Include/arm_math.h **** 
3343:Drivers/CMSIS/DSP/Include/arm_math.h ****   /**
3344:Drivers/CMSIS/DSP/Include/arm_math.h ****    * @brief  Initialization function for the Q15 FIR decimator.
3345:Drivers/CMSIS/DSP/Include/arm_math.h ****    * @param[in,out] S          points to an instance of the Q15 FIR decimator structure.
3346:Drivers/CMSIS/DSP/Include/arm_math.h ****    * @param[in]     numTaps    number of coefficients in the filter.
3347:Drivers/CMSIS/DSP/Include/arm_math.h ****    * @param[in]     M          decimation factor.
3348:Drivers/CMSIS/DSP/Include/arm_math.h ****    * @param[in]     pCoeffs    points to the filter coefficients.
3349:Drivers/CMSIS/DSP/Include/arm_math.h ****    * @param[in]     pState     points to the state buffer.
3350:Drivers/CMSIS/DSP/Include/arm_math.h ****    * @param[in]     blockSize  number of input samples to process per call.
3351:Drivers/CMSIS/DSP/Include/arm_math.h ****    * @return    The function returns ARM_MATH_SUCCESS if initialization is successful or ARM_MATH_L
3352:Drivers/CMSIS/DSP/Include/arm_math.h ****    * <code>blockSize</code> is not a multiple of <code>M</code>.
3353:Drivers/CMSIS/DSP/Include/arm_math.h ****    */
3354:Drivers/CMSIS/DSP/Include/arm_math.h ****   arm_status arm_fir_decimate_init_q15(
3355:Drivers/CMSIS/DSP/Include/arm_math.h ****   arm_fir_decimate_instance_q15 * S,
3356:Drivers/CMSIS/DSP/Include/arm_math.h ****   uint16_t numTaps,
3357:Drivers/CMSIS/DSP/Include/arm_math.h ****   uint8_t M,
3358:Drivers/CMSIS/DSP/Include/arm_math.h ****   q15_t * pCoeffs,
3359:Drivers/CMSIS/DSP/Include/arm_math.h ****   q15_t * pState,
3360:Drivers/CMSIS/DSP/Include/arm_math.h ****   uint32_t blockSize);
ARM GAS  C:\Users\Lamp\AppData\Local\Temp\ccC8j8ON.s 			page 66


3361:Drivers/CMSIS/DSP/Include/arm_math.h **** 
3362:Drivers/CMSIS/DSP/Include/arm_math.h **** 
3363:Drivers/CMSIS/DSP/Include/arm_math.h ****   /**
3364:Drivers/CMSIS/DSP/Include/arm_math.h ****    * @brief Processing function for the Q31 FIR decimator.
3365:Drivers/CMSIS/DSP/Include/arm_math.h ****    * @param[in]  S     points to an instance of the Q31 FIR decimator structure.
3366:Drivers/CMSIS/DSP/Include/arm_math.h ****    * @param[in]  pSrc  points to the block of input data.
3367:Drivers/CMSIS/DSP/Include/arm_math.h ****    * @param[out] pDst  points to the block of output data
3368:Drivers/CMSIS/DSP/Include/arm_math.h ****    * @param[in] blockSize number of input samples to process per call.
3369:Drivers/CMSIS/DSP/Include/arm_math.h ****    */
3370:Drivers/CMSIS/DSP/Include/arm_math.h ****   void arm_fir_decimate_q31(
3371:Drivers/CMSIS/DSP/Include/arm_math.h ****   const arm_fir_decimate_instance_q31 * S,
3372:Drivers/CMSIS/DSP/Include/arm_math.h ****   q31_t * pSrc,
3373:Drivers/CMSIS/DSP/Include/arm_math.h ****   q31_t * pDst,
3374:Drivers/CMSIS/DSP/Include/arm_math.h ****   uint32_t blockSize);
3375:Drivers/CMSIS/DSP/Include/arm_math.h **** 
3376:Drivers/CMSIS/DSP/Include/arm_math.h ****   /**
3377:Drivers/CMSIS/DSP/Include/arm_math.h ****    * @brief Processing function for the Q31 FIR decimator (fast variant) for Cortex-M3 and Cortex-M
3378:Drivers/CMSIS/DSP/Include/arm_math.h ****    * @param[in]  S          points to an instance of the Q31 FIR decimator structure.
3379:Drivers/CMSIS/DSP/Include/arm_math.h ****    * @param[in]  pSrc       points to the block of input data.
3380:Drivers/CMSIS/DSP/Include/arm_math.h ****    * @param[out] pDst       points to the block of output data
3381:Drivers/CMSIS/DSP/Include/arm_math.h ****    * @param[in]  blockSize  number of input samples to process per call.
3382:Drivers/CMSIS/DSP/Include/arm_math.h ****    */
3383:Drivers/CMSIS/DSP/Include/arm_math.h ****   void arm_fir_decimate_fast_q31(
3384:Drivers/CMSIS/DSP/Include/arm_math.h ****   arm_fir_decimate_instance_q31 * S,
3385:Drivers/CMSIS/DSP/Include/arm_math.h ****   q31_t * pSrc,
3386:Drivers/CMSIS/DSP/Include/arm_math.h ****   q31_t * pDst,
3387:Drivers/CMSIS/DSP/Include/arm_math.h ****   uint32_t blockSize);
3388:Drivers/CMSIS/DSP/Include/arm_math.h **** 
3389:Drivers/CMSIS/DSP/Include/arm_math.h **** 
3390:Drivers/CMSIS/DSP/Include/arm_math.h ****   /**
3391:Drivers/CMSIS/DSP/Include/arm_math.h ****    * @brief  Initialization function for the Q31 FIR decimator.
3392:Drivers/CMSIS/DSP/Include/arm_math.h ****    * @param[in,out] S          points to an instance of the Q31 FIR decimator structure.
3393:Drivers/CMSIS/DSP/Include/arm_math.h ****    * @param[in]     numTaps    number of coefficients in the filter.
3394:Drivers/CMSIS/DSP/Include/arm_math.h ****    * @param[in]     M          decimation factor.
3395:Drivers/CMSIS/DSP/Include/arm_math.h ****    * @param[in]     pCoeffs    points to the filter coefficients.
3396:Drivers/CMSIS/DSP/Include/arm_math.h ****    * @param[in]     pState     points to the state buffer.
3397:Drivers/CMSIS/DSP/Include/arm_math.h ****    * @param[in]     blockSize  number of input samples to process per call.
3398:Drivers/CMSIS/DSP/Include/arm_math.h ****    * @return    The function returns ARM_MATH_SUCCESS if initialization is successful or ARM_MATH_L
3399:Drivers/CMSIS/DSP/Include/arm_math.h ****    * <code>blockSize</code> is not a multiple of <code>M</code>.
3400:Drivers/CMSIS/DSP/Include/arm_math.h ****    */
3401:Drivers/CMSIS/DSP/Include/arm_math.h ****   arm_status arm_fir_decimate_init_q31(
3402:Drivers/CMSIS/DSP/Include/arm_math.h ****   arm_fir_decimate_instance_q31 * S,
3403:Drivers/CMSIS/DSP/Include/arm_math.h ****   uint16_t numTaps,
3404:Drivers/CMSIS/DSP/Include/arm_math.h ****   uint8_t M,
3405:Drivers/CMSIS/DSP/Include/arm_math.h ****   q31_t * pCoeffs,
3406:Drivers/CMSIS/DSP/Include/arm_math.h ****   q31_t * pState,
3407:Drivers/CMSIS/DSP/Include/arm_math.h ****   uint32_t blockSize);
3408:Drivers/CMSIS/DSP/Include/arm_math.h **** 
3409:Drivers/CMSIS/DSP/Include/arm_math.h **** 
3410:Drivers/CMSIS/DSP/Include/arm_math.h ****   /**
3411:Drivers/CMSIS/DSP/Include/arm_math.h ****    * @brief Instance structure for the Q15 FIR interpolator.
3412:Drivers/CMSIS/DSP/Include/arm_math.h ****    */
3413:Drivers/CMSIS/DSP/Include/arm_math.h ****   typedef struct
3414:Drivers/CMSIS/DSP/Include/arm_math.h ****   {
3415:Drivers/CMSIS/DSP/Include/arm_math.h ****     uint8_t L;                      /**< upsample factor. */
3416:Drivers/CMSIS/DSP/Include/arm_math.h ****     uint16_t phaseLength;           /**< length of each polyphase filter component. */
3417:Drivers/CMSIS/DSP/Include/arm_math.h ****     q15_t *pCoeffs;                 /**< points to the coefficient array. The array is of length L*
ARM GAS  C:\Users\Lamp\AppData\Local\Temp\ccC8j8ON.s 			page 67


3418:Drivers/CMSIS/DSP/Include/arm_math.h ****     q15_t *pState;                  /**< points to the state variable array. The array is of length
3419:Drivers/CMSIS/DSP/Include/arm_math.h ****   } arm_fir_interpolate_instance_q15;
3420:Drivers/CMSIS/DSP/Include/arm_math.h **** 
3421:Drivers/CMSIS/DSP/Include/arm_math.h ****   /**
3422:Drivers/CMSIS/DSP/Include/arm_math.h ****    * @brief Instance structure for the Q31 FIR interpolator.
3423:Drivers/CMSIS/DSP/Include/arm_math.h ****    */
3424:Drivers/CMSIS/DSP/Include/arm_math.h ****   typedef struct
3425:Drivers/CMSIS/DSP/Include/arm_math.h ****   {
3426:Drivers/CMSIS/DSP/Include/arm_math.h ****     uint8_t L;                      /**< upsample factor. */
3427:Drivers/CMSIS/DSP/Include/arm_math.h ****     uint16_t phaseLength;           /**< length of each polyphase filter component. */
3428:Drivers/CMSIS/DSP/Include/arm_math.h ****     q31_t *pCoeffs;                 /**< points to the coefficient array. The array is of length L*
3429:Drivers/CMSIS/DSP/Include/arm_math.h ****     q31_t *pState;                  /**< points to the state variable array. The array is of length
3430:Drivers/CMSIS/DSP/Include/arm_math.h ****   } arm_fir_interpolate_instance_q31;
3431:Drivers/CMSIS/DSP/Include/arm_math.h **** 
3432:Drivers/CMSIS/DSP/Include/arm_math.h ****   /**
3433:Drivers/CMSIS/DSP/Include/arm_math.h ****    * @brief Instance structure for the floating-point FIR interpolator.
3434:Drivers/CMSIS/DSP/Include/arm_math.h ****    */
3435:Drivers/CMSIS/DSP/Include/arm_math.h ****   typedef struct
3436:Drivers/CMSIS/DSP/Include/arm_math.h ****   {
3437:Drivers/CMSIS/DSP/Include/arm_math.h ****     uint8_t L;                     /**< upsample factor. */
3438:Drivers/CMSIS/DSP/Include/arm_math.h ****     uint16_t phaseLength;          /**< length of each polyphase filter component. */
3439:Drivers/CMSIS/DSP/Include/arm_math.h ****     float32_t *pCoeffs;            /**< points to the coefficient array. The array is of length L*p
3440:Drivers/CMSIS/DSP/Include/arm_math.h ****     float32_t *pState;             /**< points to the state variable array. The array is of length 
3441:Drivers/CMSIS/DSP/Include/arm_math.h ****   } arm_fir_interpolate_instance_f32;
3442:Drivers/CMSIS/DSP/Include/arm_math.h **** 
3443:Drivers/CMSIS/DSP/Include/arm_math.h **** 
3444:Drivers/CMSIS/DSP/Include/arm_math.h ****   /**
3445:Drivers/CMSIS/DSP/Include/arm_math.h ****    * @brief Processing function for the Q15 FIR interpolator.
3446:Drivers/CMSIS/DSP/Include/arm_math.h ****    * @param[in]  S          points to an instance of the Q15 FIR interpolator structure.
3447:Drivers/CMSIS/DSP/Include/arm_math.h ****    * @param[in]  pSrc       points to the block of input data.
3448:Drivers/CMSIS/DSP/Include/arm_math.h ****    * @param[out] pDst       points to the block of output data.
3449:Drivers/CMSIS/DSP/Include/arm_math.h ****    * @param[in]  blockSize  number of input samples to process per call.
3450:Drivers/CMSIS/DSP/Include/arm_math.h ****    */
3451:Drivers/CMSIS/DSP/Include/arm_math.h ****   void arm_fir_interpolate_q15(
3452:Drivers/CMSIS/DSP/Include/arm_math.h ****   const arm_fir_interpolate_instance_q15 * S,
3453:Drivers/CMSIS/DSP/Include/arm_math.h ****   q15_t * pSrc,
3454:Drivers/CMSIS/DSP/Include/arm_math.h ****   q15_t * pDst,
3455:Drivers/CMSIS/DSP/Include/arm_math.h ****   uint32_t blockSize);
3456:Drivers/CMSIS/DSP/Include/arm_math.h **** 
3457:Drivers/CMSIS/DSP/Include/arm_math.h **** 
3458:Drivers/CMSIS/DSP/Include/arm_math.h ****   /**
3459:Drivers/CMSIS/DSP/Include/arm_math.h ****    * @brief  Initialization function for the Q15 FIR interpolator.
3460:Drivers/CMSIS/DSP/Include/arm_math.h ****    * @param[in,out] S          points to an instance of the Q15 FIR interpolator structure.
3461:Drivers/CMSIS/DSP/Include/arm_math.h ****    * @param[in]     L          upsample factor.
3462:Drivers/CMSIS/DSP/Include/arm_math.h ****    * @param[in]     numTaps    number of filter coefficients in the filter.
3463:Drivers/CMSIS/DSP/Include/arm_math.h ****    * @param[in]     pCoeffs    points to the filter coefficient buffer.
3464:Drivers/CMSIS/DSP/Include/arm_math.h ****    * @param[in]     pState     points to the state buffer.
3465:Drivers/CMSIS/DSP/Include/arm_math.h ****    * @param[in]     blockSize  number of input samples to process per call.
3466:Drivers/CMSIS/DSP/Include/arm_math.h ****    * @return        The function returns ARM_MATH_SUCCESS if initialization is successful or ARM_MA
3467:Drivers/CMSIS/DSP/Include/arm_math.h ****    * the filter length <code>numTaps</code> is not a multiple of the interpolation factor <code>L</
3468:Drivers/CMSIS/DSP/Include/arm_math.h ****    */
3469:Drivers/CMSIS/DSP/Include/arm_math.h ****   arm_status arm_fir_interpolate_init_q15(
3470:Drivers/CMSIS/DSP/Include/arm_math.h ****   arm_fir_interpolate_instance_q15 * S,
3471:Drivers/CMSIS/DSP/Include/arm_math.h ****   uint8_t L,
3472:Drivers/CMSIS/DSP/Include/arm_math.h ****   uint16_t numTaps,
3473:Drivers/CMSIS/DSP/Include/arm_math.h ****   q15_t * pCoeffs,
3474:Drivers/CMSIS/DSP/Include/arm_math.h ****   q15_t * pState,
ARM GAS  C:\Users\Lamp\AppData\Local\Temp\ccC8j8ON.s 			page 68


3475:Drivers/CMSIS/DSP/Include/arm_math.h ****   uint32_t blockSize);
3476:Drivers/CMSIS/DSP/Include/arm_math.h **** 
3477:Drivers/CMSIS/DSP/Include/arm_math.h **** 
3478:Drivers/CMSIS/DSP/Include/arm_math.h ****   /**
3479:Drivers/CMSIS/DSP/Include/arm_math.h ****    * @brief Processing function for the Q31 FIR interpolator.
3480:Drivers/CMSIS/DSP/Include/arm_math.h ****    * @param[in]  S          points to an instance of the Q15 FIR interpolator structure.
3481:Drivers/CMSIS/DSP/Include/arm_math.h ****    * @param[in]  pSrc       points to the block of input data.
3482:Drivers/CMSIS/DSP/Include/arm_math.h ****    * @param[out] pDst       points to the block of output data.
3483:Drivers/CMSIS/DSP/Include/arm_math.h ****    * @param[in]  blockSize  number of input samples to process per call.
3484:Drivers/CMSIS/DSP/Include/arm_math.h ****    */
3485:Drivers/CMSIS/DSP/Include/arm_math.h ****   void arm_fir_interpolate_q31(
3486:Drivers/CMSIS/DSP/Include/arm_math.h ****   const arm_fir_interpolate_instance_q31 * S,
3487:Drivers/CMSIS/DSP/Include/arm_math.h ****   q31_t * pSrc,
3488:Drivers/CMSIS/DSP/Include/arm_math.h ****   q31_t * pDst,
3489:Drivers/CMSIS/DSP/Include/arm_math.h ****   uint32_t blockSize);
3490:Drivers/CMSIS/DSP/Include/arm_math.h **** 
3491:Drivers/CMSIS/DSP/Include/arm_math.h **** 
3492:Drivers/CMSIS/DSP/Include/arm_math.h ****   /**
3493:Drivers/CMSIS/DSP/Include/arm_math.h ****    * @brief  Initialization function for the Q31 FIR interpolator.
3494:Drivers/CMSIS/DSP/Include/arm_math.h ****    * @param[in,out] S          points to an instance of the Q31 FIR interpolator structure.
3495:Drivers/CMSIS/DSP/Include/arm_math.h ****    * @param[in]     L          upsample factor.
3496:Drivers/CMSIS/DSP/Include/arm_math.h ****    * @param[in]     numTaps    number of filter coefficients in the filter.
3497:Drivers/CMSIS/DSP/Include/arm_math.h ****    * @param[in]     pCoeffs    points to the filter coefficient buffer.
3498:Drivers/CMSIS/DSP/Include/arm_math.h ****    * @param[in]     pState     points to the state buffer.
3499:Drivers/CMSIS/DSP/Include/arm_math.h ****    * @param[in]     blockSize  number of input samples to process per call.
3500:Drivers/CMSIS/DSP/Include/arm_math.h ****    * @return        The function returns ARM_MATH_SUCCESS if initialization is successful or ARM_MA
3501:Drivers/CMSIS/DSP/Include/arm_math.h ****    * the filter length <code>numTaps</code> is not a multiple of the interpolation factor <code>L</
3502:Drivers/CMSIS/DSP/Include/arm_math.h ****    */
3503:Drivers/CMSIS/DSP/Include/arm_math.h ****   arm_status arm_fir_interpolate_init_q31(
3504:Drivers/CMSIS/DSP/Include/arm_math.h ****   arm_fir_interpolate_instance_q31 * S,
3505:Drivers/CMSIS/DSP/Include/arm_math.h ****   uint8_t L,
3506:Drivers/CMSIS/DSP/Include/arm_math.h ****   uint16_t numTaps,
3507:Drivers/CMSIS/DSP/Include/arm_math.h ****   q31_t * pCoeffs,
3508:Drivers/CMSIS/DSP/Include/arm_math.h ****   q31_t * pState,
3509:Drivers/CMSIS/DSP/Include/arm_math.h ****   uint32_t blockSize);
3510:Drivers/CMSIS/DSP/Include/arm_math.h **** 
3511:Drivers/CMSIS/DSP/Include/arm_math.h **** 
3512:Drivers/CMSIS/DSP/Include/arm_math.h ****   /**
3513:Drivers/CMSIS/DSP/Include/arm_math.h ****    * @brief Processing function for the floating-point FIR interpolator.
3514:Drivers/CMSIS/DSP/Include/arm_math.h ****    * @param[in]  S          points to an instance of the floating-point FIR interpolator structure.
3515:Drivers/CMSIS/DSP/Include/arm_math.h ****    * @param[in]  pSrc       points to the block of input data.
3516:Drivers/CMSIS/DSP/Include/arm_math.h ****    * @param[out] pDst       points to the block of output data.
3517:Drivers/CMSIS/DSP/Include/arm_math.h ****    * @param[in]  blockSize  number of input samples to process per call.
3518:Drivers/CMSIS/DSP/Include/arm_math.h ****    */
3519:Drivers/CMSIS/DSP/Include/arm_math.h ****   void arm_fir_interpolate_f32(
3520:Drivers/CMSIS/DSP/Include/arm_math.h ****   const arm_fir_interpolate_instance_f32 * S,
3521:Drivers/CMSIS/DSP/Include/arm_math.h ****   float32_t * pSrc,
3522:Drivers/CMSIS/DSP/Include/arm_math.h ****   float32_t * pDst,
3523:Drivers/CMSIS/DSP/Include/arm_math.h ****   uint32_t blockSize);
3524:Drivers/CMSIS/DSP/Include/arm_math.h **** 
3525:Drivers/CMSIS/DSP/Include/arm_math.h **** 
3526:Drivers/CMSIS/DSP/Include/arm_math.h ****   /**
3527:Drivers/CMSIS/DSP/Include/arm_math.h ****    * @brief  Initialization function for the floating-point FIR interpolator.
3528:Drivers/CMSIS/DSP/Include/arm_math.h ****    * @param[in,out] S          points to an instance of the floating-point FIR interpolator structu
3529:Drivers/CMSIS/DSP/Include/arm_math.h ****    * @param[in]     L          upsample factor.
3530:Drivers/CMSIS/DSP/Include/arm_math.h ****    * @param[in]     numTaps    number of filter coefficients in the filter.
3531:Drivers/CMSIS/DSP/Include/arm_math.h ****    * @param[in]     pCoeffs    points to the filter coefficient buffer.
ARM GAS  C:\Users\Lamp\AppData\Local\Temp\ccC8j8ON.s 			page 69


3532:Drivers/CMSIS/DSP/Include/arm_math.h ****    * @param[in]     pState     points to the state buffer.
3533:Drivers/CMSIS/DSP/Include/arm_math.h ****    * @param[in]     blockSize  number of input samples to process per call.
3534:Drivers/CMSIS/DSP/Include/arm_math.h ****    * @return        The function returns ARM_MATH_SUCCESS if initialization is successful or ARM_MA
3535:Drivers/CMSIS/DSP/Include/arm_math.h ****    * the filter length <code>numTaps</code> is not a multiple of the interpolation factor <code>L</
3536:Drivers/CMSIS/DSP/Include/arm_math.h ****    */
3537:Drivers/CMSIS/DSP/Include/arm_math.h ****   arm_status arm_fir_interpolate_init_f32(
3538:Drivers/CMSIS/DSP/Include/arm_math.h ****   arm_fir_interpolate_instance_f32 * S,
3539:Drivers/CMSIS/DSP/Include/arm_math.h ****   uint8_t L,
3540:Drivers/CMSIS/DSP/Include/arm_math.h ****   uint16_t numTaps,
3541:Drivers/CMSIS/DSP/Include/arm_math.h ****   float32_t * pCoeffs,
3542:Drivers/CMSIS/DSP/Include/arm_math.h ****   float32_t * pState,
3543:Drivers/CMSIS/DSP/Include/arm_math.h ****   uint32_t blockSize);
3544:Drivers/CMSIS/DSP/Include/arm_math.h **** 
3545:Drivers/CMSIS/DSP/Include/arm_math.h **** 
3546:Drivers/CMSIS/DSP/Include/arm_math.h ****   /**
3547:Drivers/CMSIS/DSP/Include/arm_math.h ****    * @brief Instance structure for the high precision Q31 Biquad cascade filter.
3548:Drivers/CMSIS/DSP/Include/arm_math.h ****    */
3549:Drivers/CMSIS/DSP/Include/arm_math.h ****   typedef struct
3550:Drivers/CMSIS/DSP/Include/arm_math.h ****   {
3551:Drivers/CMSIS/DSP/Include/arm_math.h ****     uint8_t numStages;       /**< number of 2nd order stages in the filter.  Overall order is 2*num
3552:Drivers/CMSIS/DSP/Include/arm_math.h ****     q63_t *pState;           /**< points to the array of state coefficients.  The array is of lengt
3553:Drivers/CMSIS/DSP/Include/arm_math.h ****     q31_t *pCoeffs;          /**< points to the array of coefficients.  The array is of length 5*nu
3554:Drivers/CMSIS/DSP/Include/arm_math.h ****     uint8_t postShift;       /**< additional shift, in bits, applied to each output sample. */
3555:Drivers/CMSIS/DSP/Include/arm_math.h ****   } arm_biquad_cas_df1_32x64_ins_q31;
3556:Drivers/CMSIS/DSP/Include/arm_math.h **** 
3557:Drivers/CMSIS/DSP/Include/arm_math.h **** 
3558:Drivers/CMSIS/DSP/Include/arm_math.h ****   /**
3559:Drivers/CMSIS/DSP/Include/arm_math.h ****    * @param[in]  S          points to an instance of the high precision Q31 Biquad cascade filter s
3560:Drivers/CMSIS/DSP/Include/arm_math.h ****    * @param[in]  pSrc       points to the block of input data.
3561:Drivers/CMSIS/DSP/Include/arm_math.h ****    * @param[out] pDst       points to the block of output data
3562:Drivers/CMSIS/DSP/Include/arm_math.h ****    * @param[in]  blockSize  number of samples to process.
3563:Drivers/CMSIS/DSP/Include/arm_math.h ****    */
3564:Drivers/CMSIS/DSP/Include/arm_math.h ****   void arm_biquad_cas_df1_32x64_q31(
3565:Drivers/CMSIS/DSP/Include/arm_math.h ****   const arm_biquad_cas_df1_32x64_ins_q31 * S,
3566:Drivers/CMSIS/DSP/Include/arm_math.h ****   q31_t * pSrc,
3567:Drivers/CMSIS/DSP/Include/arm_math.h ****   q31_t * pDst,
3568:Drivers/CMSIS/DSP/Include/arm_math.h ****   uint32_t blockSize);
3569:Drivers/CMSIS/DSP/Include/arm_math.h **** 
3570:Drivers/CMSIS/DSP/Include/arm_math.h **** 
3571:Drivers/CMSIS/DSP/Include/arm_math.h ****   /**
3572:Drivers/CMSIS/DSP/Include/arm_math.h ****    * @param[in,out] S          points to an instance of the high precision Q31 Biquad cascade filte
3573:Drivers/CMSIS/DSP/Include/arm_math.h ****    * @param[in]     numStages  number of 2nd order stages in the filter.
3574:Drivers/CMSIS/DSP/Include/arm_math.h ****    * @param[in]     pCoeffs    points to the filter coefficients.
3575:Drivers/CMSIS/DSP/Include/arm_math.h ****    * @param[in]     pState     points to the state buffer.
3576:Drivers/CMSIS/DSP/Include/arm_math.h ****    * @param[in]     postShift  shift to be applied to the output. Varies according to the coefficie
3577:Drivers/CMSIS/DSP/Include/arm_math.h ****    */
3578:Drivers/CMSIS/DSP/Include/arm_math.h ****   void arm_biquad_cas_df1_32x64_init_q31(
3579:Drivers/CMSIS/DSP/Include/arm_math.h ****   arm_biquad_cas_df1_32x64_ins_q31 * S,
3580:Drivers/CMSIS/DSP/Include/arm_math.h ****   uint8_t numStages,
3581:Drivers/CMSIS/DSP/Include/arm_math.h ****   q31_t * pCoeffs,
3582:Drivers/CMSIS/DSP/Include/arm_math.h ****   q63_t * pState,
3583:Drivers/CMSIS/DSP/Include/arm_math.h ****   uint8_t postShift);
3584:Drivers/CMSIS/DSP/Include/arm_math.h **** 
3585:Drivers/CMSIS/DSP/Include/arm_math.h **** 
3586:Drivers/CMSIS/DSP/Include/arm_math.h ****   /**
3587:Drivers/CMSIS/DSP/Include/arm_math.h ****    * @brief Instance structure for the floating-point transposed direct form II Biquad cascade filt
3588:Drivers/CMSIS/DSP/Include/arm_math.h ****    */
ARM GAS  C:\Users\Lamp\AppData\Local\Temp\ccC8j8ON.s 			page 70


3589:Drivers/CMSIS/DSP/Include/arm_math.h ****   typedef struct
3590:Drivers/CMSIS/DSP/Include/arm_math.h ****   {
3591:Drivers/CMSIS/DSP/Include/arm_math.h ****     uint8_t numStages;         /**< number of 2nd order stages in the filter.  Overall order is 2*n
3592:Drivers/CMSIS/DSP/Include/arm_math.h ****     float32_t *pState;         /**< points to the array of state coefficients.  The array is of len
3593:Drivers/CMSIS/DSP/Include/arm_math.h ****     float32_t *pCoeffs;        /**< points to the array of coefficients.  The array is of length 5*
3594:Drivers/CMSIS/DSP/Include/arm_math.h ****   } arm_biquad_cascade_df2T_instance_f32;
3595:Drivers/CMSIS/DSP/Include/arm_math.h **** 
3596:Drivers/CMSIS/DSP/Include/arm_math.h ****   /**
3597:Drivers/CMSIS/DSP/Include/arm_math.h ****    * @brief Instance structure for the floating-point transposed direct form II Biquad cascade filt
3598:Drivers/CMSIS/DSP/Include/arm_math.h ****    */
3599:Drivers/CMSIS/DSP/Include/arm_math.h ****   typedef struct
3600:Drivers/CMSIS/DSP/Include/arm_math.h ****   {
3601:Drivers/CMSIS/DSP/Include/arm_math.h ****     uint8_t numStages;         /**< number of 2nd order stages in the filter.  Overall order is 2*n
3602:Drivers/CMSIS/DSP/Include/arm_math.h ****     float32_t *pState;         /**< points to the array of state coefficients.  The array is of len
3603:Drivers/CMSIS/DSP/Include/arm_math.h ****     float32_t *pCoeffs;        /**< points to the array of coefficients.  The array is of length 5*
3604:Drivers/CMSIS/DSP/Include/arm_math.h ****   } arm_biquad_cascade_stereo_df2T_instance_f32;
3605:Drivers/CMSIS/DSP/Include/arm_math.h **** 
3606:Drivers/CMSIS/DSP/Include/arm_math.h ****   /**
3607:Drivers/CMSIS/DSP/Include/arm_math.h ****    * @brief Instance structure for the floating-point transposed direct form II Biquad cascade filt
3608:Drivers/CMSIS/DSP/Include/arm_math.h ****    */
3609:Drivers/CMSIS/DSP/Include/arm_math.h ****   typedef struct
3610:Drivers/CMSIS/DSP/Include/arm_math.h ****   {
3611:Drivers/CMSIS/DSP/Include/arm_math.h ****     uint8_t numStages;         /**< number of 2nd order stages in the filter.  Overall order is 2*n
3612:Drivers/CMSIS/DSP/Include/arm_math.h ****     float64_t *pState;         /**< points to the array of state coefficients.  The array is of len
3613:Drivers/CMSIS/DSP/Include/arm_math.h ****     float64_t *pCoeffs;        /**< points to the array of coefficients.  The array is of length 5*
3614:Drivers/CMSIS/DSP/Include/arm_math.h ****   } arm_biquad_cascade_df2T_instance_f64;
3615:Drivers/CMSIS/DSP/Include/arm_math.h **** 
3616:Drivers/CMSIS/DSP/Include/arm_math.h **** 
3617:Drivers/CMSIS/DSP/Include/arm_math.h ****   /**
3618:Drivers/CMSIS/DSP/Include/arm_math.h ****    * @brief Processing function for the floating-point transposed direct form II Biquad cascade fil
3619:Drivers/CMSIS/DSP/Include/arm_math.h ****    * @param[in]  S          points to an instance of the filter data structure.
3620:Drivers/CMSIS/DSP/Include/arm_math.h ****    * @param[in]  pSrc       points to the block of input data.
3621:Drivers/CMSIS/DSP/Include/arm_math.h ****    * @param[out] pDst       points to the block of output data
3622:Drivers/CMSIS/DSP/Include/arm_math.h ****    * @param[in]  blockSize  number of samples to process.
3623:Drivers/CMSIS/DSP/Include/arm_math.h ****    */
3624:Drivers/CMSIS/DSP/Include/arm_math.h ****   void arm_biquad_cascade_df2T_f32(
3625:Drivers/CMSIS/DSP/Include/arm_math.h ****   const arm_biquad_cascade_df2T_instance_f32 * S,
3626:Drivers/CMSIS/DSP/Include/arm_math.h ****   float32_t * pSrc,
3627:Drivers/CMSIS/DSP/Include/arm_math.h ****   float32_t * pDst,
3628:Drivers/CMSIS/DSP/Include/arm_math.h ****   uint32_t blockSize);
3629:Drivers/CMSIS/DSP/Include/arm_math.h **** 
3630:Drivers/CMSIS/DSP/Include/arm_math.h **** 
3631:Drivers/CMSIS/DSP/Include/arm_math.h ****   /**
3632:Drivers/CMSIS/DSP/Include/arm_math.h ****    * @brief Processing function for the floating-point transposed direct form II Biquad cascade fil
3633:Drivers/CMSIS/DSP/Include/arm_math.h ****    * @param[in]  S          points to an instance of the filter data structure.
3634:Drivers/CMSIS/DSP/Include/arm_math.h ****    * @param[in]  pSrc       points to the block of input data.
3635:Drivers/CMSIS/DSP/Include/arm_math.h ****    * @param[out] pDst       points to the block of output data
3636:Drivers/CMSIS/DSP/Include/arm_math.h ****    * @param[in]  blockSize  number of samples to process.
3637:Drivers/CMSIS/DSP/Include/arm_math.h ****    */
3638:Drivers/CMSIS/DSP/Include/arm_math.h ****   void arm_biquad_cascade_stereo_df2T_f32(
3639:Drivers/CMSIS/DSP/Include/arm_math.h ****   const arm_biquad_cascade_stereo_df2T_instance_f32 * S,
3640:Drivers/CMSIS/DSP/Include/arm_math.h ****   float32_t * pSrc,
3641:Drivers/CMSIS/DSP/Include/arm_math.h ****   float32_t * pDst,
3642:Drivers/CMSIS/DSP/Include/arm_math.h ****   uint32_t blockSize);
3643:Drivers/CMSIS/DSP/Include/arm_math.h **** 
3644:Drivers/CMSIS/DSP/Include/arm_math.h **** 
3645:Drivers/CMSIS/DSP/Include/arm_math.h ****   /**
ARM GAS  C:\Users\Lamp\AppData\Local\Temp\ccC8j8ON.s 			page 71


3646:Drivers/CMSIS/DSP/Include/arm_math.h ****    * @brief Processing function for the floating-point transposed direct form II Biquad cascade fil
3647:Drivers/CMSIS/DSP/Include/arm_math.h ****    * @param[in]  S          points to an instance of the filter data structure.
3648:Drivers/CMSIS/DSP/Include/arm_math.h ****    * @param[in]  pSrc       points to the block of input data.
3649:Drivers/CMSIS/DSP/Include/arm_math.h ****    * @param[out] pDst       points to the block of output data
3650:Drivers/CMSIS/DSP/Include/arm_math.h ****    * @param[in]  blockSize  number of samples to process.
3651:Drivers/CMSIS/DSP/Include/arm_math.h ****    */
3652:Drivers/CMSIS/DSP/Include/arm_math.h ****   void arm_biquad_cascade_df2T_f64(
3653:Drivers/CMSIS/DSP/Include/arm_math.h ****   const arm_biquad_cascade_df2T_instance_f64 * S,
3654:Drivers/CMSIS/DSP/Include/arm_math.h ****   float64_t * pSrc,
3655:Drivers/CMSIS/DSP/Include/arm_math.h ****   float64_t * pDst,
3656:Drivers/CMSIS/DSP/Include/arm_math.h ****   uint32_t blockSize);
3657:Drivers/CMSIS/DSP/Include/arm_math.h **** 
3658:Drivers/CMSIS/DSP/Include/arm_math.h **** 
3659:Drivers/CMSIS/DSP/Include/arm_math.h ****   /**
3660:Drivers/CMSIS/DSP/Include/arm_math.h ****    * @brief  Initialization function for the floating-point transposed direct form II Biquad cascad
3661:Drivers/CMSIS/DSP/Include/arm_math.h ****    * @param[in,out] S          points to an instance of the filter data structure.
3662:Drivers/CMSIS/DSP/Include/arm_math.h ****    * @param[in]     numStages  number of 2nd order stages in the filter.
3663:Drivers/CMSIS/DSP/Include/arm_math.h ****    * @param[in]     pCoeffs    points to the filter coefficients.
3664:Drivers/CMSIS/DSP/Include/arm_math.h ****    * @param[in]     pState     points to the state buffer.
3665:Drivers/CMSIS/DSP/Include/arm_math.h ****    */
3666:Drivers/CMSIS/DSP/Include/arm_math.h ****   void arm_biquad_cascade_df2T_init_f32(
3667:Drivers/CMSIS/DSP/Include/arm_math.h ****   arm_biquad_cascade_df2T_instance_f32 * S,
3668:Drivers/CMSIS/DSP/Include/arm_math.h ****   uint8_t numStages,
3669:Drivers/CMSIS/DSP/Include/arm_math.h ****   float32_t * pCoeffs,
3670:Drivers/CMSIS/DSP/Include/arm_math.h ****   float32_t * pState);
3671:Drivers/CMSIS/DSP/Include/arm_math.h **** 
3672:Drivers/CMSIS/DSP/Include/arm_math.h **** 
3673:Drivers/CMSIS/DSP/Include/arm_math.h ****   /**
3674:Drivers/CMSIS/DSP/Include/arm_math.h ****    * @brief  Initialization function for the floating-point transposed direct form II Biquad cascad
3675:Drivers/CMSIS/DSP/Include/arm_math.h ****    * @param[in,out] S          points to an instance of the filter data structure.
3676:Drivers/CMSIS/DSP/Include/arm_math.h ****    * @param[in]     numStages  number of 2nd order stages in the filter.
3677:Drivers/CMSIS/DSP/Include/arm_math.h ****    * @param[in]     pCoeffs    points to the filter coefficients.
3678:Drivers/CMSIS/DSP/Include/arm_math.h ****    * @param[in]     pState     points to the state buffer.
3679:Drivers/CMSIS/DSP/Include/arm_math.h ****    */
3680:Drivers/CMSIS/DSP/Include/arm_math.h ****   void arm_biquad_cascade_stereo_df2T_init_f32(
3681:Drivers/CMSIS/DSP/Include/arm_math.h ****   arm_biquad_cascade_stereo_df2T_instance_f32 * S,
3682:Drivers/CMSIS/DSP/Include/arm_math.h ****   uint8_t numStages,
3683:Drivers/CMSIS/DSP/Include/arm_math.h ****   float32_t * pCoeffs,
3684:Drivers/CMSIS/DSP/Include/arm_math.h ****   float32_t * pState);
3685:Drivers/CMSIS/DSP/Include/arm_math.h **** 
3686:Drivers/CMSIS/DSP/Include/arm_math.h **** 
3687:Drivers/CMSIS/DSP/Include/arm_math.h ****   /**
3688:Drivers/CMSIS/DSP/Include/arm_math.h ****    * @brief  Initialization function for the floating-point transposed direct form II Biquad cascad
3689:Drivers/CMSIS/DSP/Include/arm_math.h ****    * @param[in,out] S          points to an instance of the filter data structure.
3690:Drivers/CMSIS/DSP/Include/arm_math.h ****    * @param[in]     numStages  number of 2nd order stages in the filter.
3691:Drivers/CMSIS/DSP/Include/arm_math.h ****    * @param[in]     pCoeffs    points to the filter coefficients.
3692:Drivers/CMSIS/DSP/Include/arm_math.h ****    * @param[in]     pState     points to the state buffer.
3693:Drivers/CMSIS/DSP/Include/arm_math.h ****    */
3694:Drivers/CMSIS/DSP/Include/arm_math.h ****   void arm_biquad_cascade_df2T_init_f64(
3695:Drivers/CMSIS/DSP/Include/arm_math.h ****   arm_biquad_cascade_df2T_instance_f64 * S,
3696:Drivers/CMSIS/DSP/Include/arm_math.h ****   uint8_t numStages,
3697:Drivers/CMSIS/DSP/Include/arm_math.h ****   float64_t * pCoeffs,
3698:Drivers/CMSIS/DSP/Include/arm_math.h ****   float64_t * pState);
3699:Drivers/CMSIS/DSP/Include/arm_math.h **** 
3700:Drivers/CMSIS/DSP/Include/arm_math.h **** 
3701:Drivers/CMSIS/DSP/Include/arm_math.h ****   /**
3702:Drivers/CMSIS/DSP/Include/arm_math.h ****    * @brief Instance structure for the Q15 FIR lattice filter.
ARM GAS  C:\Users\Lamp\AppData\Local\Temp\ccC8j8ON.s 			page 72


3703:Drivers/CMSIS/DSP/Include/arm_math.h ****    */
3704:Drivers/CMSIS/DSP/Include/arm_math.h ****   typedef struct
3705:Drivers/CMSIS/DSP/Include/arm_math.h ****   {
3706:Drivers/CMSIS/DSP/Include/arm_math.h ****     uint16_t numStages;                  /**< number of filter stages. */
3707:Drivers/CMSIS/DSP/Include/arm_math.h ****     q15_t *pState;                       /**< points to the state variable array. The array is of l
3708:Drivers/CMSIS/DSP/Include/arm_math.h ****     q15_t *pCoeffs;                      /**< points to the coefficient array. The array is of leng
3709:Drivers/CMSIS/DSP/Include/arm_math.h ****   } arm_fir_lattice_instance_q15;
3710:Drivers/CMSIS/DSP/Include/arm_math.h **** 
3711:Drivers/CMSIS/DSP/Include/arm_math.h ****   /**
3712:Drivers/CMSIS/DSP/Include/arm_math.h ****    * @brief Instance structure for the Q31 FIR lattice filter.
3713:Drivers/CMSIS/DSP/Include/arm_math.h ****    */
3714:Drivers/CMSIS/DSP/Include/arm_math.h ****   typedef struct
3715:Drivers/CMSIS/DSP/Include/arm_math.h ****   {
3716:Drivers/CMSIS/DSP/Include/arm_math.h ****     uint16_t numStages;                  /**< number of filter stages. */
3717:Drivers/CMSIS/DSP/Include/arm_math.h ****     q31_t *pState;                       /**< points to the state variable array. The array is of l
3718:Drivers/CMSIS/DSP/Include/arm_math.h ****     q31_t *pCoeffs;                      /**< points to the coefficient array. The array is of leng
3719:Drivers/CMSIS/DSP/Include/arm_math.h ****   } arm_fir_lattice_instance_q31;
3720:Drivers/CMSIS/DSP/Include/arm_math.h **** 
3721:Drivers/CMSIS/DSP/Include/arm_math.h ****   /**
3722:Drivers/CMSIS/DSP/Include/arm_math.h ****    * @brief Instance structure for the floating-point FIR lattice filter.
3723:Drivers/CMSIS/DSP/Include/arm_math.h ****    */
3724:Drivers/CMSIS/DSP/Include/arm_math.h ****   typedef struct
3725:Drivers/CMSIS/DSP/Include/arm_math.h ****   {
3726:Drivers/CMSIS/DSP/Include/arm_math.h ****     uint16_t numStages;                  /**< number of filter stages. */
3727:Drivers/CMSIS/DSP/Include/arm_math.h ****     float32_t *pState;                   /**< points to the state variable array. The array is of l
3728:Drivers/CMSIS/DSP/Include/arm_math.h ****     float32_t *pCoeffs;                  /**< points to the coefficient array. The array is of leng
3729:Drivers/CMSIS/DSP/Include/arm_math.h ****   } arm_fir_lattice_instance_f32;
3730:Drivers/CMSIS/DSP/Include/arm_math.h **** 
3731:Drivers/CMSIS/DSP/Include/arm_math.h **** 
3732:Drivers/CMSIS/DSP/Include/arm_math.h ****   /**
3733:Drivers/CMSIS/DSP/Include/arm_math.h ****    * @brief Initialization function for the Q15 FIR lattice filter.
3734:Drivers/CMSIS/DSP/Include/arm_math.h ****    * @param[in] S          points to an instance of the Q15 FIR lattice structure.
3735:Drivers/CMSIS/DSP/Include/arm_math.h ****    * @param[in] numStages  number of filter stages.
3736:Drivers/CMSIS/DSP/Include/arm_math.h ****    * @param[in] pCoeffs    points to the coefficient buffer.  The array is of length numStages.
3737:Drivers/CMSIS/DSP/Include/arm_math.h ****    * @param[in] pState     points to the state buffer.  The array is of length numStages.
3738:Drivers/CMSIS/DSP/Include/arm_math.h ****    */
3739:Drivers/CMSIS/DSP/Include/arm_math.h ****   void arm_fir_lattice_init_q15(
3740:Drivers/CMSIS/DSP/Include/arm_math.h ****   arm_fir_lattice_instance_q15 * S,
3741:Drivers/CMSIS/DSP/Include/arm_math.h ****   uint16_t numStages,
3742:Drivers/CMSIS/DSP/Include/arm_math.h ****   q15_t * pCoeffs,
3743:Drivers/CMSIS/DSP/Include/arm_math.h ****   q15_t * pState);
3744:Drivers/CMSIS/DSP/Include/arm_math.h **** 
3745:Drivers/CMSIS/DSP/Include/arm_math.h **** 
3746:Drivers/CMSIS/DSP/Include/arm_math.h ****   /**
3747:Drivers/CMSIS/DSP/Include/arm_math.h ****    * @brief Processing function for the Q15 FIR lattice filter.
3748:Drivers/CMSIS/DSP/Include/arm_math.h ****    * @param[in]  S          points to an instance of the Q15 FIR lattice structure.
3749:Drivers/CMSIS/DSP/Include/arm_math.h ****    * @param[in]  pSrc       points to the block of input data.
3750:Drivers/CMSIS/DSP/Include/arm_math.h ****    * @param[out] pDst       points to the block of output data.
3751:Drivers/CMSIS/DSP/Include/arm_math.h ****    * @param[in]  blockSize  number of samples to process.
3752:Drivers/CMSIS/DSP/Include/arm_math.h ****    */
3753:Drivers/CMSIS/DSP/Include/arm_math.h ****   void arm_fir_lattice_q15(
3754:Drivers/CMSIS/DSP/Include/arm_math.h ****   const arm_fir_lattice_instance_q15 * S,
3755:Drivers/CMSIS/DSP/Include/arm_math.h ****   q15_t * pSrc,
3756:Drivers/CMSIS/DSP/Include/arm_math.h ****   q15_t * pDst,
3757:Drivers/CMSIS/DSP/Include/arm_math.h ****   uint32_t blockSize);
3758:Drivers/CMSIS/DSP/Include/arm_math.h **** 
3759:Drivers/CMSIS/DSP/Include/arm_math.h **** 
ARM GAS  C:\Users\Lamp\AppData\Local\Temp\ccC8j8ON.s 			page 73


3760:Drivers/CMSIS/DSP/Include/arm_math.h ****   /**
3761:Drivers/CMSIS/DSP/Include/arm_math.h ****    * @brief Initialization function for the Q31 FIR lattice filter.
3762:Drivers/CMSIS/DSP/Include/arm_math.h ****    * @param[in] S          points to an instance of the Q31 FIR lattice structure.
3763:Drivers/CMSIS/DSP/Include/arm_math.h ****    * @param[in] numStages  number of filter stages.
3764:Drivers/CMSIS/DSP/Include/arm_math.h ****    * @param[in] pCoeffs    points to the coefficient buffer.  The array is of length numStages.
3765:Drivers/CMSIS/DSP/Include/arm_math.h ****    * @param[in] pState     points to the state buffer.   The array is of length numStages.
3766:Drivers/CMSIS/DSP/Include/arm_math.h ****    */
3767:Drivers/CMSIS/DSP/Include/arm_math.h ****   void arm_fir_lattice_init_q31(
3768:Drivers/CMSIS/DSP/Include/arm_math.h ****   arm_fir_lattice_instance_q31 * S,
3769:Drivers/CMSIS/DSP/Include/arm_math.h ****   uint16_t numStages,
3770:Drivers/CMSIS/DSP/Include/arm_math.h ****   q31_t * pCoeffs,
3771:Drivers/CMSIS/DSP/Include/arm_math.h ****   q31_t * pState);
3772:Drivers/CMSIS/DSP/Include/arm_math.h **** 
3773:Drivers/CMSIS/DSP/Include/arm_math.h **** 
3774:Drivers/CMSIS/DSP/Include/arm_math.h ****   /**
3775:Drivers/CMSIS/DSP/Include/arm_math.h ****    * @brief Processing function for the Q31 FIR lattice filter.
3776:Drivers/CMSIS/DSP/Include/arm_math.h ****    * @param[in]  S          points to an instance of the Q31 FIR lattice structure.
3777:Drivers/CMSIS/DSP/Include/arm_math.h ****    * @param[in]  pSrc       points to the block of input data.
3778:Drivers/CMSIS/DSP/Include/arm_math.h ****    * @param[out] pDst       points to the block of output data
3779:Drivers/CMSIS/DSP/Include/arm_math.h ****    * @param[in]  blockSize  number of samples to process.
3780:Drivers/CMSIS/DSP/Include/arm_math.h ****    */
3781:Drivers/CMSIS/DSP/Include/arm_math.h ****   void arm_fir_lattice_q31(
3782:Drivers/CMSIS/DSP/Include/arm_math.h ****   const arm_fir_lattice_instance_q31 * S,
3783:Drivers/CMSIS/DSP/Include/arm_math.h ****   q31_t * pSrc,
3784:Drivers/CMSIS/DSP/Include/arm_math.h ****   q31_t * pDst,
3785:Drivers/CMSIS/DSP/Include/arm_math.h ****   uint32_t blockSize);
3786:Drivers/CMSIS/DSP/Include/arm_math.h **** 
3787:Drivers/CMSIS/DSP/Include/arm_math.h **** 
3788:Drivers/CMSIS/DSP/Include/arm_math.h **** /**
3789:Drivers/CMSIS/DSP/Include/arm_math.h ****  * @brief Initialization function for the floating-point FIR lattice filter.
3790:Drivers/CMSIS/DSP/Include/arm_math.h ****  * @param[in] S          points to an instance of the floating-point FIR lattice structure.
3791:Drivers/CMSIS/DSP/Include/arm_math.h ****  * @param[in] numStages  number of filter stages.
3792:Drivers/CMSIS/DSP/Include/arm_math.h ****  * @param[in] pCoeffs    points to the coefficient buffer.  The array is of length numStages.
3793:Drivers/CMSIS/DSP/Include/arm_math.h ****  * @param[in] pState     points to the state buffer.  The array is of length numStages.
3794:Drivers/CMSIS/DSP/Include/arm_math.h ****  */
3795:Drivers/CMSIS/DSP/Include/arm_math.h ****   void arm_fir_lattice_init_f32(
3796:Drivers/CMSIS/DSP/Include/arm_math.h ****   arm_fir_lattice_instance_f32 * S,
3797:Drivers/CMSIS/DSP/Include/arm_math.h ****   uint16_t numStages,
3798:Drivers/CMSIS/DSP/Include/arm_math.h ****   float32_t * pCoeffs,
3799:Drivers/CMSIS/DSP/Include/arm_math.h ****   float32_t * pState);
3800:Drivers/CMSIS/DSP/Include/arm_math.h **** 
3801:Drivers/CMSIS/DSP/Include/arm_math.h **** 
3802:Drivers/CMSIS/DSP/Include/arm_math.h ****   /**
3803:Drivers/CMSIS/DSP/Include/arm_math.h ****    * @brief Processing function for the floating-point FIR lattice filter.
3804:Drivers/CMSIS/DSP/Include/arm_math.h ****    * @param[in]  S          points to an instance of the floating-point FIR lattice structure.
3805:Drivers/CMSIS/DSP/Include/arm_math.h ****    * @param[in]  pSrc       points to the block of input data.
3806:Drivers/CMSIS/DSP/Include/arm_math.h ****    * @param[out] pDst       points to the block of output data
3807:Drivers/CMSIS/DSP/Include/arm_math.h ****    * @param[in]  blockSize  number of samples to process.
3808:Drivers/CMSIS/DSP/Include/arm_math.h ****    */
3809:Drivers/CMSIS/DSP/Include/arm_math.h ****   void arm_fir_lattice_f32(
3810:Drivers/CMSIS/DSP/Include/arm_math.h ****   const arm_fir_lattice_instance_f32 * S,
3811:Drivers/CMSIS/DSP/Include/arm_math.h ****   float32_t * pSrc,
3812:Drivers/CMSIS/DSP/Include/arm_math.h ****   float32_t * pDst,
3813:Drivers/CMSIS/DSP/Include/arm_math.h ****   uint32_t blockSize);
3814:Drivers/CMSIS/DSP/Include/arm_math.h **** 
3815:Drivers/CMSIS/DSP/Include/arm_math.h **** 
3816:Drivers/CMSIS/DSP/Include/arm_math.h ****   /**
ARM GAS  C:\Users\Lamp\AppData\Local\Temp\ccC8j8ON.s 			page 74


3817:Drivers/CMSIS/DSP/Include/arm_math.h ****    * @brief Instance structure for the Q15 IIR lattice filter.
3818:Drivers/CMSIS/DSP/Include/arm_math.h ****    */
3819:Drivers/CMSIS/DSP/Include/arm_math.h ****   typedef struct
3820:Drivers/CMSIS/DSP/Include/arm_math.h ****   {
3821:Drivers/CMSIS/DSP/Include/arm_math.h ****     uint16_t numStages;                  /**< number of stages in the filter. */
3822:Drivers/CMSIS/DSP/Include/arm_math.h ****     q15_t *pState;                       /**< points to the state variable array. The array is of l
3823:Drivers/CMSIS/DSP/Include/arm_math.h ****     q15_t *pkCoeffs;                     /**< points to the reflection coefficient array. The array
3824:Drivers/CMSIS/DSP/Include/arm_math.h ****     q15_t *pvCoeffs;                     /**< points to the ladder coefficient array. The array is 
3825:Drivers/CMSIS/DSP/Include/arm_math.h ****   } arm_iir_lattice_instance_q15;
3826:Drivers/CMSIS/DSP/Include/arm_math.h **** 
3827:Drivers/CMSIS/DSP/Include/arm_math.h ****   /**
3828:Drivers/CMSIS/DSP/Include/arm_math.h ****    * @brief Instance structure for the Q31 IIR lattice filter.
3829:Drivers/CMSIS/DSP/Include/arm_math.h ****    */
3830:Drivers/CMSIS/DSP/Include/arm_math.h ****   typedef struct
3831:Drivers/CMSIS/DSP/Include/arm_math.h ****   {
3832:Drivers/CMSIS/DSP/Include/arm_math.h ****     uint16_t numStages;                  /**< number of stages in the filter. */
3833:Drivers/CMSIS/DSP/Include/arm_math.h ****     q31_t *pState;                       /**< points to the state variable array. The array is of l
3834:Drivers/CMSIS/DSP/Include/arm_math.h ****     q31_t *pkCoeffs;                     /**< points to the reflection coefficient array. The array
3835:Drivers/CMSIS/DSP/Include/arm_math.h ****     q31_t *pvCoeffs;                     /**< points to the ladder coefficient array. The array is 
3836:Drivers/CMSIS/DSP/Include/arm_math.h ****   } arm_iir_lattice_instance_q31;
3837:Drivers/CMSIS/DSP/Include/arm_math.h **** 
3838:Drivers/CMSIS/DSP/Include/arm_math.h ****   /**
3839:Drivers/CMSIS/DSP/Include/arm_math.h ****    * @brief Instance structure for the floating-point IIR lattice filter.
3840:Drivers/CMSIS/DSP/Include/arm_math.h ****    */
3841:Drivers/CMSIS/DSP/Include/arm_math.h ****   typedef struct
3842:Drivers/CMSIS/DSP/Include/arm_math.h ****   {
3843:Drivers/CMSIS/DSP/Include/arm_math.h ****     uint16_t numStages;                  /**< number of stages in the filter. */
3844:Drivers/CMSIS/DSP/Include/arm_math.h ****     float32_t *pState;                   /**< points to the state variable array. The array is of l
3845:Drivers/CMSIS/DSP/Include/arm_math.h ****     float32_t *pkCoeffs;                 /**< points to the reflection coefficient array. The array
3846:Drivers/CMSIS/DSP/Include/arm_math.h ****     float32_t *pvCoeffs;                 /**< points to the ladder coefficient array. The array is 
3847:Drivers/CMSIS/DSP/Include/arm_math.h ****   } arm_iir_lattice_instance_f32;
3848:Drivers/CMSIS/DSP/Include/arm_math.h **** 
3849:Drivers/CMSIS/DSP/Include/arm_math.h **** 
3850:Drivers/CMSIS/DSP/Include/arm_math.h ****   /**
3851:Drivers/CMSIS/DSP/Include/arm_math.h ****    * @brief Processing function for the floating-point IIR lattice filter.
3852:Drivers/CMSIS/DSP/Include/arm_math.h ****    * @param[in]  S          points to an instance of the floating-point IIR lattice structure.
3853:Drivers/CMSIS/DSP/Include/arm_math.h ****    * @param[in]  pSrc       points to the block of input data.
3854:Drivers/CMSIS/DSP/Include/arm_math.h ****    * @param[out] pDst       points to the block of output data.
3855:Drivers/CMSIS/DSP/Include/arm_math.h ****    * @param[in]  blockSize  number of samples to process.
3856:Drivers/CMSIS/DSP/Include/arm_math.h ****    */
3857:Drivers/CMSIS/DSP/Include/arm_math.h ****   void arm_iir_lattice_f32(
3858:Drivers/CMSIS/DSP/Include/arm_math.h ****   const arm_iir_lattice_instance_f32 * S,
3859:Drivers/CMSIS/DSP/Include/arm_math.h ****   float32_t * pSrc,
3860:Drivers/CMSIS/DSP/Include/arm_math.h ****   float32_t * pDst,
3861:Drivers/CMSIS/DSP/Include/arm_math.h ****   uint32_t blockSize);
3862:Drivers/CMSIS/DSP/Include/arm_math.h **** 
3863:Drivers/CMSIS/DSP/Include/arm_math.h **** 
3864:Drivers/CMSIS/DSP/Include/arm_math.h ****   /**
3865:Drivers/CMSIS/DSP/Include/arm_math.h ****    * @brief Initialization function for the floating-point IIR lattice filter.
3866:Drivers/CMSIS/DSP/Include/arm_math.h ****    * @param[in] S          points to an instance of the floating-point IIR lattice structure.
3867:Drivers/CMSIS/DSP/Include/arm_math.h ****    * @param[in] numStages  number of stages in the filter.
3868:Drivers/CMSIS/DSP/Include/arm_math.h ****    * @param[in] pkCoeffs   points to the reflection coefficient buffer.  The array is of length num
3869:Drivers/CMSIS/DSP/Include/arm_math.h ****    * @param[in] pvCoeffs   points to the ladder coefficient buffer.  The array is of length numStag
3870:Drivers/CMSIS/DSP/Include/arm_math.h ****    * @param[in] pState     points to the state buffer.  The array is of length numStages+blockSize-
3871:Drivers/CMSIS/DSP/Include/arm_math.h ****    * @param[in] blockSize  number of samples to process.
3872:Drivers/CMSIS/DSP/Include/arm_math.h ****    */
3873:Drivers/CMSIS/DSP/Include/arm_math.h ****   void arm_iir_lattice_init_f32(
ARM GAS  C:\Users\Lamp\AppData\Local\Temp\ccC8j8ON.s 			page 75


3874:Drivers/CMSIS/DSP/Include/arm_math.h ****   arm_iir_lattice_instance_f32 * S,
3875:Drivers/CMSIS/DSP/Include/arm_math.h ****   uint16_t numStages,
3876:Drivers/CMSIS/DSP/Include/arm_math.h ****   float32_t * pkCoeffs,
3877:Drivers/CMSIS/DSP/Include/arm_math.h ****   float32_t * pvCoeffs,
3878:Drivers/CMSIS/DSP/Include/arm_math.h ****   float32_t * pState,
3879:Drivers/CMSIS/DSP/Include/arm_math.h ****   uint32_t blockSize);
3880:Drivers/CMSIS/DSP/Include/arm_math.h **** 
3881:Drivers/CMSIS/DSP/Include/arm_math.h **** 
3882:Drivers/CMSIS/DSP/Include/arm_math.h ****   /**
3883:Drivers/CMSIS/DSP/Include/arm_math.h ****    * @brief Processing function for the Q31 IIR lattice filter.
3884:Drivers/CMSIS/DSP/Include/arm_math.h ****    * @param[in]  S          points to an instance of the Q31 IIR lattice structure.
3885:Drivers/CMSIS/DSP/Include/arm_math.h ****    * @param[in]  pSrc       points to the block of input data.
3886:Drivers/CMSIS/DSP/Include/arm_math.h ****    * @param[out] pDst       points to the block of output data.
3887:Drivers/CMSIS/DSP/Include/arm_math.h ****    * @param[in]  blockSize  number of samples to process.
3888:Drivers/CMSIS/DSP/Include/arm_math.h ****    */
3889:Drivers/CMSIS/DSP/Include/arm_math.h ****   void arm_iir_lattice_q31(
3890:Drivers/CMSIS/DSP/Include/arm_math.h ****   const arm_iir_lattice_instance_q31 * S,
3891:Drivers/CMSIS/DSP/Include/arm_math.h ****   q31_t * pSrc,
3892:Drivers/CMSIS/DSP/Include/arm_math.h ****   q31_t * pDst,
3893:Drivers/CMSIS/DSP/Include/arm_math.h ****   uint32_t blockSize);
3894:Drivers/CMSIS/DSP/Include/arm_math.h **** 
3895:Drivers/CMSIS/DSP/Include/arm_math.h **** 
3896:Drivers/CMSIS/DSP/Include/arm_math.h ****   /**
3897:Drivers/CMSIS/DSP/Include/arm_math.h ****    * @brief Initialization function for the Q31 IIR lattice filter.
3898:Drivers/CMSIS/DSP/Include/arm_math.h ****    * @param[in] S          points to an instance of the Q31 IIR lattice structure.
3899:Drivers/CMSIS/DSP/Include/arm_math.h ****    * @param[in] numStages  number of stages in the filter.
3900:Drivers/CMSIS/DSP/Include/arm_math.h ****    * @param[in] pkCoeffs   points to the reflection coefficient buffer.  The array is of length num
3901:Drivers/CMSIS/DSP/Include/arm_math.h ****    * @param[in] pvCoeffs   points to the ladder coefficient buffer.  The array is of length numStag
3902:Drivers/CMSIS/DSP/Include/arm_math.h ****    * @param[in] pState     points to the state buffer.  The array is of length numStages+blockSize.
3903:Drivers/CMSIS/DSP/Include/arm_math.h ****    * @param[in] blockSize  number of samples to process.
3904:Drivers/CMSIS/DSP/Include/arm_math.h ****    */
3905:Drivers/CMSIS/DSP/Include/arm_math.h ****   void arm_iir_lattice_init_q31(
3906:Drivers/CMSIS/DSP/Include/arm_math.h ****   arm_iir_lattice_instance_q31 * S,
3907:Drivers/CMSIS/DSP/Include/arm_math.h ****   uint16_t numStages,
3908:Drivers/CMSIS/DSP/Include/arm_math.h ****   q31_t * pkCoeffs,
3909:Drivers/CMSIS/DSP/Include/arm_math.h ****   q31_t * pvCoeffs,
3910:Drivers/CMSIS/DSP/Include/arm_math.h ****   q31_t * pState,
3911:Drivers/CMSIS/DSP/Include/arm_math.h ****   uint32_t blockSize);
3912:Drivers/CMSIS/DSP/Include/arm_math.h **** 
3913:Drivers/CMSIS/DSP/Include/arm_math.h **** 
3914:Drivers/CMSIS/DSP/Include/arm_math.h ****   /**
3915:Drivers/CMSIS/DSP/Include/arm_math.h ****    * @brief Processing function for the Q15 IIR lattice filter.
3916:Drivers/CMSIS/DSP/Include/arm_math.h ****    * @param[in]  S          points to an instance of the Q15 IIR lattice structure.
3917:Drivers/CMSIS/DSP/Include/arm_math.h ****    * @param[in]  pSrc       points to the block of input data.
3918:Drivers/CMSIS/DSP/Include/arm_math.h ****    * @param[out] pDst       points to the block of output data.
3919:Drivers/CMSIS/DSP/Include/arm_math.h ****    * @param[in]  blockSize  number of samples to process.
3920:Drivers/CMSIS/DSP/Include/arm_math.h ****    */
3921:Drivers/CMSIS/DSP/Include/arm_math.h ****   void arm_iir_lattice_q15(
3922:Drivers/CMSIS/DSP/Include/arm_math.h ****   const arm_iir_lattice_instance_q15 * S,
3923:Drivers/CMSIS/DSP/Include/arm_math.h ****   q15_t * pSrc,
3924:Drivers/CMSIS/DSP/Include/arm_math.h ****   q15_t * pDst,
3925:Drivers/CMSIS/DSP/Include/arm_math.h ****   uint32_t blockSize);
3926:Drivers/CMSIS/DSP/Include/arm_math.h **** 
3927:Drivers/CMSIS/DSP/Include/arm_math.h **** 
3928:Drivers/CMSIS/DSP/Include/arm_math.h **** /**
3929:Drivers/CMSIS/DSP/Include/arm_math.h ****  * @brief Initialization function for the Q15 IIR lattice filter.
3930:Drivers/CMSIS/DSP/Include/arm_math.h ****  * @param[in] S          points to an instance of the fixed-point Q15 IIR lattice structure.
ARM GAS  C:\Users\Lamp\AppData\Local\Temp\ccC8j8ON.s 			page 76


3931:Drivers/CMSIS/DSP/Include/arm_math.h ****  * @param[in] numStages  number of stages in the filter.
3932:Drivers/CMSIS/DSP/Include/arm_math.h ****  * @param[in] pkCoeffs   points to reflection coefficient buffer.  The array is of length numStages
3933:Drivers/CMSIS/DSP/Include/arm_math.h ****  * @param[in] pvCoeffs   points to ladder coefficient buffer.  The array is of length numStages+1.
3934:Drivers/CMSIS/DSP/Include/arm_math.h ****  * @param[in] pState     points to state buffer.  The array is of length numStages+blockSize.
3935:Drivers/CMSIS/DSP/Include/arm_math.h ****  * @param[in] blockSize  number of samples to process per call.
3936:Drivers/CMSIS/DSP/Include/arm_math.h ****  */
3937:Drivers/CMSIS/DSP/Include/arm_math.h ****   void arm_iir_lattice_init_q15(
3938:Drivers/CMSIS/DSP/Include/arm_math.h ****   arm_iir_lattice_instance_q15 * S,
3939:Drivers/CMSIS/DSP/Include/arm_math.h ****   uint16_t numStages,
3940:Drivers/CMSIS/DSP/Include/arm_math.h ****   q15_t * pkCoeffs,
3941:Drivers/CMSIS/DSP/Include/arm_math.h ****   q15_t * pvCoeffs,
3942:Drivers/CMSIS/DSP/Include/arm_math.h ****   q15_t * pState,
3943:Drivers/CMSIS/DSP/Include/arm_math.h ****   uint32_t blockSize);
3944:Drivers/CMSIS/DSP/Include/arm_math.h **** 
3945:Drivers/CMSIS/DSP/Include/arm_math.h **** 
3946:Drivers/CMSIS/DSP/Include/arm_math.h ****   /**
3947:Drivers/CMSIS/DSP/Include/arm_math.h ****    * @brief Instance structure for the floating-point LMS filter.
3948:Drivers/CMSIS/DSP/Include/arm_math.h ****    */
3949:Drivers/CMSIS/DSP/Include/arm_math.h ****   typedef struct
3950:Drivers/CMSIS/DSP/Include/arm_math.h ****   {
3951:Drivers/CMSIS/DSP/Include/arm_math.h ****     uint16_t numTaps;    /**< number of coefficients in the filter. */
3952:Drivers/CMSIS/DSP/Include/arm_math.h ****     float32_t *pState;   /**< points to the state variable array. The array is of length numTaps+bl
3953:Drivers/CMSIS/DSP/Include/arm_math.h ****     float32_t *pCoeffs;  /**< points to the coefficient array. The array is of length numTaps. */
3954:Drivers/CMSIS/DSP/Include/arm_math.h ****     float32_t mu;        /**< step size that controls filter coefficient updates. */
3955:Drivers/CMSIS/DSP/Include/arm_math.h ****   } arm_lms_instance_f32;
3956:Drivers/CMSIS/DSP/Include/arm_math.h **** 
3957:Drivers/CMSIS/DSP/Include/arm_math.h **** 
3958:Drivers/CMSIS/DSP/Include/arm_math.h ****   /**
3959:Drivers/CMSIS/DSP/Include/arm_math.h ****    * @brief Processing function for floating-point LMS filter.
3960:Drivers/CMSIS/DSP/Include/arm_math.h ****    * @param[in]  S          points to an instance of the floating-point LMS filter structure.
3961:Drivers/CMSIS/DSP/Include/arm_math.h ****    * @param[in]  pSrc       points to the block of input data.
3962:Drivers/CMSIS/DSP/Include/arm_math.h ****    * @param[in]  pRef       points to the block of reference data.
3963:Drivers/CMSIS/DSP/Include/arm_math.h ****    * @param[out] pOut       points to the block of output data.
3964:Drivers/CMSIS/DSP/Include/arm_math.h ****    * @param[out] pErr       points to the block of error data.
3965:Drivers/CMSIS/DSP/Include/arm_math.h ****    * @param[in]  blockSize  number of samples to process.
3966:Drivers/CMSIS/DSP/Include/arm_math.h ****    */
3967:Drivers/CMSIS/DSP/Include/arm_math.h ****   void arm_lms_f32(
3968:Drivers/CMSIS/DSP/Include/arm_math.h ****   const arm_lms_instance_f32 * S,
3969:Drivers/CMSIS/DSP/Include/arm_math.h ****   float32_t * pSrc,
3970:Drivers/CMSIS/DSP/Include/arm_math.h ****   float32_t * pRef,
3971:Drivers/CMSIS/DSP/Include/arm_math.h ****   float32_t * pOut,
3972:Drivers/CMSIS/DSP/Include/arm_math.h ****   float32_t * pErr,
3973:Drivers/CMSIS/DSP/Include/arm_math.h ****   uint32_t blockSize);
3974:Drivers/CMSIS/DSP/Include/arm_math.h **** 
3975:Drivers/CMSIS/DSP/Include/arm_math.h **** 
3976:Drivers/CMSIS/DSP/Include/arm_math.h ****   /**
3977:Drivers/CMSIS/DSP/Include/arm_math.h ****    * @brief Initialization function for floating-point LMS filter.
3978:Drivers/CMSIS/DSP/Include/arm_math.h ****    * @param[in] S          points to an instance of the floating-point LMS filter structure.
3979:Drivers/CMSIS/DSP/Include/arm_math.h ****    * @param[in] numTaps    number of filter coefficients.
3980:Drivers/CMSIS/DSP/Include/arm_math.h ****    * @param[in] pCoeffs    points to the coefficient buffer.
3981:Drivers/CMSIS/DSP/Include/arm_math.h ****    * @param[in] pState     points to state buffer.
3982:Drivers/CMSIS/DSP/Include/arm_math.h ****    * @param[in] mu         step size that controls filter coefficient updates.
3983:Drivers/CMSIS/DSP/Include/arm_math.h ****    * @param[in] blockSize  number of samples to process.
3984:Drivers/CMSIS/DSP/Include/arm_math.h ****    */
3985:Drivers/CMSIS/DSP/Include/arm_math.h ****   void arm_lms_init_f32(
3986:Drivers/CMSIS/DSP/Include/arm_math.h ****   arm_lms_instance_f32 * S,
3987:Drivers/CMSIS/DSP/Include/arm_math.h ****   uint16_t numTaps,
ARM GAS  C:\Users\Lamp\AppData\Local\Temp\ccC8j8ON.s 			page 77


3988:Drivers/CMSIS/DSP/Include/arm_math.h ****   float32_t * pCoeffs,
3989:Drivers/CMSIS/DSP/Include/arm_math.h ****   float32_t * pState,
3990:Drivers/CMSIS/DSP/Include/arm_math.h ****   float32_t mu,
3991:Drivers/CMSIS/DSP/Include/arm_math.h ****   uint32_t blockSize);
3992:Drivers/CMSIS/DSP/Include/arm_math.h **** 
3993:Drivers/CMSIS/DSP/Include/arm_math.h **** 
3994:Drivers/CMSIS/DSP/Include/arm_math.h ****   /**
3995:Drivers/CMSIS/DSP/Include/arm_math.h ****    * @brief Instance structure for the Q15 LMS filter.
3996:Drivers/CMSIS/DSP/Include/arm_math.h ****    */
3997:Drivers/CMSIS/DSP/Include/arm_math.h ****   typedef struct
3998:Drivers/CMSIS/DSP/Include/arm_math.h ****   {
3999:Drivers/CMSIS/DSP/Include/arm_math.h ****     uint16_t numTaps;    /**< number of coefficients in the filter. */
4000:Drivers/CMSIS/DSP/Include/arm_math.h ****     q15_t *pState;       /**< points to the state variable array. The array is of length numTaps+bl
4001:Drivers/CMSIS/DSP/Include/arm_math.h ****     q15_t *pCoeffs;      /**< points to the coefficient array. The array is of length numTaps. */
4002:Drivers/CMSIS/DSP/Include/arm_math.h ****     q15_t mu;            /**< step size that controls filter coefficient updates. */
4003:Drivers/CMSIS/DSP/Include/arm_math.h ****     uint32_t postShift;  /**< bit shift applied to coefficients. */
4004:Drivers/CMSIS/DSP/Include/arm_math.h ****   } arm_lms_instance_q15;
4005:Drivers/CMSIS/DSP/Include/arm_math.h **** 
4006:Drivers/CMSIS/DSP/Include/arm_math.h **** 
4007:Drivers/CMSIS/DSP/Include/arm_math.h ****   /**
4008:Drivers/CMSIS/DSP/Include/arm_math.h ****    * @brief Initialization function for the Q15 LMS filter.
4009:Drivers/CMSIS/DSP/Include/arm_math.h ****    * @param[in] S          points to an instance of the Q15 LMS filter structure.
4010:Drivers/CMSIS/DSP/Include/arm_math.h ****    * @param[in] numTaps    number of filter coefficients.
4011:Drivers/CMSIS/DSP/Include/arm_math.h ****    * @param[in] pCoeffs    points to the coefficient buffer.
4012:Drivers/CMSIS/DSP/Include/arm_math.h ****    * @param[in] pState     points to the state buffer.
4013:Drivers/CMSIS/DSP/Include/arm_math.h ****    * @param[in] mu         step size that controls filter coefficient updates.
4014:Drivers/CMSIS/DSP/Include/arm_math.h ****    * @param[in] blockSize  number of samples to process.
4015:Drivers/CMSIS/DSP/Include/arm_math.h ****    * @param[in] postShift  bit shift applied to coefficients.
4016:Drivers/CMSIS/DSP/Include/arm_math.h ****    */
4017:Drivers/CMSIS/DSP/Include/arm_math.h ****   void arm_lms_init_q15(
4018:Drivers/CMSIS/DSP/Include/arm_math.h ****   arm_lms_instance_q15 * S,
4019:Drivers/CMSIS/DSP/Include/arm_math.h ****   uint16_t numTaps,
4020:Drivers/CMSIS/DSP/Include/arm_math.h ****   q15_t * pCoeffs,
4021:Drivers/CMSIS/DSP/Include/arm_math.h ****   q15_t * pState,
4022:Drivers/CMSIS/DSP/Include/arm_math.h ****   q15_t mu,
4023:Drivers/CMSIS/DSP/Include/arm_math.h ****   uint32_t blockSize,
4024:Drivers/CMSIS/DSP/Include/arm_math.h ****   uint32_t postShift);
4025:Drivers/CMSIS/DSP/Include/arm_math.h **** 
4026:Drivers/CMSIS/DSP/Include/arm_math.h **** 
4027:Drivers/CMSIS/DSP/Include/arm_math.h ****   /**
4028:Drivers/CMSIS/DSP/Include/arm_math.h ****    * @brief Processing function for Q15 LMS filter.
4029:Drivers/CMSIS/DSP/Include/arm_math.h ****    * @param[in]  S          points to an instance of the Q15 LMS filter structure.
4030:Drivers/CMSIS/DSP/Include/arm_math.h ****    * @param[in]  pSrc       points to the block of input data.
4031:Drivers/CMSIS/DSP/Include/arm_math.h ****    * @param[in]  pRef       points to the block of reference data.
4032:Drivers/CMSIS/DSP/Include/arm_math.h ****    * @param[out] pOut       points to the block of output data.
4033:Drivers/CMSIS/DSP/Include/arm_math.h ****    * @param[out] pErr       points to the block of error data.
4034:Drivers/CMSIS/DSP/Include/arm_math.h ****    * @param[in]  blockSize  number of samples to process.
4035:Drivers/CMSIS/DSP/Include/arm_math.h ****    */
4036:Drivers/CMSIS/DSP/Include/arm_math.h ****   void arm_lms_q15(
4037:Drivers/CMSIS/DSP/Include/arm_math.h ****   const arm_lms_instance_q15 * S,
4038:Drivers/CMSIS/DSP/Include/arm_math.h ****   q15_t * pSrc,
4039:Drivers/CMSIS/DSP/Include/arm_math.h ****   q15_t * pRef,
4040:Drivers/CMSIS/DSP/Include/arm_math.h ****   q15_t * pOut,
4041:Drivers/CMSIS/DSP/Include/arm_math.h ****   q15_t * pErr,
4042:Drivers/CMSIS/DSP/Include/arm_math.h ****   uint32_t blockSize);
4043:Drivers/CMSIS/DSP/Include/arm_math.h **** 
4044:Drivers/CMSIS/DSP/Include/arm_math.h **** 
ARM GAS  C:\Users\Lamp\AppData\Local\Temp\ccC8j8ON.s 			page 78


4045:Drivers/CMSIS/DSP/Include/arm_math.h ****   /**
4046:Drivers/CMSIS/DSP/Include/arm_math.h ****    * @brief Instance structure for the Q31 LMS filter.
4047:Drivers/CMSIS/DSP/Include/arm_math.h ****    */
4048:Drivers/CMSIS/DSP/Include/arm_math.h ****   typedef struct
4049:Drivers/CMSIS/DSP/Include/arm_math.h ****   {
4050:Drivers/CMSIS/DSP/Include/arm_math.h ****     uint16_t numTaps;    /**< number of coefficients in the filter. */
4051:Drivers/CMSIS/DSP/Include/arm_math.h ****     q31_t *pState;       /**< points to the state variable array. The array is of length numTaps+bl
4052:Drivers/CMSIS/DSP/Include/arm_math.h ****     q31_t *pCoeffs;      /**< points to the coefficient array. The array is of length numTaps. */
4053:Drivers/CMSIS/DSP/Include/arm_math.h ****     q31_t mu;            /**< step size that controls filter coefficient updates. */
4054:Drivers/CMSIS/DSP/Include/arm_math.h ****     uint32_t postShift;  /**< bit shift applied to coefficients. */
4055:Drivers/CMSIS/DSP/Include/arm_math.h ****   } arm_lms_instance_q31;
4056:Drivers/CMSIS/DSP/Include/arm_math.h **** 
4057:Drivers/CMSIS/DSP/Include/arm_math.h **** 
4058:Drivers/CMSIS/DSP/Include/arm_math.h ****   /**
4059:Drivers/CMSIS/DSP/Include/arm_math.h ****    * @brief Processing function for Q31 LMS filter.
4060:Drivers/CMSIS/DSP/Include/arm_math.h ****    * @param[in]  S          points to an instance of the Q15 LMS filter structure.
4061:Drivers/CMSIS/DSP/Include/arm_math.h ****    * @param[in]  pSrc       points to the block of input data.
4062:Drivers/CMSIS/DSP/Include/arm_math.h ****    * @param[in]  pRef       points to the block of reference data.
4063:Drivers/CMSIS/DSP/Include/arm_math.h ****    * @param[out] pOut       points to the block of output data.
4064:Drivers/CMSIS/DSP/Include/arm_math.h ****    * @param[out] pErr       points to the block of error data.
4065:Drivers/CMSIS/DSP/Include/arm_math.h ****    * @param[in]  blockSize  number of samples to process.
4066:Drivers/CMSIS/DSP/Include/arm_math.h ****    */
4067:Drivers/CMSIS/DSP/Include/arm_math.h ****   void arm_lms_q31(
4068:Drivers/CMSIS/DSP/Include/arm_math.h ****   const arm_lms_instance_q31 * S,
4069:Drivers/CMSIS/DSP/Include/arm_math.h ****   q31_t * pSrc,
4070:Drivers/CMSIS/DSP/Include/arm_math.h ****   q31_t * pRef,
4071:Drivers/CMSIS/DSP/Include/arm_math.h ****   q31_t * pOut,
4072:Drivers/CMSIS/DSP/Include/arm_math.h ****   q31_t * pErr,
4073:Drivers/CMSIS/DSP/Include/arm_math.h ****   uint32_t blockSize);
4074:Drivers/CMSIS/DSP/Include/arm_math.h **** 
4075:Drivers/CMSIS/DSP/Include/arm_math.h **** 
4076:Drivers/CMSIS/DSP/Include/arm_math.h ****   /**
4077:Drivers/CMSIS/DSP/Include/arm_math.h ****    * @brief Initialization function for Q31 LMS filter.
4078:Drivers/CMSIS/DSP/Include/arm_math.h ****    * @param[in] S          points to an instance of the Q31 LMS filter structure.
4079:Drivers/CMSIS/DSP/Include/arm_math.h ****    * @param[in] numTaps    number of filter coefficients.
4080:Drivers/CMSIS/DSP/Include/arm_math.h ****    * @param[in] pCoeffs    points to coefficient buffer.
4081:Drivers/CMSIS/DSP/Include/arm_math.h ****    * @param[in] pState     points to state buffer.
4082:Drivers/CMSIS/DSP/Include/arm_math.h ****    * @param[in] mu         step size that controls filter coefficient updates.
4083:Drivers/CMSIS/DSP/Include/arm_math.h ****    * @param[in] blockSize  number of samples to process.
4084:Drivers/CMSIS/DSP/Include/arm_math.h ****    * @param[in] postShift  bit shift applied to coefficients.
4085:Drivers/CMSIS/DSP/Include/arm_math.h ****    */
4086:Drivers/CMSIS/DSP/Include/arm_math.h ****   void arm_lms_init_q31(
4087:Drivers/CMSIS/DSP/Include/arm_math.h ****   arm_lms_instance_q31 * S,
4088:Drivers/CMSIS/DSP/Include/arm_math.h ****   uint16_t numTaps,
4089:Drivers/CMSIS/DSP/Include/arm_math.h ****   q31_t * pCoeffs,
4090:Drivers/CMSIS/DSP/Include/arm_math.h ****   q31_t * pState,
4091:Drivers/CMSIS/DSP/Include/arm_math.h ****   q31_t mu,
4092:Drivers/CMSIS/DSP/Include/arm_math.h ****   uint32_t blockSize,
4093:Drivers/CMSIS/DSP/Include/arm_math.h ****   uint32_t postShift);
4094:Drivers/CMSIS/DSP/Include/arm_math.h **** 
4095:Drivers/CMSIS/DSP/Include/arm_math.h **** 
4096:Drivers/CMSIS/DSP/Include/arm_math.h ****   /**
4097:Drivers/CMSIS/DSP/Include/arm_math.h ****    * @brief Instance structure for the floating-point normalized LMS filter.
4098:Drivers/CMSIS/DSP/Include/arm_math.h ****    */
4099:Drivers/CMSIS/DSP/Include/arm_math.h ****   typedef struct
4100:Drivers/CMSIS/DSP/Include/arm_math.h ****   {
4101:Drivers/CMSIS/DSP/Include/arm_math.h ****     uint16_t numTaps;     /**< number of coefficients in the filter. */
ARM GAS  C:\Users\Lamp\AppData\Local\Temp\ccC8j8ON.s 			page 79


4102:Drivers/CMSIS/DSP/Include/arm_math.h ****     float32_t *pState;    /**< points to the state variable array. The array is of length numTaps+b
4103:Drivers/CMSIS/DSP/Include/arm_math.h ****     float32_t *pCoeffs;   /**< points to the coefficient array. The array is of length numTaps. */
4104:Drivers/CMSIS/DSP/Include/arm_math.h ****     float32_t mu;         /**< step size that control filter coefficient updates. */
4105:Drivers/CMSIS/DSP/Include/arm_math.h ****     float32_t energy;     /**< saves previous frame energy. */
4106:Drivers/CMSIS/DSP/Include/arm_math.h ****     float32_t x0;         /**< saves previous input sample. */
4107:Drivers/CMSIS/DSP/Include/arm_math.h ****   } arm_lms_norm_instance_f32;
4108:Drivers/CMSIS/DSP/Include/arm_math.h **** 
4109:Drivers/CMSIS/DSP/Include/arm_math.h **** 
4110:Drivers/CMSIS/DSP/Include/arm_math.h ****   /**
4111:Drivers/CMSIS/DSP/Include/arm_math.h ****    * @brief Processing function for floating-point normalized LMS filter.
4112:Drivers/CMSIS/DSP/Include/arm_math.h ****    * @param[in]  S          points to an instance of the floating-point normalized LMS filter struc
4113:Drivers/CMSIS/DSP/Include/arm_math.h ****    * @param[in]  pSrc       points to the block of input data.
4114:Drivers/CMSIS/DSP/Include/arm_math.h ****    * @param[in]  pRef       points to the block of reference data.
4115:Drivers/CMSIS/DSP/Include/arm_math.h ****    * @param[out] pOut       points to the block of output data.
4116:Drivers/CMSIS/DSP/Include/arm_math.h ****    * @param[out] pErr       points to the block of error data.
4117:Drivers/CMSIS/DSP/Include/arm_math.h ****    * @param[in]  blockSize  number of samples to process.
4118:Drivers/CMSIS/DSP/Include/arm_math.h ****    */
4119:Drivers/CMSIS/DSP/Include/arm_math.h ****   void arm_lms_norm_f32(
4120:Drivers/CMSIS/DSP/Include/arm_math.h ****   arm_lms_norm_instance_f32 * S,
4121:Drivers/CMSIS/DSP/Include/arm_math.h ****   float32_t * pSrc,
4122:Drivers/CMSIS/DSP/Include/arm_math.h ****   float32_t * pRef,
4123:Drivers/CMSIS/DSP/Include/arm_math.h ****   float32_t * pOut,
4124:Drivers/CMSIS/DSP/Include/arm_math.h ****   float32_t * pErr,
4125:Drivers/CMSIS/DSP/Include/arm_math.h ****   uint32_t blockSize);
4126:Drivers/CMSIS/DSP/Include/arm_math.h **** 
4127:Drivers/CMSIS/DSP/Include/arm_math.h **** 
4128:Drivers/CMSIS/DSP/Include/arm_math.h ****   /**
4129:Drivers/CMSIS/DSP/Include/arm_math.h ****    * @brief Initialization function for floating-point normalized LMS filter.
4130:Drivers/CMSIS/DSP/Include/arm_math.h ****    * @param[in] S          points to an instance of the floating-point LMS filter structure.
4131:Drivers/CMSIS/DSP/Include/arm_math.h ****    * @param[in] numTaps    number of filter coefficients.
4132:Drivers/CMSIS/DSP/Include/arm_math.h ****    * @param[in] pCoeffs    points to coefficient buffer.
4133:Drivers/CMSIS/DSP/Include/arm_math.h ****    * @param[in] pState     points to state buffer.
4134:Drivers/CMSIS/DSP/Include/arm_math.h ****    * @param[in] mu         step size that controls filter coefficient updates.
4135:Drivers/CMSIS/DSP/Include/arm_math.h ****    * @param[in] blockSize  number of samples to process.
4136:Drivers/CMSIS/DSP/Include/arm_math.h ****    */
4137:Drivers/CMSIS/DSP/Include/arm_math.h ****   void arm_lms_norm_init_f32(
4138:Drivers/CMSIS/DSP/Include/arm_math.h ****   arm_lms_norm_instance_f32 * S,
4139:Drivers/CMSIS/DSP/Include/arm_math.h ****   uint16_t numTaps,
4140:Drivers/CMSIS/DSP/Include/arm_math.h ****   float32_t * pCoeffs,
4141:Drivers/CMSIS/DSP/Include/arm_math.h ****   float32_t * pState,
4142:Drivers/CMSIS/DSP/Include/arm_math.h ****   float32_t mu,
4143:Drivers/CMSIS/DSP/Include/arm_math.h ****   uint32_t blockSize);
4144:Drivers/CMSIS/DSP/Include/arm_math.h **** 
4145:Drivers/CMSIS/DSP/Include/arm_math.h **** 
4146:Drivers/CMSIS/DSP/Include/arm_math.h ****   /**
4147:Drivers/CMSIS/DSP/Include/arm_math.h ****    * @brief Instance structure for the Q31 normalized LMS filter.
4148:Drivers/CMSIS/DSP/Include/arm_math.h ****    */
4149:Drivers/CMSIS/DSP/Include/arm_math.h ****   typedef struct
4150:Drivers/CMSIS/DSP/Include/arm_math.h ****   {
4151:Drivers/CMSIS/DSP/Include/arm_math.h ****     uint16_t numTaps;     /**< number of coefficients in the filter. */
4152:Drivers/CMSIS/DSP/Include/arm_math.h ****     q31_t *pState;        /**< points to the state variable array. The array is of length numTaps+b
4153:Drivers/CMSIS/DSP/Include/arm_math.h ****     q31_t *pCoeffs;       /**< points to the coefficient array. The array is of length numTaps. */
4154:Drivers/CMSIS/DSP/Include/arm_math.h ****     q31_t mu;             /**< step size that controls filter coefficient updates. */
4155:Drivers/CMSIS/DSP/Include/arm_math.h ****     uint8_t postShift;    /**< bit shift applied to coefficients. */
4156:Drivers/CMSIS/DSP/Include/arm_math.h ****     q31_t *recipTable;    /**< points to the reciprocal initial value table. */
4157:Drivers/CMSIS/DSP/Include/arm_math.h ****     q31_t energy;         /**< saves previous frame energy. */
4158:Drivers/CMSIS/DSP/Include/arm_math.h ****     q31_t x0;             /**< saves previous input sample. */
ARM GAS  C:\Users\Lamp\AppData\Local\Temp\ccC8j8ON.s 			page 80


4159:Drivers/CMSIS/DSP/Include/arm_math.h ****   } arm_lms_norm_instance_q31;
4160:Drivers/CMSIS/DSP/Include/arm_math.h **** 
4161:Drivers/CMSIS/DSP/Include/arm_math.h **** 
4162:Drivers/CMSIS/DSP/Include/arm_math.h ****   /**
4163:Drivers/CMSIS/DSP/Include/arm_math.h ****    * @brief Processing function for Q31 normalized LMS filter.
4164:Drivers/CMSIS/DSP/Include/arm_math.h ****    * @param[in]  S          points to an instance of the Q31 normalized LMS filter structure.
4165:Drivers/CMSIS/DSP/Include/arm_math.h ****    * @param[in]  pSrc       points to the block of input data.
4166:Drivers/CMSIS/DSP/Include/arm_math.h ****    * @param[in]  pRef       points to the block of reference data.
4167:Drivers/CMSIS/DSP/Include/arm_math.h ****    * @param[out] pOut       points to the block of output data.
4168:Drivers/CMSIS/DSP/Include/arm_math.h ****    * @param[out] pErr       points to the block of error data.
4169:Drivers/CMSIS/DSP/Include/arm_math.h ****    * @param[in]  blockSize  number of samples to process.
4170:Drivers/CMSIS/DSP/Include/arm_math.h ****    */
4171:Drivers/CMSIS/DSP/Include/arm_math.h ****   void arm_lms_norm_q31(
4172:Drivers/CMSIS/DSP/Include/arm_math.h ****   arm_lms_norm_instance_q31 * S,
4173:Drivers/CMSIS/DSP/Include/arm_math.h ****   q31_t * pSrc,
4174:Drivers/CMSIS/DSP/Include/arm_math.h ****   q31_t * pRef,
4175:Drivers/CMSIS/DSP/Include/arm_math.h ****   q31_t * pOut,
4176:Drivers/CMSIS/DSP/Include/arm_math.h ****   q31_t * pErr,
4177:Drivers/CMSIS/DSP/Include/arm_math.h ****   uint32_t blockSize);
4178:Drivers/CMSIS/DSP/Include/arm_math.h **** 
4179:Drivers/CMSIS/DSP/Include/arm_math.h **** 
4180:Drivers/CMSIS/DSP/Include/arm_math.h ****   /**
4181:Drivers/CMSIS/DSP/Include/arm_math.h ****    * @brief Initialization function for Q31 normalized LMS filter.
4182:Drivers/CMSIS/DSP/Include/arm_math.h ****    * @param[in] S          points to an instance of the Q31 normalized LMS filter structure.
4183:Drivers/CMSIS/DSP/Include/arm_math.h ****    * @param[in] numTaps    number of filter coefficients.
4184:Drivers/CMSIS/DSP/Include/arm_math.h ****    * @param[in] pCoeffs    points to coefficient buffer.
4185:Drivers/CMSIS/DSP/Include/arm_math.h ****    * @param[in] pState     points to state buffer.
4186:Drivers/CMSIS/DSP/Include/arm_math.h ****    * @param[in] mu         step size that controls filter coefficient updates.
4187:Drivers/CMSIS/DSP/Include/arm_math.h ****    * @param[in] blockSize  number of samples to process.
4188:Drivers/CMSIS/DSP/Include/arm_math.h ****    * @param[in] postShift  bit shift applied to coefficients.
4189:Drivers/CMSIS/DSP/Include/arm_math.h ****    */
4190:Drivers/CMSIS/DSP/Include/arm_math.h ****   void arm_lms_norm_init_q31(
4191:Drivers/CMSIS/DSP/Include/arm_math.h ****   arm_lms_norm_instance_q31 * S,
4192:Drivers/CMSIS/DSP/Include/arm_math.h ****   uint16_t numTaps,
4193:Drivers/CMSIS/DSP/Include/arm_math.h ****   q31_t * pCoeffs,
4194:Drivers/CMSIS/DSP/Include/arm_math.h ****   q31_t * pState,
4195:Drivers/CMSIS/DSP/Include/arm_math.h ****   q31_t mu,
4196:Drivers/CMSIS/DSP/Include/arm_math.h ****   uint32_t blockSize,
4197:Drivers/CMSIS/DSP/Include/arm_math.h ****   uint8_t postShift);
4198:Drivers/CMSIS/DSP/Include/arm_math.h **** 
4199:Drivers/CMSIS/DSP/Include/arm_math.h **** 
4200:Drivers/CMSIS/DSP/Include/arm_math.h ****   /**
4201:Drivers/CMSIS/DSP/Include/arm_math.h ****    * @brief Instance structure for the Q15 normalized LMS filter.
4202:Drivers/CMSIS/DSP/Include/arm_math.h ****    */
4203:Drivers/CMSIS/DSP/Include/arm_math.h ****   typedef struct
4204:Drivers/CMSIS/DSP/Include/arm_math.h ****   {
4205:Drivers/CMSIS/DSP/Include/arm_math.h ****     uint16_t numTaps;     /**< Number of coefficients in the filter. */
4206:Drivers/CMSIS/DSP/Include/arm_math.h ****     q15_t *pState;        /**< points to the state variable array. The array is of length numTaps+b
4207:Drivers/CMSIS/DSP/Include/arm_math.h ****     q15_t *pCoeffs;       /**< points to the coefficient array. The array is of length numTaps. */
4208:Drivers/CMSIS/DSP/Include/arm_math.h ****     q15_t mu;             /**< step size that controls filter coefficient updates. */
4209:Drivers/CMSIS/DSP/Include/arm_math.h ****     uint8_t postShift;    /**< bit shift applied to coefficients. */
4210:Drivers/CMSIS/DSP/Include/arm_math.h ****     q15_t *recipTable;    /**< Points to the reciprocal initial value table. */
4211:Drivers/CMSIS/DSP/Include/arm_math.h ****     q15_t energy;         /**< saves previous frame energy. */
4212:Drivers/CMSIS/DSP/Include/arm_math.h ****     q15_t x0;             /**< saves previous input sample. */
4213:Drivers/CMSIS/DSP/Include/arm_math.h ****   } arm_lms_norm_instance_q15;
4214:Drivers/CMSIS/DSP/Include/arm_math.h **** 
4215:Drivers/CMSIS/DSP/Include/arm_math.h **** 
ARM GAS  C:\Users\Lamp\AppData\Local\Temp\ccC8j8ON.s 			page 81


4216:Drivers/CMSIS/DSP/Include/arm_math.h ****   /**
4217:Drivers/CMSIS/DSP/Include/arm_math.h ****    * @brief Processing function for Q15 normalized LMS filter.
4218:Drivers/CMSIS/DSP/Include/arm_math.h ****    * @param[in]  S          points to an instance of the Q15 normalized LMS filter structure.
4219:Drivers/CMSIS/DSP/Include/arm_math.h ****    * @param[in]  pSrc       points to the block of input data.
4220:Drivers/CMSIS/DSP/Include/arm_math.h ****    * @param[in]  pRef       points to the block of reference data.
4221:Drivers/CMSIS/DSP/Include/arm_math.h ****    * @param[out] pOut       points to the block of output data.
4222:Drivers/CMSIS/DSP/Include/arm_math.h ****    * @param[out] pErr       points to the block of error data.
4223:Drivers/CMSIS/DSP/Include/arm_math.h ****    * @param[in]  blockSize  number of samples to process.
4224:Drivers/CMSIS/DSP/Include/arm_math.h ****    */
4225:Drivers/CMSIS/DSP/Include/arm_math.h ****   void arm_lms_norm_q15(
4226:Drivers/CMSIS/DSP/Include/arm_math.h ****   arm_lms_norm_instance_q15 * S,
4227:Drivers/CMSIS/DSP/Include/arm_math.h ****   q15_t * pSrc,
4228:Drivers/CMSIS/DSP/Include/arm_math.h ****   q15_t * pRef,
4229:Drivers/CMSIS/DSP/Include/arm_math.h ****   q15_t * pOut,
4230:Drivers/CMSIS/DSP/Include/arm_math.h ****   q15_t * pErr,
4231:Drivers/CMSIS/DSP/Include/arm_math.h ****   uint32_t blockSize);
4232:Drivers/CMSIS/DSP/Include/arm_math.h **** 
4233:Drivers/CMSIS/DSP/Include/arm_math.h **** 
4234:Drivers/CMSIS/DSP/Include/arm_math.h ****   /**
4235:Drivers/CMSIS/DSP/Include/arm_math.h ****    * @brief Initialization function for Q15 normalized LMS filter.
4236:Drivers/CMSIS/DSP/Include/arm_math.h ****    * @param[in] S          points to an instance of the Q15 normalized LMS filter structure.
4237:Drivers/CMSIS/DSP/Include/arm_math.h ****    * @param[in] numTaps    number of filter coefficients.
4238:Drivers/CMSIS/DSP/Include/arm_math.h ****    * @param[in] pCoeffs    points to coefficient buffer.
4239:Drivers/CMSIS/DSP/Include/arm_math.h ****    * @param[in] pState     points to state buffer.
4240:Drivers/CMSIS/DSP/Include/arm_math.h ****    * @param[in] mu         step size that controls filter coefficient updates.
4241:Drivers/CMSIS/DSP/Include/arm_math.h ****    * @param[in] blockSize  number of samples to process.
4242:Drivers/CMSIS/DSP/Include/arm_math.h ****    * @param[in] postShift  bit shift applied to coefficients.
4243:Drivers/CMSIS/DSP/Include/arm_math.h ****    */
4244:Drivers/CMSIS/DSP/Include/arm_math.h ****   void arm_lms_norm_init_q15(
4245:Drivers/CMSIS/DSP/Include/arm_math.h ****   arm_lms_norm_instance_q15 * S,
4246:Drivers/CMSIS/DSP/Include/arm_math.h ****   uint16_t numTaps,
4247:Drivers/CMSIS/DSP/Include/arm_math.h ****   q15_t * pCoeffs,
4248:Drivers/CMSIS/DSP/Include/arm_math.h ****   q15_t * pState,
4249:Drivers/CMSIS/DSP/Include/arm_math.h ****   q15_t mu,
4250:Drivers/CMSIS/DSP/Include/arm_math.h ****   uint32_t blockSize,
4251:Drivers/CMSIS/DSP/Include/arm_math.h ****   uint8_t postShift);
4252:Drivers/CMSIS/DSP/Include/arm_math.h **** 
4253:Drivers/CMSIS/DSP/Include/arm_math.h **** 
4254:Drivers/CMSIS/DSP/Include/arm_math.h ****   /**
4255:Drivers/CMSIS/DSP/Include/arm_math.h ****    * @brief Correlation of floating-point sequences.
4256:Drivers/CMSIS/DSP/Include/arm_math.h ****    * @param[in]  pSrcA    points to the first input sequence.
4257:Drivers/CMSIS/DSP/Include/arm_math.h ****    * @param[in]  srcALen  length of the first input sequence.
4258:Drivers/CMSIS/DSP/Include/arm_math.h ****    * @param[in]  pSrcB    points to the second input sequence.
4259:Drivers/CMSIS/DSP/Include/arm_math.h ****    * @param[in]  srcBLen  length of the second input sequence.
4260:Drivers/CMSIS/DSP/Include/arm_math.h ****    * @param[out] pDst     points to the block of output data  Length 2 * max(srcALen, srcBLen) - 1.
4261:Drivers/CMSIS/DSP/Include/arm_math.h ****    */
4262:Drivers/CMSIS/DSP/Include/arm_math.h ****   void arm_correlate_f32(
4263:Drivers/CMSIS/DSP/Include/arm_math.h ****   float32_t * pSrcA,
4264:Drivers/CMSIS/DSP/Include/arm_math.h ****   uint32_t srcALen,
4265:Drivers/CMSIS/DSP/Include/arm_math.h ****   float32_t * pSrcB,
4266:Drivers/CMSIS/DSP/Include/arm_math.h ****   uint32_t srcBLen,
4267:Drivers/CMSIS/DSP/Include/arm_math.h ****   float32_t * pDst);
4268:Drivers/CMSIS/DSP/Include/arm_math.h **** 
4269:Drivers/CMSIS/DSP/Include/arm_math.h **** 
4270:Drivers/CMSIS/DSP/Include/arm_math.h ****    /**
4271:Drivers/CMSIS/DSP/Include/arm_math.h ****    * @brief Correlation of Q15 sequences
4272:Drivers/CMSIS/DSP/Include/arm_math.h ****    * @param[in]  pSrcA     points to the first input sequence.
ARM GAS  C:\Users\Lamp\AppData\Local\Temp\ccC8j8ON.s 			page 82


4273:Drivers/CMSIS/DSP/Include/arm_math.h ****    * @param[in]  srcALen   length of the first input sequence.
4274:Drivers/CMSIS/DSP/Include/arm_math.h ****    * @param[in]  pSrcB     points to the second input sequence.
4275:Drivers/CMSIS/DSP/Include/arm_math.h ****    * @param[in]  srcBLen   length of the second input sequence.
4276:Drivers/CMSIS/DSP/Include/arm_math.h ****    * @param[out] pDst      points to the block of output data  Length 2 * max(srcALen, srcBLen) - 1
4277:Drivers/CMSIS/DSP/Include/arm_math.h ****    * @param[in]  pScratch  points to scratch buffer of size max(srcALen, srcBLen) + 2*min(srcALen, 
4278:Drivers/CMSIS/DSP/Include/arm_math.h ****    */
4279:Drivers/CMSIS/DSP/Include/arm_math.h ****   void arm_correlate_opt_q15(
4280:Drivers/CMSIS/DSP/Include/arm_math.h ****   q15_t * pSrcA,
4281:Drivers/CMSIS/DSP/Include/arm_math.h ****   uint32_t srcALen,
4282:Drivers/CMSIS/DSP/Include/arm_math.h ****   q15_t * pSrcB,
4283:Drivers/CMSIS/DSP/Include/arm_math.h ****   uint32_t srcBLen,
4284:Drivers/CMSIS/DSP/Include/arm_math.h ****   q15_t * pDst,
4285:Drivers/CMSIS/DSP/Include/arm_math.h ****   q15_t * pScratch);
4286:Drivers/CMSIS/DSP/Include/arm_math.h **** 
4287:Drivers/CMSIS/DSP/Include/arm_math.h **** 
4288:Drivers/CMSIS/DSP/Include/arm_math.h ****   /**
4289:Drivers/CMSIS/DSP/Include/arm_math.h ****    * @brief Correlation of Q15 sequences.
4290:Drivers/CMSIS/DSP/Include/arm_math.h ****    * @param[in]  pSrcA    points to the first input sequence.
4291:Drivers/CMSIS/DSP/Include/arm_math.h ****    * @param[in]  srcALen  length of the first input sequence.
4292:Drivers/CMSIS/DSP/Include/arm_math.h ****    * @param[in]  pSrcB    points to the second input sequence.
4293:Drivers/CMSIS/DSP/Include/arm_math.h ****    * @param[in]  srcBLen  length of the second input sequence.
4294:Drivers/CMSIS/DSP/Include/arm_math.h ****    * @param[out] pDst     points to the block of output data  Length 2 * max(srcALen, srcBLen) - 1.
4295:Drivers/CMSIS/DSP/Include/arm_math.h ****    */
4296:Drivers/CMSIS/DSP/Include/arm_math.h **** 
4297:Drivers/CMSIS/DSP/Include/arm_math.h ****   void arm_correlate_q15(
4298:Drivers/CMSIS/DSP/Include/arm_math.h ****   q15_t * pSrcA,
4299:Drivers/CMSIS/DSP/Include/arm_math.h ****   uint32_t srcALen,
4300:Drivers/CMSIS/DSP/Include/arm_math.h ****   q15_t * pSrcB,
4301:Drivers/CMSIS/DSP/Include/arm_math.h ****   uint32_t srcBLen,
4302:Drivers/CMSIS/DSP/Include/arm_math.h ****   q15_t * pDst);
4303:Drivers/CMSIS/DSP/Include/arm_math.h **** 
4304:Drivers/CMSIS/DSP/Include/arm_math.h **** 
4305:Drivers/CMSIS/DSP/Include/arm_math.h ****   /**
4306:Drivers/CMSIS/DSP/Include/arm_math.h ****    * @brief Correlation of Q15 sequences (fast version) for Cortex-M3 and Cortex-M4.
4307:Drivers/CMSIS/DSP/Include/arm_math.h ****    * @param[in]  pSrcA    points to the first input sequence.
4308:Drivers/CMSIS/DSP/Include/arm_math.h ****    * @param[in]  srcALen  length of the first input sequence.
4309:Drivers/CMSIS/DSP/Include/arm_math.h ****    * @param[in]  pSrcB    points to the second input sequence.
4310:Drivers/CMSIS/DSP/Include/arm_math.h ****    * @param[in]  srcBLen  length of the second input sequence.
4311:Drivers/CMSIS/DSP/Include/arm_math.h ****    * @param[out] pDst     points to the block of output data  Length 2 * max(srcALen, srcBLen) - 1.
4312:Drivers/CMSIS/DSP/Include/arm_math.h ****    */
4313:Drivers/CMSIS/DSP/Include/arm_math.h **** 
4314:Drivers/CMSIS/DSP/Include/arm_math.h ****   void arm_correlate_fast_q15(
4315:Drivers/CMSIS/DSP/Include/arm_math.h ****   q15_t * pSrcA,
4316:Drivers/CMSIS/DSP/Include/arm_math.h ****   uint32_t srcALen,
4317:Drivers/CMSIS/DSP/Include/arm_math.h ****   q15_t * pSrcB,
4318:Drivers/CMSIS/DSP/Include/arm_math.h ****   uint32_t srcBLen,
4319:Drivers/CMSIS/DSP/Include/arm_math.h ****   q15_t * pDst);
4320:Drivers/CMSIS/DSP/Include/arm_math.h **** 
4321:Drivers/CMSIS/DSP/Include/arm_math.h **** 
4322:Drivers/CMSIS/DSP/Include/arm_math.h ****   /**
4323:Drivers/CMSIS/DSP/Include/arm_math.h ****    * @brief Correlation of Q15 sequences (fast version) for Cortex-M3 and Cortex-M4.
4324:Drivers/CMSIS/DSP/Include/arm_math.h ****    * @param[in]  pSrcA     points to the first input sequence.
4325:Drivers/CMSIS/DSP/Include/arm_math.h ****    * @param[in]  srcALen   length of the first input sequence.
4326:Drivers/CMSIS/DSP/Include/arm_math.h ****    * @param[in]  pSrcB     points to the second input sequence.
4327:Drivers/CMSIS/DSP/Include/arm_math.h ****    * @param[in]  srcBLen   length of the second input sequence.
4328:Drivers/CMSIS/DSP/Include/arm_math.h ****    * @param[out] pDst      points to the block of output data  Length 2 * max(srcALen, srcBLen) - 1
4329:Drivers/CMSIS/DSP/Include/arm_math.h ****    * @param[in]  pScratch  points to scratch buffer of size max(srcALen, srcBLen) + 2*min(srcALen, 
ARM GAS  C:\Users\Lamp\AppData\Local\Temp\ccC8j8ON.s 			page 83


4330:Drivers/CMSIS/DSP/Include/arm_math.h ****    */
4331:Drivers/CMSIS/DSP/Include/arm_math.h ****   void arm_correlate_fast_opt_q15(
4332:Drivers/CMSIS/DSP/Include/arm_math.h ****   q15_t * pSrcA,
4333:Drivers/CMSIS/DSP/Include/arm_math.h ****   uint32_t srcALen,
4334:Drivers/CMSIS/DSP/Include/arm_math.h ****   q15_t * pSrcB,
4335:Drivers/CMSIS/DSP/Include/arm_math.h ****   uint32_t srcBLen,
4336:Drivers/CMSIS/DSP/Include/arm_math.h ****   q15_t * pDst,
4337:Drivers/CMSIS/DSP/Include/arm_math.h ****   q15_t * pScratch);
4338:Drivers/CMSIS/DSP/Include/arm_math.h **** 
4339:Drivers/CMSIS/DSP/Include/arm_math.h **** 
4340:Drivers/CMSIS/DSP/Include/arm_math.h ****   /**
4341:Drivers/CMSIS/DSP/Include/arm_math.h ****    * @brief Correlation of Q31 sequences.
4342:Drivers/CMSIS/DSP/Include/arm_math.h ****    * @param[in]  pSrcA    points to the first input sequence.
4343:Drivers/CMSIS/DSP/Include/arm_math.h ****    * @param[in]  srcALen  length of the first input sequence.
4344:Drivers/CMSIS/DSP/Include/arm_math.h ****    * @param[in]  pSrcB    points to the second input sequence.
4345:Drivers/CMSIS/DSP/Include/arm_math.h ****    * @param[in]  srcBLen  length of the second input sequence.
4346:Drivers/CMSIS/DSP/Include/arm_math.h ****    * @param[out] pDst     points to the block of output data  Length 2 * max(srcALen, srcBLen) - 1.
4347:Drivers/CMSIS/DSP/Include/arm_math.h ****    */
4348:Drivers/CMSIS/DSP/Include/arm_math.h ****   void arm_correlate_q31(
4349:Drivers/CMSIS/DSP/Include/arm_math.h ****   q31_t * pSrcA,
4350:Drivers/CMSIS/DSP/Include/arm_math.h ****   uint32_t srcALen,
4351:Drivers/CMSIS/DSP/Include/arm_math.h ****   q31_t * pSrcB,
4352:Drivers/CMSIS/DSP/Include/arm_math.h ****   uint32_t srcBLen,
4353:Drivers/CMSIS/DSP/Include/arm_math.h ****   q31_t * pDst);
4354:Drivers/CMSIS/DSP/Include/arm_math.h **** 
4355:Drivers/CMSIS/DSP/Include/arm_math.h **** 
4356:Drivers/CMSIS/DSP/Include/arm_math.h ****   /**
4357:Drivers/CMSIS/DSP/Include/arm_math.h ****    * @brief Correlation of Q31 sequences (fast version) for Cortex-M3 and Cortex-M4
4358:Drivers/CMSIS/DSP/Include/arm_math.h ****    * @param[in]  pSrcA    points to the first input sequence.
4359:Drivers/CMSIS/DSP/Include/arm_math.h ****    * @param[in]  srcALen  length of the first input sequence.
4360:Drivers/CMSIS/DSP/Include/arm_math.h ****    * @param[in]  pSrcB    points to the second input sequence.
4361:Drivers/CMSIS/DSP/Include/arm_math.h ****    * @param[in]  srcBLen  length of the second input sequence.
4362:Drivers/CMSIS/DSP/Include/arm_math.h ****    * @param[out] pDst     points to the block of output data  Length 2 * max(srcALen, srcBLen) - 1.
4363:Drivers/CMSIS/DSP/Include/arm_math.h ****    */
4364:Drivers/CMSIS/DSP/Include/arm_math.h ****   void arm_correlate_fast_q31(
4365:Drivers/CMSIS/DSP/Include/arm_math.h ****   q31_t * pSrcA,
4366:Drivers/CMSIS/DSP/Include/arm_math.h ****   uint32_t srcALen,
4367:Drivers/CMSIS/DSP/Include/arm_math.h ****   q31_t * pSrcB,
4368:Drivers/CMSIS/DSP/Include/arm_math.h ****   uint32_t srcBLen,
4369:Drivers/CMSIS/DSP/Include/arm_math.h ****   q31_t * pDst);
4370:Drivers/CMSIS/DSP/Include/arm_math.h **** 
4371:Drivers/CMSIS/DSP/Include/arm_math.h **** 
4372:Drivers/CMSIS/DSP/Include/arm_math.h ****  /**
4373:Drivers/CMSIS/DSP/Include/arm_math.h ****    * @brief Correlation of Q7 sequences.
4374:Drivers/CMSIS/DSP/Include/arm_math.h ****    * @param[in]  pSrcA      points to the first input sequence.
4375:Drivers/CMSIS/DSP/Include/arm_math.h ****    * @param[in]  srcALen    length of the first input sequence.
4376:Drivers/CMSIS/DSP/Include/arm_math.h ****    * @param[in]  pSrcB      points to the second input sequence.
4377:Drivers/CMSIS/DSP/Include/arm_math.h ****    * @param[in]  srcBLen    length of the second input sequence.
4378:Drivers/CMSIS/DSP/Include/arm_math.h ****    * @param[out] pDst       points to the block of output data  Length 2 * max(srcALen, srcBLen) - 
4379:Drivers/CMSIS/DSP/Include/arm_math.h ****    * @param[in]  pScratch1  points to scratch buffer(of type q15_t) of size max(srcALen, srcBLen) +
4380:Drivers/CMSIS/DSP/Include/arm_math.h ****    * @param[in]  pScratch2  points to scratch buffer (of type q15_t) of size min(srcALen, srcBLen).
4381:Drivers/CMSIS/DSP/Include/arm_math.h ****    */
4382:Drivers/CMSIS/DSP/Include/arm_math.h ****   void arm_correlate_opt_q7(
4383:Drivers/CMSIS/DSP/Include/arm_math.h ****   q7_t * pSrcA,
4384:Drivers/CMSIS/DSP/Include/arm_math.h ****   uint32_t srcALen,
4385:Drivers/CMSIS/DSP/Include/arm_math.h ****   q7_t * pSrcB,
4386:Drivers/CMSIS/DSP/Include/arm_math.h ****   uint32_t srcBLen,
ARM GAS  C:\Users\Lamp\AppData\Local\Temp\ccC8j8ON.s 			page 84


4387:Drivers/CMSIS/DSP/Include/arm_math.h ****   q7_t * pDst,
4388:Drivers/CMSIS/DSP/Include/arm_math.h ****   q15_t * pScratch1,
4389:Drivers/CMSIS/DSP/Include/arm_math.h ****   q15_t * pScratch2);
4390:Drivers/CMSIS/DSP/Include/arm_math.h **** 
4391:Drivers/CMSIS/DSP/Include/arm_math.h **** 
4392:Drivers/CMSIS/DSP/Include/arm_math.h ****   /**
4393:Drivers/CMSIS/DSP/Include/arm_math.h ****    * @brief Correlation of Q7 sequences.
4394:Drivers/CMSIS/DSP/Include/arm_math.h ****    * @param[in]  pSrcA    points to the first input sequence.
4395:Drivers/CMSIS/DSP/Include/arm_math.h ****    * @param[in]  srcALen  length of the first input sequence.
4396:Drivers/CMSIS/DSP/Include/arm_math.h ****    * @param[in]  pSrcB    points to the second input sequence.
4397:Drivers/CMSIS/DSP/Include/arm_math.h ****    * @param[in]  srcBLen  length of the second input sequence.
4398:Drivers/CMSIS/DSP/Include/arm_math.h ****    * @param[out] pDst     points to the block of output data  Length 2 * max(srcALen, srcBLen) - 1.
4399:Drivers/CMSIS/DSP/Include/arm_math.h ****    */
4400:Drivers/CMSIS/DSP/Include/arm_math.h ****   void arm_correlate_q7(
4401:Drivers/CMSIS/DSP/Include/arm_math.h ****   q7_t * pSrcA,
4402:Drivers/CMSIS/DSP/Include/arm_math.h ****   uint32_t srcALen,
4403:Drivers/CMSIS/DSP/Include/arm_math.h ****   q7_t * pSrcB,
4404:Drivers/CMSIS/DSP/Include/arm_math.h ****   uint32_t srcBLen,
4405:Drivers/CMSIS/DSP/Include/arm_math.h ****   q7_t * pDst);
4406:Drivers/CMSIS/DSP/Include/arm_math.h **** 
4407:Drivers/CMSIS/DSP/Include/arm_math.h **** 
4408:Drivers/CMSIS/DSP/Include/arm_math.h ****   /**
4409:Drivers/CMSIS/DSP/Include/arm_math.h ****    * @brief Instance structure for the floating-point sparse FIR filter.
4410:Drivers/CMSIS/DSP/Include/arm_math.h ****    */
4411:Drivers/CMSIS/DSP/Include/arm_math.h ****   typedef struct
4412:Drivers/CMSIS/DSP/Include/arm_math.h ****   {
4413:Drivers/CMSIS/DSP/Include/arm_math.h ****     uint16_t numTaps;             /**< number of coefficients in the filter. */
4414:Drivers/CMSIS/DSP/Include/arm_math.h ****     uint16_t stateIndex;          /**< state buffer index.  Points to the oldest sample in the stat
4415:Drivers/CMSIS/DSP/Include/arm_math.h ****     float32_t *pState;            /**< points to the state buffer array. The array is of length max
4416:Drivers/CMSIS/DSP/Include/arm_math.h ****     float32_t *pCoeffs;           /**< points to the coefficient array. The array is of length numT
4417:Drivers/CMSIS/DSP/Include/arm_math.h ****     uint16_t maxDelay;            /**< maximum offset specified by the pTapDelay array. */
4418:Drivers/CMSIS/DSP/Include/arm_math.h ****     int32_t *pTapDelay;           /**< points to the array of delay values.  The array is of length
4419:Drivers/CMSIS/DSP/Include/arm_math.h ****   } arm_fir_sparse_instance_f32;
4420:Drivers/CMSIS/DSP/Include/arm_math.h **** 
4421:Drivers/CMSIS/DSP/Include/arm_math.h ****   /**
4422:Drivers/CMSIS/DSP/Include/arm_math.h ****    * @brief Instance structure for the Q31 sparse FIR filter.
4423:Drivers/CMSIS/DSP/Include/arm_math.h ****    */
4424:Drivers/CMSIS/DSP/Include/arm_math.h ****   typedef struct
4425:Drivers/CMSIS/DSP/Include/arm_math.h ****   {
4426:Drivers/CMSIS/DSP/Include/arm_math.h ****     uint16_t numTaps;             /**< number of coefficients in the filter. */
4427:Drivers/CMSIS/DSP/Include/arm_math.h ****     uint16_t stateIndex;          /**< state buffer index.  Points to the oldest sample in the stat
4428:Drivers/CMSIS/DSP/Include/arm_math.h ****     q31_t *pState;                /**< points to the state buffer array. The array is of length max
4429:Drivers/CMSIS/DSP/Include/arm_math.h ****     q31_t *pCoeffs;               /**< points to the coefficient array. The array is of length numT
4430:Drivers/CMSIS/DSP/Include/arm_math.h ****     uint16_t maxDelay;            /**< maximum offset specified by the pTapDelay array. */
4431:Drivers/CMSIS/DSP/Include/arm_math.h ****     int32_t *pTapDelay;           /**< points to the array of delay values.  The array is of length
4432:Drivers/CMSIS/DSP/Include/arm_math.h ****   } arm_fir_sparse_instance_q31;
4433:Drivers/CMSIS/DSP/Include/arm_math.h **** 
4434:Drivers/CMSIS/DSP/Include/arm_math.h ****   /**
4435:Drivers/CMSIS/DSP/Include/arm_math.h ****    * @brief Instance structure for the Q15 sparse FIR filter.
4436:Drivers/CMSIS/DSP/Include/arm_math.h ****    */
4437:Drivers/CMSIS/DSP/Include/arm_math.h ****   typedef struct
4438:Drivers/CMSIS/DSP/Include/arm_math.h ****   {
4439:Drivers/CMSIS/DSP/Include/arm_math.h ****     uint16_t numTaps;             /**< number of coefficients in the filter. */
4440:Drivers/CMSIS/DSP/Include/arm_math.h ****     uint16_t stateIndex;          /**< state buffer index.  Points to the oldest sample in the stat
4441:Drivers/CMSIS/DSP/Include/arm_math.h ****     q15_t *pState;                /**< points to the state buffer array. The array is of length max
4442:Drivers/CMSIS/DSP/Include/arm_math.h ****     q15_t *pCoeffs;               /**< points to the coefficient array. The array is of length numT
4443:Drivers/CMSIS/DSP/Include/arm_math.h ****     uint16_t maxDelay;            /**< maximum offset specified by the pTapDelay array. */
ARM GAS  C:\Users\Lamp\AppData\Local\Temp\ccC8j8ON.s 			page 85


4444:Drivers/CMSIS/DSP/Include/arm_math.h ****     int32_t *pTapDelay;           /**< points to the array of delay values.  The array is of length
4445:Drivers/CMSIS/DSP/Include/arm_math.h ****   } arm_fir_sparse_instance_q15;
4446:Drivers/CMSIS/DSP/Include/arm_math.h **** 
4447:Drivers/CMSIS/DSP/Include/arm_math.h ****   /**
4448:Drivers/CMSIS/DSP/Include/arm_math.h ****    * @brief Instance structure for the Q7 sparse FIR filter.
4449:Drivers/CMSIS/DSP/Include/arm_math.h ****    */
4450:Drivers/CMSIS/DSP/Include/arm_math.h ****   typedef struct
4451:Drivers/CMSIS/DSP/Include/arm_math.h ****   {
4452:Drivers/CMSIS/DSP/Include/arm_math.h ****     uint16_t numTaps;             /**< number of coefficients in the filter. */
4453:Drivers/CMSIS/DSP/Include/arm_math.h ****     uint16_t stateIndex;          /**< state buffer index.  Points to the oldest sample in the stat
4454:Drivers/CMSIS/DSP/Include/arm_math.h ****     q7_t *pState;                 /**< points to the state buffer array. The array is of length max
4455:Drivers/CMSIS/DSP/Include/arm_math.h ****     q7_t *pCoeffs;                /**< points to the coefficient array. The array is of length numT
4456:Drivers/CMSIS/DSP/Include/arm_math.h ****     uint16_t maxDelay;            /**< maximum offset specified by the pTapDelay array. */
4457:Drivers/CMSIS/DSP/Include/arm_math.h ****     int32_t *pTapDelay;           /**< points to the array of delay values.  The array is of length
4458:Drivers/CMSIS/DSP/Include/arm_math.h ****   } arm_fir_sparse_instance_q7;
4459:Drivers/CMSIS/DSP/Include/arm_math.h **** 
4460:Drivers/CMSIS/DSP/Include/arm_math.h **** 
4461:Drivers/CMSIS/DSP/Include/arm_math.h ****   /**
4462:Drivers/CMSIS/DSP/Include/arm_math.h ****    * @brief Processing function for the floating-point sparse FIR filter.
4463:Drivers/CMSIS/DSP/Include/arm_math.h ****    * @param[in]  S           points to an instance of the floating-point sparse FIR structure.
4464:Drivers/CMSIS/DSP/Include/arm_math.h ****    * @param[in]  pSrc        points to the block of input data.
4465:Drivers/CMSIS/DSP/Include/arm_math.h ****    * @param[out] pDst        points to the block of output data
4466:Drivers/CMSIS/DSP/Include/arm_math.h ****    * @param[in]  pScratchIn  points to a temporary buffer of size blockSize.
4467:Drivers/CMSIS/DSP/Include/arm_math.h ****    * @param[in]  blockSize   number of input samples to process per call.
4468:Drivers/CMSIS/DSP/Include/arm_math.h ****    */
4469:Drivers/CMSIS/DSP/Include/arm_math.h ****   void arm_fir_sparse_f32(
4470:Drivers/CMSIS/DSP/Include/arm_math.h ****   arm_fir_sparse_instance_f32 * S,
4471:Drivers/CMSIS/DSP/Include/arm_math.h ****   float32_t * pSrc,
4472:Drivers/CMSIS/DSP/Include/arm_math.h ****   float32_t * pDst,
4473:Drivers/CMSIS/DSP/Include/arm_math.h ****   float32_t * pScratchIn,
4474:Drivers/CMSIS/DSP/Include/arm_math.h ****   uint32_t blockSize);
4475:Drivers/CMSIS/DSP/Include/arm_math.h **** 
4476:Drivers/CMSIS/DSP/Include/arm_math.h **** 
4477:Drivers/CMSIS/DSP/Include/arm_math.h ****   /**
4478:Drivers/CMSIS/DSP/Include/arm_math.h ****    * @brief  Initialization function for the floating-point sparse FIR filter.
4479:Drivers/CMSIS/DSP/Include/arm_math.h ****    * @param[in,out] S          points to an instance of the floating-point sparse FIR structure.
4480:Drivers/CMSIS/DSP/Include/arm_math.h ****    * @param[in]     numTaps    number of nonzero coefficients in the filter.
4481:Drivers/CMSIS/DSP/Include/arm_math.h ****    * @param[in]     pCoeffs    points to the array of filter coefficients.
4482:Drivers/CMSIS/DSP/Include/arm_math.h ****    * @param[in]     pState     points to the state buffer.
4483:Drivers/CMSIS/DSP/Include/arm_math.h ****    * @param[in]     pTapDelay  points to the array of offset times.
4484:Drivers/CMSIS/DSP/Include/arm_math.h ****    * @param[in]     maxDelay   maximum offset time supported.
4485:Drivers/CMSIS/DSP/Include/arm_math.h ****    * @param[in]     blockSize  number of samples that will be processed per block.
4486:Drivers/CMSIS/DSP/Include/arm_math.h ****    */
4487:Drivers/CMSIS/DSP/Include/arm_math.h ****   void arm_fir_sparse_init_f32(
4488:Drivers/CMSIS/DSP/Include/arm_math.h ****   arm_fir_sparse_instance_f32 * S,
4489:Drivers/CMSIS/DSP/Include/arm_math.h ****   uint16_t numTaps,
4490:Drivers/CMSIS/DSP/Include/arm_math.h ****   float32_t * pCoeffs,
4491:Drivers/CMSIS/DSP/Include/arm_math.h ****   float32_t * pState,
4492:Drivers/CMSIS/DSP/Include/arm_math.h ****   int32_t * pTapDelay,
4493:Drivers/CMSIS/DSP/Include/arm_math.h ****   uint16_t maxDelay,
4494:Drivers/CMSIS/DSP/Include/arm_math.h ****   uint32_t blockSize);
4495:Drivers/CMSIS/DSP/Include/arm_math.h **** 
4496:Drivers/CMSIS/DSP/Include/arm_math.h **** 
4497:Drivers/CMSIS/DSP/Include/arm_math.h ****   /**
4498:Drivers/CMSIS/DSP/Include/arm_math.h ****    * @brief Processing function for the Q31 sparse FIR filter.
4499:Drivers/CMSIS/DSP/Include/arm_math.h ****    * @param[in]  S           points to an instance of the Q31 sparse FIR structure.
4500:Drivers/CMSIS/DSP/Include/arm_math.h ****    * @param[in]  pSrc        points to the block of input data.
ARM GAS  C:\Users\Lamp\AppData\Local\Temp\ccC8j8ON.s 			page 86


4501:Drivers/CMSIS/DSP/Include/arm_math.h ****    * @param[out] pDst        points to the block of output data
4502:Drivers/CMSIS/DSP/Include/arm_math.h ****    * @param[in]  pScratchIn  points to a temporary buffer of size blockSize.
4503:Drivers/CMSIS/DSP/Include/arm_math.h ****    * @param[in]  blockSize   number of input samples to process per call.
4504:Drivers/CMSIS/DSP/Include/arm_math.h ****    */
4505:Drivers/CMSIS/DSP/Include/arm_math.h ****   void arm_fir_sparse_q31(
4506:Drivers/CMSIS/DSP/Include/arm_math.h ****   arm_fir_sparse_instance_q31 * S,
4507:Drivers/CMSIS/DSP/Include/arm_math.h ****   q31_t * pSrc,
4508:Drivers/CMSIS/DSP/Include/arm_math.h ****   q31_t * pDst,
4509:Drivers/CMSIS/DSP/Include/arm_math.h ****   q31_t * pScratchIn,
4510:Drivers/CMSIS/DSP/Include/arm_math.h ****   uint32_t blockSize);
4511:Drivers/CMSIS/DSP/Include/arm_math.h **** 
4512:Drivers/CMSIS/DSP/Include/arm_math.h **** 
4513:Drivers/CMSIS/DSP/Include/arm_math.h ****   /**
4514:Drivers/CMSIS/DSP/Include/arm_math.h ****    * @brief  Initialization function for the Q31 sparse FIR filter.
4515:Drivers/CMSIS/DSP/Include/arm_math.h ****    * @param[in,out] S          points to an instance of the Q31 sparse FIR structure.
4516:Drivers/CMSIS/DSP/Include/arm_math.h ****    * @param[in]     numTaps    number of nonzero coefficients in the filter.
4517:Drivers/CMSIS/DSP/Include/arm_math.h ****    * @param[in]     pCoeffs    points to the array of filter coefficients.
4518:Drivers/CMSIS/DSP/Include/arm_math.h ****    * @param[in]     pState     points to the state buffer.
4519:Drivers/CMSIS/DSP/Include/arm_math.h ****    * @param[in]     pTapDelay  points to the array of offset times.
4520:Drivers/CMSIS/DSP/Include/arm_math.h ****    * @param[in]     maxDelay   maximum offset time supported.
4521:Drivers/CMSIS/DSP/Include/arm_math.h ****    * @param[in]     blockSize  number of samples that will be processed per block.
4522:Drivers/CMSIS/DSP/Include/arm_math.h ****    */
4523:Drivers/CMSIS/DSP/Include/arm_math.h ****   void arm_fir_sparse_init_q31(
4524:Drivers/CMSIS/DSP/Include/arm_math.h ****   arm_fir_sparse_instance_q31 * S,
4525:Drivers/CMSIS/DSP/Include/arm_math.h ****   uint16_t numTaps,
4526:Drivers/CMSIS/DSP/Include/arm_math.h ****   q31_t * pCoeffs,
4527:Drivers/CMSIS/DSP/Include/arm_math.h ****   q31_t * pState,
4528:Drivers/CMSIS/DSP/Include/arm_math.h ****   int32_t * pTapDelay,
4529:Drivers/CMSIS/DSP/Include/arm_math.h ****   uint16_t maxDelay,
4530:Drivers/CMSIS/DSP/Include/arm_math.h ****   uint32_t blockSize);
4531:Drivers/CMSIS/DSP/Include/arm_math.h **** 
4532:Drivers/CMSIS/DSP/Include/arm_math.h **** 
4533:Drivers/CMSIS/DSP/Include/arm_math.h ****   /**
4534:Drivers/CMSIS/DSP/Include/arm_math.h ****    * @brief Processing function for the Q15 sparse FIR filter.
4535:Drivers/CMSIS/DSP/Include/arm_math.h ****    * @param[in]  S            points to an instance of the Q15 sparse FIR structure.
4536:Drivers/CMSIS/DSP/Include/arm_math.h ****    * @param[in]  pSrc         points to the block of input data.
4537:Drivers/CMSIS/DSP/Include/arm_math.h ****    * @param[out] pDst         points to the block of output data
4538:Drivers/CMSIS/DSP/Include/arm_math.h ****    * @param[in]  pScratchIn   points to a temporary buffer of size blockSize.
4539:Drivers/CMSIS/DSP/Include/arm_math.h ****    * @param[in]  pScratchOut  points to a temporary buffer of size blockSize.
4540:Drivers/CMSIS/DSP/Include/arm_math.h ****    * @param[in]  blockSize    number of input samples to process per call.
4541:Drivers/CMSIS/DSP/Include/arm_math.h ****    */
4542:Drivers/CMSIS/DSP/Include/arm_math.h ****   void arm_fir_sparse_q15(
4543:Drivers/CMSIS/DSP/Include/arm_math.h ****   arm_fir_sparse_instance_q15 * S,
4544:Drivers/CMSIS/DSP/Include/arm_math.h ****   q15_t * pSrc,
4545:Drivers/CMSIS/DSP/Include/arm_math.h ****   q15_t * pDst,
4546:Drivers/CMSIS/DSP/Include/arm_math.h ****   q15_t * pScratchIn,
4547:Drivers/CMSIS/DSP/Include/arm_math.h ****   q31_t * pScratchOut,
4548:Drivers/CMSIS/DSP/Include/arm_math.h ****   uint32_t blockSize);
4549:Drivers/CMSIS/DSP/Include/arm_math.h **** 
4550:Drivers/CMSIS/DSP/Include/arm_math.h **** 
4551:Drivers/CMSIS/DSP/Include/arm_math.h ****   /**
4552:Drivers/CMSIS/DSP/Include/arm_math.h ****    * @brief  Initialization function for the Q15 sparse FIR filter.
4553:Drivers/CMSIS/DSP/Include/arm_math.h ****    * @param[in,out] S          points to an instance of the Q15 sparse FIR structure.
4554:Drivers/CMSIS/DSP/Include/arm_math.h ****    * @param[in]     numTaps    number of nonzero coefficients in the filter.
4555:Drivers/CMSIS/DSP/Include/arm_math.h ****    * @param[in]     pCoeffs    points to the array of filter coefficients.
4556:Drivers/CMSIS/DSP/Include/arm_math.h ****    * @param[in]     pState     points to the state buffer.
4557:Drivers/CMSIS/DSP/Include/arm_math.h ****    * @param[in]     pTapDelay  points to the array of offset times.
ARM GAS  C:\Users\Lamp\AppData\Local\Temp\ccC8j8ON.s 			page 87


4558:Drivers/CMSIS/DSP/Include/arm_math.h ****    * @param[in]     maxDelay   maximum offset time supported.
4559:Drivers/CMSIS/DSP/Include/arm_math.h ****    * @param[in]     blockSize  number of samples that will be processed per block.
4560:Drivers/CMSIS/DSP/Include/arm_math.h ****    */
4561:Drivers/CMSIS/DSP/Include/arm_math.h ****   void arm_fir_sparse_init_q15(
4562:Drivers/CMSIS/DSP/Include/arm_math.h ****   arm_fir_sparse_instance_q15 * S,
4563:Drivers/CMSIS/DSP/Include/arm_math.h ****   uint16_t numTaps,
4564:Drivers/CMSIS/DSP/Include/arm_math.h ****   q15_t * pCoeffs,
4565:Drivers/CMSIS/DSP/Include/arm_math.h ****   q15_t * pState,
4566:Drivers/CMSIS/DSP/Include/arm_math.h ****   int32_t * pTapDelay,
4567:Drivers/CMSIS/DSP/Include/arm_math.h ****   uint16_t maxDelay,
4568:Drivers/CMSIS/DSP/Include/arm_math.h ****   uint32_t blockSize);
4569:Drivers/CMSIS/DSP/Include/arm_math.h **** 
4570:Drivers/CMSIS/DSP/Include/arm_math.h **** 
4571:Drivers/CMSIS/DSP/Include/arm_math.h ****   /**
4572:Drivers/CMSIS/DSP/Include/arm_math.h ****    * @brief Processing function for the Q7 sparse FIR filter.
4573:Drivers/CMSIS/DSP/Include/arm_math.h ****    * @param[in]  S            points to an instance of the Q7 sparse FIR structure.
4574:Drivers/CMSIS/DSP/Include/arm_math.h ****    * @param[in]  pSrc         points to the block of input data.
4575:Drivers/CMSIS/DSP/Include/arm_math.h ****    * @param[out] pDst         points to the block of output data
4576:Drivers/CMSIS/DSP/Include/arm_math.h ****    * @param[in]  pScratchIn   points to a temporary buffer of size blockSize.
4577:Drivers/CMSIS/DSP/Include/arm_math.h ****    * @param[in]  pScratchOut  points to a temporary buffer of size blockSize.
4578:Drivers/CMSIS/DSP/Include/arm_math.h ****    * @param[in]  blockSize    number of input samples to process per call.
4579:Drivers/CMSIS/DSP/Include/arm_math.h ****    */
4580:Drivers/CMSIS/DSP/Include/arm_math.h ****   void arm_fir_sparse_q7(
4581:Drivers/CMSIS/DSP/Include/arm_math.h ****   arm_fir_sparse_instance_q7 * S,
4582:Drivers/CMSIS/DSP/Include/arm_math.h ****   q7_t * pSrc,
4583:Drivers/CMSIS/DSP/Include/arm_math.h ****   q7_t * pDst,
4584:Drivers/CMSIS/DSP/Include/arm_math.h ****   q7_t * pScratchIn,
4585:Drivers/CMSIS/DSP/Include/arm_math.h ****   q31_t * pScratchOut,
4586:Drivers/CMSIS/DSP/Include/arm_math.h ****   uint32_t blockSize);
4587:Drivers/CMSIS/DSP/Include/arm_math.h **** 
4588:Drivers/CMSIS/DSP/Include/arm_math.h **** 
4589:Drivers/CMSIS/DSP/Include/arm_math.h ****   /**
4590:Drivers/CMSIS/DSP/Include/arm_math.h ****    * @brief  Initialization function for the Q7 sparse FIR filter.
4591:Drivers/CMSIS/DSP/Include/arm_math.h ****    * @param[in,out] S          points to an instance of the Q7 sparse FIR structure.
4592:Drivers/CMSIS/DSP/Include/arm_math.h ****    * @param[in]     numTaps    number of nonzero coefficients in the filter.
4593:Drivers/CMSIS/DSP/Include/arm_math.h ****    * @param[in]     pCoeffs    points to the array of filter coefficients.
4594:Drivers/CMSIS/DSP/Include/arm_math.h ****    * @param[in]     pState     points to the state buffer.
4595:Drivers/CMSIS/DSP/Include/arm_math.h ****    * @param[in]     pTapDelay  points to the array of offset times.
4596:Drivers/CMSIS/DSP/Include/arm_math.h ****    * @param[in]     maxDelay   maximum offset time supported.
4597:Drivers/CMSIS/DSP/Include/arm_math.h ****    * @param[in]     blockSize  number of samples that will be processed per block.
4598:Drivers/CMSIS/DSP/Include/arm_math.h ****    */
4599:Drivers/CMSIS/DSP/Include/arm_math.h ****   void arm_fir_sparse_init_q7(
4600:Drivers/CMSIS/DSP/Include/arm_math.h ****   arm_fir_sparse_instance_q7 * S,
4601:Drivers/CMSIS/DSP/Include/arm_math.h ****   uint16_t numTaps,
4602:Drivers/CMSIS/DSP/Include/arm_math.h ****   q7_t * pCoeffs,
4603:Drivers/CMSIS/DSP/Include/arm_math.h ****   q7_t * pState,
4604:Drivers/CMSIS/DSP/Include/arm_math.h ****   int32_t * pTapDelay,
4605:Drivers/CMSIS/DSP/Include/arm_math.h ****   uint16_t maxDelay,
4606:Drivers/CMSIS/DSP/Include/arm_math.h ****   uint32_t blockSize);
4607:Drivers/CMSIS/DSP/Include/arm_math.h **** 
4608:Drivers/CMSIS/DSP/Include/arm_math.h **** 
4609:Drivers/CMSIS/DSP/Include/arm_math.h ****   /**
4610:Drivers/CMSIS/DSP/Include/arm_math.h ****    * @brief  Floating-point sin_cos function.
4611:Drivers/CMSIS/DSP/Include/arm_math.h ****    * @param[in]  theta   input value in degrees
4612:Drivers/CMSIS/DSP/Include/arm_math.h ****    * @param[out] pSinVal  points to the processed sine output.
4613:Drivers/CMSIS/DSP/Include/arm_math.h ****    * @param[out] pCosVal  points to the processed cos output.
4614:Drivers/CMSIS/DSP/Include/arm_math.h ****    */
ARM GAS  C:\Users\Lamp\AppData\Local\Temp\ccC8j8ON.s 			page 88


4615:Drivers/CMSIS/DSP/Include/arm_math.h ****   void arm_sin_cos_f32(
4616:Drivers/CMSIS/DSP/Include/arm_math.h ****   float32_t theta,
4617:Drivers/CMSIS/DSP/Include/arm_math.h ****   float32_t * pSinVal,
4618:Drivers/CMSIS/DSP/Include/arm_math.h ****   float32_t * pCosVal);
4619:Drivers/CMSIS/DSP/Include/arm_math.h **** 
4620:Drivers/CMSIS/DSP/Include/arm_math.h **** 
4621:Drivers/CMSIS/DSP/Include/arm_math.h ****   /**
4622:Drivers/CMSIS/DSP/Include/arm_math.h ****    * @brief  Q31 sin_cos function.
4623:Drivers/CMSIS/DSP/Include/arm_math.h ****    * @param[in]  theta    scaled input value in degrees
4624:Drivers/CMSIS/DSP/Include/arm_math.h ****    * @param[out] pSinVal  points to the processed sine output.
4625:Drivers/CMSIS/DSP/Include/arm_math.h ****    * @param[out] pCosVal  points to the processed cosine output.
4626:Drivers/CMSIS/DSP/Include/arm_math.h ****    */
4627:Drivers/CMSIS/DSP/Include/arm_math.h ****   void arm_sin_cos_q31(
4628:Drivers/CMSIS/DSP/Include/arm_math.h ****   q31_t theta,
4629:Drivers/CMSIS/DSP/Include/arm_math.h ****   q31_t * pSinVal,
4630:Drivers/CMSIS/DSP/Include/arm_math.h ****   q31_t * pCosVal);
4631:Drivers/CMSIS/DSP/Include/arm_math.h **** 
4632:Drivers/CMSIS/DSP/Include/arm_math.h **** 
4633:Drivers/CMSIS/DSP/Include/arm_math.h ****   /**
4634:Drivers/CMSIS/DSP/Include/arm_math.h ****    * @brief  Floating-point complex conjugate.
4635:Drivers/CMSIS/DSP/Include/arm_math.h ****    * @param[in]  pSrc        points to the input vector
4636:Drivers/CMSIS/DSP/Include/arm_math.h ****    * @param[out] pDst        points to the output vector
4637:Drivers/CMSIS/DSP/Include/arm_math.h ****    * @param[in]  numSamples  number of complex samples in each vector
4638:Drivers/CMSIS/DSP/Include/arm_math.h ****    */
4639:Drivers/CMSIS/DSP/Include/arm_math.h ****   void arm_cmplx_conj_f32(
4640:Drivers/CMSIS/DSP/Include/arm_math.h ****   float32_t * pSrc,
4641:Drivers/CMSIS/DSP/Include/arm_math.h ****   float32_t * pDst,
4642:Drivers/CMSIS/DSP/Include/arm_math.h ****   uint32_t numSamples);
4643:Drivers/CMSIS/DSP/Include/arm_math.h **** 
4644:Drivers/CMSIS/DSP/Include/arm_math.h ****   /**
4645:Drivers/CMSIS/DSP/Include/arm_math.h ****    * @brief  Q31 complex conjugate.
4646:Drivers/CMSIS/DSP/Include/arm_math.h ****    * @param[in]  pSrc        points to the input vector
4647:Drivers/CMSIS/DSP/Include/arm_math.h ****    * @param[out] pDst        points to the output vector
4648:Drivers/CMSIS/DSP/Include/arm_math.h ****    * @param[in]  numSamples  number of complex samples in each vector
4649:Drivers/CMSIS/DSP/Include/arm_math.h ****    */
4650:Drivers/CMSIS/DSP/Include/arm_math.h ****   void arm_cmplx_conj_q31(
4651:Drivers/CMSIS/DSP/Include/arm_math.h ****   q31_t * pSrc,
4652:Drivers/CMSIS/DSP/Include/arm_math.h ****   q31_t * pDst,
4653:Drivers/CMSIS/DSP/Include/arm_math.h ****   uint32_t numSamples);
4654:Drivers/CMSIS/DSP/Include/arm_math.h **** 
4655:Drivers/CMSIS/DSP/Include/arm_math.h **** 
4656:Drivers/CMSIS/DSP/Include/arm_math.h ****   /**
4657:Drivers/CMSIS/DSP/Include/arm_math.h ****    * @brief  Q15 complex conjugate.
4658:Drivers/CMSIS/DSP/Include/arm_math.h ****    * @param[in]  pSrc        points to the input vector
4659:Drivers/CMSIS/DSP/Include/arm_math.h ****    * @param[out] pDst        points to the output vector
4660:Drivers/CMSIS/DSP/Include/arm_math.h ****    * @param[in]  numSamples  number of complex samples in each vector
4661:Drivers/CMSIS/DSP/Include/arm_math.h ****    */
4662:Drivers/CMSIS/DSP/Include/arm_math.h ****   void arm_cmplx_conj_q15(
4663:Drivers/CMSIS/DSP/Include/arm_math.h ****   q15_t * pSrc,
4664:Drivers/CMSIS/DSP/Include/arm_math.h ****   q15_t * pDst,
4665:Drivers/CMSIS/DSP/Include/arm_math.h ****   uint32_t numSamples);
4666:Drivers/CMSIS/DSP/Include/arm_math.h **** 
4667:Drivers/CMSIS/DSP/Include/arm_math.h **** 
4668:Drivers/CMSIS/DSP/Include/arm_math.h ****   /**
4669:Drivers/CMSIS/DSP/Include/arm_math.h ****    * @brief  Floating-point complex magnitude squared
4670:Drivers/CMSIS/DSP/Include/arm_math.h ****    * @param[in]  pSrc        points to the complex input vector
4671:Drivers/CMSIS/DSP/Include/arm_math.h ****    * @param[out] pDst        points to the real output vector
ARM GAS  C:\Users\Lamp\AppData\Local\Temp\ccC8j8ON.s 			page 89


4672:Drivers/CMSIS/DSP/Include/arm_math.h ****    * @param[in]  numSamples  number of complex samples in the input vector
4673:Drivers/CMSIS/DSP/Include/arm_math.h ****    */
4674:Drivers/CMSIS/DSP/Include/arm_math.h ****   void arm_cmplx_mag_squared_f32(
4675:Drivers/CMSIS/DSP/Include/arm_math.h ****   float32_t * pSrc,
4676:Drivers/CMSIS/DSP/Include/arm_math.h ****   float32_t * pDst,
4677:Drivers/CMSIS/DSP/Include/arm_math.h ****   uint32_t numSamples);
4678:Drivers/CMSIS/DSP/Include/arm_math.h **** 
4679:Drivers/CMSIS/DSP/Include/arm_math.h **** 
4680:Drivers/CMSIS/DSP/Include/arm_math.h ****   /**
4681:Drivers/CMSIS/DSP/Include/arm_math.h ****    * @brief  Q31 complex magnitude squared
4682:Drivers/CMSIS/DSP/Include/arm_math.h ****    * @param[in]  pSrc        points to the complex input vector
4683:Drivers/CMSIS/DSP/Include/arm_math.h ****    * @param[out] pDst        points to the real output vector
4684:Drivers/CMSIS/DSP/Include/arm_math.h ****    * @param[in]  numSamples  number of complex samples in the input vector
4685:Drivers/CMSIS/DSP/Include/arm_math.h ****    */
4686:Drivers/CMSIS/DSP/Include/arm_math.h ****   void arm_cmplx_mag_squared_q31(
4687:Drivers/CMSIS/DSP/Include/arm_math.h ****   q31_t * pSrc,
4688:Drivers/CMSIS/DSP/Include/arm_math.h ****   q31_t * pDst,
4689:Drivers/CMSIS/DSP/Include/arm_math.h ****   uint32_t numSamples);
4690:Drivers/CMSIS/DSP/Include/arm_math.h **** 
4691:Drivers/CMSIS/DSP/Include/arm_math.h **** 
4692:Drivers/CMSIS/DSP/Include/arm_math.h ****   /**
4693:Drivers/CMSIS/DSP/Include/arm_math.h ****    * @brief  Q15 complex magnitude squared
4694:Drivers/CMSIS/DSP/Include/arm_math.h ****    * @param[in]  pSrc        points to the complex input vector
4695:Drivers/CMSIS/DSP/Include/arm_math.h ****    * @param[out] pDst        points to the real output vector
4696:Drivers/CMSIS/DSP/Include/arm_math.h ****    * @param[in]  numSamples  number of complex samples in the input vector
4697:Drivers/CMSIS/DSP/Include/arm_math.h ****    */
4698:Drivers/CMSIS/DSP/Include/arm_math.h ****   void arm_cmplx_mag_squared_q15(
4699:Drivers/CMSIS/DSP/Include/arm_math.h ****   q15_t * pSrc,
4700:Drivers/CMSIS/DSP/Include/arm_math.h ****   q15_t * pDst,
4701:Drivers/CMSIS/DSP/Include/arm_math.h ****   uint32_t numSamples);
4702:Drivers/CMSIS/DSP/Include/arm_math.h **** 
4703:Drivers/CMSIS/DSP/Include/arm_math.h **** 
4704:Drivers/CMSIS/DSP/Include/arm_math.h ****  /**
4705:Drivers/CMSIS/DSP/Include/arm_math.h ****    * @ingroup groupController
4706:Drivers/CMSIS/DSP/Include/arm_math.h ****    */
4707:Drivers/CMSIS/DSP/Include/arm_math.h **** 
4708:Drivers/CMSIS/DSP/Include/arm_math.h ****   /**
4709:Drivers/CMSIS/DSP/Include/arm_math.h ****    * @defgroup PID PID Motor Control
4710:Drivers/CMSIS/DSP/Include/arm_math.h ****    *
4711:Drivers/CMSIS/DSP/Include/arm_math.h ****    * A Proportional Integral Derivative (PID) controller is a generic feedback control
4712:Drivers/CMSIS/DSP/Include/arm_math.h ****    * loop mechanism widely used in industrial control systems.
4713:Drivers/CMSIS/DSP/Include/arm_math.h ****    * A PID controller is the most commonly used type of feedback controller.
4714:Drivers/CMSIS/DSP/Include/arm_math.h ****    *
4715:Drivers/CMSIS/DSP/Include/arm_math.h ****    * This set of functions implements (PID) controllers
4716:Drivers/CMSIS/DSP/Include/arm_math.h ****    * for Q15, Q31, and floating-point data types.  The functions operate on a single sample
4717:Drivers/CMSIS/DSP/Include/arm_math.h ****    * of data and each call to the function returns a single processed value.
4718:Drivers/CMSIS/DSP/Include/arm_math.h ****    * <code>S</code> points to an instance of the PID control data structure.  <code>in</code>
4719:Drivers/CMSIS/DSP/Include/arm_math.h ****    * is the input sample value. The functions return the output value.
4720:Drivers/CMSIS/DSP/Include/arm_math.h ****    *
4721:Drivers/CMSIS/DSP/Include/arm_math.h ****    * \par Algorithm:
4722:Drivers/CMSIS/DSP/Include/arm_math.h ****    * <pre>
4723:Drivers/CMSIS/DSP/Include/arm_math.h ****    *    y[n] = y[n-1] + A0 * x[n] + A1 * x[n-1] + A2 * x[n-2]
4724:Drivers/CMSIS/DSP/Include/arm_math.h ****    *    A0 = Kp + Ki + Kd
4725:Drivers/CMSIS/DSP/Include/arm_math.h ****    *    A1 = (-Kp ) - (2 * Kd )
4726:Drivers/CMSIS/DSP/Include/arm_math.h ****    *    A2 = Kd  </pre>
4727:Drivers/CMSIS/DSP/Include/arm_math.h ****    *
4728:Drivers/CMSIS/DSP/Include/arm_math.h ****    * \par
ARM GAS  C:\Users\Lamp\AppData\Local\Temp\ccC8j8ON.s 			page 90


4729:Drivers/CMSIS/DSP/Include/arm_math.h ****    * where \c Kp is proportional constant, \c Ki is Integral constant and \c Kd is Derivative const
4730:Drivers/CMSIS/DSP/Include/arm_math.h ****    *
4731:Drivers/CMSIS/DSP/Include/arm_math.h ****    * \par
4732:Drivers/CMSIS/DSP/Include/arm_math.h ****    * \image html PID.gif "Proportional Integral Derivative Controller"
4733:Drivers/CMSIS/DSP/Include/arm_math.h ****    *
4734:Drivers/CMSIS/DSP/Include/arm_math.h ****    * \par
4735:Drivers/CMSIS/DSP/Include/arm_math.h ****    * The PID controller calculates an "error" value as the difference between
4736:Drivers/CMSIS/DSP/Include/arm_math.h ****    * the measured output and the reference input.
4737:Drivers/CMSIS/DSP/Include/arm_math.h ****    * The controller attempts to minimize the error by adjusting the process control inputs.
4738:Drivers/CMSIS/DSP/Include/arm_math.h ****    * The proportional value determines the reaction to the current error,
4739:Drivers/CMSIS/DSP/Include/arm_math.h ****    * the integral value determines the reaction based on the sum of recent errors,
4740:Drivers/CMSIS/DSP/Include/arm_math.h ****    * and the derivative value determines the reaction based on the rate at which the error has been
4741:Drivers/CMSIS/DSP/Include/arm_math.h ****    *
4742:Drivers/CMSIS/DSP/Include/arm_math.h ****    * \par Instance Structure
4743:Drivers/CMSIS/DSP/Include/arm_math.h ****    * The Gains A0, A1, A2 and state variables for a PID controller are stored together in an instan
4744:Drivers/CMSIS/DSP/Include/arm_math.h ****    * A separate instance structure must be defined for each PID Controller.
4745:Drivers/CMSIS/DSP/Include/arm_math.h ****    * There are separate instance structure declarations for each of the 3 supported data types.
4746:Drivers/CMSIS/DSP/Include/arm_math.h ****    *
4747:Drivers/CMSIS/DSP/Include/arm_math.h ****    * \par Reset Functions
4748:Drivers/CMSIS/DSP/Include/arm_math.h ****    * There is also an associated reset function for each data type which clears the state array.
4749:Drivers/CMSIS/DSP/Include/arm_math.h ****    *
4750:Drivers/CMSIS/DSP/Include/arm_math.h ****    * \par Initialization Functions
4751:Drivers/CMSIS/DSP/Include/arm_math.h ****    * There is also an associated initialization function for each data type.
4752:Drivers/CMSIS/DSP/Include/arm_math.h ****    * The initialization function performs the following operations:
4753:Drivers/CMSIS/DSP/Include/arm_math.h ****    * - Initializes the Gains A0, A1, A2 from Kp,Ki, Kd gains.
4754:Drivers/CMSIS/DSP/Include/arm_math.h ****    * - Zeros out the values in the state buffer.
4755:Drivers/CMSIS/DSP/Include/arm_math.h ****    *
4756:Drivers/CMSIS/DSP/Include/arm_math.h ****    * \par
4757:Drivers/CMSIS/DSP/Include/arm_math.h ****    * Instance structure cannot be placed into a const data section and it is recommended to use the
4758:Drivers/CMSIS/DSP/Include/arm_math.h ****    *
4759:Drivers/CMSIS/DSP/Include/arm_math.h ****    * \par Fixed-Point Behavior
4760:Drivers/CMSIS/DSP/Include/arm_math.h ****    * Care must be taken when using the fixed-point versions of the PID Controller functions.
4761:Drivers/CMSIS/DSP/Include/arm_math.h ****    * In particular, the overflow and saturation behavior of the accumulator used in each function m
4762:Drivers/CMSIS/DSP/Include/arm_math.h ****    * Refer to the function specific documentation below for usage guidelines.
4763:Drivers/CMSIS/DSP/Include/arm_math.h ****    */
4764:Drivers/CMSIS/DSP/Include/arm_math.h **** 
4765:Drivers/CMSIS/DSP/Include/arm_math.h ****   /**
4766:Drivers/CMSIS/DSP/Include/arm_math.h ****    * @addtogroup PID
4767:Drivers/CMSIS/DSP/Include/arm_math.h ****    * @{
4768:Drivers/CMSIS/DSP/Include/arm_math.h ****    */
4769:Drivers/CMSIS/DSP/Include/arm_math.h **** 
4770:Drivers/CMSIS/DSP/Include/arm_math.h ****   /**
4771:Drivers/CMSIS/DSP/Include/arm_math.h ****    * @brief  Process function for the floating-point PID Control.
4772:Drivers/CMSIS/DSP/Include/arm_math.h ****    * @param[in,out] S   is an instance of the floating-point PID Control structure
4773:Drivers/CMSIS/DSP/Include/arm_math.h ****    * @param[in]     in  input sample to process
4774:Drivers/CMSIS/DSP/Include/arm_math.h ****    * @return out processed output sample.
4775:Drivers/CMSIS/DSP/Include/arm_math.h ****    */
4776:Drivers/CMSIS/DSP/Include/arm_math.h ****   CMSIS_INLINE __STATIC_INLINE float32_t arm_pid_f32(
4777:Drivers/CMSIS/DSP/Include/arm_math.h ****   arm_pid_instance_f32 * S,
4778:Drivers/CMSIS/DSP/Include/arm_math.h ****   float32_t in)
4779:Drivers/CMSIS/DSP/Include/arm_math.h ****   {
4780:Drivers/CMSIS/DSP/Include/arm_math.h ****     float32_t out;
4781:Drivers/CMSIS/DSP/Include/arm_math.h **** 
4782:Drivers/CMSIS/DSP/Include/arm_math.h ****     /* y[n] = y[n-1] + A0 * x[n] + A1 * x[n-1] + A2 * x[n-2]  */
4783:Drivers/CMSIS/DSP/Include/arm_math.h ****     out = (S->A0 * in) +
4784:Drivers/CMSIS/DSP/Include/arm_math.h ****       (S->A1 * S->state[0]) + (S->A2 * S->state[1]) + (S->state[2]);
4785:Drivers/CMSIS/DSP/Include/arm_math.h **** 
ARM GAS  C:\Users\Lamp\AppData\Local\Temp\ccC8j8ON.s 			page 91


4786:Drivers/CMSIS/DSP/Include/arm_math.h ****     /* Update state */
4787:Drivers/CMSIS/DSP/Include/arm_math.h ****     S->state[1] = S->state[0];
4788:Drivers/CMSIS/DSP/Include/arm_math.h ****     S->state[0] = in;
4789:Drivers/CMSIS/DSP/Include/arm_math.h ****     S->state[2] = out;
4790:Drivers/CMSIS/DSP/Include/arm_math.h **** 
4791:Drivers/CMSIS/DSP/Include/arm_math.h ****     /* return to application */
4792:Drivers/CMSIS/DSP/Include/arm_math.h ****     return (out);
4793:Drivers/CMSIS/DSP/Include/arm_math.h **** 
4794:Drivers/CMSIS/DSP/Include/arm_math.h ****   }
4795:Drivers/CMSIS/DSP/Include/arm_math.h **** 
4796:Drivers/CMSIS/DSP/Include/arm_math.h ****   /**
4797:Drivers/CMSIS/DSP/Include/arm_math.h ****    * @brief  Process function for the Q31 PID Control.
4798:Drivers/CMSIS/DSP/Include/arm_math.h ****    * @param[in,out] S  points to an instance of the Q31 PID Control structure
4799:Drivers/CMSIS/DSP/Include/arm_math.h ****    * @param[in]     in  input sample to process
4800:Drivers/CMSIS/DSP/Include/arm_math.h ****    * @return out processed output sample.
4801:Drivers/CMSIS/DSP/Include/arm_math.h ****    *
4802:Drivers/CMSIS/DSP/Include/arm_math.h ****    * <b>Scaling and Overflow Behavior:</b>
4803:Drivers/CMSIS/DSP/Include/arm_math.h ****    * \par
4804:Drivers/CMSIS/DSP/Include/arm_math.h ****    * The function is implemented using an internal 64-bit accumulator.
4805:Drivers/CMSIS/DSP/Include/arm_math.h ****    * The accumulator has a 2.62 format and maintains full precision of the intermediate multiplicat
4806:Drivers/CMSIS/DSP/Include/arm_math.h ****    * Thus, if the accumulator result overflows it wraps around rather than clip.
4807:Drivers/CMSIS/DSP/Include/arm_math.h ****    * In order to avoid overflows completely the input signal must be scaled down by 2 bits as there
4808:Drivers/CMSIS/DSP/Include/arm_math.h ****    * After all multiply-accumulates are performed, the 2.62 accumulator is truncated to 1.32 format
4809:Drivers/CMSIS/DSP/Include/arm_math.h ****    */
4810:Drivers/CMSIS/DSP/Include/arm_math.h ****   CMSIS_INLINE __STATIC_INLINE q31_t arm_pid_q31(
4811:Drivers/CMSIS/DSP/Include/arm_math.h ****   arm_pid_instance_q31 * S,
4812:Drivers/CMSIS/DSP/Include/arm_math.h ****   q31_t in)
4813:Drivers/CMSIS/DSP/Include/arm_math.h ****   {
4814:Drivers/CMSIS/DSP/Include/arm_math.h ****     q63_t acc;
4815:Drivers/CMSIS/DSP/Include/arm_math.h ****     q31_t out;
4816:Drivers/CMSIS/DSP/Include/arm_math.h **** 
4817:Drivers/CMSIS/DSP/Include/arm_math.h ****     /* acc = A0 * x[n]  */
4818:Drivers/CMSIS/DSP/Include/arm_math.h ****     acc = (q63_t) S->A0 * in;
4819:Drivers/CMSIS/DSP/Include/arm_math.h **** 
4820:Drivers/CMSIS/DSP/Include/arm_math.h ****     /* acc += A1 * x[n-1] */
4821:Drivers/CMSIS/DSP/Include/arm_math.h ****     acc += (q63_t) S->A1 * S->state[0];
4822:Drivers/CMSIS/DSP/Include/arm_math.h **** 
4823:Drivers/CMSIS/DSP/Include/arm_math.h ****     /* acc += A2 * x[n-2]  */
4824:Drivers/CMSIS/DSP/Include/arm_math.h ****     acc += (q63_t) S->A2 * S->state[1];
4825:Drivers/CMSIS/DSP/Include/arm_math.h **** 
4826:Drivers/CMSIS/DSP/Include/arm_math.h ****     /* convert output to 1.31 format to add y[n-1] */
4827:Drivers/CMSIS/DSP/Include/arm_math.h ****     out = (q31_t) (acc >> 31U);
4828:Drivers/CMSIS/DSP/Include/arm_math.h **** 
4829:Drivers/CMSIS/DSP/Include/arm_math.h ****     /* out += y[n-1] */
4830:Drivers/CMSIS/DSP/Include/arm_math.h ****     out += S->state[2];
4831:Drivers/CMSIS/DSP/Include/arm_math.h **** 
4832:Drivers/CMSIS/DSP/Include/arm_math.h ****     /* Update state */
4833:Drivers/CMSIS/DSP/Include/arm_math.h ****     S->state[1] = S->state[0];
4834:Drivers/CMSIS/DSP/Include/arm_math.h ****     S->state[0] = in;
4835:Drivers/CMSIS/DSP/Include/arm_math.h ****     S->state[2] = out;
4836:Drivers/CMSIS/DSP/Include/arm_math.h **** 
4837:Drivers/CMSIS/DSP/Include/arm_math.h ****     /* return to application */
4838:Drivers/CMSIS/DSP/Include/arm_math.h ****     return (out);
4839:Drivers/CMSIS/DSP/Include/arm_math.h ****   }
4840:Drivers/CMSIS/DSP/Include/arm_math.h **** 
4841:Drivers/CMSIS/DSP/Include/arm_math.h **** 
4842:Drivers/CMSIS/DSP/Include/arm_math.h ****   /**
ARM GAS  C:\Users\Lamp\AppData\Local\Temp\ccC8j8ON.s 			page 92


4843:Drivers/CMSIS/DSP/Include/arm_math.h ****    * @brief  Process function for the Q15 PID Control.
4844:Drivers/CMSIS/DSP/Include/arm_math.h ****    * @param[in,out] S   points to an instance of the Q15 PID Control structure
4845:Drivers/CMSIS/DSP/Include/arm_math.h ****    * @param[in]     in  input sample to process
4846:Drivers/CMSIS/DSP/Include/arm_math.h ****    * @return out processed output sample.
4847:Drivers/CMSIS/DSP/Include/arm_math.h ****    *
4848:Drivers/CMSIS/DSP/Include/arm_math.h ****    * <b>Scaling and Overflow Behavior:</b>
4849:Drivers/CMSIS/DSP/Include/arm_math.h ****    * \par
4850:Drivers/CMSIS/DSP/Include/arm_math.h ****    * The function is implemented using a 64-bit internal accumulator.
4851:Drivers/CMSIS/DSP/Include/arm_math.h ****    * Both Gains and state variables are represented in 1.15 format and multiplications yield a 2.30
4852:Drivers/CMSIS/DSP/Include/arm_math.h ****    * The 2.30 intermediate results are accumulated in a 64-bit accumulator in 34.30 format.
4853:Drivers/CMSIS/DSP/Include/arm_math.h ****    * There is no risk of internal overflow with this approach and the full precision of intermediat
4854:Drivers/CMSIS/DSP/Include/arm_math.h ****    * After all additions have been performed, the accumulator is truncated to 34.15 format by disca
4855:Drivers/CMSIS/DSP/Include/arm_math.h ****    * Lastly, the accumulator is saturated to yield a result in 1.15 format.
4856:Drivers/CMSIS/DSP/Include/arm_math.h ****    */
4857:Drivers/CMSIS/DSP/Include/arm_math.h ****   CMSIS_INLINE __STATIC_INLINE q15_t arm_pid_q15(
4858:Drivers/CMSIS/DSP/Include/arm_math.h ****   arm_pid_instance_q15 * S,
4859:Drivers/CMSIS/DSP/Include/arm_math.h ****   q15_t in)
4860:Drivers/CMSIS/DSP/Include/arm_math.h ****   {
4861:Drivers/CMSIS/DSP/Include/arm_math.h ****     q63_t acc;
4862:Drivers/CMSIS/DSP/Include/arm_math.h ****     q15_t out;
4863:Drivers/CMSIS/DSP/Include/arm_math.h **** 
4864:Drivers/CMSIS/DSP/Include/arm_math.h **** #if defined (ARM_MATH_DSP)
4865:Drivers/CMSIS/DSP/Include/arm_math.h ****     __SIMD32_TYPE *vstate;
4866:Drivers/CMSIS/DSP/Include/arm_math.h **** 
4867:Drivers/CMSIS/DSP/Include/arm_math.h ****     /* Implementation of PID controller */
4868:Drivers/CMSIS/DSP/Include/arm_math.h **** 
4869:Drivers/CMSIS/DSP/Include/arm_math.h ****     /* acc = A0 * x[n]  */
4870:Drivers/CMSIS/DSP/Include/arm_math.h ****     acc = (q31_t) __SMUAD((uint32_t)S->A0, (uint32_t)in);
4871:Drivers/CMSIS/DSP/Include/arm_math.h **** 
4872:Drivers/CMSIS/DSP/Include/arm_math.h ****     /* acc += A1 * x[n-1] + A2 * x[n-2]  */
4873:Drivers/CMSIS/DSP/Include/arm_math.h ****     vstate = __SIMD32_CONST(S->state);
4874:Drivers/CMSIS/DSP/Include/arm_math.h ****     acc = (q63_t)__SMLALD((uint32_t)S->A1, (uint32_t)*vstate, (uint64_t)acc);
4875:Drivers/CMSIS/DSP/Include/arm_math.h **** #else
4876:Drivers/CMSIS/DSP/Include/arm_math.h ****     /* acc = A0 * x[n]  */
4877:Drivers/CMSIS/DSP/Include/arm_math.h ****     acc = ((q31_t) S->A0) * in;
4878:Drivers/CMSIS/DSP/Include/arm_math.h **** 
4879:Drivers/CMSIS/DSP/Include/arm_math.h ****     /* acc += A1 * x[n-1] + A2 * x[n-2]  */
4880:Drivers/CMSIS/DSP/Include/arm_math.h ****     acc += (q31_t) S->A1 * S->state[0];
4881:Drivers/CMSIS/DSP/Include/arm_math.h ****     acc += (q31_t) S->A2 * S->state[1];
4882:Drivers/CMSIS/DSP/Include/arm_math.h **** #endif
4883:Drivers/CMSIS/DSP/Include/arm_math.h **** 
4884:Drivers/CMSIS/DSP/Include/arm_math.h ****     /* acc += y[n-1] */
4885:Drivers/CMSIS/DSP/Include/arm_math.h ****     acc += (q31_t) S->state[2] << 15;
4886:Drivers/CMSIS/DSP/Include/arm_math.h **** 
4887:Drivers/CMSIS/DSP/Include/arm_math.h ****     /* saturate the output */
4888:Drivers/CMSIS/DSP/Include/arm_math.h ****     out = (q15_t) (__SSAT((acc >> 15), 16));
4889:Drivers/CMSIS/DSP/Include/arm_math.h **** 
4890:Drivers/CMSIS/DSP/Include/arm_math.h ****     /* Update state */
4891:Drivers/CMSIS/DSP/Include/arm_math.h ****     S->state[1] = S->state[0];
4892:Drivers/CMSIS/DSP/Include/arm_math.h ****     S->state[0] = in;
4893:Drivers/CMSIS/DSP/Include/arm_math.h ****     S->state[2] = out;
4894:Drivers/CMSIS/DSP/Include/arm_math.h **** 
4895:Drivers/CMSIS/DSP/Include/arm_math.h ****     /* return to application */
4896:Drivers/CMSIS/DSP/Include/arm_math.h ****     return (out);
4897:Drivers/CMSIS/DSP/Include/arm_math.h ****   }
4898:Drivers/CMSIS/DSP/Include/arm_math.h **** 
4899:Drivers/CMSIS/DSP/Include/arm_math.h ****   /**
ARM GAS  C:\Users\Lamp\AppData\Local\Temp\ccC8j8ON.s 			page 93


4900:Drivers/CMSIS/DSP/Include/arm_math.h ****    * @} end of PID group
4901:Drivers/CMSIS/DSP/Include/arm_math.h ****    */
4902:Drivers/CMSIS/DSP/Include/arm_math.h **** 
4903:Drivers/CMSIS/DSP/Include/arm_math.h **** 
4904:Drivers/CMSIS/DSP/Include/arm_math.h ****   /**
4905:Drivers/CMSIS/DSP/Include/arm_math.h ****    * @brief Floating-point matrix inverse.
4906:Drivers/CMSIS/DSP/Include/arm_math.h ****    * @param[in]  src   points to the instance of the input floating-point matrix structure.
4907:Drivers/CMSIS/DSP/Include/arm_math.h ****    * @param[out] dst   points to the instance of the output floating-point matrix structure.
4908:Drivers/CMSIS/DSP/Include/arm_math.h ****    * @return The function returns ARM_MATH_SIZE_MISMATCH, if the dimensions do not match.
4909:Drivers/CMSIS/DSP/Include/arm_math.h ****    * If the input matrix is singular (does not have an inverse), then the algorithm terminates and 
4910:Drivers/CMSIS/DSP/Include/arm_math.h ****    */
4911:Drivers/CMSIS/DSP/Include/arm_math.h ****   arm_status arm_mat_inverse_f32(
4912:Drivers/CMSIS/DSP/Include/arm_math.h ****   const arm_matrix_instance_f32 * src,
4913:Drivers/CMSIS/DSP/Include/arm_math.h ****   arm_matrix_instance_f32 * dst);
4914:Drivers/CMSIS/DSP/Include/arm_math.h **** 
4915:Drivers/CMSIS/DSP/Include/arm_math.h **** 
4916:Drivers/CMSIS/DSP/Include/arm_math.h ****   /**
4917:Drivers/CMSIS/DSP/Include/arm_math.h ****    * @brief Floating-point matrix inverse.
4918:Drivers/CMSIS/DSP/Include/arm_math.h ****    * @param[in]  src   points to the instance of the input floating-point matrix structure.
4919:Drivers/CMSIS/DSP/Include/arm_math.h ****    * @param[out] dst   points to the instance of the output floating-point matrix structure.
4920:Drivers/CMSIS/DSP/Include/arm_math.h ****    * @return The function returns ARM_MATH_SIZE_MISMATCH, if the dimensions do not match.
4921:Drivers/CMSIS/DSP/Include/arm_math.h ****    * If the input matrix is singular (does not have an inverse), then the algorithm terminates and 
4922:Drivers/CMSIS/DSP/Include/arm_math.h ****    */
4923:Drivers/CMSIS/DSP/Include/arm_math.h ****   arm_status arm_mat_inverse_f64(
4924:Drivers/CMSIS/DSP/Include/arm_math.h ****   const arm_matrix_instance_f64 * src,
4925:Drivers/CMSIS/DSP/Include/arm_math.h ****   arm_matrix_instance_f64 * dst);
4926:Drivers/CMSIS/DSP/Include/arm_math.h **** 
4927:Drivers/CMSIS/DSP/Include/arm_math.h **** 
4928:Drivers/CMSIS/DSP/Include/arm_math.h **** 
4929:Drivers/CMSIS/DSP/Include/arm_math.h ****   /**
4930:Drivers/CMSIS/DSP/Include/arm_math.h ****    * @ingroup groupController
4931:Drivers/CMSIS/DSP/Include/arm_math.h ****    */
4932:Drivers/CMSIS/DSP/Include/arm_math.h **** 
4933:Drivers/CMSIS/DSP/Include/arm_math.h ****   /**
4934:Drivers/CMSIS/DSP/Include/arm_math.h ****    * @defgroup clarke Vector Clarke Transform
4935:Drivers/CMSIS/DSP/Include/arm_math.h ****    * Forward Clarke transform converts the instantaneous stator phases into a two-coordinate time i
4936:Drivers/CMSIS/DSP/Include/arm_math.h ****    * Generally the Clarke transform uses three-phase currents <code>Ia, Ib and Ic</code> to calcula
4937:Drivers/CMSIS/DSP/Include/arm_math.h ****    * in the two-phase orthogonal stator axis <code>Ialpha</code> and <code>Ibeta</code>.
4938:Drivers/CMSIS/DSP/Include/arm_math.h ****    * When <code>Ialpha</code> is superposed with <code>Ia</code> as shown in the figure below
4939:Drivers/CMSIS/DSP/Include/arm_math.h ****    * \image html clarke.gif Stator current space vector and its components in (a,b).
4940:Drivers/CMSIS/DSP/Include/arm_math.h ****    * and <code>Ia + Ib + Ic = 0</code>, in this condition <code>Ialpha</code> and <code>Ibeta</code
4941:Drivers/CMSIS/DSP/Include/arm_math.h ****    * can be calculated using only <code>Ia</code> and <code>Ib</code>.
4942:Drivers/CMSIS/DSP/Include/arm_math.h ****    *
4943:Drivers/CMSIS/DSP/Include/arm_math.h ****    * The function operates on a single sample of data and each call to the function returns the pro
4944:Drivers/CMSIS/DSP/Include/arm_math.h ****    * The library provides separate functions for Q31 and floating-point data types.
4945:Drivers/CMSIS/DSP/Include/arm_math.h ****    * \par Algorithm
4946:Drivers/CMSIS/DSP/Include/arm_math.h ****    * \image html clarkeFormula.gif
4947:Drivers/CMSIS/DSP/Include/arm_math.h ****    * where <code>Ia</code> and <code>Ib</code> are the instantaneous stator phases and
4948:Drivers/CMSIS/DSP/Include/arm_math.h ****    * <code>pIalpha</code> and <code>pIbeta</code> are the two coordinates of time invariant vector.
4949:Drivers/CMSIS/DSP/Include/arm_math.h ****    * \par Fixed-Point Behavior
4950:Drivers/CMSIS/DSP/Include/arm_math.h ****    * Care must be taken when using the Q31 version of the Clarke transform.
4951:Drivers/CMSIS/DSP/Include/arm_math.h ****    * In particular, the overflow and saturation behavior of the accumulator used must be considered
4952:Drivers/CMSIS/DSP/Include/arm_math.h ****    * Refer to the function specific documentation below for usage guidelines.
4953:Drivers/CMSIS/DSP/Include/arm_math.h ****    */
4954:Drivers/CMSIS/DSP/Include/arm_math.h **** 
4955:Drivers/CMSIS/DSP/Include/arm_math.h ****   /**
4956:Drivers/CMSIS/DSP/Include/arm_math.h ****    * @addtogroup clarke
ARM GAS  C:\Users\Lamp\AppData\Local\Temp\ccC8j8ON.s 			page 94


4957:Drivers/CMSIS/DSP/Include/arm_math.h ****    * @{
4958:Drivers/CMSIS/DSP/Include/arm_math.h ****    */
4959:Drivers/CMSIS/DSP/Include/arm_math.h **** 
4960:Drivers/CMSIS/DSP/Include/arm_math.h ****   /**
4961:Drivers/CMSIS/DSP/Include/arm_math.h ****    *
4962:Drivers/CMSIS/DSP/Include/arm_math.h ****    * @brief  Floating-point Clarke transform
4963:Drivers/CMSIS/DSP/Include/arm_math.h ****    * @param[in]  Ia       input three-phase coordinate <code>a</code>
4964:Drivers/CMSIS/DSP/Include/arm_math.h ****    * @param[in]  Ib       input three-phase coordinate <code>b</code>
4965:Drivers/CMSIS/DSP/Include/arm_math.h ****    * @param[out] pIalpha  points to output two-phase orthogonal vector axis alpha
4966:Drivers/CMSIS/DSP/Include/arm_math.h ****    * @param[out] pIbeta   points to output two-phase orthogonal vector axis beta
4967:Drivers/CMSIS/DSP/Include/arm_math.h ****    */
4968:Drivers/CMSIS/DSP/Include/arm_math.h ****   CMSIS_INLINE __STATIC_INLINE void arm_clarke_f32(
4969:Drivers/CMSIS/DSP/Include/arm_math.h ****   float32_t Ia,
4970:Drivers/CMSIS/DSP/Include/arm_math.h ****   float32_t Ib,
4971:Drivers/CMSIS/DSP/Include/arm_math.h ****   float32_t * pIalpha,
4972:Drivers/CMSIS/DSP/Include/arm_math.h ****   float32_t * pIbeta)
4973:Drivers/CMSIS/DSP/Include/arm_math.h ****   {
4974:Drivers/CMSIS/DSP/Include/arm_math.h ****     /* Calculate pIalpha using the equation, pIalpha = Ia */
4975:Drivers/CMSIS/DSP/Include/arm_math.h ****     *pIalpha = Ia;
4976:Drivers/CMSIS/DSP/Include/arm_math.h **** 
4977:Drivers/CMSIS/DSP/Include/arm_math.h ****     /* Calculate pIbeta using the equation, pIbeta = (1/sqrt(3)) * Ia + (2/sqrt(3)) * Ib */
4978:Drivers/CMSIS/DSP/Include/arm_math.h ****     *pIbeta = ((float32_t) 0.57735026919 * Ia + (float32_t) 1.15470053838 * Ib);
4979:Drivers/CMSIS/DSP/Include/arm_math.h ****   }
4980:Drivers/CMSIS/DSP/Include/arm_math.h **** 
4981:Drivers/CMSIS/DSP/Include/arm_math.h **** 
4982:Drivers/CMSIS/DSP/Include/arm_math.h ****   /**
4983:Drivers/CMSIS/DSP/Include/arm_math.h ****    * @brief  Clarke transform for Q31 version
4984:Drivers/CMSIS/DSP/Include/arm_math.h ****    * @param[in]  Ia       input three-phase coordinate <code>a</code>
4985:Drivers/CMSIS/DSP/Include/arm_math.h ****    * @param[in]  Ib       input three-phase coordinate <code>b</code>
4986:Drivers/CMSIS/DSP/Include/arm_math.h ****    * @param[out] pIalpha  points to output two-phase orthogonal vector axis alpha
4987:Drivers/CMSIS/DSP/Include/arm_math.h ****    * @param[out] pIbeta   points to output two-phase orthogonal vector axis beta
4988:Drivers/CMSIS/DSP/Include/arm_math.h ****    *
4989:Drivers/CMSIS/DSP/Include/arm_math.h ****    * <b>Scaling and Overflow Behavior:</b>
4990:Drivers/CMSIS/DSP/Include/arm_math.h ****    * \par
4991:Drivers/CMSIS/DSP/Include/arm_math.h ****    * The function is implemented using an internal 32-bit accumulator.
4992:Drivers/CMSIS/DSP/Include/arm_math.h ****    * The accumulator maintains 1.31 format by truncating lower 31 bits of the intermediate multipli
4993:Drivers/CMSIS/DSP/Include/arm_math.h ****    * There is saturation on the addition, hence there is no risk of overflow.
4994:Drivers/CMSIS/DSP/Include/arm_math.h ****    */
4995:Drivers/CMSIS/DSP/Include/arm_math.h ****   CMSIS_INLINE __STATIC_INLINE void arm_clarke_q31(
4996:Drivers/CMSIS/DSP/Include/arm_math.h ****   q31_t Ia,
4997:Drivers/CMSIS/DSP/Include/arm_math.h ****   q31_t Ib,
4998:Drivers/CMSIS/DSP/Include/arm_math.h ****   q31_t * pIalpha,
4999:Drivers/CMSIS/DSP/Include/arm_math.h ****   q31_t * pIbeta)
5000:Drivers/CMSIS/DSP/Include/arm_math.h ****   {
5001:Drivers/CMSIS/DSP/Include/arm_math.h ****     q31_t product1, product2;                    /* Temporary variables used to store intermediate 
5002:Drivers/CMSIS/DSP/Include/arm_math.h **** 
5003:Drivers/CMSIS/DSP/Include/arm_math.h ****     /* Calculating pIalpha from Ia by equation pIalpha = Ia */
5004:Drivers/CMSIS/DSP/Include/arm_math.h ****     *pIalpha = Ia;
5005:Drivers/CMSIS/DSP/Include/arm_math.h **** 
5006:Drivers/CMSIS/DSP/Include/arm_math.h ****     /* Intermediate product is calculated by (1/(sqrt(3)) * Ia) */
5007:Drivers/CMSIS/DSP/Include/arm_math.h ****     product1 = (q31_t) (((q63_t) Ia * 0x24F34E8B) >> 30);
5008:Drivers/CMSIS/DSP/Include/arm_math.h **** 
5009:Drivers/CMSIS/DSP/Include/arm_math.h ****     /* Intermediate product is calculated by (2/sqrt(3) * Ib) */
5010:Drivers/CMSIS/DSP/Include/arm_math.h ****     product2 = (q31_t) (((q63_t) Ib * 0x49E69D16) >> 30);
5011:Drivers/CMSIS/DSP/Include/arm_math.h **** 
5012:Drivers/CMSIS/DSP/Include/arm_math.h ****     /* pIbeta is calculated by adding the intermediate products */
5013:Drivers/CMSIS/DSP/Include/arm_math.h ****     *pIbeta = __QADD(product1, product2);
ARM GAS  C:\Users\Lamp\AppData\Local\Temp\ccC8j8ON.s 			page 95


5014:Drivers/CMSIS/DSP/Include/arm_math.h ****   }
5015:Drivers/CMSIS/DSP/Include/arm_math.h **** 
5016:Drivers/CMSIS/DSP/Include/arm_math.h ****   /**
5017:Drivers/CMSIS/DSP/Include/arm_math.h ****    * @} end of clarke group
5018:Drivers/CMSIS/DSP/Include/arm_math.h ****    */
5019:Drivers/CMSIS/DSP/Include/arm_math.h **** 
5020:Drivers/CMSIS/DSP/Include/arm_math.h ****   /**
5021:Drivers/CMSIS/DSP/Include/arm_math.h ****    * @brief  Converts the elements of the Q7 vector to Q31 vector.
5022:Drivers/CMSIS/DSP/Include/arm_math.h ****    * @param[in]  pSrc       input pointer
5023:Drivers/CMSIS/DSP/Include/arm_math.h ****    * @param[out] pDst       output pointer
5024:Drivers/CMSIS/DSP/Include/arm_math.h ****    * @param[in]  blockSize  number of samples to process
5025:Drivers/CMSIS/DSP/Include/arm_math.h ****    */
5026:Drivers/CMSIS/DSP/Include/arm_math.h ****   void arm_q7_to_q31(
5027:Drivers/CMSIS/DSP/Include/arm_math.h ****   q7_t * pSrc,
5028:Drivers/CMSIS/DSP/Include/arm_math.h ****   q31_t * pDst,
5029:Drivers/CMSIS/DSP/Include/arm_math.h ****   uint32_t blockSize);
5030:Drivers/CMSIS/DSP/Include/arm_math.h **** 
5031:Drivers/CMSIS/DSP/Include/arm_math.h **** 
5032:Drivers/CMSIS/DSP/Include/arm_math.h **** 
5033:Drivers/CMSIS/DSP/Include/arm_math.h ****   /**
5034:Drivers/CMSIS/DSP/Include/arm_math.h ****    * @ingroup groupController
5035:Drivers/CMSIS/DSP/Include/arm_math.h ****    */
5036:Drivers/CMSIS/DSP/Include/arm_math.h **** 
5037:Drivers/CMSIS/DSP/Include/arm_math.h ****   /**
5038:Drivers/CMSIS/DSP/Include/arm_math.h ****    * @defgroup inv_clarke Vector Inverse Clarke Transform
5039:Drivers/CMSIS/DSP/Include/arm_math.h ****    * Inverse Clarke transform converts the two-coordinate time invariant vector into instantaneous 
5040:Drivers/CMSIS/DSP/Include/arm_math.h ****    *
5041:Drivers/CMSIS/DSP/Include/arm_math.h ****    * The function operates on a single sample of data and each call to the function returns the pro
5042:Drivers/CMSIS/DSP/Include/arm_math.h ****    * The library provides separate functions for Q31 and floating-point data types.
5043:Drivers/CMSIS/DSP/Include/arm_math.h ****    * \par Algorithm
5044:Drivers/CMSIS/DSP/Include/arm_math.h ****    * \image html clarkeInvFormula.gif
5045:Drivers/CMSIS/DSP/Include/arm_math.h ****    * where <code>pIa</code> and <code>pIb</code> are the instantaneous stator phases and
5046:Drivers/CMSIS/DSP/Include/arm_math.h ****    * <code>Ialpha</code> and <code>Ibeta</code> are the two coordinates of time invariant vector.
5047:Drivers/CMSIS/DSP/Include/arm_math.h ****    * \par Fixed-Point Behavior
5048:Drivers/CMSIS/DSP/Include/arm_math.h ****    * Care must be taken when using the Q31 version of the Clarke transform.
5049:Drivers/CMSIS/DSP/Include/arm_math.h ****    * In particular, the overflow and saturation behavior of the accumulator used must be considered
5050:Drivers/CMSIS/DSP/Include/arm_math.h ****    * Refer to the function specific documentation below for usage guidelines.
5051:Drivers/CMSIS/DSP/Include/arm_math.h ****    */
5052:Drivers/CMSIS/DSP/Include/arm_math.h **** 
5053:Drivers/CMSIS/DSP/Include/arm_math.h ****   /**
5054:Drivers/CMSIS/DSP/Include/arm_math.h ****    * @addtogroup inv_clarke
5055:Drivers/CMSIS/DSP/Include/arm_math.h ****    * @{
5056:Drivers/CMSIS/DSP/Include/arm_math.h ****    */
5057:Drivers/CMSIS/DSP/Include/arm_math.h **** 
5058:Drivers/CMSIS/DSP/Include/arm_math.h ****    /**
5059:Drivers/CMSIS/DSP/Include/arm_math.h ****    * @brief  Floating-point Inverse Clarke transform
5060:Drivers/CMSIS/DSP/Include/arm_math.h ****    * @param[in]  Ialpha  input two-phase orthogonal vector axis alpha
5061:Drivers/CMSIS/DSP/Include/arm_math.h ****    * @param[in]  Ibeta   input two-phase orthogonal vector axis beta
5062:Drivers/CMSIS/DSP/Include/arm_math.h ****    * @param[out] pIa     points to output three-phase coordinate <code>a</code>
5063:Drivers/CMSIS/DSP/Include/arm_math.h ****    * @param[out] pIb     points to output three-phase coordinate <code>b</code>
5064:Drivers/CMSIS/DSP/Include/arm_math.h ****    */
5065:Drivers/CMSIS/DSP/Include/arm_math.h ****   CMSIS_INLINE __STATIC_INLINE void arm_inv_clarke_f32(
5066:Drivers/CMSIS/DSP/Include/arm_math.h ****   float32_t Ialpha,
5067:Drivers/CMSIS/DSP/Include/arm_math.h ****   float32_t Ibeta,
5068:Drivers/CMSIS/DSP/Include/arm_math.h ****   float32_t * pIa,
5069:Drivers/CMSIS/DSP/Include/arm_math.h ****   float32_t * pIb)
5070:Drivers/CMSIS/DSP/Include/arm_math.h ****   {
ARM GAS  C:\Users\Lamp\AppData\Local\Temp\ccC8j8ON.s 			page 96


5071:Drivers/CMSIS/DSP/Include/arm_math.h ****     /* Calculating pIa from Ialpha by equation pIa = Ialpha */
5072:Drivers/CMSIS/DSP/Include/arm_math.h ****     *pIa = Ialpha;
5073:Drivers/CMSIS/DSP/Include/arm_math.h **** 
5074:Drivers/CMSIS/DSP/Include/arm_math.h ****     /* Calculating pIb from Ialpha and Ibeta by equation pIb = -(1/2) * Ialpha + (sqrt(3)/2) * Ibet
5075:Drivers/CMSIS/DSP/Include/arm_math.h ****     *pIb = -0.5f * Ialpha + 0.8660254039f * Ibeta;
5076:Drivers/CMSIS/DSP/Include/arm_math.h ****   }
5077:Drivers/CMSIS/DSP/Include/arm_math.h **** 
5078:Drivers/CMSIS/DSP/Include/arm_math.h **** 
5079:Drivers/CMSIS/DSP/Include/arm_math.h ****   /**
5080:Drivers/CMSIS/DSP/Include/arm_math.h ****    * @brief  Inverse Clarke transform for Q31 version
5081:Drivers/CMSIS/DSP/Include/arm_math.h ****    * @param[in]  Ialpha  input two-phase orthogonal vector axis alpha
5082:Drivers/CMSIS/DSP/Include/arm_math.h ****    * @param[in]  Ibeta   input two-phase orthogonal vector axis beta
5083:Drivers/CMSIS/DSP/Include/arm_math.h ****    * @param[out] pIa     points to output three-phase coordinate <code>a</code>
5084:Drivers/CMSIS/DSP/Include/arm_math.h ****    * @param[out] pIb     points to output three-phase coordinate <code>b</code>
5085:Drivers/CMSIS/DSP/Include/arm_math.h ****    *
5086:Drivers/CMSIS/DSP/Include/arm_math.h ****    * <b>Scaling and Overflow Behavior:</b>
5087:Drivers/CMSIS/DSP/Include/arm_math.h ****    * \par
5088:Drivers/CMSIS/DSP/Include/arm_math.h ****    * The function is implemented using an internal 32-bit accumulator.
5089:Drivers/CMSIS/DSP/Include/arm_math.h ****    * The accumulator maintains 1.31 format by truncating lower 31 bits of the intermediate multipli
5090:Drivers/CMSIS/DSP/Include/arm_math.h ****    * There is saturation on the subtraction, hence there is no risk of overflow.
5091:Drivers/CMSIS/DSP/Include/arm_math.h ****    */
5092:Drivers/CMSIS/DSP/Include/arm_math.h ****   CMSIS_INLINE __STATIC_INLINE void arm_inv_clarke_q31(
5093:Drivers/CMSIS/DSP/Include/arm_math.h ****   q31_t Ialpha,
5094:Drivers/CMSIS/DSP/Include/arm_math.h ****   q31_t Ibeta,
5095:Drivers/CMSIS/DSP/Include/arm_math.h ****   q31_t * pIa,
5096:Drivers/CMSIS/DSP/Include/arm_math.h ****   q31_t * pIb)
5097:Drivers/CMSIS/DSP/Include/arm_math.h ****   {
5098:Drivers/CMSIS/DSP/Include/arm_math.h ****     q31_t product1, product2;                    /* Temporary variables used to store intermediate 
5099:Drivers/CMSIS/DSP/Include/arm_math.h **** 
5100:Drivers/CMSIS/DSP/Include/arm_math.h ****     /* Calculating pIa from Ialpha by equation pIa = Ialpha */
5101:Drivers/CMSIS/DSP/Include/arm_math.h ****     *pIa = Ialpha;
5102:Drivers/CMSIS/DSP/Include/arm_math.h **** 
5103:Drivers/CMSIS/DSP/Include/arm_math.h ****     /* Intermediate product is calculated by (1/(2*sqrt(3)) * Ia) */
5104:Drivers/CMSIS/DSP/Include/arm_math.h ****     product1 = (q31_t) (((q63_t) (Ialpha) * (0x40000000)) >> 31);
5105:Drivers/CMSIS/DSP/Include/arm_math.h **** 
5106:Drivers/CMSIS/DSP/Include/arm_math.h ****     /* Intermediate product is calculated by (1/sqrt(3) * pIb) */
5107:Drivers/CMSIS/DSP/Include/arm_math.h ****     product2 = (q31_t) (((q63_t) (Ibeta) * (0x6ED9EBA1)) >> 31);
5108:Drivers/CMSIS/DSP/Include/arm_math.h **** 
5109:Drivers/CMSIS/DSP/Include/arm_math.h ****     /* pIb is calculated by subtracting the products */
5110:Drivers/CMSIS/DSP/Include/arm_math.h ****     *pIb = __QSUB(product2, product1);
5111:Drivers/CMSIS/DSP/Include/arm_math.h ****   }
5112:Drivers/CMSIS/DSP/Include/arm_math.h **** 
5113:Drivers/CMSIS/DSP/Include/arm_math.h ****   /**
5114:Drivers/CMSIS/DSP/Include/arm_math.h ****    * @} end of inv_clarke group
5115:Drivers/CMSIS/DSP/Include/arm_math.h ****    */
5116:Drivers/CMSIS/DSP/Include/arm_math.h **** 
5117:Drivers/CMSIS/DSP/Include/arm_math.h ****   /**
5118:Drivers/CMSIS/DSP/Include/arm_math.h ****    * @brief  Converts the elements of the Q7 vector to Q15 vector.
5119:Drivers/CMSIS/DSP/Include/arm_math.h ****    * @param[in]  pSrc       input pointer
5120:Drivers/CMSIS/DSP/Include/arm_math.h ****    * @param[out] pDst       output pointer
5121:Drivers/CMSIS/DSP/Include/arm_math.h ****    * @param[in]  blockSize  number of samples to process
5122:Drivers/CMSIS/DSP/Include/arm_math.h ****    */
5123:Drivers/CMSIS/DSP/Include/arm_math.h ****   void arm_q7_to_q15(
5124:Drivers/CMSIS/DSP/Include/arm_math.h ****   q7_t * pSrc,
5125:Drivers/CMSIS/DSP/Include/arm_math.h ****   q15_t * pDst,
5126:Drivers/CMSIS/DSP/Include/arm_math.h ****   uint32_t blockSize);
5127:Drivers/CMSIS/DSP/Include/arm_math.h **** 
ARM GAS  C:\Users\Lamp\AppData\Local\Temp\ccC8j8ON.s 			page 97


5128:Drivers/CMSIS/DSP/Include/arm_math.h **** 
5129:Drivers/CMSIS/DSP/Include/arm_math.h **** 
5130:Drivers/CMSIS/DSP/Include/arm_math.h ****   /**
5131:Drivers/CMSIS/DSP/Include/arm_math.h ****    * @ingroup groupController
5132:Drivers/CMSIS/DSP/Include/arm_math.h ****    */
5133:Drivers/CMSIS/DSP/Include/arm_math.h **** 
5134:Drivers/CMSIS/DSP/Include/arm_math.h ****   /**
5135:Drivers/CMSIS/DSP/Include/arm_math.h ****    * @defgroup park Vector Park Transform
5136:Drivers/CMSIS/DSP/Include/arm_math.h ****    *
5137:Drivers/CMSIS/DSP/Include/arm_math.h ****    * Forward Park transform converts the input two-coordinate vector to flux and torque components.
5138:Drivers/CMSIS/DSP/Include/arm_math.h ****    * The Park transform can be used to realize the transformation of the <code>Ialpha</code> and th
5139:Drivers/CMSIS/DSP/Include/arm_math.h ****    * from the stationary to the moving reference frame and control the spatial relationship between
5140:Drivers/CMSIS/DSP/Include/arm_math.h ****    * the stator vector current and rotor flux vector.
5141:Drivers/CMSIS/DSP/Include/arm_math.h ****    * If we consider the d axis aligned with the rotor flux, the diagram below shows the
5142:Drivers/CMSIS/DSP/Include/arm_math.h ****    * current vector and the relationship from the two reference frames:
5143:Drivers/CMSIS/DSP/Include/arm_math.h ****    * \image html park.gif "Stator current space vector and its component in (a,b) and in the d,q ro
5144:Drivers/CMSIS/DSP/Include/arm_math.h ****    *
5145:Drivers/CMSIS/DSP/Include/arm_math.h ****    * The function operates on a single sample of data and each call to the function returns the pro
5146:Drivers/CMSIS/DSP/Include/arm_math.h ****    * The library provides separate functions for Q31 and floating-point data types.
5147:Drivers/CMSIS/DSP/Include/arm_math.h ****    * \par Algorithm
5148:Drivers/CMSIS/DSP/Include/arm_math.h ****    * \image html parkFormula.gif
5149:Drivers/CMSIS/DSP/Include/arm_math.h ****    * where <code>Ialpha</code> and <code>Ibeta</code> are the stator vector components,
5150:Drivers/CMSIS/DSP/Include/arm_math.h ****    * <code>pId</code> and <code>pIq</code> are rotor vector components and <code>cosVal</code> and 
5151:Drivers/CMSIS/DSP/Include/arm_math.h ****    * cosine and sine values of theta (rotor flux position).
5152:Drivers/CMSIS/DSP/Include/arm_math.h ****    * \par Fixed-Point Behavior
5153:Drivers/CMSIS/DSP/Include/arm_math.h ****    * Care must be taken when using the Q31 version of the Park transform.
5154:Drivers/CMSIS/DSP/Include/arm_math.h ****    * In particular, the overflow and saturation behavior of the accumulator used must be considered
5155:Drivers/CMSIS/DSP/Include/arm_math.h ****    * Refer to the function specific documentation below for usage guidelines.
5156:Drivers/CMSIS/DSP/Include/arm_math.h ****    */
5157:Drivers/CMSIS/DSP/Include/arm_math.h **** 
5158:Drivers/CMSIS/DSP/Include/arm_math.h ****   /**
5159:Drivers/CMSIS/DSP/Include/arm_math.h ****    * @addtogroup park
5160:Drivers/CMSIS/DSP/Include/arm_math.h ****    * @{
5161:Drivers/CMSIS/DSP/Include/arm_math.h ****    */
5162:Drivers/CMSIS/DSP/Include/arm_math.h **** 
5163:Drivers/CMSIS/DSP/Include/arm_math.h ****   /**
5164:Drivers/CMSIS/DSP/Include/arm_math.h ****    * @brief Floating-point Park transform
5165:Drivers/CMSIS/DSP/Include/arm_math.h ****    * @param[in]  Ialpha  input two-phase vector coordinate alpha
5166:Drivers/CMSIS/DSP/Include/arm_math.h ****    * @param[in]  Ibeta   input two-phase vector coordinate beta
5167:Drivers/CMSIS/DSP/Include/arm_math.h ****    * @param[out] pId     points to output   rotor reference frame d
5168:Drivers/CMSIS/DSP/Include/arm_math.h ****    * @param[out] pIq     points to output   rotor reference frame q
5169:Drivers/CMSIS/DSP/Include/arm_math.h ****    * @param[in]  sinVal  sine value of rotation angle theta
5170:Drivers/CMSIS/DSP/Include/arm_math.h ****    * @param[in]  cosVal  cosine value of rotation angle theta
5171:Drivers/CMSIS/DSP/Include/arm_math.h ****    *
5172:Drivers/CMSIS/DSP/Include/arm_math.h ****    * The function implements the forward Park transform.
5173:Drivers/CMSIS/DSP/Include/arm_math.h ****    *
5174:Drivers/CMSIS/DSP/Include/arm_math.h ****    */
5175:Drivers/CMSIS/DSP/Include/arm_math.h ****   CMSIS_INLINE __STATIC_INLINE void arm_park_f32(
5176:Drivers/CMSIS/DSP/Include/arm_math.h ****   float32_t Ialpha,
5177:Drivers/CMSIS/DSP/Include/arm_math.h ****   float32_t Ibeta,
5178:Drivers/CMSIS/DSP/Include/arm_math.h ****   float32_t * pId,
5179:Drivers/CMSIS/DSP/Include/arm_math.h ****   float32_t * pIq,
5180:Drivers/CMSIS/DSP/Include/arm_math.h ****   float32_t sinVal,
5181:Drivers/CMSIS/DSP/Include/arm_math.h ****   float32_t cosVal)
5182:Drivers/CMSIS/DSP/Include/arm_math.h ****   {
5183:Drivers/CMSIS/DSP/Include/arm_math.h ****     /* Calculate pId using the equation, pId = Ialpha * cosVal + Ibeta * sinVal */
5184:Drivers/CMSIS/DSP/Include/arm_math.h ****     *pId = Ialpha * cosVal + Ibeta * sinVal;
ARM GAS  C:\Users\Lamp\AppData\Local\Temp\ccC8j8ON.s 			page 98


5185:Drivers/CMSIS/DSP/Include/arm_math.h **** 
5186:Drivers/CMSIS/DSP/Include/arm_math.h ****     /* Calculate pIq using the equation, pIq = - Ialpha * sinVal + Ibeta * cosVal */
5187:Drivers/CMSIS/DSP/Include/arm_math.h ****     *pIq = -Ialpha * sinVal + Ibeta * cosVal;
5188:Drivers/CMSIS/DSP/Include/arm_math.h ****   }
5189:Drivers/CMSIS/DSP/Include/arm_math.h **** 
5190:Drivers/CMSIS/DSP/Include/arm_math.h **** 
5191:Drivers/CMSIS/DSP/Include/arm_math.h ****   /**
5192:Drivers/CMSIS/DSP/Include/arm_math.h ****    * @brief  Park transform for Q31 version
5193:Drivers/CMSIS/DSP/Include/arm_math.h ****    * @param[in]  Ialpha  input two-phase vector coordinate alpha
5194:Drivers/CMSIS/DSP/Include/arm_math.h ****    * @param[in]  Ibeta   input two-phase vector coordinate beta
5195:Drivers/CMSIS/DSP/Include/arm_math.h ****    * @param[out] pId     points to output rotor reference frame d
5196:Drivers/CMSIS/DSP/Include/arm_math.h ****    * @param[out] pIq     points to output rotor reference frame q
5197:Drivers/CMSIS/DSP/Include/arm_math.h ****    * @param[in]  sinVal  sine value of rotation angle theta
5198:Drivers/CMSIS/DSP/Include/arm_math.h ****    * @param[in]  cosVal  cosine value of rotation angle theta
5199:Drivers/CMSIS/DSP/Include/arm_math.h ****    *
5200:Drivers/CMSIS/DSP/Include/arm_math.h ****    * <b>Scaling and Overflow Behavior:</b>
5201:Drivers/CMSIS/DSP/Include/arm_math.h ****    * \par
5202:Drivers/CMSIS/DSP/Include/arm_math.h ****    * The function is implemented using an internal 32-bit accumulator.
5203:Drivers/CMSIS/DSP/Include/arm_math.h ****    * The accumulator maintains 1.31 format by truncating lower 31 bits of the intermediate multipli
5204:Drivers/CMSIS/DSP/Include/arm_math.h ****    * There is saturation on the addition and subtraction, hence there is no risk of overflow.
5205:Drivers/CMSIS/DSP/Include/arm_math.h ****    */
5206:Drivers/CMSIS/DSP/Include/arm_math.h ****   CMSIS_INLINE __STATIC_INLINE void arm_park_q31(
5207:Drivers/CMSIS/DSP/Include/arm_math.h ****   q31_t Ialpha,
5208:Drivers/CMSIS/DSP/Include/arm_math.h ****   q31_t Ibeta,
5209:Drivers/CMSIS/DSP/Include/arm_math.h ****   q31_t * pId,
5210:Drivers/CMSIS/DSP/Include/arm_math.h ****   q31_t * pIq,
5211:Drivers/CMSIS/DSP/Include/arm_math.h ****   q31_t sinVal,
5212:Drivers/CMSIS/DSP/Include/arm_math.h ****   q31_t cosVal)
5213:Drivers/CMSIS/DSP/Include/arm_math.h ****   {
5214:Drivers/CMSIS/DSP/Include/arm_math.h ****     q31_t product1, product2;                    /* Temporary variables used to store intermediate 
5215:Drivers/CMSIS/DSP/Include/arm_math.h ****     q31_t product3, product4;                    /* Temporary variables used to store intermediate 
5216:Drivers/CMSIS/DSP/Include/arm_math.h **** 
5217:Drivers/CMSIS/DSP/Include/arm_math.h ****     /* Intermediate product is calculated by (Ialpha * cosVal) */
5218:Drivers/CMSIS/DSP/Include/arm_math.h ****     product1 = (q31_t) (((q63_t) (Ialpha) * (cosVal)) >> 31);
5219:Drivers/CMSIS/DSP/Include/arm_math.h **** 
5220:Drivers/CMSIS/DSP/Include/arm_math.h ****     /* Intermediate product is calculated by (Ibeta * sinVal) */
5221:Drivers/CMSIS/DSP/Include/arm_math.h ****     product2 = (q31_t) (((q63_t) (Ibeta) * (sinVal)) >> 31);
5222:Drivers/CMSIS/DSP/Include/arm_math.h **** 
5223:Drivers/CMSIS/DSP/Include/arm_math.h **** 
5224:Drivers/CMSIS/DSP/Include/arm_math.h ****     /* Intermediate product is calculated by (Ialpha * sinVal) */
5225:Drivers/CMSIS/DSP/Include/arm_math.h ****     product3 = (q31_t) (((q63_t) (Ialpha) * (sinVal)) >> 31);
5226:Drivers/CMSIS/DSP/Include/arm_math.h **** 
5227:Drivers/CMSIS/DSP/Include/arm_math.h ****     /* Intermediate product is calculated by (Ibeta * cosVal) */
5228:Drivers/CMSIS/DSP/Include/arm_math.h ****     product4 = (q31_t) (((q63_t) (Ibeta) * (cosVal)) >> 31);
5229:Drivers/CMSIS/DSP/Include/arm_math.h **** 
5230:Drivers/CMSIS/DSP/Include/arm_math.h ****     /* Calculate pId by adding the two intermediate products 1 and 2 */
5231:Drivers/CMSIS/DSP/Include/arm_math.h ****     *pId = __QADD(product1, product2);
5232:Drivers/CMSIS/DSP/Include/arm_math.h **** 
5233:Drivers/CMSIS/DSP/Include/arm_math.h ****     /* Calculate pIq by subtracting the two intermediate products 3 from 4 */
5234:Drivers/CMSIS/DSP/Include/arm_math.h ****     *pIq = __QSUB(product4, product3);
5235:Drivers/CMSIS/DSP/Include/arm_math.h ****   }
5236:Drivers/CMSIS/DSP/Include/arm_math.h **** 
5237:Drivers/CMSIS/DSP/Include/arm_math.h ****   /**
5238:Drivers/CMSIS/DSP/Include/arm_math.h ****    * @} end of park group
5239:Drivers/CMSIS/DSP/Include/arm_math.h ****    */
5240:Drivers/CMSIS/DSP/Include/arm_math.h **** 
5241:Drivers/CMSIS/DSP/Include/arm_math.h ****   /**
ARM GAS  C:\Users\Lamp\AppData\Local\Temp\ccC8j8ON.s 			page 99


5242:Drivers/CMSIS/DSP/Include/arm_math.h ****    * @brief  Converts the elements of the Q7 vector to floating-point vector.
5243:Drivers/CMSIS/DSP/Include/arm_math.h ****    * @param[in]  pSrc       is input pointer
5244:Drivers/CMSIS/DSP/Include/arm_math.h ****    * @param[out] pDst       is output pointer
5245:Drivers/CMSIS/DSP/Include/arm_math.h ****    * @param[in]  blockSize  is the number of samples to process
5246:Drivers/CMSIS/DSP/Include/arm_math.h ****    */
5247:Drivers/CMSIS/DSP/Include/arm_math.h ****   void arm_q7_to_float(
5248:Drivers/CMSIS/DSP/Include/arm_math.h ****   q7_t * pSrc,
5249:Drivers/CMSIS/DSP/Include/arm_math.h ****   float32_t * pDst,
5250:Drivers/CMSIS/DSP/Include/arm_math.h ****   uint32_t blockSize);
5251:Drivers/CMSIS/DSP/Include/arm_math.h **** 
5252:Drivers/CMSIS/DSP/Include/arm_math.h **** 
5253:Drivers/CMSIS/DSP/Include/arm_math.h ****   /**
5254:Drivers/CMSIS/DSP/Include/arm_math.h ****    * @ingroup groupController
5255:Drivers/CMSIS/DSP/Include/arm_math.h ****    */
5256:Drivers/CMSIS/DSP/Include/arm_math.h **** 
5257:Drivers/CMSIS/DSP/Include/arm_math.h ****   /**
5258:Drivers/CMSIS/DSP/Include/arm_math.h ****    * @defgroup inv_park Vector Inverse Park transform
5259:Drivers/CMSIS/DSP/Include/arm_math.h ****    * Inverse Park transform converts the input flux and torque components to two-coordinate vector.
5260:Drivers/CMSIS/DSP/Include/arm_math.h ****    *
5261:Drivers/CMSIS/DSP/Include/arm_math.h ****    * The function operates on a single sample of data and each call to the function returns the pro
5262:Drivers/CMSIS/DSP/Include/arm_math.h ****    * The library provides separate functions for Q31 and floating-point data types.
5263:Drivers/CMSIS/DSP/Include/arm_math.h ****    * \par Algorithm
5264:Drivers/CMSIS/DSP/Include/arm_math.h ****    * \image html parkInvFormula.gif
5265:Drivers/CMSIS/DSP/Include/arm_math.h ****    * where <code>pIalpha</code> and <code>pIbeta</code> are the stator vector components,
5266:Drivers/CMSIS/DSP/Include/arm_math.h ****    * <code>Id</code> and <code>Iq</code> are rotor vector components and <code>cosVal</code> and <c
5267:Drivers/CMSIS/DSP/Include/arm_math.h ****    * cosine and sine values of theta (rotor flux position).
5268:Drivers/CMSIS/DSP/Include/arm_math.h ****    * \par Fixed-Point Behavior
5269:Drivers/CMSIS/DSP/Include/arm_math.h ****    * Care must be taken when using the Q31 version of the Park transform.
5270:Drivers/CMSIS/DSP/Include/arm_math.h ****    * In particular, the overflow and saturation behavior of the accumulator used must be considered
5271:Drivers/CMSIS/DSP/Include/arm_math.h ****    * Refer to the function specific documentation below for usage guidelines.
5272:Drivers/CMSIS/DSP/Include/arm_math.h ****    */
5273:Drivers/CMSIS/DSP/Include/arm_math.h **** 
5274:Drivers/CMSIS/DSP/Include/arm_math.h ****   /**
5275:Drivers/CMSIS/DSP/Include/arm_math.h ****    * @addtogroup inv_park
5276:Drivers/CMSIS/DSP/Include/arm_math.h ****    * @{
5277:Drivers/CMSIS/DSP/Include/arm_math.h ****    */
5278:Drivers/CMSIS/DSP/Include/arm_math.h **** 
5279:Drivers/CMSIS/DSP/Include/arm_math.h ****    /**
5280:Drivers/CMSIS/DSP/Include/arm_math.h ****    * @brief  Floating-point Inverse Park transform
5281:Drivers/CMSIS/DSP/Include/arm_math.h ****    * @param[in]  Id       input coordinate of rotor reference frame d
5282:Drivers/CMSIS/DSP/Include/arm_math.h ****    * @param[in]  Iq       input coordinate of rotor reference frame q
5283:Drivers/CMSIS/DSP/Include/arm_math.h ****    * @param[out] pIalpha  points to output two-phase orthogonal vector axis alpha
5284:Drivers/CMSIS/DSP/Include/arm_math.h ****    * @param[out] pIbeta   points to output two-phase orthogonal vector axis beta
5285:Drivers/CMSIS/DSP/Include/arm_math.h ****    * @param[in]  sinVal   sine value of rotation angle theta
5286:Drivers/CMSIS/DSP/Include/arm_math.h ****    * @param[in]  cosVal   cosine value of rotation angle theta
5287:Drivers/CMSIS/DSP/Include/arm_math.h ****    */
5288:Drivers/CMSIS/DSP/Include/arm_math.h ****   CMSIS_INLINE __STATIC_INLINE void arm_inv_park_f32(
5289:Drivers/CMSIS/DSP/Include/arm_math.h ****   float32_t Id,
5290:Drivers/CMSIS/DSP/Include/arm_math.h ****   float32_t Iq,
5291:Drivers/CMSIS/DSP/Include/arm_math.h ****   float32_t * pIalpha,
5292:Drivers/CMSIS/DSP/Include/arm_math.h ****   float32_t * pIbeta,
5293:Drivers/CMSIS/DSP/Include/arm_math.h ****   float32_t sinVal,
5294:Drivers/CMSIS/DSP/Include/arm_math.h ****   float32_t cosVal)
5295:Drivers/CMSIS/DSP/Include/arm_math.h ****   {
5296:Drivers/CMSIS/DSP/Include/arm_math.h ****     /* Calculate pIalpha using the equation, pIalpha = Id * cosVal - Iq * sinVal */
5297:Drivers/CMSIS/DSP/Include/arm_math.h ****     *pIalpha = Id * cosVal - Iq * sinVal;
5298:Drivers/CMSIS/DSP/Include/arm_math.h **** 
ARM GAS  C:\Users\Lamp\AppData\Local\Temp\ccC8j8ON.s 			page 100


5299:Drivers/CMSIS/DSP/Include/arm_math.h ****     /* Calculate pIbeta using the equation, pIbeta = Id * sinVal + Iq * cosVal */
5300:Drivers/CMSIS/DSP/Include/arm_math.h ****     *pIbeta = Id * sinVal + Iq * cosVal;
5301:Drivers/CMSIS/DSP/Include/arm_math.h ****   }
5302:Drivers/CMSIS/DSP/Include/arm_math.h **** 
5303:Drivers/CMSIS/DSP/Include/arm_math.h **** 
5304:Drivers/CMSIS/DSP/Include/arm_math.h ****   /**
5305:Drivers/CMSIS/DSP/Include/arm_math.h ****    * @brief  Inverse Park transform for   Q31 version
5306:Drivers/CMSIS/DSP/Include/arm_math.h ****    * @param[in]  Id       input coordinate of rotor reference frame d
5307:Drivers/CMSIS/DSP/Include/arm_math.h ****    * @param[in]  Iq       input coordinate of rotor reference frame q
5308:Drivers/CMSIS/DSP/Include/arm_math.h ****    * @param[out] pIalpha  points to output two-phase orthogonal vector axis alpha
5309:Drivers/CMSIS/DSP/Include/arm_math.h ****    * @param[out] pIbeta   points to output two-phase orthogonal vector axis beta
5310:Drivers/CMSIS/DSP/Include/arm_math.h ****    * @param[in]  sinVal   sine value of rotation angle theta
5311:Drivers/CMSIS/DSP/Include/arm_math.h ****    * @param[in]  cosVal   cosine value of rotation angle theta
5312:Drivers/CMSIS/DSP/Include/arm_math.h ****    *
5313:Drivers/CMSIS/DSP/Include/arm_math.h ****    * <b>Scaling and Overflow Behavior:</b>
5314:Drivers/CMSIS/DSP/Include/arm_math.h ****    * \par
5315:Drivers/CMSIS/DSP/Include/arm_math.h ****    * The function is implemented using an internal 32-bit accumulator.
5316:Drivers/CMSIS/DSP/Include/arm_math.h ****    * The accumulator maintains 1.31 format by truncating lower 31 bits of the intermediate multipli
5317:Drivers/CMSIS/DSP/Include/arm_math.h ****    * There is saturation on the addition, hence there is no risk of overflow.
5318:Drivers/CMSIS/DSP/Include/arm_math.h ****    */
5319:Drivers/CMSIS/DSP/Include/arm_math.h ****   CMSIS_INLINE __STATIC_INLINE void arm_inv_park_q31(
5320:Drivers/CMSIS/DSP/Include/arm_math.h ****   q31_t Id,
5321:Drivers/CMSIS/DSP/Include/arm_math.h ****   q31_t Iq,
5322:Drivers/CMSIS/DSP/Include/arm_math.h ****   q31_t * pIalpha,
5323:Drivers/CMSIS/DSP/Include/arm_math.h ****   q31_t * pIbeta,
5324:Drivers/CMSIS/DSP/Include/arm_math.h ****   q31_t sinVal,
5325:Drivers/CMSIS/DSP/Include/arm_math.h ****   q31_t cosVal)
5326:Drivers/CMSIS/DSP/Include/arm_math.h ****   {
5327:Drivers/CMSIS/DSP/Include/arm_math.h ****     q31_t product1, product2;                    /* Temporary variables used to store intermediate 
5328:Drivers/CMSIS/DSP/Include/arm_math.h ****     q31_t product3, product4;                    /* Temporary variables used to store intermediate 
5329:Drivers/CMSIS/DSP/Include/arm_math.h **** 
5330:Drivers/CMSIS/DSP/Include/arm_math.h ****     /* Intermediate product is calculated by (Id * cosVal) */
5331:Drivers/CMSIS/DSP/Include/arm_math.h ****     product1 = (q31_t) (((q63_t) (Id) * (cosVal)) >> 31);
5332:Drivers/CMSIS/DSP/Include/arm_math.h **** 
5333:Drivers/CMSIS/DSP/Include/arm_math.h ****     /* Intermediate product is calculated by (Iq * sinVal) */
5334:Drivers/CMSIS/DSP/Include/arm_math.h ****     product2 = (q31_t) (((q63_t) (Iq) * (sinVal)) >> 31);
5335:Drivers/CMSIS/DSP/Include/arm_math.h **** 
5336:Drivers/CMSIS/DSP/Include/arm_math.h **** 
5337:Drivers/CMSIS/DSP/Include/arm_math.h ****     /* Intermediate product is calculated by (Id * sinVal) */
5338:Drivers/CMSIS/DSP/Include/arm_math.h ****     product3 = (q31_t) (((q63_t) (Id) * (sinVal)) >> 31);
5339:Drivers/CMSIS/DSP/Include/arm_math.h **** 
5340:Drivers/CMSIS/DSP/Include/arm_math.h ****     /* Intermediate product is calculated by (Iq * cosVal) */
5341:Drivers/CMSIS/DSP/Include/arm_math.h ****     product4 = (q31_t) (((q63_t) (Iq) * (cosVal)) >> 31);
5342:Drivers/CMSIS/DSP/Include/arm_math.h **** 
5343:Drivers/CMSIS/DSP/Include/arm_math.h ****     /* Calculate pIalpha by using the two intermediate products 1 and 2 */
5344:Drivers/CMSIS/DSP/Include/arm_math.h ****     *pIalpha = __QSUB(product1, product2);
5345:Drivers/CMSIS/DSP/Include/arm_math.h **** 
5346:Drivers/CMSIS/DSP/Include/arm_math.h ****     /* Calculate pIbeta by using the two intermediate products 3 and 4 */
5347:Drivers/CMSIS/DSP/Include/arm_math.h ****     *pIbeta = __QADD(product4, product3);
5348:Drivers/CMSIS/DSP/Include/arm_math.h ****   }
5349:Drivers/CMSIS/DSP/Include/arm_math.h **** 
5350:Drivers/CMSIS/DSP/Include/arm_math.h ****   /**
5351:Drivers/CMSIS/DSP/Include/arm_math.h ****    * @} end of Inverse park group
5352:Drivers/CMSIS/DSP/Include/arm_math.h ****    */
5353:Drivers/CMSIS/DSP/Include/arm_math.h **** 
5354:Drivers/CMSIS/DSP/Include/arm_math.h **** 
5355:Drivers/CMSIS/DSP/Include/arm_math.h ****   /**
ARM GAS  C:\Users\Lamp\AppData\Local\Temp\ccC8j8ON.s 			page 101


5356:Drivers/CMSIS/DSP/Include/arm_math.h ****    * @brief  Converts the elements of the Q31 vector to floating-point vector.
5357:Drivers/CMSIS/DSP/Include/arm_math.h ****    * @param[in]  pSrc       is input pointer
5358:Drivers/CMSIS/DSP/Include/arm_math.h ****    * @param[out] pDst       is output pointer
5359:Drivers/CMSIS/DSP/Include/arm_math.h ****    * @param[in]  blockSize  is the number of samples to process
5360:Drivers/CMSIS/DSP/Include/arm_math.h ****    */
5361:Drivers/CMSIS/DSP/Include/arm_math.h ****   void arm_q31_to_float(
5362:Drivers/CMSIS/DSP/Include/arm_math.h ****   q31_t * pSrc,
5363:Drivers/CMSIS/DSP/Include/arm_math.h ****   float32_t * pDst,
5364:Drivers/CMSIS/DSP/Include/arm_math.h ****   uint32_t blockSize);
5365:Drivers/CMSIS/DSP/Include/arm_math.h **** 
5366:Drivers/CMSIS/DSP/Include/arm_math.h ****   /**
5367:Drivers/CMSIS/DSP/Include/arm_math.h ****    * @ingroup groupInterpolation
5368:Drivers/CMSIS/DSP/Include/arm_math.h ****    */
5369:Drivers/CMSIS/DSP/Include/arm_math.h **** 
5370:Drivers/CMSIS/DSP/Include/arm_math.h ****   /**
5371:Drivers/CMSIS/DSP/Include/arm_math.h ****    * @defgroup LinearInterpolate Linear Interpolation
5372:Drivers/CMSIS/DSP/Include/arm_math.h ****    *
5373:Drivers/CMSIS/DSP/Include/arm_math.h ****    * Linear interpolation is a method of curve fitting using linear polynomials.
5374:Drivers/CMSIS/DSP/Include/arm_math.h ****    * Linear interpolation works by effectively drawing a straight line between two neighboring samp
5375:Drivers/CMSIS/DSP/Include/arm_math.h ****    *
5376:Drivers/CMSIS/DSP/Include/arm_math.h ****    * \par
5377:Drivers/CMSIS/DSP/Include/arm_math.h ****    * \image html LinearInterp.gif "Linear interpolation"
5378:Drivers/CMSIS/DSP/Include/arm_math.h ****    *
5379:Drivers/CMSIS/DSP/Include/arm_math.h ****    * \par
5380:Drivers/CMSIS/DSP/Include/arm_math.h ****    * A  Linear Interpolate function calculates an output value(y), for the input(x)
5381:Drivers/CMSIS/DSP/Include/arm_math.h ****    * using linear interpolation of the input values x0, x1( nearest input values) and the output va
5382:Drivers/CMSIS/DSP/Include/arm_math.h ****    *
5383:Drivers/CMSIS/DSP/Include/arm_math.h ****    * \par Algorithm:
5384:Drivers/CMSIS/DSP/Include/arm_math.h ****    * <pre>
5385:Drivers/CMSIS/DSP/Include/arm_math.h ****    *       y = y0 + (x - x0) * ((y1 - y0)/(x1-x0))
5386:Drivers/CMSIS/DSP/Include/arm_math.h ****    *       where x0, x1 are nearest values of input x
5387:Drivers/CMSIS/DSP/Include/arm_math.h ****    *             y0, y1 are nearest values to output y
5388:Drivers/CMSIS/DSP/Include/arm_math.h ****    * </pre>
5389:Drivers/CMSIS/DSP/Include/arm_math.h ****    *
5390:Drivers/CMSIS/DSP/Include/arm_math.h ****    * \par
5391:Drivers/CMSIS/DSP/Include/arm_math.h ****    * This set of functions implements Linear interpolation process
5392:Drivers/CMSIS/DSP/Include/arm_math.h ****    * for Q7, Q15, Q31, and floating-point data types.  The functions operate on a single
5393:Drivers/CMSIS/DSP/Include/arm_math.h ****    * sample of data and each call to the function returns a single processed value.
5394:Drivers/CMSIS/DSP/Include/arm_math.h ****    * <code>S</code> points to an instance of the Linear Interpolate function data structure.
5395:Drivers/CMSIS/DSP/Include/arm_math.h ****    * <code>x</code> is the input sample value. The functions returns the output value.
5396:Drivers/CMSIS/DSP/Include/arm_math.h ****    *
5397:Drivers/CMSIS/DSP/Include/arm_math.h ****    * \par
5398:Drivers/CMSIS/DSP/Include/arm_math.h ****    * if x is outside of the table boundary, Linear interpolation returns first value of the table
5399:Drivers/CMSIS/DSP/Include/arm_math.h ****    * if x is below input range and returns last value of table if x is above range.
5400:Drivers/CMSIS/DSP/Include/arm_math.h ****    */
5401:Drivers/CMSIS/DSP/Include/arm_math.h **** 
5402:Drivers/CMSIS/DSP/Include/arm_math.h ****   /**
5403:Drivers/CMSIS/DSP/Include/arm_math.h ****    * @addtogroup LinearInterpolate
5404:Drivers/CMSIS/DSP/Include/arm_math.h ****    * @{
5405:Drivers/CMSIS/DSP/Include/arm_math.h ****    */
5406:Drivers/CMSIS/DSP/Include/arm_math.h **** 
5407:Drivers/CMSIS/DSP/Include/arm_math.h ****   /**
5408:Drivers/CMSIS/DSP/Include/arm_math.h ****    * @brief  Process function for the floating-point Linear Interpolation Function.
5409:Drivers/CMSIS/DSP/Include/arm_math.h ****    * @param[in,out] S  is an instance of the floating-point Linear Interpolation structure
5410:Drivers/CMSIS/DSP/Include/arm_math.h ****    * @param[in]     x  input sample to process
5411:Drivers/CMSIS/DSP/Include/arm_math.h ****    * @return y processed output sample.
5412:Drivers/CMSIS/DSP/Include/arm_math.h ****    *
ARM GAS  C:\Users\Lamp\AppData\Local\Temp\ccC8j8ON.s 			page 102


5413:Drivers/CMSIS/DSP/Include/arm_math.h ****    */
5414:Drivers/CMSIS/DSP/Include/arm_math.h ****   CMSIS_INLINE __STATIC_INLINE float32_t arm_linear_interp_f32(
5415:Drivers/CMSIS/DSP/Include/arm_math.h ****   arm_linear_interp_instance_f32 * S,
5416:Drivers/CMSIS/DSP/Include/arm_math.h ****   float32_t x)
5417:Drivers/CMSIS/DSP/Include/arm_math.h ****   {
5418:Drivers/CMSIS/DSP/Include/arm_math.h ****     float32_t y;
5419:Drivers/CMSIS/DSP/Include/arm_math.h ****     float32_t x0, x1;                            /* Nearest input values */
5420:Drivers/CMSIS/DSP/Include/arm_math.h ****     float32_t y0, y1;                            /* Nearest output values */
5421:Drivers/CMSIS/DSP/Include/arm_math.h ****     float32_t xSpacing = S->xSpacing;            /* spacing between input values */
5422:Drivers/CMSIS/DSP/Include/arm_math.h ****     int32_t i;                                   /* Index variable */
5423:Drivers/CMSIS/DSP/Include/arm_math.h ****     float32_t *pYData = S->pYData;               /* pointer to output table */
5424:Drivers/CMSIS/DSP/Include/arm_math.h **** 
5425:Drivers/CMSIS/DSP/Include/arm_math.h ****     /* Calculation of index */
5426:Drivers/CMSIS/DSP/Include/arm_math.h ****     i = (int32_t) ((x - S->x1) / xSpacing);
5427:Drivers/CMSIS/DSP/Include/arm_math.h **** 
5428:Drivers/CMSIS/DSP/Include/arm_math.h ****     if (i < 0)
5429:Drivers/CMSIS/DSP/Include/arm_math.h ****     {
5430:Drivers/CMSIS/DSP/Include/arm_math.h ****       /* Iniatilize output for below specified range as least output value of table */
5431:Drivers/CMSIS/DSP/Include/arm_math.h ****       y = pYData[0];
5432:Drivers/CMSIS/DSP/Include/arm_math.h ****     }
5433:Drivers/CMSIS/DSP/Include/arm_math.h ****     else if ((uint32_t)i >= S->nValues)
5434:Drivers/CMSIS/DSP/Include/arm_math.h ****     {
5435:Drivers/CMSIS/DSP/Include/arm_math.h ****       /* Iniatilize output for above specified range as last output value of table */
5436:Drivers/CMSIS/DSP/Include/arm_math.h ****       y = pYData[S->nValues - 1];
5437:Drivers/CMSIS/DSP/Include/arm_math.h ****     }
5438:Drivers/CMSIS/DSP/Include/arm_math.h ****     else
5439:Drivers/CMSIS/DSP/Include/arm_math.h ****     {
5440:Drivers/CMSIS/DSP/Include/arm_math.h ****       /* Calculation of nearest input values */
5441:Drivers/CMSIS/DSP/Include/arm_math.h ****       x0 = S->x1 +  i      * xSpacing;
5442:Drivers/CMSIS/DSP/Include/arm_math.h ****       x1 = S->x1 + (i + 1) * xSpacing;
5443:Drivers/CMSIS/DSP/Include/arm_math.h **** 
5444:Drivers/CMSIS/DSP/Include/arm_math.h ****       /* Read of nearest output values */
5445:Drivers/CMSIS/DSP/Include/arm_math.h ****       y0 = pYData[i];
5446:Drivers/CMSIS/DSP/Include/arm_math.h ****       y1 = pYData[i + 1];
5447:Drivers/CMSIS/DSP/Include/arm_math.h **** 
5448:Drivers/CMSIS/DSP/Include/arm_math.h ****       /* Calculation of output */
5449:Drivers/CMSIS/DSP/Include/arm_math.h ****       y = y0 + (x - x0) * ((y1 - y0) / (x1 - x0));
5450:Drivers/CMSIS/DSP/Include/arm_math.h **** 
5451:Drivers/CMSIS/DSP/Include/arm_math.h ****     }
5452:Drivers/CMSIS/DSP/Include/arm_math.h **** 
5453:Drivers/CMSIS/DSP/Include/arm_math.h ****     /* returns output value */
5454:Drivers/CMSIS/DSP/Include/arm_math.h ****     return (y);
5455:Drivers/CMSIS/DSP/Include/arm_math.h ****   }
5456:Drivers/CMSIS/DSP/Include/arm_math.h **** 
5457:Drivers/CMSIS/DSP/Include/arm_math.h **** 
5458:Drivers/CMSIS/DSP/Include/arm_math.h ****    /**
5459:Drivers/CMSIS/DSP/Include/arm_math.h ****    *
5460:Drivers/CMSIS/DSP/Include/arm_math.h ****    * @brief  Process function for the Q31 Linear Interpolation Function.
5461:Drivers/CMSIS/DSP/Include/arm_math.h ****    * @param[in] pYData   pointer to Q31 Linear Interpolation table
5462:Drivers/CMSIS/DSP/Include/arm_math.h ****    * @param[in] x        input sample to process
5463:Drivers/CMSIS/DSP/Include/arm_math.h ****    * @param[in] nValues  number of table values
5464:Drivers/CMSIS/DSP/Include/arm_math.h ****    * @return y processed output sample.
5465:Drivers/CMSIS/DSP/Include/arm_math.h ****    *
5466:Drivers/CMSIS/DSP/Include/arm_math.h ****    * \par
5467:Drivers/CMSIS/DSP/Include/arm_math.h ****    * Input sample <code>x</code> is in 12.20 format which contains 12 bits for table index and 20 b
5468:Drivers/CMSIS/DSP/Include/arm_math.h ****    * This function can support maximum of table size 2^12.
5469:Drivers/CMSIS/DSP/Include/arm_math.h ****    *
ARM GAS  C:\Users\Lamp\AppData\Local\Temp\ccC8j8ON.s 			page 103


5470:Drivers/CMSIS/DSP/Include/arm_math.h ****    */
5471:Drivers/CMSIS/DSP/Include/arm_math.h ****   CMSIS_INLINE __STATIC_INLINE q31_t arm_linear_interp_q31(
5472:Drivers/CMSIS/DSP/Include/arm_math.h ****   q31_t * pYData,
5473:Drivers/CMSIS/DSP/Include/arm_math.h ****   q31_t x,
5474:Drivers/CMSIS/DSP/Include/arm_math.h ****   uint32_t nValues)
5475:Drivers/CMSIS/DSP/Include/arm_math.h ****   {
5476:Drivers/CMSIS/DSP/Include/arm_math.h ****     q31_t y;                                     /* output */
5477:Drivers/CMSIS/DSP/Include/arm_math.h ****     q31_t y0, y1;                                /* Nearest output values */
5478:Drivers/CMSIS/DSP/Include/arm_math.h ****     q31_t fract;                                 /* fractional part */
5479:Drivers/CMSIS/DSP/Include/arm_math.h ****     int32_t index;                               /* Index to read nearest output values */
5480:Drivers/CMSIS/DSP/Include/arm_math.h **** 
5481:Drivers/CMSIS/DSP/Include/arm_math.h ****     /* Input is in 12.20 format */
5482:Drivers/CMSIS/DSP/Include/arm_math.h ****     /* 12 bits for the table index */
5483:Drivers/CMSIS/DSP/Include/arm_math.h ****     /* Index value calculation */
5484:Drivers/CMSIS/DSP/Include/arm_math.h ****     index = ((x & (q31_t)0xFFF00000) >> 20);
5485:Drivers/CMSIS/DSP/Include/arm_math.h **** 
5486:Drivers/CMSIS/DSP/Include/arm_math.h ****     if (index >= (int32_t)(nValues - 1))
5487:Drivers/CMSIS/DSP/Include/arm_math.h ****     {
5488:Drivers/CMSIS/DSP/Include/arm_math.h ****       return (pYData[nValues - 1]);
5489:Drivers/CMSIS/DSP/Include/arm_math.h ****     }
5490:Drivers/CMSIS/DSP/Include/arm_math.h ****     else if (index < 0)
5491:Drivers/CMSIS/DSP/Include/arm_math.h ****     {
5492:Drivers/CMSIS/DSP/Include/arm_math.h ****       return (pYData[0]);
5493:Drivers/CMSIS/DSP/Include/arm_math.h ****     }
5494:Drivers/CMSIS/DSP/Include/arm_math.h ****     else
5495:Drivers/CMSIS/DSP/Include/arm_math.h ****     {
5496:Drivers/CMSIS/DSP/Include/arm_math.h ****       /* 20 bits for the fractional part */
5497:Drivers/CMSIS/DSP/Include/arm_math.h ****       /* shift left by 11 to keep fract in 1.31 format */
5498:Drivers/CMSIS/DSP/Include/arm_math.h ****       fract = (x & 0x000FFFFF) << 11;
5499:Drivers/CMSIS/DSP/Include/arm_math.h **** 
5500:Drivers/CMSIS/DSP/Include/arm_math.h ****       /* Read two nearest output values from the index in 1.31(q31) format */
5501:Drivers/CMSIS/DSP/Include/arm_math.h ****       y0 = pYData[index];
5502:Drivers/CMSIS/DSP/Include/arm_math.h ****       y1 = pYData[index + 1];
5503:Drivers/CMSIS/DSP/Include/arm_math.h **** 
5504:Drivers/CMSIS/DSP/Include/arm_math.h ****       /* Calculation of y0 * (1-fract) and y is in 2.30 format */
5505:Drivers/CMSIS/DSP/Include/arm_math.h ****       y = ((q31_t) ((q63_t) y0 * (0x7FFFFFFF - fract) >> 32));
5506:Drivers/CMSIS/DSP/Include/arm_math.h **** 
5507:Drivers/CMSIS/DSP/Include/arm_math.h ****       /* Calculation of y0 * (1-fract) + y1 *fract and y is in 2.30 format */
5508:Drivers/CMSIS/DSP/Include/arm_math.h ****       y += ((q31_t) (((q63_t) y1 * fract) >> 32));
5509:Drivers/CMSIS/DSP/Include/arm_math.h **** 
5510:Drivers/CMSIS/DSP/Include/arm_math.h ****       /* Convert y to 1.31 format */
5511:Drivers/CMSIS/DSP/Include/arm_math.h ****       return (y << 1U);
5512:Drivers/CMSIS/DSP/Include/arm_math.h ****     }
5513:Drivers/CMSIS/DSP/Include/arm_math.h ****   }
5514:Drivers/CMSIS/DSP/Include/arm_math.h **** 
5515:Drivers/CMSIS/DSP/Include/arm_math.h **** 
5516:Drivers/CMSIS/DSP/Include/arm_math.h ****   /**
5517:Drivers/CMSIS/DSP/Include/arm_math.h ****    *
5518:Drivers/CMSIS/DSP/Include/arm_math.h ****    * @brief  Process function for the Q15 Linear Interpolation Function.
5519:Drivers/CMSIS/DSP/Include/arm_math.h ****    * @param[in] pYData   pointer to Q15 Linear Interpolation table
5520:Drivers/CMSIS/DSP/Include/arm_math.h ****    * @param[in] x        input sample to process
5521:Drivers/CMSIS/DSP/Include/arm_math.h ****    * @param[in] nValues  number of table values
5522:Drivers/CMSIS/DSP/Include/arm_math.h ****    * @return y processed output sample.
5523:Drivers/CMSIS/DSP/Include/arm_math.h ****    *
5524:Drivers/CMSIS/DSP/Include/arm_math.h ****    * \par
5525:Drivers/CMSIS/DSP/Include/arm_math.h ****    * Input sample <code>x</code> is in 12.20 format which contains 12 bits for table index and 20 b
5526:Drivers/CMSIS/DSP/Include/arm_math.h ****    * This function can support maximum of table size 2^12.
ARM GAS  C:\Users\Lamp\AppData\Local\Temp\ccC8j8ON.s 			page 104


5527:Drivers/CMSIS/DSP/Include/arm_math.h ****    *
5528:Drivers/CMSIS/DSP/Include/arm_math.h ****    */
5529:Drivers/CMSIS/DSP/Include/arm_math.h ****   CMSIS_INLINE __STATIC_INLINE q15_t arm_linear_interp_q15(
5530:Drivers/CMSIS/DSP/Include/arm_math.h ****   q15_t * pYData,
5531:Drivers/CMSIS/DSP/Include/arm_math.h ****   q31_t x,
5532:Drivers/CMSIS/DSP/Include/arm_math.h ****   uint32_t nValues)
5533:Drivers/CMSIS/DSP/Include/arm_math.h ****   {
5534:Drivers/CMSIS/DSP/Include/arm_math.h ****     q63_t y;                                     /* output */
5535:Drivers/CMSIS/DSP/Include/arm_math.h ****     q15_t y0, y1;                                /* Nearest output values */
5536:Drivers/CMSIS/DSP/Include/arm_math.h ****     q31_t fract;                                 /* fractional part */
5537:Drivers/CMSIS/DSP/Include/arm_math.h ****     int32_t index;                               /* Index to read nearest output values */
5538:Drivers/CMSIS/DSP/Include/arm_math.h **** 
5539:Drivers/CMSIS/DSP/Include/arm_math.h ****     /* Input is in 12.20 format */
5540:Drivers/CMSIS/DSP/Include/arm_math.h ****     /* 12 bits for the table index */
5541:Drivers/CMSIS/DSP/Include/arm_math.h ****     /* Index value calculation */
5542:Drivers/CMSIS/DSP/Include/arm_math.h ****     index = ((x & (int32_t)0xFFF00000) >> 20);
5543:Drivers/CMSIS/DSP/Include/arm_math.h **** 
5544:Drivers/CMSIS/DSP/Include/arm_math.h ****     if (index >= (int32_t)(nValues - 1))
5545:Drivers/CMSIS/DSP/Include/arm_math.h ****     {
5546:Drivers/CMSIS/DSP/Include/arm_math.h ****       return (pYData[nValues - 1]);
5547:Drivers/CMSIS/DSP/Include/arm_math.h ****     }
5548:Drivers/CMSIS/DSP/Include/arm_math.h ****     else if (index < 0)
5549:Drivers/CMSIS/DSP/Include/arm_math.h ****     {
5550:Drivers/CMSIS/DSP/Include/arm_math.h ****       return (pYData[0]);
5551:Drivers/CMSIS/DSP/Include/arm_math.h ****     }
5552:Drivers/CMSIS/DSP/Include/arm_math.h ****     else
5553:Drivers/CMSIS/DSP/Include/arm_math.h ****     {
5554:Drivers/CMSIS/DSP/Include/arm_math.h ****       /* 20 bits for the fractional part */
5555:Drivers/CMSIS/DSP/Include/arm_math.h ****       /* fract is in 12.20 format */
5556:Drivers/CMSIS/DSP/Include/arm_math.h ****       fract = (x & 0x000FFFFF);
5557:Drivers/CMSIS/DSP/Include/arm_math.h **** 
5558:Drivers/CMSIS/DSP/Include/arm_math.h ****       /* Read two nearest output values from the index */
5559:Drivers/CMSIS/DSP/Include/arm_math.h ****       y0 = pYData[index];
5560:Drivers/CMSIS/DSP/Include/arm_math.h ****       y1 = pYData[index + 1];
5561:Drivers/CMSIS/DSP/Include/arm_math.h **** 
5562:Drivers/CMSIS/DSP/Include/arm_math.h ****       /* Calculation of y0 * (1-fract) and y is in 13.35 format */
5563:Drivers/CMSIS/DSP/Include/arm_math.h ****       y = ((q63_t) y0 * (0xFFFFF - fract));
5564:Drivers/CMSIS/DSP/Include/arm_math.h **** 
5565:Drivers/CMSIS/DSP/Include/arm_math.h ****       /* Calculation of (y0 * (1-fract) + y1 * fract) and y is in 13.35 format */
5566:Drivers/CMSIS/DSP/Include/arm_math.h ****       y += ((q63_t) y1 * (fract));
5567:Drivers/CMSIS/DSP/Include/arm_math.h **** 
5568:Drivers/CMSIS/DSP/Include/arm_math.h ****       /* convert y to 1.15 format */
5569:Drivers/CMSIS/DSP/Include/arm_math.h ****       return (q15_t) (y >> 20);
5570:Drivers/CMSIS/DSP/Include/arm_math.h ****     }
5571:Drivers/CMSIS/DSP/Include/arm_math.h ****   }
5572:Drivers/CMSIS/DSP/Include/arm_math.h **** 
5573:Drivers/CMSIS/DSP/Include/arm_math.h **** 
5574:Drivers/CMSIS/DSP/Include/arm_math.h ****   /**
5575:Drivers/CMSIS/DSP/Include/arm_math.h ****    *
5576:Drivers/CMSIS/DSP/Include/arm_math.h ****    * @brief  Process function for the Q7 Linear Interpolation Function.
5577:Drivers/CMSIS/DSP/Include/arm_math.h ****    * @param[in] pYData   pointer to Q7 Linear Interpolation table
5578:Drivers/CMSIS/DSP/Include/arm_math.h ****    * @param[in] x        input sample to process
5579:Drivers/CMSIS/DSP/Include/arm_math.h ****    * @param[in] nValues  number of table values
5580:Drivers/CMSIS/DSP/Include/arm_math.h ****    * @return y processed output sample.
5581:Drivers/CMSIS/DSP/Include/arm_math.h ****    *
5582:Drivers/CMSIS/DSP/Include/arm_math.h ****    * \par
5583:Drivers/CMSIS/DSP/Include/arm_math.h ****    * Input sample <code>x</code> is in 12.20 format which contains 12 bits for table index and 20 b
ARM GAS  C:\Users\Lamp\AppData\Local\Temp\ccC8j8ON.s 			page 105


5584:Drivers/CMSIS/DSP/Include/arm_math.h ****    * This function can support maximum of table size 2^12.
5585:Drivers/CMSIS/DSP/Include/arm_math.h ****    */
5586:Drivers/CMSIS/DSP/Include/arm_math.h ****   CMSIS_INLINE __STATIC_INLINE q7_t arm_linear_interp_q7(
5587:Drivers/CMSIS/DSP/Include/arm_math.h ****   q7_t * pYData,
5588:Drivers/CMSIS/DSP/Include/arm_math.h ****   q31_t x,
5589:Drivers/CMSIS/DSP/Include/arm_math.h ****   uint32_t nValues)
5590:Drivers/CMSIS/DSP/Include/arm_math.h ****   {
5591:Drivers/CMSIS/DSP/Include/arm_math.h ****     q31_t y;                                     /* output */
5592:Drivers/CMSIS/DSP/Include/arm_math.h ****     q7_t y0, y1;                                 /* Nearest output values */
5593:Drivers/CMSIS/DSP/Include/arm_math.h ****     q31_t fract;                                 /* fractional part */
5594:Drivers/CMSIS/DSP/Include/arm_math.h ****     uint32_t index;                              /* Index to read nearest output values */
5595:Drivers/CMSIS/DSP/Include/arm_math.h **** 
5596:Drivers/CMSIS/DSP/Include/arm_math.h ****     /* Input is in 12.20 format */
5597:Drivers/CMSIS/DSP/Include/arm_math.h ****     /* 12 bits for the table index */
5598:Drivers/CMSIS/DSP/Include/arm_math.h ****     /* Index value calculation */
5599:Drivers/CMSIS/DSP/Include/arm_math.h ****     if (x < 0)
5600:Drivers/CMSIS/DSP/Include/arm_math.h ****     {
5601:Drivers/CMSIS/DSP/Include/arm_math.h ****       return (pYData[0]);
5602:Drivers/CMSIS/DSP/Include/arm_math.h ****     }
5603:Drivers/CMSIS/DSP/Include/arm_math.h ****     index = (x >> 20) & 0xfff;
5604:Drivers/CMSIS/DSP/Include/arm_math.h **** 
5605:Drivers/CMSIS/DSP/Include/arm_math.h ****     if (index >= (nValues - 1))
5606:Drivers/CMSIS/DSP/Include/arm_math.h ****     {
5607:Drivers/CMSIS/DSP/Include/arm_math.h ****       return (pYData[nValues - 1]);
5608:Drivers/CMSIS/DSP/Include/arm_math.h ****     }
5609:Drivers/CMSIS/DSP/Include/arm_math.h ****     else
5610:Drivers/CMSIS/DSP/Include/arm_math.h ****     {
5611:Drivers/CMSIS/DSP/Include/arm_math.h ****       /* 20 bits for the fractional part */
5612:Drivers/CMSIS/DSP/Include/arm_math.h ****       /* fract is in 12.20 format */
5613:Drivers/CMSIS/DSP/Include/arm_math.h ****       fract = (x & 0x000FFFFF);
5614:Drivers/CMSIS/DSP/Include/arm_math.h **** 
5615:Drivers/CMSIS/DSP/Include/arm_math.h ****       /* Read two nearest output values from the index and are in 1.7(q7) format */
5616:Drivers/CMSIS/DSP/Include/arm_math.h ****       y0 = pYData[index];
5617:Drivers/CMSIS/DSP/Include/arm_math.h ****       y1 = pYData[index + 1];
5618:Drivers/CMSIS/DSP/Include/arm_math.h **** 
5619:Drivers/CMSIS/DSP/Include/arm_math.h ****       /* Calculation of y0 * (1-fract ) and y is in 13.27(q27) format */
5620:Drivers/CMSIS/DSP/Include/arm_math.h ****       y = ((y0 * (0xFFFFF - fract)));
5621:Drivers/CMSIS/DSP/Include/arm_math.h **** 
5622:Drivers/CMSIS/DSP/Include/arm_math.h ****       /* Calculation of y1 * fract + y0 * (1-fract) and y is in 13.27(q27) format */
5623:Drivers/CMSIS/DSP/Include/arm_math.h ****       y += (y1 * fract);
5624:Drivers/CMSIS/DSP/Include/arm_math.h **** 
5625:Drivers/CMSIS/DSP/Include/arm_math.h ****       /* convert y to 1.7(q7) format */
5626:Drivers/CMSIS/DSP/Include/arm_math.h ****       return (q7_t) (y >> 20);
5627:Drivers/CMSIS/DSP/Include/arm_math.h ****      }
5628:Drivers/CMSIS/DSP/Include/arm_math.h ****   }
5629:Drivers/CMSIS/DSP/Include/arm_math.h **** 
5630:Drivers/CMSIS/DSP/Include/arm_math.h ****   /**
5631:Drivers/CMSIS/DSP/Include/arm_math.h ****    * @} end of LinearInterpolate group
5632:Drivers/CMSIS/DSP/Include/arm_math.h ****    */
5633:Drivers/CMSIS/DSP/Include/arm_math.h **** 
5634:Drivers/CMSIS/DSP/Include/arm_math.h ****   /**
5635:Drivers/CMSIS/DSP/Include/arm_math.h ****    * @brief  Fast approximation to the trigonometric sine function for floating-point data.
5636:Drivers/CMSIS/DSP/Include/arm_math.h ****    * @param[in] x  input value in radians.
5637:Drivers/CMSIS/DSP/Include/arm_math.h ****    * @return  sin(x).
5638:Drivers/CMSIS/DSP/Include/arm_math.h ****    */
5639:Drivers/CMSIS/DSP/Include/arm_math.h ****   float32_t arm_sin_f32(
5640:Drivers/CMSIS/DSP/Include/arm_math.h ****   float32_t x);
ARM GAS  C:\Users\Lamp\AppData\Local\Temp\ccC8j8ON.s 			page 106


5641:Drivers/CMSIS/DSP/Include/arm_math.h **** 
5642:Drivers/CMSIS/DSP/Include/arm_math.h **** 
5643:Drivers/CMSIS/DSP/Include/arm_math.h ****   /**
5644:Drivers/CMSIS/DSP/Include/arm_math.h ****    * @brief  Fast approximation to the trigonometric sine function for Q31 data.
5645:Drivers/CMSIS/DSP/Include/arm_math.h ****    * @param[in] x  Scaled input value in radians.
5646:Drivers/CMSIS/DSP/Include/arm_math.h ****    * @return  sin(x).
5647:Drivers/CMSIS/DSP/Include/arm_math.h ****    */
5648:Drivers/CMSIS/DSP/Include/arm_math.h ****   q31_t arm_sin_q31(
5649:Drivers/CMSIS/DSP/Include/arm_math.h ****   q31_t x);
5650:Drivers/CMSIS/DSP/Include/arm_math.h **** 
5651:Drivers/CMSIS/DSP/Include/arm_math.h **** 
5652:Drivers/CMSIS/DSP/Include/arm_math.h ****   /**
5653:Drivers/CMSIS/DSP/Include/arm_math.h ****    * @brief  Fast approximation to the trigonometric sine function for Q15 data.
5654:Drivers/CMSIS/DSP/Include/arm_math.h ****    * @param[in] x  Scaled input value in radians.
5655:Drivers/CMSIS/DSP/Include/arm_math.h ****    * @return  sin(x).
5656:Drivers/CMSIS/DSP/Include/arm_math.h ****    */
5657:Drivers/CMSIS/DSP/Include/arm_math.h ****   q15_t arm_sin_q15(
5658:Drivers/CMSIS/DSP/Include/arm_math.h ****   q15_t x);
5659:Drivers/CMSIS/DSP/Include/arm_math.h **** 
5660:Drivers/CMSIS/DSP/Include/arm_math.h **** 
5661:Drivers/CMSIS/DSP/Include/arm_math.h ****   /**
5662:Drivers/CMSIS/DSP/Include/arm_math.h ****    * @brief  Fast approximation to the trigonometric cosine function for floating-point data.
5663:Drivers/CMSIS/DSP/Include/arm_math.h ****    * @param[in] x  input value in radians.
5664:Drivers/CMSIS/DSP/Include/arm_math.h ****    * @return  cos(x).
5665:Drivers/CMSIS/DSP/Include/arm_math.h ****    */
5666:Drivers/CMSIS/DSP/Include/arm_math.h ****   float32_t arm_cos_f32(
5667:Drivers/CMSIS/DSP/Include/arm_math.h ****   float32_t x);
5668:Drivers/CMSIS/DSP/Include/arm_math.h **** 
5669:Drivers/CMSIS/DSP/Include/arm_math.h **** 
5670:Drivers/CMSIS/DSP/Include/arm_math.h ****   /**
5671:Drivers/CMSIS/DSP/Include/arm_math.h ****    * @brief Fast approximation to the trigonometric cosine function for Q31 data.
5672:Drivers/CMSIS/DSP/Include/arm_math.h ****    * @param[in] x  Scaled input value in radians.
5673:Drivers/CMSIS/DSP/Include/arm_math.h ****    * @return  cos(x).
5674:Drivers/CMSIS/DSP/Include/arm_math.h ****    */
5675:Drivers/CMSIS/DSP/Include/arm_math.h ****   q31_t arm_cos_q31(
5676:Drivers/CMSIS/DSP/Include/arm_math.h ****   q31_t x);
5677:Drivers/CMSIS/DSP/Include/arm_math.h **** 
5678:Drivers/CMSIS/DSP/Include/arm_math.h **** 
5679:Drivers/CMSIS/DSP/Include/arm_math.h ****   /**
5680:Drivers/CMSIS/DSP/Include/arm_math.h ****    * @brief  Fast approximation to the trigonometric cosine function for Q15 data.
5681:Drivers/CMSIS/DSP/Include/arm_math.h ****    * @param[in] x  Scaled input value in radians.
5682:Drivers/CMSIS/DSP/Include/arm_math.h ****    * @return  cos(x).
5683:Drivers/CMSIS/DSP/Include/arm_math.h ****    */
5684:Drivers/CMSIS/DSP/Include/arm_math.h ****   q15_t arm_cos_q15(
5685:Drivers/CMSIS/DSP/Include/arm_math.h ****   q15_t x);
5686:Drivers/CMSIS/DSP/Include/arm_math.h **** 
5687:Drivers/CMSIS/DSP/Include/arm_math.h **** 
5688:Drivers/CMSIS/DSP/Include/arm_math.h ****   /**
5689:Drivers/CMSIS/DSP/Include/arm_math.h ****    * @ingroup groupFastMath
5690:Drivers/CMSIS/DSP/Include/arm_math.h ****    */
5691:Drivers/CMSIS/DSP/Include/arm_math.h **** 
5692:Drivers/CMSIS/DSP/Include/arm_math.h **** 
5693:Drivers/CMSIS/DSP/Include/arm_math.h ****   /**
5694:Drivers/CMSIS/DSP/Include/arm_math.h ****    * @defgroup SQRT Square Root
5695:Drivers/CMSIS/DSP/Include/arm_math.h ****    *
5696:Drivers/CMSIS/DSP/Include/arm_math.h ****    * Computes the square root of a number.
5697:Drivers/CMSIS/DSP/Include/arm_math.h ****    * There are separate functions for Q15, Q31, and floating-point data types.
ARM GAS  C:\Users\Lamp\AppData\Local\Temp\ccC8j8ON.s 			page 107


5698:Drivers/CMSIS/DSP/Include/arm_math.h ****    * The square root function is computed using the Newton-Raphson algorithm.
5699:Drivers/CMSIS/DSP/Include/arm_math.h ****    * This is an iterative algorithm of the form:
5700:Drivers/CMSIS/DSP/Include/arm_math.h ****    * <pre>
5701:Drivers/CMSIS/DSP/Include/arm_math.h ****    *      x1 = x0 - f(x0)/f'(x0)
5702:Drivers/CMSIS/DSP/Include/arm_math.h ****    * </pre>
5703:Drivers/CMSIS/DSP/Include/arm_math.h ****    * where <code>x1</code> is the current estimate,
5704:Drivers/CMSIS/DSP/Include/arm_math.h ****    * <code>x0</code> is the previous estimate, and
5705:Drivers/CMSIS/DSP/Include/arm_math.h ****    * <code>f'(x0)</code> is the derivative of <code>f()</code> evaluated at <code>x0</code>.
5706:Drivers/CMSIS/DSP/Include/arm_math.h ****    * For the square root function, the algorithm reduces to:
5707:Drivers/CMSIS/DSP/Include/arm_math.h ****    * <pre>
5708:Drivers/CMSIS/DSP/Include/arm_math.h ****    *     x0 = in/2                         [initial guess]
5709:Drivers/CMSIS/DSP/Include/arm_math.h ****    *     x1 = 1/2 * ( x0 + in / x0)        [each iteration]
5710:Drivers/CMSIS/DSP/Include/arm_math.h ****    * </pre>
5711:Drivers/CMSIS/DSP/Include/arm_math.h ****    */
5712:Drivers/CMSIS/DSP/Include/arm_math.h **** 
5713:Drivers/CMSIS/DSP/Include/arm_math.h **** 
5714:Drivers/CMSIS/DSP/Include/arm_math.h ****   /**
5715:Drivers/CMSIS/DSP/Include/arm_math.h ****    * @addtogroup SQRT
5716:Drivers/CMSIS/DSP/Include/arm_math.h ****    * @{
5717:Drivers/CMSIS/DSP/Include/arm_math.h ****    */
5718:Drivers/CMSIS/DSP/Include/arm_math.h **** 
5719:Drivers/CMSIS/DSP/Include/arm_math.h ****   /**
5720:Drivers/CMSIS/DSP/Include/arm_math.h ****    * @brief  Floating-point square root function.
5721:Drivers/CMSIS/DSP/Include/arm_math.h ****    * @param[in]  in    input value.
5722:Drivers/CMSIS/DSP/Include/arm_math.h ****    * @param[out] pOut  square root of input value.
5723:Drivers/CMSIS/DSP/Include/arm_math.h ****    * @return The function returns ARM_MATH_SUCCESS if input value is positive value or ARM_MATH_ARG
5724:Drivers/CMSIS/DSP/Include/arm_math.h ****    * <code>in</code> is negative value and returns zero output for negative values.
5725:Drivers/CMSIS/DSP/Include/arm_math.h ****    */
5726:Drivers/CMSIS/DSP/Include/arm_math.h ****   CMSIS_INLINE __STATIC_INLINE arm_status arm_sqrt_f32(
 162              		.loc 2 5726 43 view .LVU38
 163              	.LBB5:
5727:Drivers/CMSIS/DSP/Include/arm_math.h ****   float32_t in,
5728:Drivers/CMSIS/DSP/Include/arm_math.h ****   float32_t * pOut)
5729:Drivers/CMSIS/DSP/Include/arm_math.h ****   {
5730:Drivers/CMSIS/DSP/Include/arm_math.h ****     if (in >= 0.0f)
 164              		.loc 2 5730 5 view .LVU39
 165              		.loc 2 5730 8 is_stmt 0 view .LVU40
 166 007e 0021     		movs	r1, #0
 167 0080 FFF7FEFF 		bl	__aeabi_fcmpge
 168              	.LVL23:
 169              		.loc 2 5730 8 view .LVU41
 170 0084 30B1     		cbz	r0, .L9
5731:Drivers/CMSIS/DSP/Include/arm_math.h ****     {
5732:Drivers/CMSIS/DSP/Include/arm_math.h **** 
5733:Drivers/CMSIS/DSP/Include/arm_math.h **** #if   (__FPU_USED == 1) && defined ( __CC_ARM   )
5734:Drivers/CMSIS/DSP/Include/arm_math.h ****       *pOut = __sqrtf(in);
5735:Drivers/CMSIS/DSP/Include/arm_math.h **** #elif (__FPU_USED == 1) && (defined(__ARMCC_VERSION) && (__ARMCC_VERSION >= 6010050))
5736:Drivers/CMSIS/DSP/Include/arm_math.h ****       *pOut = __builtin_sqrtf(in);
5737:Drivers/CMSIS/DSP/Include/arm_math.h **** #elif (__FPU_USED == 1) && defined(__GNUC__)
5738:Drivers/CMSIS/DSP/Include/arm_math.h ****       *pOut = __builtin_sqrtf(in);
5739:Drivers/CMSIS/DSP/Include/arm_math.h **** #elif (__FPU_USED == 1) && defined ( __ICCARM__ ) && (__VER__ >= 6040000)
5740:Drivers/CMSIS/DSP/Include/arm_math.h ****       __ASM("VSQRT.F32 %0,%1" : "=t"(*pOut) : "t"(in));
5741:Drivers/CMSIS/DSP/Include/arm_math.h **** #else
5742:Drivers/CMSIS/DSP/Include/arm_math.h ****       *pOut = sqrtf(in);
 171              		.loc 2 5742 7 is_stmt 1 view .LVU42
 172              		.loc 2 5742 15 is_stmt 0 view .LVU43
 173 0086 2046     		mov	r0, r4
ARM GAS  C:\Users\Lamp\AppData\Local\Temp\ccC8j8ON.s 			page 108


 174 0088 FFF7FEFF 		bl	sqrtf
 175              	.LVL24:
 176              		.loc 2 5742 13 discriminator 1 view .LVU44
 177 008c CAF80000 		str	r0, [r10]	@ float
5743:Drivers/CMSIS/DSP/Include/arm_math.h **** #endif
5744:Drivers/CMSIS/DSP/Include/arm_math.h **** 
5745:Drivers/CMSIS/DSP/Include/arm_math.h ****       return (ARM_MATH_SUCCESS);
 178              		.loc 2 5745 7 is_stmt 1 view .LVU45
 179              	.LVL25:
 180              	.L1:
 181              		.loc 2 5745 7 is_stmt 0 view .LVU46
 182              	.LBE5:
 183              	.LBE4:
 180:Drivers/CMSIS/DSP/Source/StatisticsFunctions/arm_std_f32.c **** 
 181:Drivers/CMSIS/DSP/Source/StatisticsFunctions/arm_std_f32.c **** #endif /* #if defined (ARM_MATH_DSP) */
 182:Drivers/CMSIS/DSP/Source/StatisticsFunctions/arm_std_f32.c **** }
 184              		.loc 1 182 1 view .LVU47
 185 0090 BDE8F087 		pop	{r4, r5, r6, r7, r8, r9, r10, pc}
 186              	.LVL26:
 187              	.L9:
 188              	.LBB7:
 189              	.LBB6:
5746:Drivers/CMSIS/DSP/Include/arm_math.h ****     }
5747:Drivers/CMSIS/DSP/Include/arm_math.h ****     else
5748:Drivers/CMSIS/DSP/Include/arm_math.h ****     {
5749:Drivers/CMSIS/DSP/Include/arm_math.h ****       *pOut = 0.0f;
 190              		.loc 2 5749 7 is_stmt 1 view .LVU48
 191              		.loc 2 5749 13 is_stmt 0 view .LVU49
 192 0094 0023     		movs	r3, #0
 193 0096 CAF80030 		str	r3, [r10]	@ float
5750:Drivers/CMSIS/DSP/Include/arm_math.h ****       return (ARM_MATH_ARGUMENT_ERROR);
 194              		.loc 2 5750 7 is_stmt 1 view .LVU50
 195              	.LVL27:
 196              		.loc 2 5750 14 is_stmt 0 view .LVU51
 197 009a F9E7     		b	.L1
 198              	.LBE6:
 199              	.LBE7:
 200              		.cfi_endproc
 201              	.LFE100:
 203              		.text
 204              	.Letext0:
 205              		.file 3 "C:/ARM GNU Toolchain/arm-none-eabi/include/machine/_default_types.h"
 206              		.file 4 "C:/ARM GNU Toolchain/arm-none-eabi/include/sys/_stdint.h"
 207              		.file 5 "C:/ARM GNU Toolchain/arm-none-eabi/include/math.h"
ARM GAS  C:\Users\Lamp\AppData\Local\Temp\ccC8j8ON.s 			page 109


DEFINED SYMBOLS
                            *ABS*:00000000 arm_std_f32.c
C:\Users\Lamp\AppData\Local\Temp\ccC8j8ON.s:25     .text.arm_std_f32:00000000 $t
C:\Users\Lamp\AppData\Local\Temp\ccC8j8ON.s:31     .text.arm_std_f32:00000000 arm_std_f32

UNDEFINED SYMBOLS
__aeabi_fmul
__aeabi_fadd
__aeabi_ui2f
__aeabi_fdiv
__aeabi_fsub
__aeabi_fcmpge
sqrtf
