ARM GAS  C:\Users\Lamp\AppData\Local\Temp\ccJUbmgO.s 			page 1


   1              		.cpu cortex-m3
   2              		.arch armv7-m
   3              		.fpu softvfp
   4              		.eabi_attribute 20, 1
   5              		.eabi_attribute 21, 1
   6              		.eabi_attribute 23, 3
   7              		.eabi_attribute 24, 1
   8              		.eabi_attribute 25, 1
   9              		.eabi_attribute 26, 1
  10              		.eabi_attribute 30, 1
  11              		.eabi_attribute 34, 1
  12              		.eabi_attribute 18, 4
  13              		.file	"arm_correlate_q15.c"
  14              		.text
  15              	.Ltext0:
  16              		.cfi_sections	.debug_frame
  17              		.file 1 "Drivers/CMSIS/DSP/Source/FilteringFunctions/arm_correlate_q15.c"
  18              		.section	.text.arm_correlate_q15,"ax",%progbits
  19              		.align	1
  20              		.global	arm_correlate_q15
  21              		.syntax unified
  22              		.thumb
  23              		.thumb_func
  25              	arm_correlate_q15:
  26              	.LVL0:
  27              	.LFB100:
   1:Drivers/CMSIS/DSP/Source/FilteringFunctions/arm_correlate_q15.c **** /* ----------------------------------------------------------------------
   2:Drivers/CMSIS/DSP/Source/FilteringFunctions/arm_correlate_q15.c ****  * Project:      CMSIS DSP Library
   3:Drivers/CMSIS/DSP/Source/FilteringFunctions/arm_correlate_q15.c ****  * Title:        arm_correlate_q15.c
   4:Drivers/CMSIS/DSP/Source/FilteringFunctions/arm_correlate_q15.c ****  * Description:  Correlation of Q15 sequences
   5:Drivers/CMSIS/DSP/Source/FilteringFunctions/arm_correlate_q15.c ****  *
   6:Drivers/CMSIS/DSP/Source/FilteringFunctions/arm_correlate_q15.c ****  * $Date:        27. January 2017
   7:Drivers/CMSIS/DSP/Source/FilteringFunctions/arm_correlate_q15.c ****  * $Revision:    V.1.5.1
   8:Drivers/CMSIS/DSP/Source/FilteringFunctions/arm_correlate_q15.c ****  *
   9:Drivers/CMSIS/DSP/Source/FilteringFunctions/arm_correlate_q15.c ****  * Target Processor: Cortex-M cores
  10:Drivers/CMSIS/DSP/Source/FilteringFunctions/arm_correlate_q15.c ****  * -------------------------------------------------------------------- */
  11:Drivers/CMSIS/DSP/Source/FilteringFunctions/arm_correlate_q15.c **** /*
  12:Drivers/CMSIS/DSP/Source/FilteringFunctions/arm_correlate_q15.c ****  * Copyright (C) 2010-2017 ARM Limited or its affiliates. All rights reserved.
  13:Drivers/CMSIS/DSP/Source/FilteringFunctions/arm_correlate_q15.c ****  *
  14:Drivers/CMSIS/DSP/Source/FilteringFunctions/arm_correlate_q15.c ****  * SPDX-License-Identifier: Apache-2.0
  15:Drivers/CMSIS/DSP/Source/FilteringFunctions/arm_correlate_q15.c ****  *
  16:Drivers/CMSIS/DSP/Source/FilteringFunctions/arm_correlate_q15.c ****  * Licensed under the Apache License, Version 2.0 (the License); you may
  17:Drivers/CMSIS/DSP/Source/FilteringFunctions/arm_correlate_q15.c ****  * not use this file except in compliance with the License.
  18:Drivers/CMSIS/DSP/Source/FilteringFunctions/arm_correlate_q15.c ****  * You may obtain a copy of the License at
  19:Drivers/CMSIS/DSP/Source/FilteringFunctions/arm_correlate_q15.c ****  *
  20:Drivers/CMSIS/DSP/Source/FilteringFunctions/arm_correlate_q15.c ****  * www.apache.org/licenses/LICENSE-2.0
  21:Drivers/CMSIS/DSP/Source/FilteringFunctions/arm_correlate_q15.c ****  *
  22:Drivers/CMSIS/DSP/Source/FilteringFunctions/arm_correlate_q15.c ****  * Unless required by applicable law or agreed to in writing, software
  23:Drivers/CMSIS/DSP/Source/FilteringFunctions/arm_correlate_q15.c ****  * distributed under the License is distributed on an AS IS BASIS, WITHOUT
  24:Drivers/CMSIS/DSP/Source/FilteringFunctions/arm_correlate_q15.c ****  * WARRANTIES OR CONDITIONS OF ANY KIND, either express or implied.
  25:Drivers/CMSIS/DSP/Source/FilteringFunctions/arm_correlate_q15.c ****  * See the License for the specific language governing permissions and
  26:Drivers/CMSIS/DSP/Source/FilteringFunctions/arm_correlate_q15.c ****  * limitations under the License.
  27:Drivers/CMSIS/DSP/Source/FilteringFunctions/arm_correlate_q15.c ****  */
  28:Drivers/CMSIS/DSP/Source/FilteringFunctions/arm_correlate_q15.c **** 
  29:Drivers/CMSIS/DSP/Source/FilteringFunctions/arm_correlate_q15.c **** #include "arm_math.h"
  30:Drivers/CMSIS/DSP/Source/FilteringFunctions/arm_correlate_q15.c **** 
  31:Drivers/CMSIS/DSP/Source/FilteringFunctions/arm_correlate_q15.c **** /**
ARM GAS  C:\Users\Lamp\AppData\Local\Temp\ccJUbmgO.s 			page 2


  32:Drivers/CMSIS/DSP/Source/FilteringFunctions/arm_correlate_q15.c ****  * @ingroup groupFilters
  33:Drivers/CMSIS/DSP/Source/FilteringFunctions/arm_correlate_q15.c ****  */
  34:Drivers/CMSIS/DSP/Source/FilteringFunctions/arm_correlate_q15.c **** 
  35:Drivers/CMSIS/DSP/Source/FilteringFunctions/arm_correlate_q15.c **** /**
  36:Drivers/CMSIS/DSP/Source/FilteringFunctions/arm_correlate_q15.c ****  * @addtogroup Corr
  37:Drivers/CMSIS/DSP/Source/FilteringFunctions/arm_correlate_q15.c ****  * @{
  38:Drivers/CMSIS/DSP/Source/FilteringFunctions/arm_correlate_q15.c ****  */
  39:Drivers/CMSIS/DSP/Source/FilteringFunctions/arm_correlate_q15.c **** 
  40:Drivers/CMSIS/DSP/Source/FilteringFunctions/arm_correlate_q15.c **** /**
  41:Drivers/CMSIS/DSP/Source/FilteringFunctions/arm_correlate_q15.c ****  * @brief Correlation of Q15 sequences.
  42:Drivers/CMSIS/DSP/Source/FilteringFunctions/arm_correlate_q15.c ****  * @param[in] *pSrcA points to the first input sequence.
  43:Drivers/CMSIS/DSP/Source/FilteringFunctions/arm_correlate_q15.c ****  * @param[in] srcALen length of the first input sequence.
  44:Drivers/CMSIS/DSP/Source/FilteringFunctions/arm_correlate_q15.c ****  * @param[in] *pSrcB points to the second input sequence.
  45:Drivers/CMSIS/DSP/Source/FilteringFunctions/arm_correlate_q15.c ****  * @param[in] srcBLen length of the second input sequence.
  46:Drivers/CMSIS/DSP/Source/FilteringFunctions/arm_correlate_q15.c ****  * @param[out] *pDst points to the location where the output result is written.  Length 2 * max(src
  47:Drivers/CMSIS/DSP/Source/FilteringFunctions/arm_correlate_q15.c ****  * @return none.
  48:Drivers/CMSIS/DSP/Source/FilteringFunctions/arm_correlate_q15.c ****  *
  49:Drivers/CMSIS/DSP/Source/FilteringFunctions/arm_correlate_q15.c ****  * @details
  50:Drivers/CMSIS/DSP/Source/FilteringFunctions/arm_correlate_q15.c ****  * <b>Scaling and Overflow Behavior:</b>
  51:Drivers/CMSIS/DSP/Source/FilteringFunctions/arm_correlate_q15.c ****  *
  52:Drivers/CMSIS/DSP/Source/FilteringFunctions/arm_correlate_q15.c ****  * \par
  53:Drivers/CMSIS/DSP/Source/FilteringFunctions/arm_correlate_q15.c ****  * The function is implemented using a 64-bit internal accumulator.
  54:Drivers/CMSIS/DSP/Source/FilteringFunctions/arm_correlate_q15.c ****  * Both inputs are in 1.15 format and multiplications yield a 2.30 result.
  55:Drivers/CMSIS/DSP/Source/FilteringFunctions/arm_correlate_q15.c ****  * The 2.30 intermediate results are accumulated in a 64-bit accumulator in 34.30 format.
  56:Drivers/CMSIS/DSP/Source/FilteringFunctions/arm_correlate_q15.c ****  * This approach provides 33 guard bits and there is no risk of overflow.
  57:Drivers/CMSIS/DSP/Source/FilteringFunctions/arm_correlate_q15.c ****  * The 34.30 result is then truncated to 34.15 format by discarding the low 15 bits and then satura
  58:Drivers/CMSIS/DSP/Source/FilteringFunctions/arm_correlate_q15.c ****  *
  59:Drivers/CMSIS/DSP/Source/FilteringFunctions/arm_correlate_q15.c ****  * \par
  60:Drivers/CMSIS/DSP/Source/FilteringFunctions/arm_correlate_q15.c ****  * Refer to <code>arm_correlate_fast_q15()</code> for a faster but less precise version of this fun
  61:Drivers/CMSIS/DSP/Source/FilteringFunctions/arm_correlate_q15.c ****  *
  62:Drivers/CMSIS/DSP/Source/FilteringFunctions/arm_correlate_q15.c ****  * \par
  63:Drivers/CMSIS/DSP/Source/FilteringFunctions/arm_correlate_q15.c ****  * Refer the function <code>arm_correlate_opt_q15()</code> for a faster implementation of this func
  64:Drivers/CMSIS/DSP/Source/FilteringFunctions/arm_correlate_q15.c ****  *
  65:Drivers/CMSIS/DSP/Source/FilteringFunctions/arm_correlate_q15.c ****  */
  66:Drivers/CMSIS/DSP/Source/FilteringFunctions/arm_correlate_q15.c **** 
  67:Drivers/CMSIS/DSP/Source/FilteringFunctions/arm_correlate_q15.c **** void arm_correlate_q15(
  68:Drivers/CMSIS/DSP/Source/FilteringFunctions/arm_correlate_q15.c ****   q15_t * pSrcA,
  69:Drivers/CMSIS/DSP/Source/FilteringFunctions/arm_correlate_q15.c ****   uint32_t srcALen,
  70:Drivers/CMSIS/DSP/Source/FilteringFunctions/arm_correlate_q15.c ****   q15_t * pSrcB,
  71:Drivers/CMSIS/DSP/Source/FilteringFunctions/arm_correlate_q15.c ****   uint32_t srcBLen,
  72:Drivers/CMSIS/DSP/Source/FilteringFunctions/arm_correlate_q15.c ****   q15_t * pDst)
  73:Drivers/CMSIS/DSP/Source/FilteringFunctions/arm_correlate_q15.c **** {
  28              		.loc 1 73 1 view -0
  29              		.cfi_startproc
  30              		@ args = 4, pretend = 0, frame = 64
  31              		@ frame_needed = 0, uses_anonymous_args = 0
  32              		.loc 1 73 1 is_stmt 0 view .LVU1
  33 0000 2DE9F04F 		push	{r4, r5, r6, r7, r8, r9, r10, fp, lr}
  34              	.LCFI0:
  35              		.cfi_def_cfa_offset 36
  36              		.cfi_offset 4, -36
  37              		.cfi_offset 5, -32
  38              		.cfi_offset 6, -28
  39              		.cfi_offset 7, -24
  40              		.cfi_offset 8, -20
  41              		.cfi_offset 9, -16
  42              		.cfi_offset 10, -12
ARM GAS  C:\Users\Lamp\AppData\Local\Temp\ccJUbmgO.s 			page 3


  43              		.cfi_offset 11, -8
  44              		.cfi_offset 14, -4
  45 0004 91B0     		sub	sp, sp, #68
  46              	.LCFI1:
  47              		.cfi_def_cfa_offset 104
  48 0006 0B90     		str	r0, [sp, #44]
  49 0008 0892     		str	r2, [sp, #32]
  50 000a 0A93     		str	r3, [sp, #40]
  74:Drivers/CMSIS/DSP/Source/FilteringFunctions/arm_correlate_q15.c **** 
  75:Drivers/CMSIS/DSP/Source/FilteringFunctions/arm_correlate_q15.c **** #if (defined(ARM_MATH_CM7) || defined(ARM_MATH_CM4) || defined(ARM_MATH_CM3)) && !defined(UNALIGNED
  76:Drivers/CMSIS/DSP/Source/FilteringFunctions/arm_correlate_q15.c **** 
  77:Drivers/CMSIS/DSP/Source/FilteringFunctions/arm_correlate_q15.c ****   /* Run the below code for Cortex-M4 and Cortex-M3 */
  78:Drivers/CMSIS/DSP/Source/FilteringFunctions/arm_correlate_q15.c **** 
  79:Drivers/CMSIS/DSP/Source/FilteringFunctions/arm_correlate_q15.c ****   q15_t *pIn1;                                   /* inputA pointer               */
  51              		.loc 1 79 3 is_stmt 1 view .LVU2
  80:Drivers/CMSIS/DSP/Source/FilteringFunctions/arm_correlate_q15.c ****   q15_t *pIn2;                                   /* inputB pointer               */
  52              		.loc 1 80 3 view .LVU3
  81:Drivers/CMSIS/DSP/Source/FilteringFunctions/arm_correlate_q15.c ****   q15_t *pOut = pDst;                            /* output pointer               */
  53              		.loc 1 81 3 view .LVU4
  54              	.LVL1:
  82:Drivers/CMSIS/DSP/Source/FilteringFunctions/arm_correlate_q15.c ****   q63_t sum, acc0, acc1, acc2, acc3;             /* Accumulators                  */
  55              		.loc 1 82 3 view .LVU5
  83:Drivers/CMSIS/DSP/Source/FilteringFunctions/arm_correlate_q15.c ****   q15_t *px;                                     /* Intermediate inputA pointer  */
  56              		.loc 1 83 3 view .LVU6
  84:Drivers/CMSIS/DSP/Source/FilteringFunctions/arm_correlate_q15.c ****   q15_t *py;                                     /* Intermediate inputB pointer  */
  57              		.loc 1 84 3 view .LVU7
  85:Drivers/CMSIS/DSP/Source/FilteringFunctions/arm_correlate_q15.c ****   q15_t *pSrc1;                                  /* Intermediate pointers        */
  58              		.loc 1 85 3 view .LVU8
  86:Drivers/CMSIS/DSP/Source/FilteringFunctions/arm_correlate_q15.c ****   q31_t x0, x1, x2, x3, c0;                      /* temporary variables for holding input and coeff
  59              		.loc 1 86 3 view .LVU9
  87:Drivers/CMSIS/DSP/Source/FilteringFunctions/arm_correlate_q15.c ****   uint32_t j, k = 0U, count, blkCnt, outBlockSize, blockSize1, blockSize2, blockSize3;  /* loop cou
  60              		.loc 1 87 3 view .LVU10
  88:Drivers/CMSIS/DSP/Source/FilteringFunctions/arm_correlate_q15.c ****   int32_t inc = 1;                               /* Destination address modifier */
  61              		.loc 1 88 3 view .LVU11
  89:Drivers/CMSIS/DSP/Source/FilteringFunctions/arm_correlate_q15.c **** 
  90:Drivers/CMSIS/DSP/Source/FilteringFunctions/arm_correlate_q15.c **** 
  91:Drivers/CMSIS/DSP/Source/FilteringFunctions/arm_correlate_q15.c ****   /* The algorithm implementation is based on the lengths of the inputs. */
  92:Drivers/CMSIS/DSP/Source/FilteringFunctions/arm_correlate_q15.c ****   /* srcB is always made to slide across srcA. */
  93:Drivers/CMSIS/DSP/Source/FilteringFunctions/arm_correlate_q15.c ****   /* So srcBLen is always considered as shorter or equal to srcALen */
  94:Drivers/CMSIS/DSP/Source/FilteringFunctions/arm_correlate_q15.c ****   /* But CORR(x, y) is reverse of CORR(y, x) */
  95:Drivers/CMSIS/DSP/Source/FilteringFunctions/arm_correlate_q15.c ****   /* So, when srcBLen > srcALen, output pointer is made to point to the end of the output buffer */
  96:Drivers/CMSIS/DSP/Source/FilteringFunctions/arm_correlate_q15.c ****   /* and the destination pointer modifier, inc is set to -1 */
  97:Drivers/CMSIS/DSP/Source/FilteringFunctions/arm_correlate_q15.c ****   /* If srcALen > srcBLen, zero pad has to be done to srcB to make the two inputs of same length */
  98:Drivers/CMSIS/DSP/Source/FilteringFunctions/arm_correlate_q15.c ****   /* But to improve the performance,
  99:Drivers/CMSIS/DSP/Source/FilteringFunctions/arm_correlate_q15.c ****    * we include zeroes in the output instead of zero padding either of the the inputs*/
 100:Drivers/CMSIS/DSP/Source/FilteringFunctions/arm_correlate_q15.c ****   /* If srcALen > srcBLen,
 101:Drivers/CMSIS/DSP/Source/FilteringFunctions/arm_correlate_q15.c ****    * (srcALen - srcBLen) zeroes has to included in the starting of the output buffer */
 102:Drivers/CMSIS/DSP/Source/FilteringFunctions/arm_correlate_q15.c ****   /* If srcALen < srcBLen,
 103:Drivers/CMSIS/DSP/Source/FilteringFunctions/arm_correlate_q15.c ****    * (srcALen - srcBLen) zeroes has to included in the ending of the output buffer */
 104:Drivers/CMSIS/DSP/Source/FilteringFunctions/arm_correlate_q15.c ****   if (srcALen >= srcBLen)
  62              		.loc 1 104 3 view .LVU12
  63              		.loc 1 104 6 is_stmt 0 view .LVU13
  64 000c 9942     		cmp	r1, r3
  65 000e 22D3     		bcc	.L2
  66 0010 1A46     		mov	r2, r3
  67              	.LVL2:
 105:Drivers/CMSIS/DSP/Source/FilteringFunctions/arm_correlate_q15.c ****   {
ARM GAS  C:\Users\Lamp\AppData\Local\Temp\ccJUbmgO.s 			page 4


 106:Drivers/CMSIS/DSP/Source/FilteringFunctions/arm_correlate_q15.c ****     /* Initialization of inputA pointer */
 107:Drivers/CMSIS/DSP/Source/FilteringFunctions/arm_correlate_q15.c ****     pIn1 = (pSrcA);
  68              		.loc 1 107 5 is_stmt 1 view .LVU14
 108:Drivers/CMSIS/DSP/Source/FilteringFunctions/arm_correlate_q15.c **** 
 109:Drivers/CMSIS/DSP/Source/FilteringFunctions/arm_correlate_q15.c ****     /* Initialization of inputB pointer */
 110:Drivers/CMSIS/DSP/Source/FilteringFunctions/arm_correlate_q15.c ****     pIn2 = (pSrcB);
  69              		.loc 1 110 5 view .LVU15
 111:Drivers/CMSIS/DSP/Source/FilteringFunctions/arm_correlate_q15.c **** 
 112:Drivers/CMSIS/DSP/Source/FilteringFunctions/arm_correlate_q15.c ****     /* Number of output samples is calculated */
 113:Drivers/CMSIS/DSP/Source/FilteringFunctions/arm_correlate_q15.c ****     outBlockSize = (2U * srcALen) - 1U;
  70              		.loc 1 113 5 view .LVU16
  71              		.loc 1 113 24 is_stmt 0 view .LVU17
  72 0012 4B00     		lsls	r3, r1, #1
  73              	.LVL3:
  74              		.loc 1 113 18 view .LVU18
  75 0014 013B     		subs	r3, r3, #1
  76              	.LVL4:
 114:Drivers/CMSIS/DSP/Source/FilteringFunctions/arm_correlate_q15.c **** 
 115:Drivers/CMSIS/DSP/Source/FilteringFunctions/arm_correlate_q15.c ****     /* When srcALen > srcBLen, zero padding is done to srcB
 116:Drivers/CMSIS/DSP/Source/FilteringFunctions/arm_correlate_q15.c ****      * to make their lengths equal.
 117:Drivers/CMSIS/DSP/Source/FilteringFunctions/arm_correlate_q15.c ****      * Instead, (outBlockSize - (srcALen + srcBLen - 1))
 118:Drivers/CMSIS/DSP/Source/FilteringFunctions/arm_correlate_q15.c ****      * number of output samples are made zero */
 119:Drivers/CMSIS/DSP/Source/FilteringFunctions/arm_correlate_q15.c ****     j = outBlockSize - (srcALen + (srcBLen - 1U));
  77              		.loc 1 119 5 is_stmt 1 view .LVU19
  78              		.loc 1 119 33 is_stmt 0 view .LVU20
  79 0016 8A18     		adds	r2, r1, r2
  80              	.LVL5:
  81              		.loc 1 119 22 view .LVU21
  82 0018 9B1A     		subs	r3, r3, r2
  83              	.LVL6:
  84              		.loc 1 119 7 view .LVU22
  85 001a 0133     		adds	r3, r3, #1
  86              	.LVL7:
 120:Drivers/CMSIS/DSP/Source/FilteringFunctions/arm_correlate_q15.c **** 
 121:Drivers/CMSIS/DSP/Source/FilteringFunctions/arm_correlate_q15.c ****     /* Updating the pointer position to non zero value */
 122:Drivers/CMSIS/DSP/Source/FilteringFunctions/arm_correlate_q15.c ****     pOut += j;
  87              		.loc 1 122 5 is_stmt 1 view .LVU23
  88              		.loc 1 122 10 is_stmt 0 view .LVU24
  89 001c 1A9A     		ldr	r2, [sp, #104]
  90 001e 02EB4303 		add	r3, r2, r3, lsl #1
  91              	.LVL8:
  92              		.loc 1 122 10 view .LVU25
  93 0022 0793     		str	r3, [sp, #28]
  94              	.LVL9:
  88:Drivers/CMSIS/DSP/Source/FilteringFunctions/arm_correlate_q15.c **** 
  95              		.loc 1 88 11 view .LVU26
  96 0024 0123     		movs	r3, #1
  97              	.LVL10:
  88:Drivers/CMSIS/DSP/Source/FilteringFunctions/arm_correlate_q15.c **** 
  98              		.loc 1 88 11 view .LVU27
  99 0026 0D93     		str	r3, [sp, #52]
 100              	.LVL11:
 101              	.L3:
 123:Drivers/CMSIS/DSP/Source/FilteringFunctions/arm_correlate_q15.c **** 
 124:Drivers/CMSIS/DSP/Source/FilteringFunctions/arm_correlate_q15.c ****   }
 125:Drivers/CMSIS/DSP/Source/FilteringFunctions/arm_correlate_q15.c ****   else
 126:Drivers/CMSIS/DSP/Source/FilteringFunctions/arm_correlate_q15.c ****   {
ARM GAS  C:\Users\Lamp\AppData\Local\Temp\ccJUbmgO.s 			page 5


 127:Drivers/CMSIS/DSP/Source/FilteringFunctions/arm_correlate_q15.c ****     /* Initialization of inputA pointer */
 128:Drivers/CMSIS/DSP/Source/FilteringFunctions/arm_correlate_q15.c ****     pIn1 = (pSrcB);
 129:Drivers/CMSIS/DSP/Source/FilteringFunctions/arm_correlate_q15.c **** 
 130:Drivers/CMSIS/DSP/Source/FilteringFunctions/arm_correlate_q15.c ****     /* Initialization of inputB pointer */
 131:Drivers/CMSIS/DSP/Source/FilteringFunctions/arm_correlate_q15.c ****     pIn2 = (pSrcA);
 132:Drivers/CMSIS/DSP/Source/FilteringFunctions/arm_correlate_q15.c **** 
 133:Drivers/CMSIS/DSP/Source/FilteringFunctions/arm_correlate_q15.c ****     /* srcBLen is always considered as shorter or equal to srcALen */
 134:Drivers/CMSIS/DSP/Source/FilteringFunctions/arm_correlate_q15.c ****     j = srcBLen;
 135:Drivers/CMSIS/DSP/Source/FilteringFunctions/arm_correlate_q15.c ****     srcBLen = srcALen;
 136:Drivers/CMSIS/DSP/Source/FilteringFunctions/arm_correlate_q15.c ****     srcALen = j;
 137:Drivers/CMSIS/DSP/Source/FilteringFunctions/arm_correlate_q15.c **** 
 138:Drivers/CMSIS/DSP/Source/FilteringFunctions/arm_correlate_q15.c ****     /* CORR(x, y) = Reverse order(CORR(y, x)) */
 139:Drivers/CMSIS/DSP/Source/FilteringFunctions/arm_correlate_q15.c ****     /* Hence set the destination pointer to point to the last output sample */
 140:Drivers/CMSIS/DSP/Source/FilteringFunctions/arm_correlate_q15.c ****     pOut = pDst + ((srcALen + srcBLen) - 2U);
 141:Drivers/CMSIS/DSP/Source/FilteringFunctions/arm_correlate_q15.c **** 
 142:Drivers/CMSIS/DSP/Source/FilteringFunctions/arm_correlate_q15.c ****     /* Destination address modifier is set to -1 */
 143:Drivers/CMSIS/DSP/Source/FilteringFunctions/arm_correlate_q15.c ****     inc = -1;
 144:Drivers/CMSIS/DSP/Source/FilteringFunctions/arm_correlate_q15.c **** 
 145:Drivers/CMSIS/DSP/Source/FilteringFunctions/arm_correlate_q15.c ****   }
 146:Drivers/CMSIS/DSP/Source/FilteringFunctions/arm_correlate_q15.c **** 
 147:Drivers/CMSIS/DSP/Source/FilteringFunctions/arm_correlate_q15.c ****   /* The function is internally
 148:Drivers/CMSIS/DSP/Source/FilteringFunctions/arm_correlate_q15.c ****    * divided into three parts according to the number of multiplications that has to be
 149:Drivers/CMSIS/DSP/Source/FilteringFunctions/arm_correlate_q15.c ****    * taken place between inputA samples and inputB samples. In the first part of the
 150:Drivers/CMSIS/DSP/Source/FilteringFunctions/arm_correlate_q15.c ****    * algorithm, the multiplications increase by one for every iteration.
 151:Drivers/CMSIS/DSP/Source/FilteringFunctions/arm_correlate_q15.c ****    * In the second part of the algorithm, srcBLen number of multiplications are done.
 152:Drivers/CMSIS/DSP/Source/FilteringFunctions/arm_correlate_q15.c ****    * In the third part of the algorithm, the multiplications decrease by one
 153:Drivers/CMSIS/DSP/Source/FilteringFunctions/arm_correlate_q15.c ****    * for every iteration.*/
 154:Drivers/CMSIS/DSP/Source/FilteringFunctions/arm_correlate_q15.c ****   /* The algorithm is implemented in three stages.
 155:Drivers/CMSIS/DSP/Source/FilteringFunctions/arm_correlate_q15.c ****    * The loop counters of each stage is initiated here. */
 156:Drivers/CMSIS/DSP/Source/FilteringFunctions/arm_correlate_q15.c ****   blockSize1 = srcBLen - 1U;
 102              		.loc 1 156 3 is_stmt 1 view .LVU28
 103              		.loc 1 156 14 is_stmt 0 view .LVU29
 104 0028 0A9B     		ldr	r3, [sp, #40]
 105 002a 03F1FF38 		add	r8, r3, #-1
 106              	.LVL12:
 157:Drivers/CMSIS/DSP/Source/FilteringFunctions/arm_correlate_q15.c ****   blockSize2 = srcALen - (srcBLen - 1U);
 107              		.loc 1 157 3 is_stmt 1 view .LVU30
 108              		.loc 1 157 24 is_stmt 0 view .LVU31
 109 002e C91A     		subs	r1, r1, r3
 110              	.LVL13:
 111              		.loc 1 157 14 view .LVU32
 112 0030 01F1010C 		add	ip, r1, #1
 113              	.LVL14:
 158:Drivers/CMSIS/DSP/Source/FilteringFunctions/arm_correlate_q15.c ****   blockSize3 = blockSize1;
 114              		.loc 1 158 3 is_stmt 1 view .LVU33
 159:Drivers/CMSIS/DSP/Source/FilteringFunctions/arm_correlate_q15.c **** 
 160:Drivers/CMSIS/DSP/Source/FilteringFunctions/arm_correlate_q15.c ****   /* --------------------------
 161:Drivers/CMSIS/DSP/Source/FilteringFunctions/arm_correlate_q15.c ****    * Initializations of stage1
 162:Drivers/CMSIS/DSP/Source/FilteringFunctions/arm_correlate_q15.c ****    * -------------------------*/
 163:Drivers/CMSIS/DSP/Source/FilteringFunctions/arm_correlate_q15.c **** 
 164:Drivers/CMSIS/DSP/Source/FilteringFunctions/arm_correlate_q15.c ****   /* sum = x[0] * y[srcBlen - 1]
 165:Drivers/CMSIS/DSP/Source/FilteringFunctions/arm_correlate_q15.c ****    * sum = x[0] * y[srcBlen - 2] + x[1] * y[srcBlen - 1]
 166:Drivers/CMSIS/DSP/Source/FilteringFunctions/arm_correlate_q15.c ****    * ....
 167:Drivers/CMSIS/DSP/Source/FilteringFunctions/arm_correlate_q15.c ****    * sum = x[0] * y[0] + x[1] * y[1] +...+ x[srcBLen - 1] * y[srcBLen - 1]
 168:Drivers/CMSIS/DSP/Source/FilteringFunctions/arm_correlate_q15.c ****    */
 169:Drivers/CMSIS/DSP/Source/FilteringFunctions/arm_correlate_q15.c **** 
 170:Drivers/CMSIS/DSP/Source/FilteringFunctions/arm_correlate_q15.c ****   /* In this stage the MAC operations are increased by 1 for every iteration.
ARM GAS  C:\Users\Lamp\AppData\Local\Temp\ccJUbmgO.s 			page 6


 171:Drivers/CMSIS/DSP/Source/FilteringFunctions/arm_correlate_q15.c ****      The count variable holds the number of MAC operations performed */
 172:Drivers/CMSIS/DSP/Source/FilteringFunctions/arm_correlate_q15.c ****   count = 1U;
 115              		.loc 1 172 3 view .LVU34
 173:Drivers/CMSIS/DSP/Source/FilteringFunctions/arm_correlate_q15.c **** 
 174:Drivers/CMSIS/DSP/Source/FilteringFunctions/arm_correlate_q15.c ****   /* Working pointer of inputA */
 175:Drivers/CMSIS/DSP/Source/FilteringFunctions/arm_correlate_q15.c ****   px = pIn1;
 116              		.loc 1 175 3 view .LVU35
 176:Drivers/CMSIS/DSP/Source/FilteringFunctions/arm_correlate_q15.c **** 
 177:Drivers/CMSIS/DSP/Source/FilteringFunctions/arm_correlate_q15.c ****   /* Working pointer of inputB */
 178:Drivers/CMSIS/DSP/Source/FilteringFunctions/arm_correlate_q15.c ****   pSrc1 = pIn2 + (srcBLen - 1U);
 117              		.loc 1 178 3 view .LVU36
 118              		.loc 1 178 16 is_stmt 0 view .LVU37
 119 0034 03F10043 		add	r3, r3, #-2147483648
 120 0038 013B     		subs	r3, r3, #1
 121              		.loc 1 178 9 view .LVU38
 122 003a 089A     		ldr	r2, [sp, #32]
 123 003c 02EB4305 		add	r5, r2, r3, lsl #1
 124              	.LVL15:
 179:Drivers/CMSIS/DSP/Source/FilteringFunctions/arm_correlate_q15.c ****   py = pSrc1;
 125              		.loc 1 179 3 is_stmt 1 view .LVU39
 180:Drivers/CMSIS/DSP/Source/FilteringFunctions/arm_correlate_q15.c **** 
 181:Drivers/CMSIS/DSP/Source/FilteringFunctions/arm_correlate_q15.c ****   /* ------------------------
 182:Drivers/CMSIS/DSP/Source/FilteringFunctions/arm_correlate_q15.c ****    * Stage1 process
 183:Drivers/CMSIS/DSP/Source/FilteringFunctions/arm_correlate_q15.c ****    * ----------------------*/
 184:Drivers/CMSIS/DSP/Source/FilteringFunctions/arm_correlate_q15.c **** 
 185:Drivers/CMSIS/DSP/Source/FilteringFunctions/arm_correlate_q15.c ****   /* The first loop starts here */
 186:Drivers/CMSIS/DSP/Source/FilteringFunctions/arm_correlate_q15.c ****   while (blockSize1 > 0U)
 126              		.loc 1 186 3 view .LVU40
 179:Drivers/CMSIS/DSP/Source/FilteringFunctions/arm_correlate_q15.c ****   py = pSrc1;
 127              		.loc 1 179 6 is_stmt 0 view .LVU41
 128 0040 2846     		mov	r0, r5
 156:Drivers/CMSIS/DSP/Source/FilteringFunctions/arm_correlate_q15.c ****   blockSize2 = srcALen - (srcBLen - 1U);
 129              		.loc 1 156 14 view .LVU42
 130 0042 4346     		mov	r3, r8
 172:Drivers/CMSIS/DSP/Source/FilteringFunctions/arm_correlate_q15.c **** 
 131              		.loc 1 172 9 view .LVU43
 132 0044 0127     		movs	r7, #1
 133 0046 C346     		mov	fp, r8
 134 0048 DDF83490 		ldr	r9, [sp, #52]
 135 004c E246     		mov	r10, ip
 136 004e BC46     		mov	ip, r7
 137              	.LVL16:
 172:Drivers/CMSIS/DSP/Source/FilteringFunctions/arm_correlate_q15.c **** 
 138              		.loc 1 172 9 view .LVU44
 139 0050 A846     		mov	r8, r5
 140              	.LVL17:
 172:Drivers/CMSIS/DSP/Source/FilteringFunctions/arm_correlate_q15.c **** 
 141              		.loc 1 172 9 view .LVU45
 142 0052 1D46     		mov	r5, r3
 143              	.LVL18:
 144              		.loc 1 186 9 view .LVU46
 145 0054 62E0     		b	.L4
 146              	.LVL19:
 147              	.L2:
 128:Drivers/CMSIS/DSP/Source/FilteringFunctions/arm_correlate_q15.c **** 
 148              		.loc 1 128 5 is_stmt 1 view .LVU47
 131:Drivers/CMSIS/DSP/Source/FilteringFunctions/arm_correlate_q15.c **** 
ARM GAS  C:\Users\Lamp\AppData\Local\Temp\ccJUbmgO.s 			page 7


 149              		.loc 1 131 5 view .LVU48
 134:Drivers/CMSIS/DSP/Source/FilteringFunctions/arm_correlate_q15.c ****     srcBLen = srcALen;
 150              		.loc 1 134 5 view .LVU49
 135:Drivers/CMSIS/DSP/Source/FilteringFunctions/arm_correlate_q15.c ****     srcALen = j;
 151              		.loc 1 135 5 view .LVU50
 136:Drivers/CMSIS/DSP/Source/FilteringFunctions/arm_correlate_q15.c **** 
 152              		.loc 1 136 5 view .LVU51
 140:Drivers/CMSIS/DSP/Source/FilteringFunctions/arm_correlate_q15.c **** 
 153              		.loc 1 140 5 view .LVU52
 140:Drivers/CMSIS/DSP/Source/FilteringFunctions/arm_correlate_q15.c **** 
 154              		.loc 1 140 29 is_stmt 0 view .LVU53
 155 0056 0A9A     		ldr	r2, [sp, #40]
 156              	.LVL20:
 140:Drivers/CMSIS/DSP/Source/FilteringFunctions/arm_correlate_q15.c **** 
 157              		.loc 1 140 29 view .LVU54
 158 0058 8B18     		adds	r3, r1, r2
 140:Drivers/CMSIS/DSP/Source/FilteringFunctions/arm_correlate_q15.c **** 
 159              		.loc 1 140 17 view .LVU55
 160 005a 03F10043 		add	r3, r3, #-2147483648
 161 005e 023B     		subs	r3, r3, #2
 140:Drivers/CMSIS/DSP/Source/FilteringFunctions/arm_correlate_q15.c **** 
 162              		.loc 1 140 10 view .LVU56
 163 0060 1A98     		ldr	r0, [sp, #104]
 164              	.LVL21:
 140:Drivers/CMSIS/DSP/Source/FilteringFunctions/arm_correlate_q15.c **** 
 165              		.loc 1 140 10 view .LVU57
 166 0062 00EB4303 		add	r3, r0, r3, lsl #1
 167 0066 0793     		str	r3, [sp, #28]
 168              	.LVL22:
 143:Drivers/CMSIS/DSP/Source/FilteringFunctions/arm_correlate_q15.c **** 
 169              		.loc 1 143 5 is_stmt 1 view .LVU58
 140:Drivers/CMSIS/DSP/Source/FilteringFunctions/arm_correlate_q15.c **** 
 170              		.loc 1 140 10 is_stmt 0 view .LVU59
 171 0068 0B9B     		ldr	r3, [sp, #44]
 172              	.LVL23:
 128:Drivers/CMSIS/DSP/Source/FilteringFunctions/arm_correlate_q15.c **** 
 173              		.loc 1 128 10 view .LVU60
 174 006a 0898     		ldr	r0, [sp, #32]
 175 006c 0B90     		str	r0, [sp, #44]
 176              	.LVL24:
 131:Drivers/CMSIS/DSP/Source/FilteringFunctions/arm_correlate_q15.c **** 
 177              		.loc 1 131 10 view .LVU61
 178 006e 0893     		str	r3, [sp, #32]
 179              	.LVL25:
 140:Drivers/CMSIS/DSP/Source/FilteringFunctions/arm_correlate_q15.c **** 
 180              		.loc 1 140 10 view .LVU62
 181 0070 0B46     		mov	r3, r1
 182              	.LVL26:
 136:Drivers/CMSIS/DSP/Source/FilteringFunctions/arm_correlate_q15.c **** 
 183              		.loc 1 136 13 view .LVU63
 184 0072 1146     		mov	r1, r2
 185              	.LVL27:
 135:Drivers/CMSIS/DSP/Source/FilteringFunctions/arm_correlate_q15.c ****     srcALen = j;
 186              		.loc 1 135 13 view .LVU64
 187 0074 0A93     		str	r3, [sp, #40]
 188              	.LVL28:
 143:Drivers/CMSIS/DSP/Source/FilteringFunctions/arm_correlate_q15.c **** 
ARM GAS  C:\Users\Lamp\AppData\Local\Temp\ccJUbmgO.s 			page 8


 189              		.loc 1 143 9 view .LVU65
 190 0076 4FF0FF33 		mov	r3, #-1
 191              	.LVL29:
 143:Drivers/CMSIS/DSP/Source/FilteringFunctions/arm_correlate_q15.c **** 
 192              		.loc 1 143 9 view .LVU66
 193 007a 0D93     		str	r3, [sp, #52]
 194 007c D4E7     		b	.L3
 195              	.LVL30:
 196              	.L6:
 187:Drivers/CMSIS/DSP/Source/FilteringFunctions/arm_correlate_q15.c ****   {
 188:Drivers/CMSIS/DSP/Source/FilteringFunctions/arm_correlate_q15.c ****     /* Accumulator is made zero for every iteration */
 189:Drivers/CMSIS/DSP/Source/FilteringFunctions/arm_correlate_q15.c ****     sum = 0;
 190:Drivers/CMSIS/DSP/Source/FilteringFunctions/arm_correlate_q15.c **** 
 191:Drivers/CMSIS/DSP/Source/FilteringFunctions/arm_correlate_q15.c ****     /* Apply loop unrolling and compute 4 MACs simultaneously. */
 192:Drivers/CMSIS/DSP/Source/FilteringFunctions/arm_correlate_q15.c ****     k = count >> 2;
 193:Drivers/CMSIS/DSP/Source/FilteringFunctions/arm_correlate_q15.c **** 
 194:Drivers/CMSIS/DSP/Source/FilteringFunctions/arm_correlate_q15.c ****     /* First part of the processing with loop unrolling.  Compute 4 MACs at a time.
 195:Drivers/CMSIS/DSP/Source/FilteringFunctions/arm_correlate_q15.c ****      ** a second loop below computes MACs for the remaining 1 to 3 samples. */
 196:Drivers/CMSIS/DSP/Source/FilteringFunctions/arm_correlate_q15.c ****     while (k > 0U)
 197:Drivers/CMSIS/DSP/Source/FilteringFunctions/arm_correlate_q15.c ****     {
 198:Drivers/CMSIS/DSP/Source/FilteringFunctions/arm_correlate_q15.c ****       /* x[0] * y[srcBLen - 4] , x[1] * y[srcBLen - 3] */
 199:Drivers/CMSIS/DSP/Source/FilteringFunctions/arm_correlate_q15.c ****       sum = __SMLALD(*__SIMD32(px)++, *__SIMD32(py)++, sum);
 197              		.loc 1 199 7 is_stmt 1 view .LVU67
 198              		.loc 1 199 22 is_stmt 0 view .LVU68
 199 007e 2646     		mov	r6, r4
 200 0080 56F8085B 		ldr	r5, [r6], #8
 201              	.LVL31:
 202              		.loc 1 199 39 view .LVU69
 203 0084 8446     		mov	ip, r0
 204 0086 5CF8082B 		ldr	r2, [ip], #8
 205              	.LVL32:
 206              	.LBB70:
 207              	.LBI70:
 208              		.file 2 "Drivers/CMSIS/DSP/Include/arm_math.h"
   1:Drivers/CMSIS/DSP/Include/arm_math.h **** /******************************************************************************
   2:Drivers/CMSIS/DSP/Include/arm_math.h ****  * @file     arm_math.h
   3:Drivers/CMSIS/DSP/Include/arm_math.h ****  * @brief    Public header file for CMSIS DSP LibraryU
   4:Drivers/CMSIS/DSP/Include/arm_math.h ****  * @version  V1.5.3
   5:Drivers/CMSIS/DSP/Include/arm_math.h ****  * @date     10. January 2018
   6:Drivers/CMSIS/DSP/Include/arm_math.h ****  ******************************************************************************/
   7:Drivers/CMSIS/DSP/Include/arm_math.h **** /*
   8:Drivers/CMSIS/DSP/Include/arm_math.h ****  * Copyright (c) 2010-2018 Arm Limited or its affiliates. All rights reserved.
   9:Drivers/CMSIS/DSP/Include/arm_math.h ****  *
  10:Drivers/CMSIS/DSP/Include/arm_math.h ****  * SPDX-License-Identifier: Apache-2.0
  11:Drivers/CMSIS/DSP/Include/arm_math.h ****  *
  12:Drivers/CMSIS/DSP/Include/arm_math.h ****  * Licensed under the Apache License, Version 2.0 (the License); you may
  13:Drivers/CMSIS/DSP/Include/arm_math.h ****  * not use this file except in compliance with the License.
  14:Drivers/CMSIS/DSP/Include/arm_math.h ****  * You may obtain a copy of the License at
  15:Drivers/CMSIS/DSP/Include/arm_math.h ****  *
  16:Drivers/CMSIS/DSP/Include/arm_math.h ****  * www.apache.org/licenses/LICENSE-2.0
  17:Drivers/CMSIS/DSP/Include/arm_math.h ****  *
  18:Drivers/CMSIS/DSP/Include/arm_math.h ****  * Unless required by applicable law or agreed to in writing, software
  19:Drivers/CMSIS/DSP/Include/arm_math.h ****  * distributed under the License is distributed on an AS IS BASIS, WITHOUT
  20:Drivers/CMSIS/DSP/Include/arm_math.h ****  * WARRANTIES OR CONDITIONS OF ANY KIND, either express or implied.
  21:Drivers/CMSIS/DSP/Include/arm_math.h ****  * See the License for the specific language governing permissions and
  22:Drivers/CMSIS/DSP/Include/arm_math.h ****  * limitations under the License.
  23:Drivers/CMSIS/DSP/Include/arm_math.h ****  */
ARM GAS  C:\Users\Lamp\AppData\Local\Temp\ccJUbmgO.s 			page 9


  24:Drivers/CMSIS/DSP/Include/arm_math.h **** 
  25:Drivers/CMSIS/DSP/Include/arm_math.h **** /**
  26:Drivers/CMSIS/DSP/Include/arm_math.h ****    \mainpage CMSIS DSP Software Library
  27:Drivers/CMSIS/DSP/Include/arm_math.h ****    *
  28:Drivers/CMSIS/DSP/Include/arm_math.h ****    * Introduction
  29:Drivers/CMSIS/DSP/Include/arm_math.h ****    * ------------
  30:Drivers/CMSIS/DSP/Include/arm_math.h ****    *
  31:Drivers/CMSIS/DSP/Include/arm_math.h ****    * This user manual describes the CMSIS DSP software library,
  32:Drivers/CMSIS/DSP/Include/arm_math.h ****    * a suite of common signal processing functions for use on Cortex-M processor based devices.
  33:Drivers/CMSIS/DSP/Include/arm_math.h ****    *
  34:Drivers/CMSIS/DSP/Include/arm_math.h ****    * The library is divided into a number of functions each covering a specific category:
  35:Drivers/CMSIS/DSP/Include/arm_math.h ****    * - Basic math functions
  36:Drivers/CMSIS/DSP/Include/arm_math.h ****    * - Fast math functions
  37:Drivers/CMSIS/DSP/Include/arm_math.h ****    * - Complex math functions
  38:Drivers/CMSIS/DSP/Include/arm_math.h ****    * - Filters
  39:Drivers/CMSIS/DSP/Include/arm_math.h ****    * - Matrix functions
  40:Drivers/CMSIS/DSP/Include/arm_math.h ****    * - Transforms
  41:Drivers/CMSIS/DSP/Include/arm_math.h ****    * - Motor control functions
  42:Drivers/CMSIS/DSP/Include/arm_math.h ****    * - Statistical functions
  43:Drivers/CMSIS/DSP/Include/arm_math.h ****    * - Support functions
  44:Drivers/CMSIS/DSP/Include/arm_math.h ****    * - Interpolation functions
  45:Drivers/CMSIS/DSP/Include/arm_math.h ****    *
  46:Drivers/CMSIS/DSP/Include/arm_math.h ****    * The library has separate functions for operating on 8-bit integers, 16-bit integers,
  47:Drivers/CMSIS/DSP/Include/arm_math.h ****    * 32-bit integer and 32-bit floating-point values.
  48:Drivers/CMSIS/DSP/Include/arm_math.h ****    *
  49:Drivers/CMSIS/DSP/Include/arm_math.h ****    * Using the Library
  50:Drivers/CMSIS/DSP/Include/arm_math.h ****    * ------------
  51:Drivers/CMSIS/DSP/Include/arm_math.h ****    *
  52:Drivers/CMSIS/DSP/Include/arm_math.h ****    * The library installer contains prebuilt versions of the libraries in the <code>Lib</code> fold
  53:Drivers/CMSIS/DSP/Include/arm_math.h ****    * - arm_cortexM7lfdp_math.lib (Cortex-M7, Little endian, Double Precision Floating Point Unit)
  54:Drivers/CMSIS/DSP/Include/arm_math.h ****    * - arm_cortexM7bfdp_math.lib (Cortex-M7, Big endian, Double Precision Floating Point Unit)
  55:Drivers/CMSIS/DSP/Include/arm_math.h ****    * - arm_cortexM7lfsp_math.lib (Cortex-M7, Little endian, Single Precision Floating Point Unit)
  56:Drivers/CMSIS/DSP/Include/arm_math.h ****    * - arm_cortexM7bfsp_math.lib (Cortex-M7, Big endian and Single Precision Floating Point Unit on
  57:Drivers/CMSIS/DSP/Include/arm_math.h ****    * - arm_cortexM7l_math.lib (Cortex-M7, Little endian)
  58:Drivers/CMSIS/DSP/Include/arm_math.h ****    * - arm_cortexM7b_math.lib (Cortex-M7, Big endian)
  59:Drivers/CMSIS/DSP/Include/arm_math.h ****    * - arm_cortexM4lf_math.lib (Cortex-M4, Little endian, Floating Point Unit)
  60:Drivers/CMSIS/DSP/Include/arm_math.h ****    * - arm_cortexM4bf_math.lib (Cortex-M4, Big endian, Floating Point Unit)
  61:Drivers/CMSIS/DSP/Include/arm_math.h ****    * - arm_cortexM4l_math.lib (Cortex-M4, Little endian)
  62:Drivers/CMSIS/DSP/Include/arm_math.h ****    * - arm_cortexM4b_math.lib (Cortex-M4, Big endian)
  63:Drivers/CMSIS/DSP/Include/arm_math.h ****    * - arm_cortexM3l_math.lib (Cortex-M3, Little endian)
  64:Drivers/CMSIS/DSP/Include/arm_math.h ****    * - arm_cortexM3b_math.lib (Cortex-M3, Big endian)
  65:Drivers/CMSIS/DSP/Include/arm_math.h ****    * - arm_cortexM0l_math.lib (Cortex-M0 / Cortex-M0+, Little endian)
  66:Drivers/CMSIS/DSP/Include/arm_math.h ****    * - arm_cortexM0b_math.lib (Cortex-M0 / Cortex-M0+, Big endian)
  67:Drivers/CMSIS/DSP/Include/arm_math.h ****    * - arm_ARMv8MBLl_math.lib (Armv8-M Baseline, Little endian)
  68:Drivers/CMSIS/DSP/Include/arm_math.h ****    * - arm_ARMv8MMLl_math.lib (Armv8-M Mainline, Little endian)
  69:Drivers/CMSIS/DSP/Include/arm_math.h ****    * - arm_ARMv8MMLlfsp_math.lib (Armv8-M Mainline, Little endian, Single Precision Floating Point 
  70:Drivers/CMSIS/DSP/Include/arm_math.h ****    * - arm_ARMv8MMLld_math.lib (Armv8-M Mainline, Little endian, DSP instructions)
  71:Drivers/CMSIS/DSP/Include/arm_math.h ****    * - arm_ARMv8MMLldfsp_math.lib (Armv8-M Mainline, Little endian, DSP instructions, Single Precis
  72:Drivers/CMSIS/DSP/Include/arm_math.h ****    *
  73:Drivers/CMSIS/DSP/Include/arm_math.h ****    * The library functions are declared in the public file <code>arm_math.h</code> which is placed 
  74:Drivers/CMSIS/DSP/Include/arm_math.h ****    * Simply include this file and link the appropriate library in the application and begin calling
  75:Drivers/CMSIS/DSP/Include/arm_math.h ****    * public header file <code> arm_math.h</code> for Cortex-M cores with little endian and big endi
  76:Drivers/CMSIS/DSP/Include/arm_math.h ****    * Define the appropriate preprocessor macro ARM_MATH_CM7 or ARM_MATH_CM4 or ARM_MATH_CM3 or
  77:Drivers/CMSIS/DSP/Include/arm_math.h ****    * ARM_MATH_CM0 or ARM_MATH_CM0PLUS depending on the target processor in the application.
  78:Drivers/CMSIS/DSP/Include/arm_math.h ****    * For Armv8-M cores define preprocessor macro ARM_MATH_ARMV8MBL or ARM_MATH_ARMV8MML.
  79:Drivers/CMSIS/DSP/Include/arm_math.h ****    * Set preprocessor macro __DSP_PRESENT if Armv8-M Mainline core supports DSP instructions.
  80:Drivers/CMSIS/DSP/Include/arm_math.h ****    * 
ARM GAS  C:\Users\Lamp\AppData\Local\Temp\ccJUbmgO.s 			page 10


  81:Drivers/CMSIS/DSP/Include/arm_math.h ****    *
  82:Drivers/CMSIS/DSP/Include/arm_math.h ****    * Examples
  83:Drivers/CMSIS/DSP/Include/arm_math.h ****    * --------
  84:Drivers/CMSIS/DSP/Include/arm_math.h ****    *
  85:Drivers/CMSIS/DSP/Include/arm_math.h ****    * The library ships with a number of examples which demonstrate how to use the library functions
  86:Drivers/CMSIS/DSP/Include/arm_math.h ****    *
  87:Drivers/CMSIS/DSP/Include/arm_math.h ****    * Toolchain Support
  88:Drivers/CMSIS/DSP/Include/arm_math.h ****    * ------------
  89:Drivers/CMSIS/DSP/Include/arm_math.h ****    *
  90:Drivers/CMSIS/DSP/Include/arm_math.h ****    * The library has been developed and tested with MDK version 5.14.0.0
  91:Drivers/CMSIS/DSP/Include/arm_math.h ****    * The library is being tested in GCC and IAR toolchains and updates on this activity will be mad
  92:Drivers/CMSIS/DSP/Include/arm_math.h ****    *
  93:Drivers/CMSIS/DSP/Include/arm_math.h ****    * Building the Library
  94:Drivers/CMSIS/DSP/Include/arm_math.h ****    * ------------
  95:Drivers/CMSIS/DSP/Include/arm_math.h ****    *
  96:Drivers/CMSIS/DSP/Include/arm_math.h ****    * The library installer contains a project file to rebuild libraries on MDK toolchain in the <co
  97:Drivers/CMSIS/DSP/Include/arm_math.h ****    * - arm_cortexM_math.uvprojx
  98:Drivers/CMSIS/DSP/Include/arm_math.h ****    *
  99:Drivers/CMSIS/DSP/Include/arm_math.h ****    *
 100:Drivers/CMSIS/DSP/Include/arm_math.h ****    * The libraries can be built by opening the arm_cortexM_math.uvprojx project in MDK-ARM, selecti
 101:Drivers/CMSIS/DSP/Include/arm_math.h ****    *
 102:Drivers/CMSIS/DSP/Include/arm_math.h ****    * Preprocessor Macros
 103:Drivers/CMSIS/DSP/Include/arm_math.h ****    * ------------
 104:Drivers/CMSIS/DSP/Include/arm_math.h ****    *
 105:Drivers/CMSIS/DSP/Include/arm_math.h ****    * Each library project have different preprocessor macros.
 106:Drivers/CMSIS/DSP/Include/arm_math.h ****    *
 107:Drivers/CMSIS/DSP/Include/arm_math.h ****    * - UNALIGNED_SUPPORT_DISABLE:
 108:Drivers/CMSIS/DSP/Include/arm_math.h ****    *
 109:Drivers/CMSIS/DSP/Include/arm_math.h ****    * Define macro UNALIGNED_SUPPORT_DISABLE, If the silicon does not support unaligned memory acces
 110:Drivers/CMSIS/DSP/Include/arm_math.h ****    *
 111:Drivers/CMSIS/DSP/Include/arm_math.h ****    * - ARM_MATH_BIG_ENDIAN:
 112:Drivers/CMSIS/DSP/Include/arm_math.h ****    *
 113:Drivers/CMSIS/DSP/Include/arm_math.h ****    * Define macro ARM_MATH_BIG_ENDIAN to build the library for big endian targets. By default libra
 114:Drivers/CMSIS/DSP/Include/arm_math.h ****    *
 115:Drivers/CMSIS/DSP/Include/arm_math.h ****    * - ARM_MATH_MATRIX_CHECK:
 116:Drivers/CMSIS/DSP/Include/arm_math.h ****    *
 117:Drivers/CMSIS/DSP/Include/arm_math.h ****    * Define macro ARM_MATH_MATRIX_CHECK for checking on the input and output sizes of matrices
 118:Drivers/CMSIS/DSP/Include/arm_math.h ****    *
 119:Drivers/CMSIS/DSP/Include/arm_math.h ****    * - ARM_MATH_ROUNDING:
 120:Drivers/CMSIS/DSP/Include/arm_math.h ****    *
 121:Drivers/CMSIS/DSP/Include/arm_math.h ****    * Define macro ARM_MATH_ROUNDING for rounding on support functions
 122:Drivers/CMSIS/DSP/Include/arm_math.h ****    *
 123:Drivers/CMSIS/DSP/Include/arm_math.h ****    * - ARM_MATH_CMx:
 124:Drivers/CMSIS/DSP/Include/arm_math.h ****    *
 125:Drivers/CMSIS/DSP/Include/arm_math.h ****    * Define macro ARM_MATH_CM4 for building the library on Cortex-M4 target, ARM_MATH_CM3 for build
 126:Drivers/CMSIS/DSP/Include/arm_math.h ****    * and ARM_MATH_CM0 for building library on Cortex-M0 target, ARM_MATH_CM0PLUS for building libra
 127:Drivers/CMSIS/DSP/Include/arm_math.h ****    * ARM_MATH_CM7 for building the library on cortex-M7.
 128:Drivers/CMSIS/DSP/Include/arm_math.h ****    *
 129:Drivers/CMSIS/DSP/Include/arm_math.h ****    * - ARM_MATH_ARMV8MxL:
 130:Drivers/CMSIS/DSP/Include/arm_math.h ****    *
 131:Drivers/CMSIS/DSP/Include/arm_math.h ****    * Define macro ARM_MATH_ARMV8MBL for building the library on Armv8-M Baseline target, ARM_MATH_A
 132:Drivers/CMSIS/DSP/Include/arm_math.h ****    * on Armv8-M Mainline target.
 133:Drivers/CMSIS/DSP/Include/arm_math.h ****    *
 134:Drivers/CMSIS/DSP/Include/arm_math.h ****    * - __FPU_PRESENT:
 135:Drivers/CMSIS/DSP/Include/arm_math.h ****    *
 136:Drivers/CMSIS/DSP/Include/arm_math.h ****    * Initialize macro __FPU_PRESENT = 1 when building on FPU supported Targets. Enable this macro f
 137:Drivers/CMSIS/DSP/Include/arm_math.h ****    *
ARM GAS  C:\Users\Lamp\AppData\Local\Temp\ccJUbmgO.s 			page 11


 138:Drivers/CMSIS/DSP/Include/arm_math.h ****    * - __DSP_PRESENT:
 139:Drivers/CMSIS/DSP/Include/arm_math.h ****    *
 140:Drivers/CMSIS/DSP/Include/arm_math.h ****    * Initialize macro __DSP_PRESENT = 1 when Armv8-M Mainline core supports DSP instructions.
 141:Drivers/CMSIS/DSP/Include/arm_math.h ****    *
 142:Drivers/CMSIS/DSP/Include/arm_math.h ****    * <hr>
 143:Drivers/CMSIS/DSP/Include/arm_math.h ****    * CMSIS-DSP in ARM::CMSIS Pack
 144:Drivers/CMSIS/DSP/Include/arm_math.h ****    * -----------------------------
 145:Drivers/CMSIS/DSP/Include/arm_math.h ****    *
 146:Drivers/CMSIS/DSP/Include/arm_math.h ****    * The following files relevant to CMSIS-DSP are present in the <b>ARM::CMSIS</b> Pack directorie
 147:Drivers/CMSIS/DSP/Include/arm_math.h ****    * |File/Folder                   |Content                                                       
 148:Drivers/CMSIS/DSP/Include/arm_math.h ****    * |------------------------------|--------------------------------------------------------------
 149:Drivers/CMSIS/DSP/Include/arm_math.h ****    * |\b CMSIS\\Documentation\\DSP  | This documentation                                           
 150:Drivers/CMSIS/DSP/Include/arm_math.h ****    * |\b CMSIS\\DSP_Lib             | Software license agreement (license.txt)                     
 151:Drivers/CMSIS/DSP/Include/arm_math.h ****    * |\b CMSIS\\DSP_Lib\\Examples   | Example projects demonstrating the usage of the library funct
 152:Drivers/CMSIS/DSP/Include/arm_math.h ****    * |\b CMSIS\\DSP_Lib\\Source     | Source files for rebuilding the library                      
 153:Drivers/CMSIS/DSP/Include/arm_math.h ****    *
 154:Drivers/CMSIS/DSP/Include/arm_math.h ****    * <hr>
 155:Drivers/CMSIS/DSP/Include/arm_math.h ****    * Revision History of CMSIS-DSP
 156:Drivers/CMSIS/DSP/Include/arm_math.h ****    * ------------
 157:Drivers/CMSIS/DSP/Include/arm_math.h ****    * Please refer to \ref ChangeLog_pg.
 158:Drivers/CMSIS/DSP/Include/arm_math.h ****    *
 159:Drivers/CMSIS/DSP/Include/arm_math.h ****    * Copyright Notice
 160:Drivers/CMSIS/DSP/Include/arm_math.h ****    * ------------
 161:Drivers/CMSIS/DSP/Include/arm_math.h ****    *
 162:Drivers/CMSIS/DSP/Include/arm_math.h ****    * Copyright (C) 2010-2015 Arm Limited. All rights reserved.
 163:Drivers/CMSIS/DSP/Include/arm_math.h ****    */
 164:Drivers/CMSIS/DSP/Include/arm_math.h **** 
 165:Drivers/CMSIS/DSP/Include/arm_math.h **** 
 166:Drivers/CMSIS/DSP/Include/arm_math.h **** /**
 167:Drivers/CMSIS/DSP/Include/arm_math.h ****  * @defgroup groupMath Basic Math Functions
 168:Drivers/CMSIS/DSP/Include/arm_math.h ****  */
 169:Drivers/CMSIS/DSP/Include/arm_math.h **** 
 170:Drivers/CMSIS/DSP/Include/arm_math.h **** /**
 171:Drivers/CMSIS/DSP/Include/arm_math.h ****  * @defgroup groupFastMath Fast Math Functions
 172:Drivers/CMSIS/DSP/Include/arm_math.h ****  * This set of functions provides a fast approximation to sine, cosine, and square root.
 173:Drivers/CMSIS/DSP/Include/arm_math.h ****  * As compared to most of the other functions in the CMSIS math library, the fast math functions
 174:Drivers/CMSIS/DSP/Include/arm_math.h ****  * operate on individual values and not arrays.
 175:Drivers/CMSIS/DSP/Include/arm_math.h ****  * There are separate functions for Q15, Q31, and floating-point data.
 176:Drivers/CMSIS/DSP/Include/arm_math.h ****  *
 177:Drivers/CMSIS/DSP/Include/arm_math.h ****  */
 178:Drivers/CMSIS/DSP/Include/arm_math.h **** 
 179:Drivers/CMSIS/DSP/Include/arm_math.h **** /**
 180:Drivers/CMSIS/DSP/Include/arm_math.h ****  * @defgroup groupCmplxMath Complex Math Functions
 181:Drivers/CMSIS/DSP/Include/arm_math.h ****  * This set of functions operates on complex data vectors.
 182:Drivers/CMSIS/DSP/Include/arm_math.h ****  * The data in the complex arrays is stored in an interleaved fashion
 183:Drivers/CMSIS/DSP/Include/arm_math.h ****  * (real, imag, real, imag, ...).
 184:Drivers/CMSIS/DSP/Include/arm_math.h ****  * In the API functions, the number of samples in a complex array refers
 185:Drivers/CMSIS/DSP/Include/arm_math.h ****  * to the number of complex values; the array contains twice this number of
 186:Drivers/CMSIS/DSP/Include/arm_math.h ****  * real values.
 187:Drivers/CMSIS/DSP/Include/arm_math.h ****  */
 188:Drivers/CMSIS/DSP/Include/arm_math.h **** 
 189:Drivers/CMSIS/DSP/Include/arm_math.h **** /**
 190:Drivers/CMSIS/DSP/Include/arm_math.h ****  * @defgroup groupFilters Filtering Functions
 191:Drivers/CMSIS/DSP/Include/arm_math.h ****  */
 192:Drivers/CMSIS/DSP/Include/arm_math.h **** 
 193:Drivers/CMSIS/DSP/Include/arm_math.h **** /**
 194:Drivers/CMSIS/DSP/Include/arm_math.h ****  * @defgroup groupMatrix Matrix Functions
ARM GAS  C:\Users\Lamp\AppData\Local\Temp\ccJUbmgO.s 			page 12


 195:Drivers/CMSIS/DSP/Include/arm_math.h ****  *
 196:Drivers/CMSIS/DSP/Include/arm_math.h ****  * This set of functions provides basic matrix math operations.
 197:Drivers/CMSIS/DSP/Include/arm_math.h ****  * The functions operate on matrix data structures.  For example,
 198:Drivers/CMSIS/DSP/Include/arm_math.h ****  * the type
 199:Drivers/CMSIS/DSP/Include/arm_math.h ****  * definition for the floating-point matrix structure is shown
 200:Drivers/CMSIS/DSP/Include/arm_math.h ****  * below:
 201:Drivers/CMSIS/DSP/Include/arm_math.h ****  * <pre>
 202:Drivers/CMSIS/DSP/Include/arm_math.h ****  *     typedef struct
 203:Drivers/CMSIS/DSP/Include/arm_math.h ****  *     {
 204:Drivers/CMSIS/DSP/Include/arm_math.h ****  *       uint16_t numRows;     // number of rows of the matrix.
 205:Drivers/CMSIS/DSP/Include/arm_math.h ****  *       uint16_t numCols;     // number of columns of the matrix.
 206:Drivers/CMSIS/DSP/Include/arm_math.h ****  *       float32_t *pData;     // points to the data of the matrix.
 207:Drivers/CMSIS/DSP/Include/arm_math.h ****  *     } arm_matrix_instance_f32;
 208:Drivers/CMSIS/DSP/Include/arm_math.h ****  * </pre>
 209:Drivers/CMSIS/DSP/Include/arm_math.h ****  * There are similar definitions for Q15 and Q31 data types.
 210:Drivers/CMSIS/DSP/Include/arm_math.h ****  *
 211:Drivers/CMSIS/DSP/Include/arm_math.h ****  * The structure specifies the size of the matrix and then points to
 212:Drivers/CMSIS/DSP/Include/arm_math.h ****  * an array of data.  The array is of size <code>numRows X numCols</code>
 213:Drivers/CMSIS/DSP/Include/arm_math.h ****  * and the values are arranged in row order.  That is, the
 214:Drivers/CMSIS/DSP/Include/arm_math.h ****  * matrix element (i, j) is stored at:
 215:Drivers/CMSIS/DSP/Include/arm_math.h ****  * <pre>
 216:Drivers/CMSIS/DSP/Include/arm_math.h ****  *     pData[i*numCols + j]
 217:Drivers/CMSIS/DSP/Include/arm_math.h ****  * </pre>
 218:Drivers/CMSIS/DSP/Include/arm_math.h ****  *
 219:Drivers/CMSIS/DSP/Include/arm_math.h ****  * \par Init Functions
 220:Drivers/CMSIS/DSP/Include/arm_math.h ****  * There is an associated initialization function for each type of matrix
 221:Drivers/CMSIS/DSP/Include/arm_math.h ****  * data structure.
 222:Drivers/CMSIS/DSP/Include/arm_math.h ****  * The initialization function sets the values of the internal structure fields.
 223:Drivers/CMSIS/DSP/Include/arm_math.h ****  * Refer to the function <code>arm_mat_init_f32()</code>, <code>arm_mat_init_q31()</code>
 224:Drivers/CMSIS/DSP/Include/arm_math.h ****  * and <code>arm_mat_init_q15()</code> for floating-point, Q31 and Q15 types,  respectively.
 225:Drivers/CMSIS/DSP/Include/arm_math.h ****  *
 226:Drivers/CMSIS/DSP/Include/arm_math.h ****  * \par
 227:Drivers/CMSIS/DSP/Include/arm_math.h ****  * Use of the initialization function is optional. However, if initialization function is used
 228:Drivers/CMSIS/DSP/Include/arm_math.h ****  * then the instance structure cannot be placed into a const data section.
 229:Drivers/CMSIS/DSP/Include/arm_math.h ****  * To place the instance structure in a const data
 230:Drivers/CMSIS/DSP/Include/arm_math.h ****  * section, manually initialize the data structure.  For example:
 231:Drivers/CMSIS/DSP/Include/arm_math.h ****  * <pre>
 232:Drivers/CMSIS/DSP/Include/arm_math.h ****  * <code>arm_matrix_instance_f32 S = {nRows, nColumns, pData};</code>
 233:Drivers/CMSIS/DSP/Include/arm_math.h ****  * <code>arm_matrix_instance_q31 S = {nRows, nColumns, pData};</code>
 234:Drivers/CMSIS/DSP/Include/arm_math.h ****  * <code>arm_matrix_instance_q15 S = {nRows, nColumns, pData};</code>
 235:Drivers/CMSIS/DSP/Include/arm_math.h ****  * </pre>
 236:Drivers/CMSIS/DSP/Include/arm_math.h ****  * where <code>nRows</code> specifies the number of rows, <code>nColumns</code>
 237:Drivers/CMSIS/DSP/Include/arm_math.h ****  * specifies the number of columns, and <code>pData</code> points to the
 238:Drivers/CMSIS/DSP/Include/arm_math.h ****  * data array.
 239:Drivers/CMSIS/DSP/Include/arm_math.h ****  *
 240:Drivers/CMSIS/DSP/Include/arm_math.h ****  * \par Size Checking
 241:Drivers/CMSIS/DSP/Include/arm_math.h ****  * By default all of the matrix functions perform size checking on the input and
 242:Drivers/CMSIS/DSP/Include/arm_math.h ****  * output matrices. For example, the matrix addition function verifies that the
 243:Drivers/CMSIS/DSP/Include/arm_math.h ****  * two input matrices and the output matrix all have the same number of rows and
 244:Drivers/CMSIS/DSP/Include/arm_math.h ****  * columns. If the size check fails the functions return:
 245:Drivers/CMSIS/DSP/Include/arm_math.h ****  * <pre>
 246:Drivers/CMSIS/DSP/Include/arm_math.h ****  *     ARM_MATH_SIZE_MISMATCH
 247:Drivers/CMSIS/DSP/Include/arm_math.h ****  * </pre>
 248:Drivers/CMSIS/DSP/Include/arm_math.h ****  * Otherwise the functions return
 249:Drivers/CMSIS/DSP/Include/arm_math.h ****  * <pre>
 250:Drivers/CMSIS/DSP/Include/arm_math.h ****  *     ARM_MATH_SUCCESS
 251:Drivers/CMSIS/DSP/Include/arm_math.h ****  * </pre>
ARM GAS  C:\Users\Lamp\AppData\Local\Temp\ccJUbmgO.s 			page 13


 252:Drivers/CMSIS/DSP/Include/arm_math.h ****  * There is some overhead associated with this matrix size checking.
 253:Drivers/CMSIS/DSP/Include/arm_math.h ****  * The matrix size checking is enabled via the \#define
 254:Drivers/CMSIS/DSP/Include/arm_math.h ****  * <pre>
 255:Drivers/CMSIS/DSP/Include/arm_math.h ****  *     ARM_MATH_MATRIX_CHECK
 256:Drivers/CMSIS/DSP/Include/arm_math.h ****  * </pre>
 257:Drivers/CMSIS/DSP/Include/arm_math.h ****  * within the library project settings.  By default this macro is defined
 258:Drivers/CMSIS/DSP/Include/arm_math.h ****  * and size checking is enabled. By changing the project settings and
 259:Drivers/CMSIS/DSP/Include/arm_math.h ****  * undefining this macro size checking is eliminated and the functions
 260:Drivers/CMSIS/DSP/Include/arm_math.h ****  * run a bit faster. With size checking disabled the functions always
 261:Drivers/CMSIS/DSP/Include/arm_math.h ****  * return <code>ARM_MATH_SUCCESS</code>.
 262:Drivers/CMSIS/DSP/Include/arm_math.h ****  */
 263:Drivers/CMSIS/DSP/Include/arm_math.h **** 
 264:Drivers/CMSIS/DSP/Include/arm_math.h **** /**
 265:Drivers/CMSIS/DSP/Include/arm_math.h ****  * @defgroup groupTransforms Transform Functions
 266:Drivers/CMSIS/DSP/Include/arm_math.h ****  */
 267:Drivers/CMSIS/DSP/Include/arm_math.h **** 
 268:Drivers/CMSIS/DSP/Include/arm_math.h **** /**
 269:Drivers/CMSIS/DSP/Include/arm_math.h ****  * @defgroup groupController Controller Functions
 270:Drivers/CMSIS/DSP/Include/arm_math.h ****  */
 271:Drivers/CMSIS/DSP/Include/arm_math.h **** 
 272:Drivers/CMSIS/DSP/Include/arm_math.h **** /**
 273:Drivers/CMSIS/DSP/Include/arm_math.h ****  * @defgroup groupStats Statistics Functions
 274:Drivers/CMSIS/DSP/Include/arm_math.h ****  */
 275:Drivers/CMSIS/DSP/Include/arm_math.h **** /**
 276:Drivers/CMSIS/DSP/Include/arm_math.h ****  * @defgroup groupSupport Support Functions
 277:Drivers/CMSIS/DSP/Include/arm_math.h ****  */
 278:Drivers/CMSIS/DSP/Include/arm_math.h **** 
 279:Drivers/CMSIS/DSP/Include/arm_math.h **** /**
 280:Drivers/CMSIS/DSP/Include/arm_math.h ****  * @defgroup groupInterpolation Interpolation Functions
 281:Drivers/CMSIS/DSP/Include/arm_math.h ****  * These functions perform 1- and 2-dimensional interpolation of data.
 282:Drivers/CMSIS/DSP/Include/arm_math.h ****  * Linear interpolation is used for 1-dimensional data and
 283:Drivers/CMSIS/DSP/Include/arm_math.h ****  * bilinear interpolation is used for 2-dimensional data.
 284:Drivers/CMSIS/DSP/Include/arm_math.h ****  */
 285:Drivers/CMSIS/DSP/Include/arm_math.h **** 
 286:Drivers/CMSIS/DSP/Include/arm_math.h **** /**
 287:Drivers/CMSIS/DSP/Include/arm_math.h ****  * @defgroup groupExamples Examples
 288:Drivers/CMSIS/DSP/Include/arm_math.h ****  */
 289:Drivers/CMSIS/DSP/Include/arm_math.h **** #ifndef _ARM_MATH_H
 290:Drivers/CMSIS/DSP/Include/arm_math.h **** #define _ARM_MATH_H
 291:Drivers/CMSIS/DSP/Include/arm_math.h **** 
 292:Drivers/CMSIS/DSP/Include/arm_math.h **** /* Compiler specific diagnostic adjustment */
 293:Drivers/CMSIS/DSP/Include/arm_math.h **** #if   defined ( __CC_ARM )
 294:Drivers/CMSIS/DSP/Include/arm_math.h **** 
 295:Drivers/CMSIS/DSP/Include/arm_math.h **** #elif defined ( __ARMCC_VERSION ) && ( __ARMCC_VERSION >= 6010050 )
 296:Drivers/CMSIS/DSP/Include/arm_math.h **** 
 297:Drivers/CMSIS/DSP/Include/arm_math.h **** #elif defined ( __GNUC__ )
 298:Drivers/CMSIS/DSP/Include/arm_math.h **** #pragma GCC diagnostic push
 299:Drivers/CMSIS/DSP/Include/arm_math.h **** #pragma GCC diagnostic ignored "-Wsign-conversion"
 300:Drivers/CMSIS/DSP/Include/arm_math.h **** #pragma GCC diagnostic ignored "-Wconversion"
 301:Drivers/CMSIS/DSP/Include/arm_math.h **** #pragma GCC diagnostic ignored "-Wunused-parameter"
 302:Drivers/CMSIS/DSP/Include/arm_math.h **** 
 303:Drivers/CMSIS/DSP/Include/arm_math.h **** #elif defined ( __ICCARM__ )
 304:Drivers/CMSIS/DSP/Include/arm_math.h **** 
 305:Drivers/CMSIS/DSP/Include/arm_math.h **** #elif defined ( __TI_ARM__ )
 306:Drivers/CMSIS/DSP/Include/arm_math.h **** 
 307:Drivers/CMSIS/DSP/Include/arm_math.h **** #elif defined ( __CSMC__ )
 308:Drivers/CMSIS/DSP/Include/arm_math.h **** 
ARM GAS  C:\Users\Lamp\AppData\Local\Temp\ccJUbmgO.s 			page 14


 309:Drivers/CMSIS/DSP/Include/arm_math.h **** #elif defined ( __TASKING__ )
 310:Drivers/CMSIS/DSP/Include/arm_math.h **** 
 311:Drivers/CMSIS/DSP/Include/arm_math.h **** #else
 312:Drivers/CMSIS/DSP/Include/arm_math.h ****   #error Unknown compiler
 313:Drivers/CMSIS/DSP/Include/arm_math.h **** #endif
 314:Drivers/CMSIS/DSP/Include/arm_math.h **** 
 315:Drivers/CMSIS/DSP/Include/arm_math.h **** 
 316:Drivers/CMSIS/DSP/Include/arm_math.h **** #define __CMSIS_GENERIC         /* disable NVIC and Systick functions */
 317:Drivers/CMSIS/DSP/Include/arm_math.h **** 
 318:Drivers/CMSIS/DSP/Include/arm_math.h **** #if defined(ARM_MATH_CM7)
 319:Drivers/CMSIS/DSP/Include/arm_math.h ****   #include "core_cm7.h"
 320:Drivers/CMSIS/DSP/Include/arm_math.h ****   #define ARM_MATH_DSP
 321:Drivers/CMSIS/DSP/Include/arm_math.h **** #elif defined (ARM_MATH_CM4)
 322:Drivers/CMSIS/DSP/Include/arm_math.h ****   #include "core_cm4.h"
 323:Drivers/CMSIS/DSP/Include/arm_math.h ****   #define ARM_MATH_DSP
 324:Drivers/CMSIS/DSP/Include/arm_math.h **** #elif defined (ARM_MATH_CM3)
 325:Drivers/CMSIS/DSP/Include/arm_math.h ****   #include "core_cm3.h"
 326:Drivers/CMSIS/DSP/Include/arm_math.h **** #elif defined (ARM_MATH_CM0)
 327:Drivers/CMSIS/DSP/Include/arm_math.h ****   #include "core_cm0.h"
 328:Drivers/CMSIS/DSP/Include/arm_math.h ****   #define ARM_MATH_CM0_FAMILY
 329:Drivers/CMSIS/DSP/Include/arm_math.h **** #elif defined (ARM_MATH_CM0PLUS)
 330:Drivers/CMSIS/DSP/Include/arm_math.h ****   #include "core_cm0plus.h"
 331:Drivers/CMSIS/DSP/Include/arm_math.h ****   #define ARM_MATH_CM0_FAMILY
 332:Drivers/CMSIS/DSP/Include/arm_math.h **** #elif defined (ARM_MATH_ARMV8MBL)
 333:Drivers/CMSIS/DSP/Include/arm_math.h ****   #include "core_armv8mbl.h"
 334:Drivers/CMSIS/DSP/Include/arm_math.h ****   #define ARM_MATH_CM0_FAMILY
 335:Drivers/CMSIS/DSP/Include/arm_math.h **** #elif defined (ARM_MATH_ARMV8MML)
 336:Drivers/CMSIS/DSP/Include/arm_math.h ****   #include "core_armv8mml.h"
 337:Drivers/CMSIS/DSP/Include/arm_math.h ****   #if (defined (__DSP_PRESENT) && (__DSP_PRESENT == 1))
 338:Drivers/CMSIS/DSP/Include/arm_math.h ****     #define ARM_MATH_DSP
 339:Drivers/CMSIS/DSP/Include/arm_math.h ****   #endif
 340:Drivers/CMSIS/DSP/Include/arm_math.h **** #else
 341:Drivers/CMSIS/DSP/Include/arm_math.h ****   #error "Define according the used Cortex core ARM_MATH_CM7, ARM_MATH_CM4, ARM_MATH_CM3, ARM_MATH_
 342:Drivers/CMSIS/DSP/Include/arm_math.h **** #endif
 343:Drivers/CMSIS/DSP/Include/arm_math.h **** 
 344:Drivers/CMSIS/DSP/Include/arm_math.h **** #undef  __CMSIS_GENERIC         /* enable NVIC and Systick functions */
 345:Drivers/CMSIS/DSP/Include/arm_math.h **** #include "string.h"
 346:Drivers/CMSIS/DSP/Include/arm_math.h **** #include "math.h"
 347:Drivers/CMSIS/DSP/Include/arm_math.h **** #ifdef   __cplusplus
 348:Drivers/CMSIS/DSP/Include/arm_math.h **** extern "C"
 349:Drivers/CMSIS/DSP/Include/arm_math.h **** {
 350:Drivers/CMSIS/DSP/Include/arm_math.h **** #endif
 351:Drivers/CMSIS/DSP/Include/arm_math.h **** 
 352:Drivers/CMSIS/DSP/Include/arm_math.h **** 
 353:Drivers/CMSIS/DSP/Include/arm_math.h ****   /**
 354:Drivers/CMSIS/DSP/Include/arm_math.h ****    * @brief Macros required for reciprocal calculation in Normalized LMS
 355:Drivers/CMSIS/DSP/Include/arm_math.h ****    */
 356:Drivers/CMSIS/DSP/Include/arm_math.h **** 
 357:Drivers/CMSIS/DSP/Include/arm_math.h **** #define DELTA_Q31          (0x100)
 358:Drivers/CMSIS/DSP/Include/arm_math.h **** #define DELTA_Q15          0x5
 359:Drivers/CMSIS/DSP/Include/arm_math.h **** #define INDEX_MASK         0x0000003F
 360:Drivers/CMSIS/DSP/Include/arm_math.h **** #ifndef PI
 361:Drivers/CMSIS/DSP/Include/arm_math.h ****   #define PI               3.14159265358979f
 362:Drivers/CMSIS/DSP/Include/arm_math.h **** #endif
 363:Drivers/CMSIS/DSP/Include/arm_math.h **** 
 364:Drivers/CMSIS/DSP/Include/arm_math.h ****   /**
 365:Drivers/CMSIS/DSP/Include/arm_math.h ****    * @brief Macros required for SINE and COSINE Fast math approximations
ARM GAS  C:\Users\Lamp\AppData\Local\Temp\ccJUbmgO.s 			page 15


 366:Drivers/CMSIS/DSP/Include/arm_math.h ****    */
 367:Drivers/CMSIS/DSP/Include/arm_math.h **** 
 368:Drivers/CMSIS/DSP/Include/arm_math.h **** #define FAST_MATH_TABLE_SIZE  512
 369:Drivers/CMSIS/DSP/Include/arm_math.h **** #define FAST_MATH_Q31_SHIFT   (32 - 10)
 370:Drivers/CMSIS/DSP/Include/arm_math.h **** #define FAST_MATH_Q15_SHIFT   (16 - 10)
 371:Drivers/CMSIS/DSP/Include/arm_math.h **** #define CONTROLLER_Q31_SHIFT  (32 - 9)
 372:Drivers/CMSIS/DSP/Include/arm_math.h **** #define TABLE_SPACING_Q31     0x400000
 373:Drivers/CMSIS/DSP/Include/arm_math.h **** #define TABLE_SPACING_Q15     0x80
 374:Drivers/CMSIS/DSP/Include/arm_math.h **** 
 375:Drivers/CMSIS/DSP/Include/arm_math.h ****   /**
 376:Drivers/CMSIS/DSP/Include/arm_math.h ****    * @brief Macros required for SINE and COSINE Controller functions
 377:Drivers/CMSIS/DSP/Include/arm_math.h ****    */
 378:Drivers/CMSIS/DSP/Include/arm_math.h ****   /* 1.31(q31) Fixed value of 2/360 */
 379:Drivers/CMSIS/DSP/Include/arm_math.h ****   /* -1 to +1 is divided into 360 values so total spacing is (2/360) */
 380:Drivers/CMSIS/DSP/Include/arm_math.h **** #define INPUT_SPACING         0xB60B61
 381:Drivers/CMSIS/DSP/Include/arm_math.h **** 
 382:Drivers/CMSIS/DSP/Include/arm_math.h ****   /**
 383:Drivers/CMSIS/DSP/Include/arm_math.h ****    * @brief Macro for Unaligned Support
 384:Drivers/CMSIS/DSP/Include/arm_math.h ****    */
 385:Drivers/CMSIS/DSP/Include/arm_math.h **** #ifndef UNALIGNED_SUPPORT_DISABLE
 386:Drivers/CMSIS/DSP/Include/arm_math.h ****     #define ALIGN4
 387:Drivers/CMSIS/DSP/Include/arm_math.h **** #else
 388:Drivers/CMSIS/DSP/Include/arm_math.h ****   #if defined  (__GNUC__)
 389:Drivers/CMSIS/DSP/Include/arm_math.h ****     #define ALIGN4 __attribute__((aligned(4)))
 390:Drivers/CMSIS/DSP/Include/arm_math.h ****   #else
 391:Drivers/CMSIS/DSP/Include/arm_math.h ****     #define ALIGN4 __align(4)
 392:Drivers/CMSIS/DSP/Include/arm_math.h ****   #endif
 393:Drivers/CMSIS/DSP/Include/arm_math.h **** #endif   /* #ifndef UNALIGNED_SUPPORT_DISABLE */
 394:Drivers/CMSIS/DSP/Include/arm_math.h **** 
 395:Drivers/CMSIS/DSP/Include/arm_math.h ****   /**
 396:Drivers/CMSIS/DSP/Include/arm_math.h ****    * @brief Error status returned by some functions in the library.
 397:Drivers/CMSIS/DSP/Include/arm_math.h ****    */
 398:Drivers/CMSIS/DSP/Include/arm_math.h **** 
 399:Drivers/CMSIS/DSP/Include/arm_math.h ****   typedef enum
 400:Drivers/CMSIS/DSP/Include/arm_math.h ****   {
 401:Drivers/CMSIS/DSP/Include/arm_math.h ****     ARM_MATH_SUCCESS = 0,                /**< No error */
 402:Drivers/CMSIS/DSP/Include/arm_math.h ****     ARM_MATH_ARGUMENT_ERROR = -1,        /**< One or more arguments are incorrect */
 403:Drivers/CMSIS/DSP/Include/arm_math.h ****     ARM_MATH_LENGTH_ERROR = -2,          /**< Length of data buffer is incorrect */
 404:Drivers/CMSIS/DSP/Include/arm_math.h ****     ARM_MATH_SIZE_MISMATCH = -3,         /**< Size of matrices is not compatible with the operation
 405:Drivers/CMSIS/DSP/Include/arm_math.h ****     ARM_MATH_NANINF = -4,                /**< Not-a-number (NaN) or infinity is generated */
 406:Drivers/CMSIS/DSP/Include/arm_math.h ****     ARM_MATH_SINGULAR = -5,              /**< Generated by matrix inversion if the input matrix is 
 407:Drivers/CMSIS/DSP/Include/arm_math.h ****     ARM_MATH_TEST_FAILURE = -6           /**< Test Failed  */
 408:Drivers/CMSIS/DSP/Include/arm_math.h ****   } arm_status;
 409:Drivers/CMSIS/DSP/Include/arm_math.h **** 
 410:Drivers/CMSIS/DSP/Include/arm_math.h ****   /**
 411:Drivers/CMSIS/DSP/Include/arm_math.h ****    * @brief 8-bit fractional data type in 1.7 format.
 412:Drivers/CMSIS/DSP/Include/arm_math.h ****    */
 413:Drivers/CMSIS/DSP/Include/arm_math.h ****   typedef int8_t q7_t;
 414:Drivers/CMSIS/DSP/Include/arm_math.h **** 
 415:Drivers/CMSIS/DSP/Include/arm_math.h ****   /**
 416:Drivers/CMSIS/DSP/Include/arm_math.h ****    * @brief 16-bit fractional data type in 1.15 format.
 417:Drivers/CMSIS/DSP/Include/arm_math.h ****    */
 418:Drivers/CMSIS/DSP/Include/arm_math.h ****   typedef int16_t q15_t;
 419:Drivers/CMSIS/DSP/Include/arm_math.h **** 
 420:Drivers/CMSIS/DSP/Include/arm_math.h ****   /**
 421:Drivers/CMSIS/DSP/Include/arm_math.h ****    * @brief 32-bit fractional data type in 1.31 format.
 422:Drivers/CMSIS/DSP/Include/arm_math.h ****    */
ARM GAS  C:\Users\Lamp\AppData\Local\Temp\ccJUbmgO.s 			page 16


 423:Drivers/CMSIS/DSP/Include/arm_math.h ****   typedef int32_t q31_t;
 424:Drivers/CMSIS/DSP/Include/arm_math.h **** 
 425:Drivers/CMSIS/DSP/Include/arm_math.h ****   /**
 426:Drivers/CMSIS/DSP/Include/arm_math.h ****    * @brief 64-bit fractional data type in 1.63 format.
 427:Drivers/CMSIS/DSP/Include/arm_math.h ****    */
 428:Drivers/CMSIS/DSP/Include/arm_math.h ****   typedef int64_t q63_t;
 429:Drivers/CMSIS/DSP/Include/arm_math.h **** 
 430:Drivers/CMSIS/DSP/Include/arm_math.h ****   /**
 431:Drivers/CMSIS/DSP/Include/arm_math.h ****    * @brief 32-bit floating-point type definition.
 432:Drivers/CMSIS/DSP/Include/arm_math.h ****    */
 433:Drivers/CMSIS/DSP/Include/arm_math.h ****   typedef float float32_t;
 434:Drivers/CMSIS/DSP/Include/arm_math.h **** 
 435:Drivers/CMSIS/DSP/Include/arm_math.h ****   /**
 436:Drivers/CMSIS/DSP/Include/arm_math.h ****    * @brief 64-bit floating-point type definition.
 437:Drivers/CMSIS/DSP/Include/arm_math.h ****    */
 438:Drivers/CMSIS/DSP/Include/arm_math.h ****   typedef double float64_t;
 439:Drivers/CMSIS/DSP/Include/arm_math.h **** 
 440:Drivers/CMSIS/DSP/Include/arm_math.h ****   /**
 441:Drivers/CMSIS/DSP/Include/arm_math.h ****    * @brief definition to read/write two 16 bit values.
 442:Drivers/CMSIS/DSP/Include/arm_math.h ****    */
 443:Drivers/CMSIS/DSP/Include/arm_math.h **** #if   defined ( __CC_ARM )
 444:Drivers/CMSIS/DSP/Include/arm_math.h ****   #define __SIMD32_TYPE int32_t __packed
 445:Drivers/CMSIS/DSP/Include/arm_math.h ****   #define CMSIS_UNUSED __attribute__((unused))
 446:Drivers/CMSIS/DSP/Include/arm_math.h ****   #define CMSIS_INLINE __attribute__((always_inline))
 447:Drivers/CMSIS/DSP/Include/arm_math.h **** 
 448:Drivers/CMSIS/DSP/Include/arm_math.h **** #elif defined ( __ARMCC_VERSION ) && ( __ARMCC_VERSION >= 6010050 )
 449:Drivers/CMSIS/DSP/Include/arm_math.h ****   #define __SIMD32_TYPE int32_t
 450:Drivers/CMSIS/DSP/Include/arm_math.h ****   #define CMSIS_UNUSED __attribute__((unused))
 451:Drivers/CMSIS/DSP/Include/arm_math.h ****   #define CMSIS_INLINE __attribute__((always_inline))
 452:Drivers/CMSIS/DSP/Include/arm_math.h **** 
 453:Drivers/CMSIS/DSP/Include/arm_math.h **** #elif defined ( __GNUC__ )
 454:Drivers/CMSIS/DSP/Include/arm_math.h ****   #define __SIMD32_TYPE int32_t
 455:Drivers/CMSIS/DSP/Include/arm_math.h ****   #define CMSIS_UNUSED __attribute__((unused))
 456:Drivers/CMSIS/DSP/Include/arm_math.h ****   #define CMSIS_INLINE __attribute__((always_inline))
 457:Drivers/CMSIS/DSP/Include/arm_math.h **** 
 458:Drivers/CMSIS/DSP/Include/arm_math.h **** #elif defined ( __ICCARM__ )
 459:Drivers/CMSIS/DSP/Include/arm_math.h ****   #define __SIMD32_TYPE int32_t __packed
 460:Drivers/CMSIS/DSP/Include/arm_math.h ****   #define CMSIS_UNUSED
 461:Drivers/CMSIS/DSP/Include/arm_math.h ****   #define CMSIS_INLINE
 462:Drivers/CMSIS/DSP/Include/arm_math.h **** 
 463:Drivers/CMSIS/DSP/Include/arm_math.h **** #elif defined ( __TI_ARM__ )
 464:Drivers/CMSIS/DSP/Include/arm_math.h ****   #define __SIMD32_TYPE int32_t
 465:Drivers/CMSIS/DSP/Include/arm_math.h ****   #define CMSIS_UNUSED __attribute__((unused))
 466:Drivers/CMSIS/DSP/Include/arm_math.h ****   #define CMSIS_INLINE
 467:Drivers/CMSIS/DSP/Include/arm_math.h **** 
 468:Drivers/CMSIS/DSP/Include/arm_math.h **** #elif defined ( __CSMC__ )
 469:Drivers/CMSIS/DSP/Include/arm_math.h ****   #define __SIMD32_TYPE int32_t
 470:Drivers/CMSIS/DSP/Include/arm_math.h ****   #define CMSIS_UNUSED
 471:Drivers/CMSIS/DSP/Include/arm_math.h ****   #define CMSIS_INLINE
 472:Drivers/CMSIS/DSP/Include/arm_math.h **** 
 473:Drivers/CMSIS/DSP/Include/arm_math.h **** #elif defined ( __TASKING__ )
 474:Drivers/CMSIS/DSP/Include/arm_math.h ****   #define __SIMD32_TYPE __unaligned int32_t
 475:Drivers/CMSIS/DSP/Include/arm_math.h ****   #define CMSIS_UNUSED
 476:Drivers/CMSIS/DSP/Include/arm_math.h ****   #define CMSIS_INLINE
 477:Drivers/CMSIS/DSP/Include/arm_math.h **** 
 478:Drivers/CMSIS/DSP/Include/arm_math.h **** #else
 479:Drivers/CMSIS/DSP/Include/arm_math.h ****   #error Unknown compiler
ARM GAS  C:\Users\Lamp\AppData\Local\Temp\ccJUbmgO.s 			page 17


 480:Drivers/CMSIS/DSP/Include/arm_math.h **** #endif
 481:Drivers/CMSIS/DSP/Include/arm_math.h **** 
 482:Drivers/CMSIS/DSP/Include/arm_math.h **** #define __SIMD32(addr)        (*(__SIMD32_TYPE **) & (addr))
 483:Drivers/CMSIS/DSP/Include/arm_math.h **** #define __SIMD32_CONST(addr)  ((__SIMD32_TYPE *)(addr))
 484:Drivers/CMSIS/DSP/Include/arm_math.h **** #define _SIMD32_OFFSET(addr)  (*(__SIMD32_TYPE *)  (addr))
 485:Drivers/CMSIS/DSP/Include/arm_math.h **** #define __SIMD64(addr)        (*(int64_t **) & (addr))
 486:Drivers/CMSIS/DSP/Include/arm_math.h **** 
 487:Drivers/CMSIS/DSP/Include/arm_math.h **** #if !defined (ARM_MATH_DSP)
 488:Drivers/CMSIS/DSP/Include/arm_math.h ****   /**
 489:Drivers/CMSIS/DSP/Include/arm_math.h ****    * @brief definition to pack two 16 bit values.
 490:Drivers/CMSIS/DSP/Include/arm_math.h ****    */
 491:Drivers/CMSIS/DSP/Include/arm_math.h **** #define __PKHBT(ARG1, ARG2, ARG3) ( (((int32_t)(ARG1) <<    0) & (int32_t)0x0000FFFF) | \
 492:Drivers/CMSIS/DSP/Include/arm_math.h ****                                     (((int32_t)(ARG2) << ARG3) & (int32_t)0xFFFF0000)  )
 493:Drivers/CMSIS/DSP/Include/arm_math.h **** #define __PKHTB(ARG1, ARG2, ARG3) ( (((int32_t)(ARG1) <<    0) & (int32_t)0xFFFF0000) | \
 494:Drivers/CMSIS/DSP/Include/arm_math.h ****                                     (((int32_t)(ARG2) >> ARG3) & (int32_t)0x0000FFFF)  )
 495:Drivers/CMSIS/DSP/Include/arm_math.h **** 
 496:Drivers/CMSIS/DSP/Include/arm_math.h **** #endif /* !defined (ARM_MATH_DSP) */
 497:Drivers/CMSIS/DSP/Include/arm_math.h **** 
 498:Drivers/CMSIS/DSP/Include/arm_math.h ****    /**
 499:Drivers/CMSIS/DSP/Include/arm_math.h ****    * @brief definition to pack four 8 bit values.
 500:Drivers/CMSIS/DSP/Include/arm_math.h ****    */
 501:Drivers/CMSIS/DSP/Include/arm_math.h **** #ifndef ARM_MATH_BIG_ENDIAN
 502:Drivers/CMSIS/DSP/Include/arm_math.h **** 
 503:Drivers/CMSIS/DSP/Include/arm_math.h **** #define __PACKq7(v0,v1,v2,v3) ( (((int32_t)(v0) <<  0) & (int32_t)0x000000FF) | \
 504:Drivers/CMSIS/DSP/Include/arm_math.h ****                                 (((int32_t)(v1) <<  8) & (int32_t)0x0000FF00) | \
 505:Drivers/CMSIS/DSP/Include/arm_math.h ****                                 (((int32_t)(v2) << 16) & (int32_t)0x00FF0000) | \
 506:Drivers/CMSIS/DSP/Include/arm_math.h ****                                 (((int32_t)(v3) << 24) & (int32_t)0xFF000000)  )
 507:Drivers/CMSIS/DSP/Include/arm_math.h **** #else
 508:Drivers/CMSIS/DSP/Include/arm_math.h **** 
 509:Drivers/CMSIS/DSP/Include/arm_math.h **** #define __PACKq7(v0,v1,v2,v3) ( (((int32_t)(v3) <<  0) & (int32_t)0x000000FF) | \
 510:Drivers/CMSIS/DSP/Include/arm_math.h ****                                 (((int32_t)(v2) <<  8) & (int32_t)0x0000FF00) | \
 511:Drivers/CMSIS/DSP/Include/arm_math.h ****                                 (((int32_t)(v1) << 16) & (int32_t)0x00FF0000) | \
 512:Drivers/CMSIS/DSP/Include/arm_math.h ****                                 (((int32_t)(v0) << 24) & (int32_t)0xFF000000)  )
 513:Drivers/CMSIS/DSP/Include/arm_math.h **** 
 514:Drivers/CMSIS/DSP/Include/arm_math.h **** #endif
 515:Drivers/CMSIS/DSP/Include/arm_math.h **** 
 516:Drivers/CMSIS/DSP/Include/arm_math.h **** 
 517:Drivers/CMSIS/DSP/Include/arm_math.h ****   /**
 518:Drivers/CMSIS/DSP/Include/arm_math.h ****    * @brief Clips Q63 to Q31 values.
 519:Drivers/CMSIS/DSP/Include/arm_math.h ****    */
 520:Drivers/CMSIS/DSP/Include/arm_math.h ****   CMSIS_INLINE __STATIC_INLINE q31_t clip_q63_to_q31(
 521:Drivers/CMSIS/DSP/Include/arm_math.h ****   q63_t x)
 522:Drivers/CMSIS/DSP/Include/arm_math.h ****   {
 523:Drivers/CMSIS/DSP/Include/arm_math.h ****     return ((q31_t) (x >> 32) != ((q31_t) x >> 31)) ?
 524:Drivers/CMSIS/DSP/Include/arm_math.h ****       ((0x7FFFFFFF ^ ((q31_t) (x >> 63)))) : (q31_t) x;
 525:Drivers/CMSIS/DSP/Include/arm_math.h ****   }
 526:Drivers/CMSIS/DSP/Include/arm_math.h **** 
 527:Drivers/CMSIS/DSP/Include/arm_math.h ****   /**
 528:Drivers/CMSIS/DSP/Include/arm_math.h ****    * @brief Clips Q63 to Q15 values.
 529:Drivers/CMSIS/DSP/Include/arm_math.h ****    */
 530:Drivers/CMSIS/DSP/Include/arm_math.h ****   CMSIS_INLINE __STATIC_INLINE q15_t clip_q63_to_q15(
 531:Drivers/CMSIS/DSP/Include/arm_math.h ****   q63_t x)
 532:Drivers/CMSIS/DSP/Include/arm_math.h ****   {
 533:Drivers/CMSIS/DSP/Include/arm_math.h ****     return ((q31_t) (x >> 32) != ((q31_t) x >> 31)) ?
 534:Drivers/CMSIS/DSP/Include/arm_math.h ****       ((0x7FFF ^ ((q15_t) (x >> 63)))) : (q15_t) (x >> 15);
 535:Drivers/CMSIS/DSP/Include/arm_math.h ****   }
 536:Drivers/CMSIS/DSP/Include/arm_math.h **** 
ARM GAS  C:\Users\Lamp\AppData\Local\Temp\ccJUbmgO.s 			page 18


 537:Drivers/CMSIS/DSP/Include/arm_math.h ****   /**
 538:Drivers/CMSIS/DSP/Include/arm_math.h ****    * @brief Clips Q31 to Q7 values.
 539:Drivers/CMSIS/DSP/Include/arm_math.h ****    */
 540:Drivers/CMSIS/DSP/Include/arm_math.h ****   CMSIS_INLINE __STATIC_INLINE q7_t clip_q31_to_q7(
 541:Drivers/CMSIS/DSP/Include/arm_math.h ****   q31_t x)
 542:Drivers/CMSIS/DSP/Include/arm_math.h ****   {
 543:Drivers/CMSIS/DSP/Include/arm_math.h ****     return ((q31_t) (x >> 24) != ((q31_t) x >> 23)) ?
 544:Drivers/CMSIS/DSP/Include/arm_math.h ****       ((0x7F ^ ((q7_t) (x >> 31)))) : (q7_t) x;
 545:Drivers/CMSIS/DSP/Include/arm_math.h ****   }
 546:Drivers/CMSIS/DSP/Include/arm_math.h **** 
 547:Drivers/CMSIS/DSP/Include/arm_math.h ****   /**
 548:Drivers/CMSIS/DSP/Include/arm_math.h ****    * @brief Clips Q31 to Q15 values.
 549:Drivers/CMSIS/DSP/Include/arm_math.h ****    */
 550:Drivers/CMSIS/DSP/Include/arm_math.h ****   CMSIS_INLINE __STATIC_INLINE q15_t clip_q31_to_q15(
 551:Drivers/CMSIS/DSP/Include/arm_math.h ****   q31_t x)
 552:Drivers/CMSIS/DSP/Include/arm_math.h ****   {
 553:Drivers/CMSIS/DSP/Include/arm_math.h ****     return ((q31_t) (x >> 16) != ((q31_t) x >> 15)) ?
 554:Drivers/CMSIS/DSP/Include/arm_math.h ****       ((0x7FFF ^ ((q15_t) (x >> 31)))) : (q15_t) x;
 555:Drivers/CMSIS/DSP/Include/arm_math.h ****   }
 556:Drivers/CMSIS/DSP/Include/arm_math.h **** 
 557:Drivers/CMSIS/DSP/Include/arm_math.h ****   /**
 558:Drivers/CMSIS/DSP/Include/arm_math.h ****    * @brief Multiplies 32 X 64 and returns 32 bit result in 2.30 format.
 559:Drivers/CMSIS/DSP/Include/arm_math.h ****    */
 560:Drivers/CMSIS/DSP/Include/arm_math.h **** 
 561:Drivers/CMSIS/DSP/Include/arm_math.h ****   CMSIS_INLINE __STATIC_INLINE q63_t mult32x64(
 562:Drivers/CMSIS/DSP/Include/arm_math.h ****   q63_t x,
 563:Drivers/CMSIS/DSP/Include/arm_math.h ****   q31_t y)
 564:Drivers/CMSIS/DSP/Include/arm_math.h ****   {
 565:Drivers/CMSIS/DSP/Include/arm_math.h ****     return ((((q63_t) (x & 0x00000000FFFFFFFF) * y) >> 32) +
 566:Drivers/CMSIS/DSP/Include/arm_math.h ****             (((q63_t) (x >> 32) * y)));
 567:Drivers/CMSIS/DSP/Include/arm_math.h ****   }
 568:Drivers/CMSIS/DSP/Include/arm_math.h **** 
 569:Drivers/CMSIS/DSP/Include/arm_math.h ****   /**
 570:Drivers/CMSIS/DSP/Include/arm_math.h ****    * @brief Function to Calculates 1/in (reciprocal) value of Q31 Data type.
 571:Drivers/CMSIS/DSP/Include/arm_math.h ****    */
 572:Drivers/CMSIS/DSP/Include/arm_math.h **** 
 573:Drivers/CMSIS/DSP/Include/arm_math.h ****   CMSIS_INLINE __STATIC_INLINE uint32_t arm_recip_q31(
 574:Drivers/CMSIS/DSP/Include/arm_math.h ****   q31_t in,
 575:Drivers/CMSIS/DSP/Include/arm_math.h ****   q31_t * dst,
 576:Drivers/CMSIS/DSP/Include/arm_math.h ****   q31_t * pRecipTable)
 577:Drivers/CMSIS/DSP/Include/arm_math.h ****   {
 578:Drivers/CMSIS/DSP/Include/arm_math.h ****     q31_t out;
 579:Drivers/CMSIS/DSP/Include/arm_math.h ****     uint32_t tempVal;
 580:Drivers/CMSIS/DSP/Include/arm_math.h ****     uint32_t index, i;
 581:Drivers/CMSIS/DSP/Include/arm_math.h ****     uint32_t signBits;
 582:Drivers/CMSIS/DSP/Include/arm_math.h **** 
 583:Drivers/CMSIS/DSP/Include/arm_math.h ****     if (in > 0)
 584:Drivers/CMSIS/DSP/Include/arm_math.h ****     {
 585:Drivers/CMSIS/DSP/Include/arm_math.h ****       signBits = ((uint32_t) (__CLZ( in) - 1));
 586:Drivers/CMSIS/DSP/Include/arm_math.h ****     }
 587:Drivers/CMSIS/DSP/Include/arm_math.h ****     else
 588:Drivers/CMSIS/DSP/Include/arm_math.h ****     {
 589:Drivers/CMSIS/DSP/Include/arm_math.h ****       signBits = ((uint32_t) (__CLZ(-in) - 1));
 590:Drivers/CMSIS/DSP/Include/arm_math.h ****     }
 591:Drivers/CMSIS/DSP/Include/arm_math.h **** 
 592:Drivers/CMSIS/DSP/Include/arm_math.h ****     /* Convert input sample to 1.31 format */
 593:Drivers/CMSIS/DSP/Include/arm_math.h ****     in = (in << signBits);
ARM GAS  C:\Users\Lamp\AppData\Local\Temp\ccJUbmgO.s 			page 19


 594:Drivers/CMSIS/DSP/Include/arm_math.h **** 
 595:Drivers/CMSIS/DSP/Include/arm_math.h ****     /* calculation of index for initial approximated Val */
 596:Drivers/CMSIS/DSP/Include/arm_math.h ****     index = (uint32_t)(in >> 24);
 597:Drivers/CMSIS/DSP/Include/arm_math.h ****     index = (index & INDEX_MASK);
 598:Drivers/CMSIS/DSP/Include/arm_math.h **** 
 599:Drivers/CMSIS/DSP/Include/arm_math.h ****     /* 1.31 with exp 1 */
 600:Drivers/CMSIS/DSP/Include/arm_math.h ****     out = pRecipTable[index];
 601:Drivers/CMSIS/DSP/Include/arm_math.h **** 
 602:Drivers/CMSIS/DSP/Include/arm_math.h ****     /* calculation of reciprocal value */
 603:Drivers/CMSIS/DSP/Include/arm_math.h ****     /* running approximation for two iterations */
 604:Drivers/CMSIS/DSP/Include/arm_math.h ****     for (i = 0U; i < 2U; i++)
 605:Drivers/CMSIS/DSP/Include/arm_math.h ****     {
 606:Drivers/CMSIS/DSP/Include/arm_math.h ****       tempVal = (uint32_t) (((q63_t) in * out) >> 31);
 607:Drivers/CMSIS/DSP/Include/arm_math.h ****       tempVal = 0x7FFFFFFFu - tempVal;
 608:Drivers/CMSIS/DSP/Include/arm_math.h ****       /*      1.31 with exp 1 */
 609:Drivers/CMSIS/DSP/Include/arm_math.h ****       /* out = (q31_t) (((q63_t) out * tempVal) >> 30); */
 610:Drivers/CMSIS/DSP/Include/arm_math.h ****       out = clip_q63_to_q31(((q63_t) out * tempVal) >> 30);
 611:Drivers/CMSIS/DSP/Include/arm_math.h ****     }
 612:Drivers/CMSIS/DSP/Include/arm_math.h **** 
 613:Drivers/CMSIS/DSP/Include/arm_math.h ****     /* write output */
 614:Drivers/CMSIS/DSP/Include/arm_math.h ****     *dst = out;
 615:Drivers/CMSIS/DSP/Include/arm_math.h **** 
 616:Drivers/CMSIS/DSP/Include/arm_math.h ****     /* return num of signbits of out = 1/in value */
 617:Drivers/CMSIS/DSP/Include/arm_math.h ****     return (signBits + 1U);
 618:Drivers/CMSIS/DSP/Include/arm_math.h ****   }
 619:Drivers/CMSIS/DSP/Include/arm_math.h **** 
 620:Drivers/CMSIS/DSP/Include/arm_math.h **** 
 621:Drivers/CMSIS/DSP/Include/arm_math.h ****   /**
 622:Drivers/CMSIS/DSP/Include/arm_math.h ****    * @brief Function to Calculates 1/in (reciprocal) value of Q15 Data type.
 623:Drivers/CMSIS/DSP/Include/arm_math.h ****    */
 624:Drivers/CMSIS/DSP/Include/arm_math.h ****   CMSIS_INLINE __STATIC_INLINE uint32_t arm_recip_q15(
 625:Drivers/CMSIS/DSP/Include/arm_math.h ****   q15_t in,
 626:Drivers/CMSIS/DSP/Include/arm_math.h ****   q15_t * dst,
 627:Drivers/CMSIS/DSP/Include/arm_math.h ****   q15_t * pRecipTable)
 628:Drivers/CMSIS/DSP/Include/arm_math.h ****   {
 629:Drivers/CMSIS/DSP/Include/arm_math.h ****     q15_t out = 0;
 630:Drivers/CMSIS/DSP/Include/arm_math.h ****     uint32_t tempVal = 0;
 631:Drivers/CMSIS/DSP/Include/arm_math.h ****     uint32_t index = 0, i = 0;
 632:Drivers/CMSIS/DSP/Include/arm_math.h ****     uint32_t signBits = 0;
 633:Drivers/CMSIS/DSP/Include/arm_math.h **** 
 634:Drivers/CMSIS/DSP/Include/arm_math.h ****     if (in > 0)
 635:Drivers/CMSIS/DSP/Include/arm_math.h ****     {
 636:Drivers/CMSIS/DSP/Include/arm_math.h ****       signBits = ((uint32_t)(__CLZ( in) - 17));
 637:Drivers/CMSIS/DSP/Include/arm_math.h ****     }
 638:Drivers/CMSIS/DSP/Include/arm_math.h ****     else
 639:Drivers/CMSIS/DSP/Include/arm_math.h ****     {
 640:Drivers/CMSIS/DSP/Include/arm_math.h ****       signBits = ((uint32_t)(__CLZ(-in) - 17));
 641:Drivers/CMSIS/DSP/Include/arm_math.h ****     }
 642:Drivers/CMSIS/DSP/Include/arm_math.h **** 
 643:Drivers/CMSIS/DSP/Include/arm_math.h ****     /* Convert input sample to 1.15 format */
 644:Drivers/CMSIS/DSP/Include/arm_math.h ****     in = (in << signBits);
 645:Drivers/CMSIS/DSP/Include/arm_math.h **** 
 646:Drivers/CMSIS/DSP/Include/arm_math.h ****     /* calculation of index for initial approximated Val */
 647:Drivers/CMSIS/DSP/Include/arm_math.h ****     index = (uint32_t)(in >>  8);
 648:Drivers/CMSIS/DSP/Include/arm_math.h ****     index = (index & INDEX_MASK);
 649:Drivers/CMSIS/DSP/Include/arm_math.h **** 
 650:Drivers/CMSIS/DSP/Include/arm_math.h ****     /*      1.15 with exp 1  */
ARM GAS  C:\Users\Lamp\AppData\Local\Temp\ccJUbmgO.s 			page 20


 651:Drivers/CMSIS/DSP/Include/arm_math.h ****     out = pRecipTable[index];
 652:Drivers/CMSIS/DSP/Include/arm_math.h **** 
 653:Drivers/CMSIS/DSP/Include/arm_math.h ****     /* calculation of reciprocal value */
 654:Drivers/CMSIS/DSP/Include/arm_math.h ****     /* running approximation for two iterations */
 655:Drivers/CMSIS/DSP/Include/arm_math.h ****     for (i = 0U; i < 2U; i++)
 656:Drivers/CMSIS/DSP/Include/arm_math.h ****     {
 657:Drivers/CMSIS/DSP/Include/arm_math.h ****       tempVal = (uint32_t) (((q31_t) in * out) >> 15);
 658:Drivers/CMSIS/DSP/Include/arm_math.h ****       tempVal = 0x7FFFu - tempVal;
 659:Drivers/CMSIS/DSP/Include/arm_math.h ****       /*      1.15 with exp 1 */
 660:Drivers/CMSIS/DSP/Include/arm_math.h ****       out = (q15_t) (((q31_t) out * tempVal) >> 14);
 661:Drivers/CMSIS/DSP/Include/arm_math.h ****       /* out = clip_q31_to_q15(((q31_t) out * tempVal) >> 14); */
 662:Drivers/CMSIS/DSP/Include/arm_math.h ****     }
 663:Drivers/CMSIS/DSP/Include/arm_math.h **** 
 664:Drivers/CMSIS/DSP/Include/arm_math.h ****     /* write output */
 665:Drivers/CMSIS/DSP/Include/arm_math.h ****     *dst = out;
 666:Drivers/CMSIS/DSP/Include/arm_math.h **** 
 667:Drivers/CMSIS/DSP/Include/arm_math.h ****     /* return num of signbits of out = 1/in value */
 668:Drivers/CMSIS/DSP/Include/arm_math.h ****     return (signBits + 1);
 669:Drivers/CMSIS/DSP/Include/arm_math.h ****   }
 670:Drivers/CMSIS/DSP/Include/arm_math.h **** 
 671:Drivers/CMSIS/DSP/Include/arm_math.h **** 
 672:Drivers/CMSIS/DSP/Include/arm_math.h **** /*
 673:Drivers/CMSIS/DSP/Include/arm_math.h ****  * @brief C custom defined intrinsic function for M3 and M0 processors
 674:Drivers/CMSIS/DSP/Include/arm_math.h ****  */
 675:Drivers/CMSIS/DSP/Include/arm_math.h **** #if !defined (ARM_MATH_DSP)
 676:Drivers/CMSIS/DSP/Include/arm_math.h **** 
 677:Drivers/CMSIS/DSP/Include/arm_math.h ****   /*
 678:Drivers/CMSIS/DSP/Include/arm_math.h ****    * @brief C custom defined QADD8 for M3 and M0 processors
 679:Drivers/CMSIS/DSP/Include/arm_math.h ****    */
 680:Drivers/CMSIS/DSP/Include/arm_math.h ****   CMSIS_INLINE __STATIC_INLINE uint32_t __QADD8(
 681:Drivers/CMSIS/DSP/Include/arm_math.h ****   uint32_t x,
 682:Drivers/CMSIS/DSP/Include/arm_math.h ****   uint32_t y)
 683:Drivers/CMSIS/DSP/Include/arm_math.h ****   {
 684:Drivers/CMSIS/DSP/Include/arm_math.h ****     q31_t r, s, t, u;
 685:Drivers/CMSIS/DSP/Include/arm_math.h **** 
 686:Drivers/CMSIS/DSP/Include/arm_math.h ****     r = __SSAT(((((q31_t)x << 24) >> 24) + (((q31_t)y << 24) >> 24)), 8) & (int32_t)0x000000FF;
 687:Drivers/CMSIS/DSP/Include/arm_math.h ****     s = __SSAT(((((q31_t)x << 16) >> 24) + (((q31_t)y << 16) >> 24)), 8) & (int32_t)0x000000FF;
 688:Drivers/CMSIS/DSP/Include/arm_math.h ****     t = __SSAT(((((q31_t)x <<  8) >> 24) + (((q31_t)y <<  8) >> 24)), 8) & (int32_t)0x000000FF;
 689:Drivers/CMSIS/DSP/Include/arm_math.h ****     u = __SSAT(((((q31_t)x      ) >> 24) + (((q31_t)y      ) >> 24)), 8) & (int32_t)0x000000FF;
 690:Drivers/CMSIS/DSP/Include/arm_math.h **** 
 691:Drivers/CMSIS/DSP/Include/arm_math.h ****     return ((uint32_t)((u << 24) | (t << 16) | (s <<  8) | (r      )));
 692:Drivers/CMSIS/DSP/Include/arm_math.h ****   }
 693:Drivers/CMSIS/DSP/Include/arm_math.h **** 
 694:Drivers/CMSIS/DSP/Include/arm_math.h **** 
 695:Drivers/CMSIS/DSP/Include/arm_math.h ****   /*
 696:Drivers/CMSIS/DSP/Include/arm_math.h ****    * @brief C custom defined QSUB8 for M3 and M0 processors
 697:Drivers/CMSIS/DSP/Include/arm_math.h ****    */
 698:Drivers/CMSIS/DSP/Include/arm_math.h ****   CMSIS_INLINE __STATIC_INLINE uint32_t __QSUB8(
 699:Drivers/CMSIS/DSP/Include/arm_math.h ****   uint32_t x,
 700:Drivers/CMSIS/DSP/Include/arm_math.h ****   uint32_t y)
 701:Drivers/CMSIS/DSP/Include/arm_math.h ****   {
 702:Drivers/CMSIS/DSP/Include/arm_math.h ****     q31_t r, s, t, u;
 703:Drivers/CMSIS/DSP/Include/arm_math.h **** 
 704:Drivers/CMSIS/DSP/Include/arm_math.h ****     r = __SSAT(((((q31_t)x << 24) >> 24) - (((q31_t)y << 24) >> 24)), 8) & (int32_t)0x000000FF;
 705:Drivers/CMSIS/DSP/Include/arm_math.h ****     s = __SSAT(((((q31_t)x << 16) >> 24) - (((q31_t)y << 16) >> 24)), 8) & (int32_t)0x000000FF;
 706:Drivers/CMSIS/DSP/Include/arm_math.h ****     t = __SSAT(((((q31_t)x <<  8) >> 24) - (((q31_t)y <<  8) >> 24)), 8) & (int32_t)0x000000FF;
 707:Drivers/CMSIS/DSP/Include/arm_math.h ****     u = __SSAT(((((q31_t)x      ) >> 24) - (((q31_t)y      ) >> 24)), 8) & (int32_t)0x000000FF;
ARM GAS  C:\Users\Lamp\AppData\Local\Temp\ccJUbmgO.s 			page 21


 708:Drivers/CMSIS/DSP/Include/arm_math.h **** 
 709:Drivers/CMSIS/DSP/Include/arm_math.h ****     return ((uint32_t)((u << 24) | (t << 16) | (s <<  8) | (r      )));
 710:Drivers/CMSIS/DSP/Include/arm_math.h ****   }
 711:Drivers/CMSIS/DSP/Include/arm_math.h **** 
 712:Drivers/CMSIS/DSP/Include/arm_math.h **** 
 713:Drivers/CMSIS/DSP/Include/arm_math.h ****   /*
 714:Drivers/CMSIS/DSP/Include/arm_math.h ****    * @brief C custom defined QADD16 for M3 and M0 processors
 715:Drivers/CMSIS/DSP/Include/arm_math.h ****    */
 716:Drivers/CMSIS/DSP/Include/arm_math.h ****   CMSIS_INLINE __STATIC_INLINE uint32_t __QADD16(
 717:Drivers/CMSIS/DSP/Include/arm_math.h ****   uint32_t x,
 718:Drivers/CMSIS/DSP/Include/arm_math.h ****   uint32_t y)
 719:Drivers/CMSIS/DSP/Include/arm_math.h ****   {
 720:Drivers/CMSIS/DSP/Include/arm_math.h **** /*  q31_t r,     s;  without initialisation 'arm_offset_q15 test' fails  but 'intrinsic' tests pass
 721:Drivers/CMSIS/DSP/Include/arm_math.h ****     q31_t r = 0, s = 0;
 722:Drivers/CMSIS/DSP/Include/arm_math.h **** 
 723:Drivers/CMSIS/DSP/Include/arm_math.h ****     r = __SSAT(((((q31_t)x << 16) >> 16) + (((q31_t)y << 16) >> 16)), 16) & (int32_t)0x0000FFFF;
 724:Drivers/CMSIS/DSP/Include/arm_math.h ****     s = __SSAT(((((q31_t)x      ) >> 16) + (((q31_t)y      ) >> 16)), 16) & (int32_t)0x0000FFFF;
 725:Drivers/CMSIS/DSP/Include/arm_math.h **** 
 726:Drivers/CMSIS/DSP/Include/arm_math.h ****     return ((uint32_t)((s << 16) | (r      )));
 727:Drivers/CMSIS/DSP/Include/arm_math.h ****   }
 728:Drivers/CMSIS/DSP/Include/arm_math.h **** 
 729:Drivers/CMSIS/DSP/Include/arm_math.h **** 
 730:Drivers/CMSIS/DSP/Include/arm_math.h ****   /*
 731:Drivers/CMSIS/DSP/Include/arm_math.h ****    * @brief C custom defined SHADD16 for M3 and M0 processors
 732:Drivers/CMSIS/DSP/Include/arm_math.h ****    */
 733:Drivers/CMSIS/DSP/Include/arm_math.h ****   CMSIS_INLINE __STATIC_INLINE uint32_t __SHADD16(
 734:Drivers/CMSIS/DSP/Include/arm_math.h ****   uint32_t x,
 735:Drivers/CMSIS/DSP/Include/arm_math.h ****   uint32_t y)
 736:Drivers/CMSIS/DSP/Include/arm_math.h ****   {
 737:Drivers/CMSIS/DSP/Include/arm_math.h ****     q31_t r, s;
 738:Drivers/CMSIS/DSP/Include/arm_math.h **** 
 739:Drivers/CMSIS/DSP/Include/arm_math.h ****     r = (((((q31_t)x << 16) >> 16) + (((q31_t)y << 16) >> 16)) >> 1) & (int32_t)0x0000FFFF;
 740:Drivers/CMSIS/DSP/Include/arm_math.h ****     s = (((((q31_t)x      ) >> 16) + (((q31_t)y      ) >> 16)) >> 1) & (int32_t)0x0000FFFF;
 741:Drivers/CMSIS/DSP/Include/arm_math.h **** 
 742:Drivers/CMSIS/DSP/Include/arm_math.h ****     return ((uint32_t)((s << 16) | (r      )));
 743:Drivers/CMSIS/DSP/Include/arm_math.h ****   }
 744:Drivers/CMSIS/DSP/Include/arm_math.h **** 
 745:Drivers/CMSIS/DSP/Include/arm_math.h **** 
 746:Drivers/CMSIS/DSP/Include/arm_math.h ****   /*
 747:Drivers/CMSIS/DSP/Include/arm_math.h ****    * @brief C custom defined QSUB16 for M3 and M0 processors
 748:Drivers/CMSIS/DSP/Include/arm_math.h ****    */
 749:Drivers/CMSIS/DSP/Include/arm_math.h ****   CMSIS_INLINE __STATIC_INLINE uint32_t __QSUB16(
 750:Drivers/CMSIS/DSP/Include/arm_math.h ****   uint32_t x,
 751:Drivers/CMSIS/DSP/Include/arm_math.h ****   uint32_t y)
 752:Drivers/CMSIS/DSP/Include/arm_math.h ****   {
 753:Drivers/CMSIS/DSP/Include/arm_math.h ****     q31_t r, s;
 754:Drivers/CMSIS/DSP/Include/arm_math.h **** 
 755:Drivers/CMSIS/DSP/Include/arm_math.h ****     r = __SSAT(((((q31_t)x << 16) >> 16) - (((q31_t)y << 16) >> 16)), 16) & (int32_t)0x0000FFFF;
 756:Drivers/CMSIS/DSP/Include/arm_math.h ****     s = __SSAT(((((q31_t)x      ) >> 16) - (((q31_t)y      ) >> 16)), 16) & (int32_t)0x0000FFFF;
 757:Drivers/CMSIS/DSP/Include/arm_math.h **** 
 758:Drivers/CMSIS/DSP/Include/arm_math.h ****     return ((uint32_t)((s << 16) | (r      )));
 759:Drivers/CMSIS/DSP/Include/arm_math.h ****   }
 760:Drivers/CMSIS/DSP/Include/arm_math.h **** 
 761:Drivers/CMSIS/DSP/Include/arm_math.h **** 
 762:Drivers/CMSIS/DSP/Include/arm_math.h ****   /*
 763:Drivers/CMSIS/DSP/Include/arm_math.h ****    * @brief C custom defined SHSUB16 for M3 and M0 processors
 764:Drivers/CMSIS/DSP/Include/arm_math.h ****    */
ARM GAS  C:\Users\Lamp\AppData\Local\Temp\ccJUbmgO.s 			page 22


 765:Drivers/CMSIS/DSP/Include/arm_math.h ****   CMSIS_INLINE __STATIC_INLINE uint32_t __SHSUB16(
 766:Drivers/CMSIS/DSP/Include/arm_math.h ****   uint32_t x,
 767:Drivers/CMSIS/DSP/Include/arm_math.h ****   uint32_t y)
 768:Drivers/CMSIS/DSP/Include/arm_math.h ****   {
 769:Drivers/CMSIS/DSP/Include/arm_math.h ****     q31_t r, s;
 770:Drivers/CMSIS/DSP/Include/arm_math.h **** 
 771:Drivers/CMSIS/DSP/Include/arm_math.h ****     r = (((((q31_t)x << 16) >> 16) - (((q31_t)y << 16) >> 16)) >> 1) & (int32_t)0x0000FFFF;
 772:Drivers/CMSIS/DSP/Include/arm_math.h ****     s = (((((q31_t)x      ) >> 16) - (((q31_t)y      ) >> 16)) >> 1) & (int32_t)0x0000FFFF;
 773:Drivers/CMSIS/DSP/Include/arm_math.h **** 
 774:Drivers/CMSIS/DSP/Include/arm_math.h ****     return ((uint32_t)((s << 16) | (r      )));
 775:Drivers/CMSIS/DSP/Include/arm_math.h ****   }
 776:Drivers/CMSIS/DSP/Include/arm_math.h **** 
 777:Drivers/CMSIS/DSP/Include/arm_math.h **** 
 778:Drivers/CMSIS/DSP/Include/arm_math.h ****   /*
 779:Drivers/CMSIS/DSP/Include/arm_math.h ****    * @brief C custom defined QASX for M3 and M0 processors
 780:Drivers/CMSIS/DSP/Include/arm_math.h ****    */
 781:Drivers/CMSIS/DSP/Include/arm_math.h ****   CMSIS_INLINE __STATIC_INLINE uint32_t __QASX(
 782:Drivers/CMSIS/DSP/Include/arm_math.h ****   uint32_t x,
 783:Drivers/CMSIS/DSP/Include/arm_math.h ****   uint32_t y)
 784:Drivers/CMSIS/DSP/Include/arm_math.h ****   {
 785:Drivers/CMSIS/DSP/Include/arm_math.h ****     q31_t r, s;
 786:Drivers/CMSIS/DSP/Include/arm_math.h **** 
 787:Drivers/CMSIS/DSP/Include/arm_math.h ****     r = __SSAT(((((q31_t)x << 16) >> 16) - (((q31_t)y      ) >> 16)), 16) & (int32_t)0x0000FFFF;
 788:Drivers/CMSIS/DSP/Include/arm_math.h ****     s = __SSAT(((((q31_t)x      ) >> 16) + (((q31_t)y << 16) >> 16)), 16) & (int32_t)0x0000FFFF;
 789:Drivers/CMSIS/DSP/Include/arm_math.h **** 
 790:Drivers/CMSIS/DSP/Include/arm_math.h ****     return ((uint32_t)((s << 16) | (r      )));
 791:Drivers/CMSIS/DSP/Include/arm_math.h ****   }
 792:Drivers/CMSIS/DSP/Include/arm_math.h **** 
 793:Drivers/CMSIS/DSP/Include/arm_math.h **** 
 794:Drivers/CMSIS/DSP/Include/arm_math.h ****   /*
 795:Drivers/CMSIS/DSP/Include/arm_math.h ****    * @brief C custom defined SHASX for M3 and M0 processors
 796:Drivers/CMSIS/DSP/Include/arm_math.h ****    */
 797:Drivers/CMSIS/DSP/Include/arm_math.h ****   CMSIS_INLINE __STATIC_INLINE uint32_t __SHASX(
 798:Drivers/CMSIS/DSP/Include/arm_math.h ****   uint32_t x,
 799:Drivers/CMSIS/DSP/Include/arm_math.h ****   uint32_t y)
 800:Drivers/CMSIS/DSP/Include/arm_math.h ****   {
 801:Drivers/CMSIS/DSP/Include/arm_math.h ****     q31_t r, s;
 802:Drivers/CMSIS/DSP/Include/arm_math.h **** 
 803:Drivers/CMSIS/DSP/Include/arm_math.h ****     r = (((((q31_t)x << 16) >> 16) - (((q31_t)y      ) >> 16)) >> 1) & (int32_t)0x0000FFFF;
 804:Drivers/CMSIS/DSP/Include/arm_math.h ****     s = (((((q31_t)x      ) >> 16) + (((q31_t)y << 16) >> 16)) >> 1) & (int32_t)0x0000FFFF;
 805:Drivers/CMSIS/DSP/Include/arm_math.h **** 
 806:Drivers/CMSIS/DSP/Include/arm_math.h ****     return ((uint32_t)((s << 16) | (r      )));
 807:Drivers/CMSIS/DSP/Include/arm_math.h ****   }
 808:Drivers/CMSIS/DSP/Include/arm_math.h **** 
 809:Drivers/CMSIS/DSP/Include/arm_math.h **** 
 810:Drivers/CMSIS/DSP/Include/arm_math.h ****   /*
 811:Drivers/CMSIS/DSP/Include/arm_math.h ****    * @brief C custom defined QSAX for M3 and M0 processors
 812:Drivers/CMSIS/DSP/Include/arm_math.h ****    */
 813:Drivers/CMSIS/DSP/Include/arm_math.h ****   CMSIS_INLINE __STATIC_INLINE uint32_t __QSAX(
 814:Drivers/CMSIS/DSP/Include/arm_math.h ****   uint32_t x,
 815:Drivers/CMSIS/DSP/Include/arm_math.h ****   uint32_t y)
 816:Drivers/CMSIS/DSP/Include/arm_math.h ****   {
 817:Drivers/CMSIS/DSP/Include/arm_math.h ****     q31_t r, s;
 818:Drivers/CMSIS/DSP/Include/arm_math.h **** 
 819:Drivers/CMSIS/DSP/Include/arm_math.h ****     r = __SSAT(((((q31_t)x << 16) >> 16) + (((q31_t)y      ) >> 16)), 16) & (int32_t)0x0000FFFF;
 820:Drivers/CMSIS/DSP/Include/arm_math.h ****     s = __SSAT(((((q31_t)x      ) >> 16) - (((q31_t)y << 16) >> 16)), 16) & (int32_t)0x0000FFFF;
 821:Drivers/CMSIS/DSP/Include/arm_math.h **** 
ARM GAS  C:\Users\Lamp\AppData\Local\Temp\ccJUbmgO.s 			page 23


 822:Drivers/CMSIS/DSP/Include/arm_math.h ****     return ((uint32_t)((s << 16) | (r      )));
 823:Drivers/CMSIS/DSP/Include/arm_math.h ****   }
 824:Drivers/CMSIS/DSP/Include/arm_math.h **** 
 825:Drivers/CMSIS/DSP/Include/arm_math.h **** 
 826:Drivers/CMSIS/DSP/Include/arm_math.h ****   /*
 827:Drivers/CMSIS/DSP/Include/arm_math.h ****    * @brief C custom defined SHSAX for M3 and M0 processors
 828:Drivers/CMSIS/DSP/Include/arm_math.h ****    */
 829:Drivers/CMSIS/DSP/Include/arm_math.h ****   CMSIS_INLINE __STATIC_INLINE uint32_t __SHSAX(
 830:Drivers/CMSIS/DSP/Include/arm_math.h ****   uint32_t x,
 831:Drivers/CMSIS/DSP/Include/arm_math.h ****   uint32_t y)
 832:Drivers/CMSIS/DSP/Include/arm_math.h ****   {
 833:Drivers/CMSIS/DSP/Include/arm_math.h ****     q31_t r, s;
 834:Drivers/CMSIS/DSP/Include/arm_math.h **** 
 835:Drivers/CMSIS/DSP/Include/arm_math.h ****     r = (((((q31_t)x << 16) >> 16) + (((q31_t)y      ) >> 16)) >> 1) & (int32_t)0x0000FFFF;
 836:Drivers/CMSIS/DSP/Include/arm_math.h ****     s = (((((q31_t)x      ) >> 16) - (((q31_t)y << 16) >> 16)) >> 1) & (int32_t)0x0000FFFF;
 837:Drivers/CMSIS/DSP/Include/arm_math.h **** 
 838:Drivers/CMSIS/DSP/Include/arm_math.h ****     return ((uint32_t)((s << 16) | (r      )));
 839:Drivers/CMSIS/DSP/Include/arm_math.h ****   }
 840:Drivers/CMSIS/DSP/Include/arm_math.h **** 
 841:Drivers/CMSIS/DSP/Include/arm_math.h **** 
 842:Drivers/CMSIS/DSP/Include/arm_math.h ****   /*
 843:Drivers/CMSIS/DSP/Include/arm_math.h ****    * @brief C custom defined SMUSDX for M3 and M0 processors
 844:Drivers/CMSIS/DSP/Include/arm_math.h ****    */
 845:Drivers/CMSIS/DSP/Include/arm_math.h ****   CMSIS_INLINE __STATIC_INLINE uint32_t __SMUSDX(
 846:Drivers/CMSIS/DSP/Include/arm_math.h ****   uint32_t x,
 847:Drivers/CMSIS/DSP/Include/arm_math.h ****   uint32_t y)
 848:Drivers/CMSIS/DSP/Include/arm_math.h ****   {
 849:Drivers/CMSIS/DSP/Include/arm_math.h ****     return ((uint32_t)(((((q31_t)x << 16) >> 16) * (((q31_t)y      ) >> 16)) -
 850:Drivers/CMSIS/DSP/Include/arm_math.h ****                        ((((q31_t)x      ) >> 16) * (((q31_t)y << 16) >> 16))   ));
 851:Drivers/CMSIS/DSP/Include/arm_math.h ****   }
 852:Drivers/CMSIS/DSP/Include/arm_math.h **** 
 853:Drivers/CMSIS/DSP/Include/arm_math.h ****   /*
 854:Drivers/CMSIS/DSP/Include/arm_math.h ****    * @brief C custom defined SMUADX for M3 and M0 processors
 855:Drivers/CMSIS/DSP/Include/arm_math.h ****    */
 856:Drivers/CMSIS/DSP/Include/arm_math.h ****   CMSIS_INLINE __STATIC_INLINE uint32_t __SMUADX(
 857:Drivers/CMSIS/DSP/Include/arm_math.h ****   uint32_t x,
 858:Drivers/CMSIS/DSP/Include/arm_math.h ****   uint32_t y)
 859:Drivers/CMSIS/DSP/Include/arm_math.h ****   {
 860:Drivers/CMSIS/DSP/Include/arm_math.h ****     return ((uint32_t)(((((q31_t)x << 16) >> 16) * (((q31_t)y      ) >> 16)) +
 861:Drivers/CMSIS/DSP/Include/arm_math.h ****                        ((((q31_t)x      ) >> 16) * (((q31_t)y << 16) >> 16))   ));
 862:Drivers/CMSIS/DSP/Include/arm_math.h ****   }
 863:Drivers/CMSIS/DSP/Include/arm_math.h **** 
 864:Drivers/CMSIS/DSP/Include/arm_math.h **** 
 865:Drivers/CMSIS/DSP/Include/arm_math.h ****   /*
 866:Drivers/CMSIS/DSP/Include/arm_math.h ****    * @brief C custom defined QADD for M3 and M0 processors
 867:Drivers/CMSIS/DSP/Include/arm_math.h ****    */
 868:Drivers/CMSIS/DSP/Include/arm_math.h ****   CMSIS_INLINE __STATIC_INLINE int32_t __QADD(
 869:Drivers/CMSIS/DSP/Include/arm_math.h ****   int32_t x,
 870:Drivers/CMSIS/DSP/Include/arm_math.h ****   int32_t y)
 871:Drivers/CMSIS/DSP/Include/arm_math.h ****   {
 872:Drivers/CMSIS/DSP/Include/arm_math.h ****     return ((int32_t)(clip_q63_to_q31((q63_t)x + (q31_t)y)));
 873:Drivers/CMSIS/DSP/Include/arm_math.h ****   }
 874:Drivers/CMSIS/DSP/Include/arm_math.h **** 
 875:Drivers/CMSIS/DSP/Include/arm_math.h **** 
 876:Drivers/CMSIS/DSP/Include/arm_math.h ****   /*
 877:Drivers/CMSIS/DSP/Include/arm_math.h ****    * @brief C custom defined QSUB for M3 and M0 processors
 878:Drivers/CMSIS/DSP/Include/arm_math.h ****    */
ARM GAS  C:\Users\Lamp\AppData\Local\Temp\ccJUbmgO.s 			page 24


 879:Drivers/CMSIS/DSP/Include/arm_math.h ****   CMSIS_INLINE __STATIC_INLINE int32_t __QSUB(
 880:Drivers/CMSIS/DSP/Include/arm_math.h ****   int32_t x,
 881:Drivers/CMSIS/DSP/Include/arm_math.h ****   int32_t y)
 882:Drivers/CMSIS/DSP/Include/arm_math.h ****   {
 883:Drivers/CMSIS/DSP/Include/arm_math.h ****     return ((int32_t)(clip_q63_to_q31((q63_t)x - (q31_t)y)));
 884:Drivers/CMSIS/DSP/Include/arm_math.h ****   }
 885:Drivers/CMSIS/DSP/Include/arm_math.h **** 
 886:Drivers/CMSIS/DSP/Include/arm_math.h **** 
 887:Drivers/CMSIS/DSP/Include/arm_math.h ****   /*
 888:Drivers/CMSIS/DSP/Include/arm_math.h ****    * @brief C custom defined SMLAD for M3 and M0 processors
 889:Drivers/CMSIS/DSP/Include/arm_math.h ****    */
 890:Drivers/CMSIS/DSP/Include/arm_math.h ****   CMSIS_INLINE __STATIC_INLINE uint32_t __SMLAD(
 891:Drivers/CMSIS/DSP/Include/arm_math.h ****   uint32_t x,
 892:Drivers/CMSIS/DSP/Include/arm_math.h ****   uint32_t y,
 893:Drivers/CMSIS/DSP/Include/arm_math.h ****   uint32_t sum)
 894:Drivers/CMSIS/DSP/Include/arm_math.h ****   {
 895:Drivers/CMSIS/DSP/Include/arm_math.h ****     return ((uint32_t)(((((q31_t)x << 16) >> 16) * (((q31_t)y << 16) >> 16)) +
 896:Drivers/CMSIS/DSP/Include/arm_math.h ****                        ((((q31_t)x      ) >> 16) * (((q31_t)y      ) >> 16)) +
 897:Drivers/CMSIS/DSP/Include/arm_math.h ****                        ( ((q31_t)sum    )                                  )   ));
 898:Drivers/CMSIS/DSP/Include/arm_math.h ****   }
 899:Drivers/CMSIS/DSP/Include/arm_math.h **** 
 900:Drivers/CMSIS/DSP/Include/arm_math.h **** 
 901:Drivers/CMSIS/DSP/Include/arm_math.h ****   /*
 902:Drivers/CMSIS/DSP/Include/arm_math.h ****    * @brief C custom defined SMLADX for M3 and M0 processors
 903:Drivers/CMSIS/DSP/Include/arm_math.h ****    */
 904:Drivers/CMSIS/DSP/Include/arm_math.h ****   CMSIS_INLINE __STATIC_INLINE uint32_t __SMLADX(
 905:Drivers/CMSIS/DSP/Include/arm_math.h ****   uint32_t x,
 906:Drivers/CMSIS/DSP/Include/arm_math.h ****   uint32_t y,
 907:Drivers/CMSIS/DSP/Include/arm_math.h ****   uint32_t sum)
 908:Drivers/CMSIS/DSP/Include/arm_math.h ****   {
 909:Drivers/CMSIS/DSP/Include/arm_math.h ****     return ((uint32_t)(((((q31_t)x << 16) >> 16) * (((q31_t)y      ) >> 16)) +
 910:Drivers/CMSIS/DSP/Include/arm_math.h ****                        ((((q31_t)x      ) >> 16) * (((q31_t)y << 16) >> 16)) +
 911:Drivers/CMSIS/DSP/Include/arm_math.h ****                        ( ((q31_t)sum    )                                  )   ));
 912:Drivers/CMSIS/DSP/Include/arm_math.h ****   }
 913:Drivers/CMSIS/DSP/Include/arm_math.h **** 
 914:Drivers/CMSIS/DSP/Include/arm_math.h **** 
 915:Drivers/CMSIS/DSP/Include/arm_math.h ****   /*
 916:Drivers/CMSIS/DSP/Include/arm_math.h ****    * @brief C custom defined SMLSDX for M3 and M0 processors
 917:Drivers/CMSIS/DSP/Include/arm_math.h ****    */
 918:Drivers/CMSIS/DSP/Include/arm_math.h ****   CMSIS_INLINE __STATIC_INLINE uint32_t __SMLSDX(
 919:Drivers/CMSIS/DSP/Include/arm_math.h ****   uint32_t x,
 920:Drivers/CMSIS/DSP/Include/arm_math.h ****   uint32_t y,
 921:Drivers/CMSIS/DSP/Include/arm_math.h ****   uint32_t sum)
 922:Drivers/CMSIS/DSP/Include/arm_math.h ****   {
 923:Drivers/CMSIS/DSP/Include/arm_math.h ****     return ((uint32_t)(((((q31_t)x << 16) >> 16) * (((q31_t)y      ) >> 16)) -
 924:Drivers/CMSIS/DSP/Include/arm_math.h ****                        ((((q31_t)x      ) >> 16) * (((q31_t)y << 16) >> 16)) +
 925:Drivers/CMSIS/DSP/Include/arm_math.h ****                        ( ((q31_t)sum    )                                  )   ));
 926:Drivers/CMSIS/DSP/Include/arm_math.h ****   }
 927:Drivers/CMSIS/DSP/Include/arm_math.h **** 
 928:Drivers/CMSIS/DSP/Include/arm_math.h **** 
 929:Drivers/CMSIS/DSP/Include/arm_math.h ****   /*
 930:Drivers/CMSIS/DSP/Include/arm_math.h ****    * @brief C custom defined SMLALD for M3 and M0 processors
 931:Drivers/CMSIS/DSP/Include/arm_math.h ****    */
 932:Drivers/CMSIS/DSP/Include/arm_math.h ****   CMSIS_INLINE __STATIC_INLINE uint64_t __SMLALD(
 209              		.loc 2 932 41 is_stmt 1 view .LVU70
 210              	.LBB71:
 933:Drivers/CMSIS/DSP/Include/arm_math.h ****   uint32_t x,
ARM GAS  C:\Users\Lamp\AppData\Local\Temp\ccJUbmgO.s 			page 25


 934:Drivers/CMSIS/DSP/Include/arm_math.h ****   uint32_t y,
 935:Drivers/CMSIS/DSP/Include/arm_math.h ****   uint64_t sum)
 936:Drivers/CMSIS/DSP/Include/arm_math.h ****   {
 937:Drivers/CMSIS/DSP/Include/arm_math.h **** /*  return (sum + ((q15_t) (x >> 16) * (q15_t) (y >> 16)) + ((q15_t) x * (q15_t) y)); */
 938:Drivers/CMSIS/DSP/Include/arm_math.h ****     return ((uint64_t)(((((q31_t)x << 16) >> 16) * (((q31_t)y << 16) >> 16)) +
 211              		.loc 2 938 5 view .LVU71
 212              		.loc 2 938 43 is_stmt 0 view .LVU72
 213 008a 0FFA85FB 		sxth	fp, r5
 214              		.loc 2 938 70 view .LVU73
 215 008e 0FFA82FE 		sxth	lr, r2
 939:Drivers/CMSIS/DSP/Include/arm_math.h ****                        ((((q31_t)x      ) >> 16) * (((q31_t)y      ) >> 16)) +
 216              		.loc 2 939 43 view .LVU74
 217 0092 2D14     		asrs	r5, r5, #16
 218              	.LVL33:
 219              		.loc 2 939 70 view .LVU75
 220 0094 1214     		asrs	r2, r2, #16
 221              	.LVL34:
 222              		.loc 2 939 50 view .LVU76
 223 0096 05FB02F2 		mul	r2, r5, r2
 938:Drivers/CMSIS/DSP/Include/arm_math.h ****                        ((((q31_t)x      ) >> 16) * (((q31_t)y      ) >> 16)) +
 224              		.loc 2 938 78 view .LVU77
 225 009a 0BFB0E22 		mla	r2, fp, lr, r2
 226              		.loc 2 939 78 view .LVU78
 227 009e 8918     		adds	r1, r1, r2
 228              	.LVL35:
 229              		.loc 2 939 78 view .LVU79
 230 00a0 43EBE272 		adc	r2, r3, r2, asr #31
 231              	.LVL36:
 232              		.loc 2 939 78 view .LVU80
 233              	.LBE71:
 234              	.LBE70:
 200:Drivers/CMSIS/DSP/Source/FilteringFunctions/arm_correlate_q15.c ****       /* x[3] * y[srcBLen - 1] , x[2] * y[srcBLen - 2] */
 201:Drivers/CMSIS/DSP/Source/FilteringFunctions/arm_correlate_q15.c ****       sum = __SMLALD(*__SIMD32(px)++, *__SIMD32(py)++, sum);
 235              		.loc 1 201 7 is_stmt 1 view .LVU81
 236              		.loc 1 201 22 is_stmt 0 view .LVU82
 237 00a4 6468     		ldr	r4, [r4, #4]
 238              	.LVL37:
 239              		.loc 1 201 39 view .LVU83
 240 00a6 4368     		ldr	r3, [r0, #4]
 241              	.LVL38:
 242              	.LBB72:
 243              	.LBI72:
 932:Drivers/CMSIS/DSP/Include/arm_math.h ****   uint32_t x,
 244              		.loc 2 932 41 is_stmt 1 view .LVU84
 245              	.LBB73:
 938:Drivers/CMSIS/DSP/Include/arm_math.h ****                        ((((q31_t)x      ) >> 16) * (((q31_t)y      ) >> 16)) +
 246              		.loc 2 938 5 view .LVU85
 938:Drivers/CMSIS/DSP/Include/arm_math.h ****                        ((((q31_t)x      ) >> 16) * (((q31_t)y      ) >> 16)) +
 247              		.loc 2 938 43 is_stmt 0 view .LVU86
 248 00a8 25B2     		sxth	r5, r4
 938:Drivers/CMSIS/DSP/Include/arm_math.h ****                        ((((q31_t)x      ) >> 16) * (((q31_t)y      ) >> 16)) +
 249              		.loc 2 938 70 view .LVU87
 250 00aa 18B2     		sxth	r0, r3
 251              		.loc 2 939 43 view .LVU88
 252 00ac 2414     		asrs	r4, r4, #16
 253              	.LVL39:
 254              		.loc 2 939 70 view .LVU89
ARM GAS  C:\Users\Lamp\AppData\Local\Temp\ccJUbmgO.s 			page 26


 255 00ae 1B14     		asrs	r3, r3, #16
 256              	.LVL40:
 257              		.loc 2 939 50 view .LVU90
 258 00b0 04FB03F3 		mul	r3, r4, r3
 938:Drivers/CMSIS/DSP/Include/arm_math.h ****                        ((((q31_t)x      ) >> 16) * (((q31_t)y      ) >> 16)) +
 259              		.loc 2 938 78 view .LVU91
 260 00b4 05FB0033 		mla	r3, r5, r0, r3
 261              		.loc 2 939 78 view .LVU92
 262 00b8 5918     		adds	r1, r3, r1
 263              	.LVL41:
 264              		.loc 2 939 78 view .LVU93
 265 00ba 42EBE373 		adc	r3, r2, r3, asr #31
 266              	.LVL42:
 267              		.loc 2 939 78 view .LVU94
 268              	.LBE73:
 269              	.LBE72:
 202:Drivers/CMSIS/DSP/Source/FilteringFunctions/arm_correlate_q15.c **** 
 203:Drivers/CMSIS/DSP/Source/FilteringFunctions/arm_correlate_q15.c ****       /* Decrement the loop counter */
 204:Drivers/CMSIS/DSP/Source/FilteringFunctions/arm_correlate_q15.c ****       k--;
 270              		.loc 1 204 7 is_stmt 1 view .LVU95
 271              		.loc 1 204 8 is_stmt 0 view .LVU96
 272 00be 013F     		subs	r7, r7, #1
 273              	.LVL43:
 201:Drivers/CMSIS/DSP/Source/FilteringFunctions/arm_correlate_q15.c **** 
 274              		.loc 1 201 52 view .LVU97
 275 00c0 6046     		mov	r0, ip
 201:Drivers/CMSIS/DSP/Source/FilteringFunctions/arm_correlate_q15.c **** 
 276              		.loc 1 201 35 view .LVU98
 277 00c2 3446     		mov	r4, r6
 278              	.LVL44:
 279              	.L5:
 196:Drivers/CMSIS/DSP/Source/FilteringFunctions/arm_correlate_q15.c ****     {
 280              		.loc 1 196 14 is_stmt 1 view .LVU99
 281 00c4 002F     		cmp	r7, #0
 282 00c6 DAD1     		bne	.L6
 205:Drivers/CMSIS/DSP/Source/FilteringFunctions/arm_correlate_q15.c ****     }
 206:Drivers/CMSIS/DSP/Source/FilteringFunctions/arm_correlate_q15.c **** 
 207:Drivers/CMSIS/DSP/Source/FilteringFunctions/arm_correlate_q15.c ****     /* If the count is not a multiple of 4, compute any remaining MACs here.
 208:Drivers/CMSIS/DSP/Source/FilteringFunctions/arm_correlate_q15.c ****      ** No loop unrolling is used. */
 209:Drivers/CMSIS/DSP/Source/FilteringFunctions/arm_correlate_q15.c ****     k = count % 0x4U;
 283              		.loc 1 209 7 is_stmt 0 view .LVU100
 284 00c8 DDF800C0 		ldr	ip, [sp]
 285 00cc 019D     		ldr	r5, [sp, #4]
 286 00ce DDF808B0 		ldr	fp, [sp, #8]
 287              		.loc 1 209 5 is_stmt 1 view .LVU101
 288              		.loc 1 209 7 is_stmt 0 view .LVU102
 289 00d2 0CF00306 		and	r6, ip, #3
 290              	.LVL45:
 210:Drivers/CMSIS/DSP/Source/FilteringFunctions/arm_correlate_q15.c **** 
 211:Drivers/CMSIS/DSP/Source/FilteringFunctions/arm_correlate_q15.c ****     while (k > 0U)
 291              		.loc 1 211 5 is_stmt 1 view .LVU103
 292              		.loc 1 211 11 is_stmt 0 view .LVU104
 293 00d6 0EE0     		b	.L7
 294              	.L8:
 212:Drivers/CMSIS/DSP/Source/FilteringFunctions/arm_correlate_q15.c ****     {
 213:Drivers/CMSIS/DSP/Source/FilteringFunctions/arm_correlate_q15.c ****       /* Perform the multiply-accumulates */
 214:Drivers/CMSIS/DSP/Source/FilteringFunctions/arm_correlate_q15.c ****       /* x[0] * y[srcBLen - 1] */
ARM GAS  C:\Users\Lamp\AppData\Local\Temp\ccJUbmgO.s 			page 27


 215:Drivers/CMSIS/DSP/Source/FilteringFunctions/arm_correlate_q15.c ****       sum = __SMLALD(*px++, *py++, sum);
 295              		.loc 1 215 7 is_stmt 1 view .LVU105
 296              	.LVL46:
 297              		.loc 1 215 22 is_stmt 0 view .LVU106
 298 00d8 34F9027B 		ldrsh	r7, [r4], #2
 299              	.LVL47:
 300              		.loc 1 215 29 view .LVU107
 301 00dc 30F902CB 		ldrsh	ip, [r0], #2
 302              	.LVL48:
 303              	.LBB74:
 304              	.LBI74:
 932:Drivers/CMSIS/DSP/Include/arm_math.h ****   uint32_t x,
 305              		.loc 2 932 41 is_stmt 1 view .LVU108
 306              	.LBB75:
 938:Drivers/CMSIS/DSP/Include/arm_math.h ****                        ((((q31_t)x      ) >> 16) * (((q31_t)y      ) >> 16)) +
 307              		.loc 2 938 5 view .LVU109
 308              		.loc 2 939 43 is_stmt 0 view .LVU110
 309 00e0 3A14     		asrs	r2, r7, #16
 310              		.loc 2 939 70 view .LVU111
 311 00e2 4FEA2C4E 		asr	lr, ip, #16
 312              		.loc 2 939 50 view .LVU112
 313 00e6 0EFB02F2 		mul	r2, lr, r2
 938:Drivers/CMSIS/DSP/Include/arm_math.h ****                        ((((q31_t)x      ) >> 16) * (((q31_t)y      ) >> 16)) +
 314              		.loc 2 938 78 view .LVU113
 315 00ea 0CFB0722 		mla	r2, ip, r7, r2
 316              		.loc 2 939 78 view .LVU114
 317 00ee 8918     		adds	r1, r1, r2
 318              	.LVL49:
 319              		.loc 2 939 78 view .LVU115
 320 00f0 43EBE273 		adc	r3, r3, r2, asr #31
 321              	.LVL50:
 322              		.loc 2 939 78 view .LVU116
 323              	.LBE75:
 324              	.LBE74:
 216:Drivers/CMSIS/DSP/Source/FilteringFunctions/arm_correlate_q15.c **** 
 217:Drivers/CMSIS/DSP/Source/FilteringFunctions/arm_correlate_q15.c ****       /* Decrement the loop counter */
 218:Drivers/CMSIS/DSP/Source/FilteringFunctions/arm_correlate_q15.c ****       k--;
 325              		.loc 1 218 7 is_stmt 1 view .LVU117
 326              		.loc 1 218 8 is_stmt 0 view .LVU118
 327 00f4 013E     		subs	r6, r6, #1
 328              	.LVL51:
 329              	.L7:
 211:Drivers/CMSIS/DSP/Source/FilteringFunctions/arm_correlate_q15.c ****     {
 330              		.loc 1 211 14 is_stmt 1 view .LVU119
 331 00f6 002E     		cmp	r6, #0
 332 00f8 EED1     		bne	.L8
 333              	.LBB76:
 219:Drivers/CMSIS/DSP/Source/FilteringFunctions/arm_correlate_q15.c ****     }
 220:Drivers/CMSIS/DSP/Source/FilteringFunctions/arm_correlate_q15.c **** 
 221:Drivers/CMSIS/DSP/Source/FilteringFunctions/arm_correlate_q15.c ****     /* Store the result in the accumulator in the destination buffer. */
 222:Drivers/CMSIS/DSP/Source/FilteringFunctions/arm_correlate_q15.c ****     *pOut = (q15_t) (__SSAT((sum >> 15), 16));
 334              		.loc 1 222 22 is_stmt 0 view .LVU120
 335 00fa DDF800C0 		ldr	ip, [sp]
 336              	.LBE76:
 337              		.loc 1 222 5 is_stmt 1 view .LVU121
 338              	.LBB77:
 339              		.loc 1 222 22 view .LVU122
ARM GAS  C:\Users\Lamp\AppData\Local\Temp\ccJUbmgO.s 			page 28


 340 00fe C90B     		lsrs	r1, r1, #15
 341              	.LVL52:
 342              		.loc 1 222 22 is_stmt 0 view .LVU123
 343 0100 41EA4341 		orr	r1, r1, r3, lsl #17
 344              	.LVL53:
 345              		.loc 1 222 22 is_stmt 1 view .LVU124
 346              		.syntax unified
 347              	@ 222 "Drivers/CMSIS/DSP/Source/FilteringFunctions/arm_correlate_q15.c" 1
 348 0104 01F30F01 		ssat r1, #16, r1
 349              	@ 0 "" 2
 350              	.LVL54:
 351              		.loc 1 222 22 view .LVU125
 352              		.thumb
 353              		.syntax unified
 354              	.LBE77:
 355              		.loc 1 222 11 is_stmt 0 view .LVU126
 356 0108 079B     		ldr	r3, [sp, #28]
 357              		.loc 1 222 11 view .LVU127
 358 010a 1980     		strh	r1, [r3]	@ movhi
 223:Drivers/CMSIS/DSP/Source/FilteringFunctions/arm_correlate_q15.c ****     /* Destination pointer is updated according to the address modifier, inc */
 224:Drivers/CMSIS/DSP/Source/FilteringFunctions/arm_correlate_q15.c ****     pOut += inc;
 359              		.loc 1 224 5 is_stmt 1 view .LVU128
 360              		.loc 1 224 10 is_stmt 0 view .LVU129
 361 010c 03EB4903 		add	r3, r3, r9, lsl #1
 362 0110 0793     		str	r3, [sp, #28]
 363              	.LVL55:
 225:Drivers/CMSIS/DSP/Source/FilteringFunctions/arm_correlate_q15.c **** 
 226:Drivers/CMSIS/DSP/Source/FilteringFunctions/arm_correlate_q15.c ****     /* Update the inputA and inputB pointers for next MAC calculation */
 227:Drivers/CMSIS/DSP/Source/FilteringFunctions/arm_correlate_q15.c ****     py = pSrc1 - count;
 364              		.loc 1 227 5 is_stmt 1 view .LVU130
 365              		.loc 1 227 16 is_stmt 0 view .LVU131
 366 0112 A8EB4C00 		sub	r0, r8, ip, lsl #1
 367              	.LVL56:
 228:Drivers/CMSIS/DSP/Source/FilteringFunctions/arm_correlate_q15.c ****     px = pIn1;
 368              		.loc 1 228 5 is_stmt 1 view .LVU132
 229:Drivers/CMSIS/DSP/Source/FilteringFunctions/arm_correlate_q15.c **** 
 230:Drivers/CMSIS/DSP/Source/FilteringFunctions/arm_correlate_q15.c ****     /* Increment the MAC count */
 231:Drivers/CMSIS/DSP/Source/FilteringFunctions/arm_correlate_q15.c ****     count++;
 369              		.loc 1 231 5 view .LVU133
 370              		.loc 1 231 10 is_stmt 0 view .LVU134
 371 0116 0CF1010C 		add	ip, ip, #1
 372              	.LVL57:
 232:Drivers/CMSIS/DSP/Source/FilteringFunctions/arm_correlate_q15.c **** 
 233:Drivers/CMSIS/DSP/Source/FilteringFunctions/arm_correlate_q15.c ****     /* Decrement the loop counter */
 234:Drivers/CMSIS/DSP/Source/FilteringFunctions/arm_correlate_q15.c ****     blockSize1--;
 373              		.loc 1 234 5 is_stmt 1 view .LVU135
 374              		.loc 1 234 15 is_stmt 0 view .LVU136
 375 011a 013D     		subs	r5, r5, #1
 376              	.LVL58:
 377              	.L4:
 186:Drivers/CMSIS/DSP/Source/FilteringFunctions/arm_correlate_q15.c ****   {
 378              		.loc 1 186 21 is_stmt 1 view .LVU137
 379 011c 55B1     		cbz	r5, .L35
 189:Drivers/CMSIS/DSP/Source/FilteringFunctions/arm_correlate_q15.c **** 
 380              		.loc 1 189 5 view .LVU138
 381              	.LVL59:
 192:Drivers/CMSIS/DSP/Source/FilteringFunctions/arm_correlate_q15.c **** 
ARM GAS  C:\Users\Lamp\AppData\Local\Temp\ccJUbmgO.s 			page 29


 382              		.loc 1 192 5 view .LVU139
 192:Drivers/CMSIS/DSP/Source/FilteringFunctions/arm_correlate_q15.c **** 
 383              		.loc 1 192 7 is_stmt 0 view .LVU140
 384 011e 4FEA9C07 		lsr	r7, ip, #2
 385              	.LVL60:
 196:Drivers/CMSIS/DSP/Source/FilteringFunctions/arm_correlate_q15.c ****     {
 386              		.loc 1 196 5 is_stmt 1 view .LVU141
 196:Drivers/CMSIS/DSP/Source/FilteringFunctions/arm_correlate_q15.c ****     {
 387              		.loc 1 196 11 is_stmt 0 view .LVU142
 388 0122 0B9C     		ldr	r4, [sp, #44]
 189:Drivers/CMSIS/DSP/Source/FilteringFunctions/arm_correlate_q15.c **** 
 389              		.loc 1 189 9 view .LVU143
 390 0124 0021     		movs	r1, #0
 391 0126 0B46     		mov	r3, r1
 392 0128 CDF800C0 		str	ip, [sp]
 393 012c 0195     		str	r5, [sp, #4]
 394 012e CDF808B0 		str	fp, [sp, #8]
 196:Drivers/CMSIS/DSP/Source/FilteringFunctions/arm_correlate_q15.c ****     {
 395              		.loc 1 196 11 view .LVU144
 396 0132 C7E7     		b	.L5
 397              	.LVL61:
 398              	.L35:
 235:Drivers/CMSIS/DSP/Source/FilteringFunctions/arm_correlate_q15.c ****   }
 236:Drivers/CMSIS/DSP/Source/FilteringFunctions/arm_correlate_q15.c **** 
 237:Drivers/CMSIS/DSP/Source/FilteringFunctions/arm_correlate_q15.c ****   /* --------------------------
 238:Drivers/CMSIS/DSP/Source/FilteringFunctions/arm_correlate_q15.c ****    * Initializations of stage2
 239:Drivers/CMSIS/DSP/Source/FilteringFunctions/arm_correlate_q15.c ****    * ------------------------*/
 240:Drivers/CMSIS/DSP/Source/FilteringFunctions/arm_correlate_q15.c **** 
 241:Drivers/CMSIS/DSP/Source/FilteringFunctions/arm_correlate_q15.c ****   /* sum = x[0] * y[0] + x[1] * y[1] +...+ x[srcBLen-1] * y[srcBLen-1]
 242:Drivers/CMSIS/DSP/Source/FilteringFunctions/arm_correlate_q15.c ****    * sum = x[1] * y[0] + x[2] * y[1] +...+ x[srcBLen] * y[srcBLen-1]
 243:Drivers/CMSIS/DSP/Source/FilteringFunctions/arm_correlate_q15.c ****    * ....
 244:Drivers/CMSIS/DSP/Source/FilteringFunctions/arm_correlate_q15.c ****    * sum = x[srcALen-srcBLen-2] * y[0] + x[srcALen-srcBLen-1] * y[1] +...+ x[srcALen-1] * y[srcBLen
 245:Drivers/CMSIS/DSP/Source/FilteringFunctions/arm_correlate_q15.c ****    */
 246:Drivers/CMSIS/DSP/Source/FilteringFunctions/arm_correlate_q15.c **** 
 247:Drivers/CMSIS/DSP/Source/FilteringFunctions/arm_correlate_q15.c ****   /* Working pointer of inputA */
 248:Drivers/CMSIS/DSP/Source/FilteringFunctions/arm_correlate_q15.c ****   px = pIn1;
 249:Drivers/CMSIS/DSP/Source/FilteringFunctions/arm_correlate_q15.c **** 
 250:Drivers/CMSIS/DSP/Source/FilteringFunctions/arm_correlate_q15.c ****   /* Working pointer of inputB */
 251:Drivers/CMSIS/DSP/Source/FilteringFunctions/arm_correlate_q15.c ****   py = pIn2;
 252:Drivers/CMSIS/DSP/Source/FilteringFunctions/arm_correlate_q15.c **** 
 253:Drivers/CMSIS/DSP/Source/FilteringFunctions/arm_correlate_q15.c ****   /* count is index by which the pointer pIn1 to be incremented */
 254:Drivers/CMSIS/DSP/Source/FilteringFunctions/arm_correlate_q15.c ****   count = 0U;
 255:Drivers/CMSIS/DSP/Source/FilteringFunctions/arm_correlate_q15.c **** 
 256:Drivers/CMSIS/DSP/Source/FilteringFunctions/arm_correlate_q15.c ****   /* -------------------
 257:Drivers/CMSIS/DSP/Source/FilteringFunctions/arm_correlate_q15.c ****    * Stage2 process
 258:Drivers/CMSIS/DSP/Source/FilteringFunctions/arm_correlate_q15.c ****    * ------------------*/
 259:Drivers/CMSIS/DSP/Source/FilteringFunctions/arm_correlate_q15.c **** 
 260:Drivers/CMSIS/DSP/Source/FilteringFunctions/arm_correlate_q15.c ****   /* Stage2 depends on srcBLen as in this stage srcBLen number of MACS are performed.
 261:Drivers/CMSIS/DSP/Source/FilteringFunctions/arm_correlate_q15.c ****    * So, to loop unroll over blockSize2,
 262:Drivers/CMSIS/DSP/Source/FilteringFunctions/arm_correlate_q15.c ****    * srcBLen should be greater than or equal to 4, to loop unroll the srcBLen loop */
 263:Drivers/CMSIS/DSP/Source/FilteringFunctions/arm_correlate_q15.c ****   if (srcBLen >= 4U)
 399              		.loc 1 263 6 view .LVU145
 400 0134 0995     		str	r5, [sp, #36]
 401 0136 D446     		mov	ip, r10
 402              	.LVL62:
 248:Drivers/CMSIS/DSP/Source/FilteringFunctions/arm_correlate_q15.c **** 
 403              		.loc 1 248 3 is_stmt 1 view .LVU146
ARM GAS  C:\Users\Lamp\AppData\Local\Temp\ccJUbmgO.s 			page 30


 251:Drivers/CMSIS/DSP/Source/FilteringFunctions/arm_correlate_q15.c **** 
 404              		.loc 1 251 3 view .LVU147
 254:Drivers/CMSIS/DSP/Source/FilteringFunctions/arm_correlate_q15.c **** 
 405              		.loc 1 254 3 view .LVU148
 406              		.loc 1 263 3 view .LVU149
 407              		.loc 1 263 6 is_stmt 0 view .LVU150
 408 0138 0A9B     		ldr	r3, [sp, #40]
 409 013a 032B     		cmp	r3, #3
 410 013c 40F25E82 		bls	.L32
 264:Drivers/CMSIS/DSP/Source/FilteringFunctions/arm_correlate_q15.c ****   {
 265:Drivers/CMSIS/DSP/Source/FilteringFunctions/arm_correlate_q15.c ****     /* Loop unroll over blockSize2, by 4 */
 266:Drivers/CMSIS/DSP/Source/FilteringFunctions/arm_correlate_q15.c ****     blkCnt = blockSize2 >> 2U;
 411              		.loc 1 266 5 is_stmt 1 view .LVU151
 412              		.loc 1 266 12 is_stmt 0 view .LVU152
 413 0140 4FEA9A03 		lsr	r3, r10, #2
 414 0144 0C93     		str	r3, [sp, #48]
 415              	.LVL63:
 267:Drivers/CMSIS/DSP/Source/FilteringFunctions/arm_correlate_q15.c **** 
 268:Drivers/CMSIS/DSP/Source/FilteringFunctions/arm_correlate_q15.c ****     while (blkCnt > 0U)
 416              		.loc 1 268 5 is_stmt 1 view .LVU153
 248:Drivers/CMSIS/DSP/Source/FilteringFunctions/arm_correlate_q15.c **** 
 417              		.loc 1 248 6 is_stmt 0 view .LVU154
 418 0146 0B9B     		ldr	r3, [sp, #44]
 419              	.LVL64:
 248:Drivers/CMSIS/DSP/Source/FilteringFunctions/arm_correlate_q15.c **** 
 420              		.loc 1 248 6 view .LVU155
 421 0148 CDF838B0 		str	fp, [sp, #56]
 422 014c CDF83CA0 		str	r10, [sp, #60]
 423              		.loc 1 268 11 view .LVU156
 424 0150 95E0     		b	.L11
 425              	.LVL65:
 426              	.L37:
 269:Drivers/CMSIS/DSP/Source/FilteringFunctions/arm_correlate_q15.c ****     {
 270:Drivers/CMSIS/DSP/Source/FilteringFunctions/arm_correlate_q15.c ****       /* Set all accumulators to zero */
 271:Drivers/CMSIS/DSP/Source/FilteringFunctions/arm_correlate_q15.c ****       acc0 = 0;
 272:Drivers/CMSIS/DSP/Source/FilteringFunctions/arm_correlate_q15.c ****       acc1 = 0;
 273:Drivers/CMSIS/DSP/Source/FilteringFunctions/arm_correlate_q15.c ****       acc2 = 0;
 274:Drivers/CMSIS/DSP/Source/FilteringFunctions/arm_correlate_q15.c ****       acc3 = 0;
 275:Drivers/CMSIS/DSP/Source/FilteringFunctions/arm_correlate_q15.c **** 
 276:Drivers/CMSIS/DSP/Source/FilteringFunctions/arm_correlate_q15.c ****       /* read x[0], x[1] samples */
 277:Drivers/CMSIS/DSP/Source/FilteringFunctions/arm_correlate_q15.c ****       x0 = *__SIMD32(px);
 278:Drivers/CMSIS/DSP/Source/FilteringFunctions/arm_correlate_q15.c ****       /* read x[1], x[2] samples */
 279:Drivers/CMSIS/DSP/Source/FilteringFunctions/arm_correlate_q15.c ****       x1 = _SIMD32_OFFSET(px + 1);
 280:Drivers/CMSIS/DSP/Source/FilteringFunctions/arm_correlate_q15.c ****       px += 2U;
 281:Drivers/CMSIS/DSP/Source/FilteringFunctions/arm_correlate_q15.c **** 
 282:Drivers/CMSIS/DSP/Source/FilteringFunctions/arm_correlate_q15.c ****       /* Apply loop unrolling and compute 4 MACs simultaneously. */
 283:Drivers/CMSIS/DSP/Source/FilteringFunctions/arm_correlate_q15.c ****       k = srcBLen >> 2U;
 284:Drivers/CMSIS/DSP/Source/FilteringFunctions/arm_correlate_q15.c **** 
 285:Drivers/CMSIS/DSP/Source/FilteringFunctions/arm_correlate_q15.c ****       /* First part of the processing with loop unrolling.  Compute 4 MACs at a time.
 286:Drivers/CMSIS/DSP/Source/FilteringFunctions/arm_correlate_q15.c ****        ** a second loop below computes MACs for the remaining 1 to 3 samples. */
 287:Drivers/CMSIS/DSP/Source/FilteringFunctions/arm_correlate_q15.c ****       do
 288:Drivers/CMSIS/DSP/Source/FilteringFunctions/arm_correlate_q15.c ****       {
 289:Drivers/CMSIS/DSP/Source/FilteringFunctions/arm_correlate_q15.c ****         /* Read the first two inputB samples using SIMD:
 290:Drivers/CMSIS/DSP/Source/FilteringFunctions/arm_correlate_q15.c ****          * y[0] and y[1] */
 291:Drivers/CMSIS/DSP/Source/FilteringFunctions/arm_correlate_q15.c ****         c0 = *__SIMD32(py)++;
 292:Drivers/CMSIS/DSP/Source/FilteringFunctions/arm_correlate_q15.c **** 
 293:Drivers/CMSIS/DSP/Source/FilteringFunctions/arm_correlate_q15.c ****         /* acc0 +=  x[0] * y[0] + x[1] * y[1] */
ARM GAS  C:\Users\Lamp\AppData\Local\Temp\ccJUbmgO.s 			page 31


 294:Drivers/CMSIS/DSP/Source/FilteringFunctions/arm_correlate_q15.c ****         acc0 = __SMLALD(x0, c0, acc0);
 295:Drivers/CMSIS/DSP/Source/FilteringFunctions/arm_correlate_q15.c **** 
 296:Drivers/CMSIS/DSP/Source/FilteringFunctions/arm_correlate_q15.c ****         /* acc1 +=  x[1] * y[0] + x[2] * y[1] */
 297:Drivers/CMSIS/DSP/Source/FilteringFunctions/arm_correlate_q15.c ****         acc1 = __SMLALD(x1, c0, acc1);
 298:Drivers/CMSIS/DSP/Source/FilteringFunctions/arm_correlate_q15.c **** 
 299:Drivers/CMSIS/DSP/Source/FilteringFunctions/arm_correlate_q15.c ****         /* Read x[2], x[3] */
 300:Drivers/CMSIS/DSP/Source/FilteringFunctions/arm_correlate_q15.c ****         x2 = *__SIMD32(px);
 301:Drivers/CMSIS/DSP/Source/FilteringFunctions/arm_correlate_q15.c **** 
 302:Drivers/CMSIS/DSP/Source/FilteringFunctions/arm_correlate_q15.c ****         /* Read x[3], x[4] */
 303:Drivers/CMSIS/DSP/Source/FilteringFunctions/arm_correlate_q15.c ****         x3 = _SIMD32_OFFSET(px + 1);
 304:Drivers/CMSIS/DSP/Source/FilteringFunctions/arm_correlate_q15.c **** 
 305:Drivers/CMSIS/DSP/Source/FilteringFunctions/arm_correlate_q15.c ****         /* acc2 +=  x[2] * y[0] + x[3] * y[1] */
 306:Drivers/CMSIS/DSP/Source/FilteringFunctions/arm_correlate_q15.c ****         acc2 = __SMLALD(x2, c0, acc2);
 307:Drivers/CMSIS/DSP/Source/FilteringFunctions/arm_correlate_q15.c **** 
 308:Drivers/CMSIS/DSP/Source/FilteringFunctions/arm_correlate_q15.c ****         /* acc3 +=  x[3] * y[0] + x[4] * y[1] */
 309:Drivers/CMSIS/DSP/Source/FilteringFunctions/arm_correlate_q15.c ****         acc3 = __SMLALD(x3, c0, acc3);
 310:Drivers/CMSIS/DSP/Source/FilteringFunctions/arm_correlate_q15.c **** 
 311:Drivers/CMSIS/DSP/Source/FilteringFunctions/arm_correlate_q15.c ****         /* Read y[2] and y[3] */
 312:Drivers/CMSIS/DSP/Source/FilteringFunctions/arm_correlate_q15.c ****         c0 = *__SIMD32(py)++;
 313:Drivers/CMSIS/DSP/Source/FilteringFunctions/arm_correlate_q15.c **** 
 314:Drivers/CMSIS/DSP/Source/FilteringFunctions/arm_correlate_q15.c ****         /* acc0 +=  x[2] * y[2] + x[3] * y[3] */
 315:Drivers/CMSIS/DSP/Source/FilteringFunctions/arm_correlate_q15.c ****         acc0 = __SMLALD(x2, c0, acc0);
 316:Drivers/CMSIS/DSP/Source/FilteringFunctions/arm_correlate_q15.c **** 
 317:Drivers/CMSIS/DSP/Source/FilteringFunctions/arm_correlate_q15.c ****         /* acc1 +=  x[3] * y[2] + x[4] * y[3] */
 318:Drivers/CMSIS/DSP/Source/FilteringFunctions/arm_correlate_q15.c ****         acc1 = __SMLALD(x3, c0, acc1);
 319:Drivers/CMSIS/DSP/Source/FilteringFunctions/arm_correlate_q15.c **** 
 320:Drivers/CMSIS/DSP/Source/FilteringFunctions/arm_correlate_q15.c ****         /* Read x[4], x[5] */
 321:Drivers/CMSIS/DSP/Source/FilteringFunctions/arm_correlate_q15.c ****         x0 = _SIMD32_OFFSET(px + 2);
 322:Drivers/CMSIS/DSP/Source/FilteringFunctions/arm_correlate_q15.c **** 
 323:Drivers/CMSIS/DSP/Source/FilteringFunctions/arm_correlate_q15.c ****         /* Read x[5], x[6] */
 324:Drivers/CMSIS/DSP/Source/FilteringFunctions/arm_correlate_q15.c ****         x1 = _SIMD32_OFFSET(px + 3);
 325:Drivers/CMSIS/DSP/Source/FilteringFunctions/arm_correlate_q15.c **** 
 326:Drivers/CMSIS/DSP/Source/FilteringFunctions/arm_correlate_q15.c ****         px += 4U;
 327:Drivers/CMSIS/DSP/Source/FilteringFunctions/arm_correlate_q15.c **** 
 328:Drivers/CMSIS/DSP/Source/FilteringFunctions/arm_correlate_q15.c ****         /* acc2 +=  x[4] * y[2] + x[5] * y[3] */
 329:Drivers/CMSIS/DSP/Source/FilteringFunctions/arm_correlate_q15.c ****         acc2 = __SMLALD(x0, c0, acc2);
 330:Drivers/CMSIS/DSP/Source/FilteringFunctions/arm_correlate_q15.c **** 
 331:Drivers/CMSIS/DSP/Source/FilteringFunctions/arm_correlate_q15.c ****         /* acc3 +=  x[5] * y[2] + x[6] * y[3] */
 332:Drivers/CMSIS/DSP/Source/FilteringFunctions/arm_correlate_q15.c ****         acc3 = __SMLALD(x1, c0, acc3);
 333:Drivers/CMSIS/DSP/Source/FilteringFunctions/arm_correlate_q15.c **** 
 334:Drivers/CMSIS/DSP/Source/FilteringFunctions/arm_correlate_q15.c ****       } while (--k);
 335:Drivers/CMSIS/DSP/Source/FilteringFunctions/arm_correlate_q15.c **** 
 336:Drivers/CMSIS/DSP/Source/FilteringFunctions/arm_correlate_q15.c ****       /* If the srcBLen is not a multiple of 4, compute any remaining MACs here.
 337:Drivers/CMSIS/DSP/Source/FilteringFunctions/arm_correlate_q15.c ****        ** No loop unrolling is used. */
 338:Drivers/CMSIS/DSP/Source/FilteringFunctions/arm_correlate_q15.c ****       k = srcBLen % 0x4U;
 339:Drivers/CMSIS/DSP/Source/FilteringFunctions/arm_correlate_q15.c **** 
 340:Drivers/CMSIS/DSP/Source/FilteringFunctions/arm_correlate_q15.c ****       if (k == 1U)
 341:Drivers/CMSIS/DSP/Source/FilteringFunctions/arm_correlate_q15.c ****       {
 342:Drivers/CMSIS/DSP/Source/FilteringFunctions/arm_correlate_q15.c ****         /* Read y[4] */
 343:Drivers/CMSIS/DSP/Source/FilteringFunctions/arm_correlate_q15.c ****         c0 = *py;
 427              		.loc 1 343 9 is_stmt 1 view .LVU157
 344:Drivers/CMSIS/DSP/Source/FilteringFunctions/arm_correlate_q15.c **** #ifdef  ARM_MATH_BIG_ENDIAN
 345:Drivers/CMSIS/DSP/Source/FilteringFunctions/arm_correlate_q15.c **** 
 346:Drivers/CMSIS/DSP/Source/FilteringFunctions/arm_correlate_q15.c ****         c0 = c0 << 16U;
 347:Drivers/CMSIS/DSP/Source/FilteringFunctions/arm_correlate_q15.c **** 
 348:Drivers/CMSIS/DSP/Source/FilteringFunctions/arm_correlate_q15.c **** #else
 349:Drivers/CMSIS/DSP/Source/FilteringFunctions/arm_correlate_q15.c **** 
ARM GAS  C:\Users\Lamp\AppData\Local\Temp\ccJUbmgO.s 			page 32


 350:Drivers/CMSIS/DSP/Source/FilteringFunctions/arm_correlate_q15.c ****         c0 = c0 & 0x0000FFFF;
 428              		.loc 1 350 9 view .LVU158
 351:Drivers/CMSIS/DSP/Source/FilteringFunctions/arm_correlate_q15.c **** 
 352:Drivers/CMSIS/DSP/Source/FilteringFunctions/arm_correlate_q15.c **** #endif /*      #ifdef  ARM_MATH_BIG_ENDIAN     */
 353:Drivers/CMSIS/DSP/Source/FilteringFunctions/arm_correlate_q15.c ****         /* Read x[7] */
 354:Drivers/CMSIS/DSP/Source/FilteringFunctions/arm_correlate_q15.c ****         x3 = *__SIMD32(px);
 429              		.loc 1 354 9 view .LVU159
 355:Drivers/CMSIS/DSP/Source/FilteringFunctions/arm_correlate_q15.c ****         px++;
 430              		.loc 1 355 9 view .LVU160
 431              		.loc 1 355 11 is_stmt 0 view .LVU161
 432 0152 0698     		ldr	r0, [sp, #24]
 433 0154 00F10A0C 		add	ip, r0, #10
 434              	.LVL66:
 356:Drivers/CMSIS/DSP/Source/FilteringFunctions/arm_correlate_q15.c **** 
 357:Drivers/CMSIS/DSP/Source/FilteringFunctions/arm_correlate_q15.c ****         /* Perform the multiply-accumulates */
 358:Drivers/CMSIS/DSP/Source/FilteringFunctions/arm_correlate_q15.c ****         acc0 = __SMLALD(x0, c0, acc0);
 435              		.loc 1 358 9 is_stmt 1 view .LVU162
 436              	.LBB78:
 437              	.LBI78:
 932:Drivers/CMSIS/DSP/Include/arm_math.h ****   uint32_t x,
 438              		.loc 2 932 41 view .LVU163
 439              	.LBB79:
 938:Drivers/CMSIS/DSP/Include/arm_math.h ****                        ((((q31_t)x      ) >> 16) * (((q31_t)y      ) >> 16)) +
 440              		.loc 2 938 5 view .LVU164
 938:Drivers/CMSIS/DSP/Include/arm_math.h ****                        ((((q31_t)x      ) >> 16) * (((q31_t)y      ) >> 16)) +
 441              		.loc 2 938 70 is_stmt 0 view .LVU165
 442 0158 049B     		ldr	r3, [sp, #16]
 443 015a B3F90810 		ldrsh	r1, [r3, #8]
 938:Drivers/CMSIS/DSP/Include/arm_math.h ****                        ((((q31_t)x      ) >> 16) * (((q31_t)y      ) >> 16)) +
 444              		.loc 2 938 78 view .LVU166
 445 015e 029B     		ldr	r3, [sp, #8]
 446 0160 01FB03F3 		mul	r3, r1, r3
 447              		.loc 2 939 78 view .LVU167
 448 0164 18EB0302 		adds	r2, r8, r3
 449 0168 9046     		mov	r8, r2
 450              	.LVL67:
 451              		.loc 2 939 78 view .LVU168
 452 016a 49EBE379 		adc	r9, r9, r3, asr #31
 453              	.LVL68:
 454              		.loc 2 939 78 view .LVU169
 455              	.LBE79:
 456              	.LBE78:
 359:Drivers/CMSIS/DSP/Source/FilteringFunctions/arm_correlate_q15.c ****         acc1 = __SMLALD(x1, c0, acc1);
 457              		.loc 1 359 9 is_stmt 1 view .LVU170
 458              	.LBB80:
 459              	.LBI80:
 932:Drivers/CMSIS/DSP/Include/arm_math.h ****   uint32_t x,
 460              		.loc 2 932 41 view .LVU171
 461              	.LBB81:
 938:Drivers/CMSIS/DSP/Include/arm_math.h ****                        ((((q31_t)x      ) >> 16) * (((q31_t)y      ) >> 16)) +
 462              		.loc 2 938 5 view .LVU172
 938:Drivers/CMSIS/DSP/Include/arm_math.h ****                        ((((q31_t)x      ) >> 16) * (((q31_t)y      ) >> 16)) +
 463              		.loc 2 938 78 is_stmt 0 view .LVU173
 464 016e 01FB06F3 		mul	r3, r1, r6
 465              		.loc 2 939 78 view .LVU174
 466 0172 1EEB0302 		adds	r2, lr, r3
 467              	.LVL69:
ARM GAS  C:\Users\Lamp\AppData\Local\Temp\ccJUbmgO.s 			page 33


 468              		.loc 2 939 78 view .LVU175
 469 0176 9646     		mov	lr, r2
 470              	.LVL70:
 471              		.loc 2 939 78 view .LVU176
 472 0178 45EBE375 		adc	r5, r5, r3, asr #31
 473              	.LVL71:
 474              		.loc 2 939 78 view .LVU177
 475              	.LBE81:
 476              	.LBE80:
 360:Drivers/CMSIS/DSP/Source/FilteringFunctions/arm_correlate_q15.c ****         acc2 = __SMLALDX(x1, c0, acc2);
 477              		.loc 1 360 9 is_stmt 1 view .LVU178
 478              	.LBB82:
 479              	.LBI82:
 940:Drivers/CMSIS/DSP/Include/arm_math.h ****                        ( ((q63_t)sum    )                                  )   ));
 941:Drivers/CMSIS/DSP/Include/arm_math.h ****   }
 942:Drivers/CMSIS/DSP/Include/arm_math.h **** 
 943:Drivers/CMSIS/DSP/Include/arm_math.h **** 
 944:Drivers/CMSIS/DSP/Include/arm_math.h ****   /*
 945:Drivers/CMSIS/DSP/Include/arm_math.h ****    * @brief C custom defined SMLALDX for M3 and M0 processors
 946:Drivers/CMSIS/DSP/Include/arm_math.h ****    */
 947:Drivers/CMSIS/DSP/Include/arm_math.h ****   CMSIS_INLINE __STATIC_INLINE uint64_t __SMLALDX(
 480              		.loc 2 947 41 view .LVU179
 481              	.LBB83:
 948:Drivers/CMSIS/DSP/Include/arm_math.h ****   uint32_t x,
 949:Drivers/CMSIS/DSP/Include/arm_math.h ****   uint32_t y,
 950:Drivers/CMSIS/DSP/Include/arm_math.h ****   uint64_t sum)
 951:Drivers/CMSIS/DSP/Include/arm_math.h ****   {
 952:Drivers/CMSIS/DSP/Include/arm_math.h **** /*  return (sum + ((q15_t) (x >> 16) * (q15_t) y)) + ((q15_t) x * (q15_t) (y >> 16)); */
 953:Drivers/CMSIS/DSP/Include/arm_math.h ****     return ((uint64_t)(((((q31_t)x << 16) >> 16) * (((q31_t)y      ) >> 16)) +
 482              		.loc 2 953 5 view .LVU180
 483              		.loc 2 953 78 is_stmt 0 view .LVU181
 484 017c 01FB04F3 		mul	r3, r1, r4
 954:Drivers/CMSIS/DSP/Include/arm_math.h ****                        ((((q31_t)x      ) >> 16) * (((q31_t)y << 16) >> 16)) +
 485              		.loc 2 954 78 view .LVU182
 486 0180 FA18     		adds	r2, r7, r3
 487              	.LVL72:
 488              		.loc 2 954 78 view .LVU183
 489 0182 1746     		mov	r7, r2
 490              	.LVL73:
 491              		.loc 2 954 78 view .LVU184
 492 0184 019A     		ldr	r2, [sp, #4]
 493 0186 42EBE373 		adc	r3, r2, r3, asr #31
 494 018a 0193     		str	r3, [sp, #4]
 495              	.LVL74:
 496              		.loc 2 954 78 view .LVU185
 497              	.LBE83:
 498              	.LBE82:
 361:Drivers/CMSIS/DSP/Source/FilteringFunctions/arm_correlate_q15.c ****         acc3 = __SMLALDX(x3, c0, acc3);
 499              		.loc 1 361 9 is_stmt 1 view .LVU186
 500              	.LBB84:
 501              	.LBI84:
 947:Drivers/CMSIS/DSP/Include/arm_math.h ****   uint32_t x,
 502              		.loc 2 947 41 view .LVU187
 503              	.LBB85:
 953:Drivers/CMSIS/DSP/Include/arm_math.h ****                        ((((q31_t)x      ) >> 16) * (((q31_t)y << 16) >> 16)) +
 504              		.loc 2 953 5 view .LVU188
 505              		.loc 2 954 43 is_stmt 0 view .LVU189
ARM GAS  C:\Users\Lamp\AppData\Local\Temp\ccJUbmgO.s 			page 34


 506 018c B0F90A30 		ldrsh	r3, [r0, #10]
 507              	.LVL75:
 953:Drivers/CMSIS/DSP/Include/arm_math.h ****                        ((((q31_t)x      ) >> 16) * (((q31_t)y << 16) >> 16)) +
 508              		.loc 2 953 78 view .LVU190
 509 0190 01FB03F3 		mul	r3, r1, r3
 510              		.loc 2 954 78 view .LVU191
 511 0194 1BEB0302 		adds	r2, fp, r3
 512 0198 9346     		mov	fp, r2
 513              	.LVL76:
 514              		.loc 2 954 78 view .LVU192
 515 019a 009A     		ldr	r2, [sp]
 516 019c 42EBE373 		adc	r3, r2, r3, asr #31
 517 01a0 0093     		str	r3, [sp]
 518              	.LVL77:
 519              		.loc 2 954 78 view .LVU193
 520 01a2 02E1     		b	.L13
 521              	.LVL78:
 522              	.L38:
 523              		.loc 2 954 78 view .LVU194
 524              	.LBE85:
 525              	.LBE84:
 362:Drivers/CMSIS/DSP/Source/FilteringFunctions/arm_correlate_q15.c ****       }
 363:Drivers/CMSIS/DSP/Source/FilteringFunctions/arm_correlate_q15.c **** 
 364:Drivers/CMSIS/DSP/Source/FilteringFunctions/arm_correlate_q15.c ****       if (k == 2U)
 365:Drivers/CMSIS/DSP/Source/FilteringFunctions/arm_correlate_q15.c ****       {
 366:Drivers/CMSIS/DSP/Source/FilteringFunctions/arm_correlate_q15.c ****         /* Read y[4], y[5] */
 367:Drivers/CMSIS/DSP/Source/FilteringFunctions/arm_correlate_q15.c ****         c0 = *__SIMD32(py);
 526              		.loc 1 367 9 is_stmt 1 view .LVU195
 527              		.loc 1 367 12 is_stmt 0 view .LVU196
 528 01a4 049B     		ldr	r3, [sp, #16]
 529 01a6 9B68     		ldr	r3, [r3, #8]
 530              	.LVL79:
 368:Drivers/CMSIS/DSP/Source/FilteringFunctions/arm_correlate_q15.c **** 
 369:Drivers/CMSIS/DSP/Source/FilteringFunctions/arm_correlate_q15.c ****         /* Read x[7], x[8] */
 370:Drivers/CMSIS/DSP/Source/FilteringFunctions/arm_correlate_q15.c ****         x3 = *__SIMD32(px);
 531              		.loc 1 370 9 is_stmt 1 view .LVU197
 532              		.loc 1 370 12 is_stmt 0 view .LVU198
 533 01a8 DCF80020 		ldr	r2, [ip]
 534 01ac 0392     		str	r2, [sp, #12]
 535              	.LVL80:
 371:Drivers/CMSIS/DSP/Source/FilteringFunctions/arm_correlate_q15.c **** 
 372:Drivers/CMSIS/DSP/Source/FilteringFunctions/arm_correlate_q15.c ****         /* Read x[9] */
 373:Drivers/CMSIS/DSP/Source/FilteringFunctions/arm_correlate_q15.c ****         x2 = _SIMD32_OFFSET(px + 1);
 536              		.loc 1 373 9 is_stmt 1 view .LVU199
 537              		.loc 1 373 12 is_stmt 0 view .LVU200
 538 01ae DCF80210 		ldr	r1, [ip, #2]
 539 01b2 0691     		str	r1, [sp, #24]
 540              	.LVL81:
 374:Drivers/CMSIS/DSP/Source/FilteringFunctions/arm_correlate_q15.c ****         px += 2U;
 541              		.loc 1 374 9 is_stmt 1 view .LVU201
 542              		.loc 1 374 12 is_stmt 0 view .LVU202
 543 01b4 0CF1040C 		add	ip, ip, #4
 544              	.LVL82:
 375:Drivers/CMSIS/DSP/Source/FilteringFunctions/arm_correlate_q15.c **** 
 376:Drivers/CMSIS/DSP/Source/FilteringFunctions/arm_correlate_q15.c ****         /* Perform the multiply-accumulates */
 377:Drivers/CMSIS/DSP/Source/FilteringFunctions/arm_correlate_q15.c ****         acc0 = __SMLALD(x0, c0, acc0);
 545              		.loc 1 377 9 is_stmt 1 view .LVU203
ARM GAS  C:\Users\Lamp\AppData\Local\Temp\ccJUbmgO.s 			page 35


 546              	.LBB86:
 547              	.LBI86:
 932:Drivers/CMSIS/DSP/Include/arm_math.h ****   uint32_t x,
 548              		.loc 2 932 41 view .LVU204
 549              	.LBB87:
 938:Drivers/CMSIS/DSP/Include/arm_math.h ****                        ((((q31_t)x      ) >> 16) * (((q31_t)y      ) >> 16)) +
 550              		.loc 2 938 5 view .LVU205
 938:Drivers/CMSIS/DSP/Include/arm_math.h ****                        ((((q31_t)x      ) >> 16) * (((q31_t)y      ) >> 16)) +
 551              		.loc 2 938 70 is_stmt 0 view .LVU206
 552 01b8 18B2     		sxth	r0, r3
 939:Drivers/CMSIS/DSP/Include/arm_math.h ****                        ( ((q63_t)sum    )                                  )   ));
 553              		.loc 2 939 70 view .LVU207
 554 01ba 1914     		asrs	r1, r3, #16
 555              	.LVL83:
 939:Drivers/CMSIS/DSP/Include/arm_math.h ****                        ( ((q63_t)sum    )                                  )   ));
 556              		.loc 2 939 50 view .LVU208
 557 01bc 059A     		ldr	r2, [sp, #20]
 558              	.LVL84:
 939:Drivers/CMSIS/DSP/Include/arm_math.h ****                        ( ((q63_t)sum    )                                  )   ));
 559              		.loc 2 939 50 view .LVU209
 560 01be 01FB02F3 		mul	r3, r1, r2
 561              	.LVL85:
 938:Drivers/CMSIS/DSP/Include/arm_math.h ****                        ((((q31_t)x      ) >> 16) * (((q31_t)y      ) >> 16)) +
 562              		.loc 2 938 78 view .LVU210
 563 01c2 029A     		ldr	r2, [sp, #8]
 564 01c4 00FB0233 		mla	r3, r0, r2, r3
 939:Drivers/CMSIS/DSP/Include/arm_math.h ****                        ( ((q63_t)sum    )                                  )   ));
 565              		.loc 2 939 78 view .LVU211
 566 01c8 18EB0302 		adds	r2, r8, r3
 567 01cc 9046     		mov	r8, r2
 568              	.LVL86:
 939:Drivers/CMSIS/DSP/Include/arm_math.h ****                        ( ((q63_t)sum    )                                  )   ));
 569              		.loc 2 939 78 view .LVU212
 570 01ce 49EBE379 		adc	r9, r9, r3, asr #31
 571              	.LVL87:
 939:Drivers/CMSIS/DSP/Include/arm_math.h ****                        ( ((q63_t)sum    )                                  )   ));
 572              		.loc 2 939 78 view .LVU213
 573              	.LBE87:
 574              	.LBE86:
 378:Drivers/CMSIS/DSP/Source/FilteringFunctions/arm_correlate_q15.c ****         acc1 = __SMLALD(x1, c0, acc1);
 575              		.loc 1 378 9 is_stmt 1 view .LVU214
 576              	.LBB88:
 577              	.LBI88:
 932:Drivers/CMSIS/DSP/Include/arm_math.h ****   uint32_t x,
 578              		.loc 2 932 41 view .LVU215
 579              	.LBB89:
 938:Drivers/CMSIS/DSP/Include/arm_math.h ****                        ((((q31_t)x      ) >> 16) * (((q31_t)y      ) >> 16)) +
 580              		.loc 2 938 5 view .LVU216
 939:Drivers/CMSIS/DSP/Include/arm_math.h ****                        ( ((q63_t)sum    )                                  )   ));
 581              		.loc 2 939 50 is_stmt 0 view .LVU217
 582 01d2 01FB04F3 		mul	r3, r1, r4
 938:Drivers/CMSIS/DSP/Include/arm_math.h ****                        ((((q31_t)x      ) >> 16) * (((q31_t)y      ) >> 16)) +
 583              		.loc 2 938 78 view .LVU218
 584 01d6 00FB0633 		mla	r3, r0, r6, r3
 939:Drivers/CMSIS/DSP/Include/arm_math.h ****                        ( ((q63_t)sum    )                                  )   ));
 585              		.loc 2 939 78 view .LVU219
 586 01da 1EEB0302 		adds	r2, lr, r3
ARM GAS  C:\Users\Lamp\AppData\Local\Temp\ccJUbmgO.s 			page 36


 587              	.LVL88:
 939:Drivers/CMSIS/DSP/Include/arm_math.h ****                        ( ((q63_t)sum    )                                  )   ));
 588              		.loc 2 939 78 view .LVU220
 589 01de 9646     		mov	lr, r2
 590              	.LVL89:
 939:Drivers/CMSIS/DSP/Include/arm_math.h ****                        ( ((q63_t)sum    )                                  )   ));
 591              		.loc 2 939 78 view .LVU221
 592 01e0 45EBE375 		adc	r5, r5, r3, asr #31
 593              	.LVL90:
 939:Drivers/CMSIS/DSP/Include/arm_math.h ****                        ( ((q63_t)sum    )                                  )   ));
 594              		.loc 2 939 78 view .LVU222
 595              	.LBE89:
 596              	.LBE88:
 379:Drivers/CMSIS/DSP/Source/FilteringFunctions/arm_correlate_q15.c ****         acc2 = __SMLALD(x3, c0, acc2);
 597              		.loc 1 379 9 is_stmt 1 view .LVU223
 598              	.LBB90:
 599              	.LBI90:
 932:Drivers/CMSIS/DSP/Include/arm_math.h ****   uint32_t x,
 600              		.loc 2 932 41 view .LVU224
 601              	.LBB91:
 938:Drivers/CMSIS/DSP/Include/arm_math.h ****                        ((((q31_t)x      ) >> 16) * (((q31_t)y      ) >> 16)) +
 602              		.loc 2 938 5 view .LVU225
 938:Drivers/CMSIS/DSP/Include/arm_math.h ****                        ((((q31_t)x      ) >> 16) * (((q31_t)y      ) >> 16)) +
 603              		.loc 2 938 43 is_stmt 0 view .LVU226
 604 01e4 039B     		ldr	r3, [sp, #12]
 605 01e6 1AB2     		sxth	r2, r3
 606              	.LVL91:
 939:Drivers/CMSIS/DSP/Include/arm_math.h ****                        ( ((q63_t)sum    )                                  )   ));
 607              		.loc 2 939 43 view .LVU227
 608 01e8 1B14     		asrs	r3, r3, #16
 939:Drivers/CMSIS/DSP/Include/arm_math.h ****                        ( ((q63_t)sum    )                                  )   ));
 609              		.loc 2 939 50 view .LVU228
 610 01ea 01FB03F3 		mul	r3, r1, r3
 938:Drivers/CMSIS/DSP/Include/arm_math.h ****                        ((((q31_t)x      ) >> 16) * (((q31_t)y      ) >> 16)) +
 611              		.loc 2 938 78 view .LVU229
 612 01ee 00FB0233 		mla	r3, r0, r2, r3
 939:Drivers/CMSIS/DSP/Include/arm_math.h ****                        ( ((q63_t)sum    )                                  )   ));
 613              		.loc 2 939 78 view .LVU230
 614 01f2 FA18     		adds	r2, r7, r3
 615 01f4 1746     		mov	r7, r2
 616              	.LVL92:
 939:Drivers/CMSIS/DSP/Include/arm_math.h ****                        ( ((q63_t)sum    )                                  )   ));
 617              		.loc 2 939 78 view .LVU231
 618 01f6 019A     		ldr	r2, [sp, #4]
 619 01f8 42EBE372 		adc	r2, r2, r3, asr #31
 620 01fc 0192     		str	r2, [sp, #4]
 621              	.LVL93:
 939:Drivers/CMSIS/DSP/Include/arm_math.h ****                        ( ((q63_t)sum    )                                  )   ));
 622              		.loc 2 939 78 view .LVU232
 623              	.LBE91:
 624              	.LBE90:
 380:Drivers/CMSIS/DSP/Source/FilteringFunctions/arm_correlate_q15.c ****         acc3 = __SMLALD(x2, c0, acc3);
 625              		.loc 1 380 9 is_stmt 1 view .LVU233
 626              	.LBB92:
 627              	.LBI92:
 932:Drivers/CMSIS/DSP/Include/arm_math.h ****   uint32_t x,
 628              		.loc 2 932 41 view .LVU234
ARM GAS  C:\Users\Lamp\AppData\Local\Temp\ccJUbmgO.s 			page 37


 629              	.LBB93:
 938:Drivers/CMSIS/DSP/Include/arm_math.h ****                        ((((q31_t)x      ) >> 16) * (((q31_t)y      ) >> 16)) +
 630              		.loc 2 938 5 view .LVU235
 938:Drivers/CMSIS/DSP/Include/arm_math.h ****                        ((((q31_t)x      ) >> 16) * (((q31_t)y      ) >> 16)) +
 631              		.loc 2 938 43 is_stmt 0 view .LVU236
 632 01fe 069B     		ldr	r3, [sp, #24]
 633 0200 1AB2     		sxth	r2, r3
 634              	.LVL94:
 939:Drivers/CMSIS/DSP/Include/arm_math.h ****                        ( ((q63_t)sum    )                                  )   ));
 635              		.loc 2 939 43 view .LVU237
 636 0202 1B14     		asrs	r3, r3, #16
 939:Drivers/CMSIS/DSP/Include/arm_math.h ****                        ( ((q63_t)sum    )                                  )   ));
 637              		.loc 2 939 50 view .LVU238
 638 0204 01FB03F3 		mul	r3, r1, r3
 938:Drivers/CMSIS/DSP/Include/arm_math.h ****                        ((((q31_t)x      ) >> 16) * (((q31_t)y      ) >> 16)) +
 639              		.loc 2 938 78 view .LVU239
 640 0208 00FB0233 		mla	r3, r0, r2, r3
 939:Drivers/CMSIS/DSP/Include/arm_math.h ****                        ( ((q63_t)sum    )                                  )   ));
 641              		.loc 2 939 78 view .LVU240
 642 020c 1BEB0302 		adds	r2, fp, r3
 643 0210 9346     		mov	fp, r2
 644              	.LVL95:
 939:Drivers/CMSIS/DSP/Include/arm_math.h ****                        ( ((q63_t)sum    )                                  )   ));
 645              		.loc 2 939 78 view .LVU241
 646 0212 009A     		ldr	r2, [sp]
 647 0214 42EBE373 		adc	r3, r2, r3, asr #31
 648 0218 0093     		str	r3, [sp]
 649              	.LVL96:
 939:Drivers/CMSIS/DSP/Include/arm_math.h ****                        ( ((q63_t)sum    )                                  )   ));
 650              		.loc 2 939 78 view .LVU242
 651 021a CAE0     		b	.L14
 652              	.LVL97:
 653              	.L15:
 939:Drivers/CMSIS/DSP/Include/arm_math.h ****                        ( ((q63_t)sum    )                                  )   ));
 654              		.loc 2 939 78 view .LVU243
 655              	.LBE93:
 656              	.LBE92:
 381:Drivers/CMSIS/DSP/Source/FilteringFunctions/arm_correlate_q15.c ****       }
 382:Drivers/CMSIS/DSP/Source/FilteringFunctions/arm_correlate_q15.c **** 
 383:Drivers/CMSIS/DSP/Source/FilteringFunctions/arm_correlate_q15.c ****       if (k == 3U)
 384:Drivers/CMSIS/DSP/Source/FilteringFunctions/arm_correlate_q15.c ****       {
 385:Drivers/CMSIS/DSP/Source/FilteringFunctions/arm_correlate_q15.c ****         /* Read y[4], y[5] */
 386:Drivers/CMSIS/DSP/Source/FilteringFunctions/arm_correlate_q15.c ****         c0 = *__SIMD32(py)++;
 387:Drivers/CMSIS/DSP/Source/FilteringFunctions/arm_correlate_q15.c **** 
 388:Drivers/CMSIS/DSP/Source/FilteringFunctions/arm_correlate_q15.c ****         /* Read x[7], x[8] */
 389:Drivers/CMSIS/DSP/Source/FilteringFunctions/arm_correlate_q15.c ****         x3 = *__SIMD32(px);
 390:Drivers/CMSIS/DSP/Source/FilteringFunctions/arm_correlate_q15.c **** 
 391:Drivers/CMSIS/DSP/Source/FilteringFunctions/arm_correlate_q15.c ****         /* Read x[9] */
 392:Drivers/CMSIS/DSP/Source/FilteringFunctions/arm_correlate_q15.c ****         x2 = _SIMD32_OFFSET(px + 1);
 393:Drivers/CMSIS/DSP/Source/FilteringFunctions/arm_correlate_q15.c **** 
 394:Drivers/CMSIS/DSP/Source/FilteringFunctions/arm_correlate_q15.c ****         /* Perform the multiply-accumulates */
 395:Drivers/CMSIS/DSP/Source/FilteringFunctions/arm_correlate_q15.c ****         acc0 = __SMLALD(x0, c0, acc0);
 396:Drivers/CMSIS/DSP/Source/FilteringFunctions/arm_correlate_q15.c ****         acc1 = __SMLALD(x1, c0, acc1);
 397:Drivers/CMSIS/DSP/Source/FilteringFunctions/arm_correlate_q15.c ****         acc2 = __SMLALD(x3, c0, acc2);
 398:Drivers/CMSIS/DSP/Source/FilteringFunctions/arm_correlate_q15.c ****         acc3 = __SMLALD(x2, c0, acc3);
 399:Drivers/CMSIS/DSP/Source/FilteringFunctions/arm_correlate_q15.c **** 
 400:Drivers/CMSIS/DSP/Source/FilteringFunctions/arm_correlate_q15.c ****         c0 = (*py);
ARM GAS  C:\Users\Lamp\AppData\Local\Temp\ccJUbmgO.s 			page 38


 401:Drivers/CMSIS/DSP/Source/FilteringFunctions/arm_correlate_q15.c **** 
 402:Drivers/CMSIS/DSP/Source/FilteringFunctions/arm_correlate_q15.c ****         /* Read y[6] */
 403:Drivers/CMSIS/DSP/Source/FilteringFunctions/arm_correlate_q15.c **** #ifdef  ARM_MATH_BIG_ENDIAN
 404:Drivers/CMSIS/DSP/Source/FilteringFunctions/arm_correlate_q15.c **** 
 405:Drivers/CMSIS/DSP/Source/FilteringFunctions/arm_correlate_q15.c ****         c0 = c0 << 16U;
 406:Drivers/CMSIS/DSP/Source/FilteringFunctions/arm_correlate_q15.c **** #else
 407:Drivers/CMSIS/DSP/Source/FilteringFunctions/arm_correlate_q15.c **** 
 408:Drivers/CMSIS/DSP/Source/FilteringFunctions/arm_correlate_q15.c ****         c0 = c0 & 0x0000FFFF;
 409:Drivers/CMSIS/DSP/Source/FilteringFunctions/arm_correlate_q15.c **** #endif /*      #ifdef  ARM_MATH_BIG_ENDIAN     */
 410:Drivers/CMSIS/DSP/Source/FilteringFunctions/arm_correlate_q15.c ****         /* Read x[10] */
 411:Drivers/CMSIS/DSP/Source/FilteringFunctions/arm_correlate_q15.c ****         x3 = _SIMD32_OFFSET(px + 2);
 412:Drivers/CMSIS/DSP/Source/FilteringFunctions/arm_correlate_q15.c ****         px += 3U;
 413:Drivers/CMSIS/DSP/Source/FilteringFunctions/arm_correlate_q15.c **** 
 414:Drivers/CMSIS/DSP/Source/FilteringFunctions/arm_correlate_q15.c ****         /* Perform the multiply-accumulates */
 415:Drivers/CMSIS/DSP/Source/FilteringFunctions/arm_correlate_q15.c ****         acc0 = __SMLALDX(x1, c0, acc0);
 416:Drivers/CMSIS/DSP/Source/FilteringFunctions/arm_correlate_q15.c ****         acc1 = __SMLALD(x2, c0, acc1);
 417:Drivers/CMSIS/DSP/Source/FilteringFunctions/arm_correlate_q15.c ****         acc2 = __SMLALDX(x2, c0, acc2);
 418:Drivers/CMSIS/DSP/Source/FilteringFunctions/arm_correlate_q15.c ****         acc3 = __SMLALDX(x3, c0, acc3);
 419:Drivers/CMSIS/DSP/Source/FilteringFunctions/arm_correlate_q15.c ****       }
 420:Drivers/CMSIS/DSP/Source/FilteringFunctions/arm_correlate_q15.c **** 
 421:Drivers/CMSIS/DSP/Source/FilteringFunctions/arm_correlate_q15.c ****       /* Store the result in the accumulator in the destination buffer. */
 422:Drivers/CMSIS/DSP/Source/FilteringFunctions/arm_correlate_q15.c ****       *pOut = (q15_t) (__SSAT(acc0 >> 15, 16));
 657              		.loc 1 422 7 is_stmt 1 view .LVU244
 658              	.LBB94:
 659              		.loc 1 422 24 view .LVU245
 660 021c 4FEAD838 		lsr	r8, r8, #15
 661              	.LVL98:
 662              		.loc 1 422 24 is_stmt 0 view .LVU246
 663 0220 48EA4948 		orr	r8, r8, r9, lsl #17
 664              	.LVL99:
 665              		.loc 1 422 24 is_stmt 1 view .LVU247
 666              		.syntax unified
 667              	@ 422 "Drivers/CMSIS/DSP/Source/FilteringFunctions/arm_correlate_q15.c" 1
 668 0224 08F30F08 		ssat r8, #16, r8
 669              	@ 0 "" 2
 670              	.LVL100:
 671              		.loc 1 422 24 view .LVU248
 672              		.thumb
 673              		.syntax unified
 674              	.LBE94:
 675              		.loc 1 422 13 is_stmt 0 view .LVU249
 676 0228 0799     		ldr	r1, [sp, #28]
 677 022a A1F80080 		strh	r8, [r1]	@ movhi
 678              	.LVL101:
 423:Drivers/CMSIS/DSP/Source/FilteringFunctions/arm_correlate_q15.c ****       /* Destination pointer is updated according to the address modifier, inc */
 424:Drivers/CMSIS/DSP/Source/FilteringFunctions/arm_correlate_q15.c ****       pOut += inc;
 679              		.loc 1 424 7 is_stmt 1 view .LVU250
 425:Drivers/CMSIS/DSP/Source/FilteringFunctions/arm_correlate_q15.c **** 
 426:Drivers/CMSIS/DSP/Source/FilteringFunctions/arm_correlate_q15.c ****       *pOut = (q15_t) (__SSAT(acc1 >> 15, 16));
 680              		.loc 1 426 7 view .LVU251
 681              	.LBB95:
 682              		.loc 1 426 24 view .LVU252
 683 022e 4FEADE3E 		lsr	lr, lr, #15
 684              	.LVL102:
 685              		.loc 1 426 24 is_stmt 0 view .LVU253
 686 0232 4EEA454E 		orr	lr, lr, r5, lsl #17
 687              	.LVL103:
ARM GAS  C:\Users\Lamp\AppData\Local\Temp\ccJUbmgO.s 			page 39


 688              		.loc 1 426 24 is_stmt 1 view .LVU254
 689              		.syntax unified
 690              	@ 426 "Drivers/CMSIS/DSP/Source/FilteringFunctions/arm_correlate_q15.c" 1
 691 0236 0EF30F0E 		ssat lr, #16, lr
 692              	@ 0 "" 2
 693              	.LVL104:
 694              		.loc 1 426 24 view .LVU255
 695              		.thumb
 696              		.syntax unified
 697              	.LBE95:
 698              		.loc 1 426 13 is_stmt 0 view .LVU256
 699 023a 0D9A     		ldr	r2, [sp, #52]
 700 023c 21F812E0 		strh	lr, [r1, r2, lsl #1]	@ movhi
 427:Drivers/CMSIS/DSP/Source/FilteringFunctions/arm_correlate_q15.c ****       pOut += inc;
 701              		.loc 1 427 7 is_stmt 1 view .LVU257
 702              		.loc 1 427 12 is_stmt 0 view .LVU258
 703 0240 01EB8203 		add	r3, r1, r2, lsl #2
 704              	.LVL105:
 428:Drivers/CMSIS/DSP/Source/FilteringFunctions/arm_correlate_q15.c **** 
 429:Drivers/CMSIS/DSP/Source/FilteringFunctions/arm_correlate_q15.c ****       *pOut = (q15_t) (__SSAT(acc2 >> 15, 16));
 705              		.loc 1 429 7 is_stmt 1 view .LVU259
 706              	.LBB96:
 707              		.loc 1 429 24 view .LVU260
 708 0244 FF0B     		lsrs	r7, r7, #15
 709              	.LVL106:
 710              		.loc 1 429 24 is_stmt 0 view .LVU261
 711 0246 0198     		ldr	r0, [sp, #4]
 712 0248 47EA4047 		orr	r7, r7, r0, lsl #17
 713              	.LVL107:
 714              		.loc 1 429 24 is_stmt 1 view .LVU262
 715              		.syntax unified
 716              	@ 429 "Drivers/CMSIS/DSP/Source/FilteringFunctions/arm_correlate_q15.c" 1
 717 024c 07F30F07 		ssat r7, #16, r7
 718              	@ 0 "" 2
 719              	.LVL108:
 720              		.loc 1 429 24 view .LVU263
 721              		.thumb
 722              		.syntax unified
 723              	.LBE96:
 724              		.loc 1 429 13 is_stmt 0 view .LVU264
 725 0250 21F82270 		strh	r7, [r1, r2, lsl #2]	@ movhi
 430:Drivers/CMSIS/DSP/Source/FilteringFunctions/arm_correlate_q15.c ****       pOut += inc;
 726              		.loc 1 430 7 is_stmt 1 view .LVU265
 727              	.LVL109:
 431:Drivers/CMSIS/DSP/Source/FilteringFunctions/arm_correlate_q15.c **** 
 432:Drivers/CMSIS/DSP/Source/FilteringFunctions/arm_correlate_q15.c ****       *pOut = (q15_t) (__SSAT(acc3 >> 15, 16));
 728              		.loc 1 432 7 view .LVU266
 729              	.LBB97:
 730              		.loc 1 432 24 view .LVU267
 731 0254 4FEADB3B 		lsr	fp, fp, #15
 732              	.LVL110:
 733              		.loc 1 432 24 is_stmt 0 view .LVU268
 734 0258 0099     		ldr	r1, [sp]
 735 025a 4BEA414B 		orr	fp, fp, r1, lsl #17
 736              	.LVL111:
 737              		.loc 1 432 24 is_stmt 1 view .LVU269
 738              		.syntax unified
ARM GAS  C:\Users\Lamp\AppData\Local\Temp\ccJUbmgO.s 			page 40


 739              	@ 432 "Drivers/CMSIS/DSP/Source/FilteringFunctions/arm_correlate_q15.c" 1
 740 025e 0BF30F0B 		ssat fp, #16, fp
 741              	@ 0 "" 2
 742              	.LVL112:
 743              		.loc 1 432 24 view .LVU270
 744              		.thumb
 745              		.syntax unified
 746              	.LBE97:
 747              		.loc 1 432 13 is_stmt 0 view .LVU271
 748 0262 23F812B0 		strh	fp, [r3, r2, lsl #1]	@ movhi
 433:Drivers/CMSIS/DSP/Source/FilteringFunctions/arm_correlate_q15.c ****       pOut += inc;
 749              		.loc 1 433 7 is_stmt 1 view .LVU272
 750              		.loc 1 433 12 is_stmt 0 view .LVU273
 751 0266 03EB8203 		add	r3, r3, r2, lsl #2
 752              	.LVL113:
 753              		.loc 1 433 12 view .LVU274
 754 026a 0793     		str	r3, [sp, #28]
 755              	.LVL114:
 434:Drivers/CMSIS/DSP/Source/FilteringFunctions/arm_correlate_q15.c **** 
 435:Drivers/CMSIS/DSP/Source/FilteringFunctions/arm_correlate_q15.c ****       /* Increment the count by 4 as 4 output values are computed */
 436:Drivers/CMSIS/DSP/Source/FilteringFunctions/arm_correlate_q15.c ****       count += 4U;
 756              		.loc 1 436 7 is_stmt 1 view .LVU275
 757              		.loc 1 436 13 is_stmt 0 view .LVU276
 758 026c 099B     		ldr	r3, [sp, #36]
 759              	.LVL115:
 760              		.loc 1 436 13 view .LVU277
 761 026e 0433     		adds	r3, r3, #4
 762 0270 0993     		str	r3, [sp, #36]
 763              	.LVL116:
 437:Drivers/CMSIS/DSP/Source/FilteringFunctions/arm_correlate_q15.c **** 
 438:Drivers/CMSIS/DSP/Source/FilteringFunctions/arm_correlate_q15.c ****       /* Update the inputA and inputB pointers for next MAC calculation */
 439:Drivers/CMSIS/DSP/Source/FilteringFunctions/arm_correlate_q15.c ****       px = pIn1 + count;
 764              		.loc 1 439 7 is_stmt 1 view .LVU278
 765              		.loc 1 439 17 is_stmt 0 view .LVU279
 766 0272 0B9A     		ldr	r2, [sp, #44]
 767 0274 02EB4303 		add	r3, r2, r3, lsl #1
 768              	.LVL117:
 440:Drivers/CMSIS/DSP/Source/FilteringFunctions/arm_correlate_q15.c ****       py = pIn2;
 769              		.loc 1 440 7 is_stmt 1 view .LVU280
 441:Drivers/CMSIS/DSP/Source/FilteringFunctions/arm_correlate_q15.c **** 
 442:Drivers/CMSIS/DSP/Source/FilteringFunctions/arm_correlate_q15.c ****       /* Decrement the loop counter */
 443:Drivers/CMSIS/DSP/Source/FilteringFunctions/arm_correlate_q15.c ****       blkCnt--;
 770              		.loc 1 443 7 view .LVU281
 771              		.loc 1 443 13 is_stmt 0 view .LVU282
 772 0278 0C9A     		ldr	r2, [sp, #48]
 773 027a 013A     		subs	r2, r2, #1
 774 027c 0C92     		str	r2, [sp, #48]
 775              	.LVL118:
 776              	.L11:
 268:Drivers/CMSIS/DSP/Source/FilteringFunctions/arm_correlate_q15.c ****     {
 777              		.loc 1 268 19 is_stmt 1 view .LVU283
 778 027e 0C9A     		ldr	r2, [sp, #48]
 779 0280 002A     		cmp	r2, #0
 780 0282 00F0ED80 		beq	.L36
 271:Drivers/CMSIS/DSP/Source/FilteringFunctions/arm_correlate_q15.c ****       acc1 = 0;
 781              		.loc 1 271 7 view .LVU284
 782              	.LVL119:
ARM GAS  C:\Users\Lamp\AppData\Local\Temp\ccJUbmgO.s 			page 41


 272:Drivers/CMSIS/DSP/Source/FilteringFunctions/arm_correlate_q15.c ****       acc2 = 0;
 783              		.loc 1 272 7 view .LVU285
 273:Drivers/CMSIS/DSP/Source/FilteringFunctions/arm_correlate_q15.c ****       acc3 = 0;
 784              		.loc 1 273 7 view .LVU286
 274:Drivers/CMSIS/DSP/Source/FilteringFunctions/arm_correlate_q15.c **** 
 785              		.loc 1 274 7 view .LVU287
 277:Drivers/CMSIS/DSP/Source/FilteringFunctions/arm_correlate_q15.c ****       /* read x[1], x[2] samples */
 786              		.loc 1 277 7 view .LVU288
 277:Drivers/CMSIS/DSP/Source/FilteringFunctions/arm_correlate_q15.c ****       /* read x[1], x[2] samples */
 787              		.loc 1 277 10 is_stmt 0 view .LVU289
 788 0286 1968     		ldr	r1, [r3]
 789              	.LVL120:
 279:Drivers/CMSIS/DSP/Source/FilteringFunctions/arm_correlate_q15.c ****       px += 2U;
 790              		.loc 1 279 7 is_stmt 1 view .LVU290
 279:Drivers/CMSIS/DSP/Source/FilteringFunctions/arm_correlate_q15.c ****       px += 2U;
 791              		.loc 1 279 10 is_stmt 0 view .LVU291
 792 0288 D3F80220 		ldr	r2, [r3, #2]
 793              	.LVL121:
 280:Drivers/CMSIS/DSP/Source/FilteringFunctions/arm_correlate_q15.c **** 
 794              		.loc 1 280 7 is_stmt 1 view .LVU292
 280:Drivers/CMSIS/DSP/Source/FilteringFunctions/arm_correlate_q15.c **** 
 795              		.loc 1 280 10 is_stmt 0 view .LVU293
 796 028c 03F1040C 		add	ip, r3, #4
 797              	.LVL122:
 283:Drivers/CMSIS/DSP/Source/FilteringFunctions/arm_correlate_q15.c **** 
 798              		.loc 1 283 7 is_stmt 1 view .LVU294
 283:Drivers/CMSIS/DSP/Source/FilteringFunctions/arm_correlate_q15.c **** 
 799              		.loc 1 283 9 is_stmt 0 view .LVU295
 800 0290 0A9B     		ldr	r3, [sp, #40]
 801 0292 9B08     		lsrs	r3, r3, #2
 802 0294 0293     		str	r3, [sp, #8]
 803              	.LVL123:
 283:Drivers/CMSIS/DSP/Source/FilteringFunctions/arm_correlate_q15.c **** 
 804              		.loc 1 283 9 view .LVU296
 805 0296 089B     		ldr	r3, [sp, #32]
 806              	.LVL124:
 283:Drivers/CMSIS/DSP/Source/FilteringFunctions/arm_correlate_q15.c **** 
 807              		.loc 1 283 9 view .LVU297
 808 0298 0093     		str	r3, [sp]
 274:Drivers/CMSIS/DSP/Source/FilteringFunctions/arm_correlate_q15.c **** 
 809              		.loc 1 274 12 view .LVU298
 810 029a 4FF0000B 		mov	fp, #0
 811 029e DA46     		mov	r10, fp
 273:Drivers/CMSIS/DSP/Source/FilteringFunctions/arm_correlate_q15.c ****       acc3 = 0;
 812              		.loc 1 273 12 view .LVU299
 813 02a0 5F46     		mov	r7, fp
 814 02a2 CDF804B0 		str	fp, [sp, #4]
 272:Drivers/CMSIS/DSP/Source/FilteringFunctions/arm_correlate_q15.c ****       acc2 = 0;
 815              		.loc 1 272 12 view .LVU300
 816 02a6 DE46     		mov	lr, fp
 817 02a8 5D46     		mov	r5, fp
 271:Drivers/CMSIS/DSP/Source/FilteringFunctions/arm_correlate_q15.c ****       acc1 = 0;
 818              		.loc 1 271 12 view .LVU301
 819 02aa D846     		mov	r8, fp
 820 02ac D946     		mov	r9, fp
 821 02ae 1046     		mov	r0, r2
 822              	.LVL125:
ARM GAS  C:\Users\Lamp\AppData\Local\Temp\ccJUbmgO.s 			page 42


 823              	.L12:
 287:Drivers/CMSIS/DSP/Source/FilteringFunctions/arm_correlate_q15.c ****       {
 824              		.loc 1 287 7 is_stmt 1 view .LVU302
 291:Drivers/CMSIS/DSP/Source/FilteringFunctions/arm_correlate_q15.c **** 
 825              		.loc 1 291 9 view .LVU303
 291:Drivers/CMSIS/DSP/Source/FilteringFunctions/arm_correlate_q15.c **** 
 826              		.loc 1 291 12 is_stmt 0 view .LVU304
 827 02b0 009C     		ldr	r4, [sp]
 828 02b2 2268     		ldr	r2, [r4]
 829              	.LVL126:
 294:Drivers/CMSIS/DSP/Source/FilteringFunctions/arm_correlate_q15.c **** 
 830              		.loc 1 294 9 is_stmt 1 view .LVU305
 831              	.LBB98:
 832              	.LBI98:
 932:Drivers/CMSIS/DSP/Include/arm_math.h ****   uint32_t x,
 833              		.loc 2 932 41 view .LVU306
 834              	.LBB99:
 938:Drivers/CMSIS/DSP/Include/arm_math.h ****                        ((((q31_t)x      ) >> 16) * (((q31_t)y      ) >> 16)) +
 835              		.loc 2 938 5 view .LVU307
 938:Drivers/CMSIS/DSP/Include/arm_math.h ****                        ((((q31_t)x      ) >> 16) * (((q31_t)y      ) >> 16)) +
 836              		.loc 2 938 43 is_stmt 0 view .LVU308
 837 02b4 0BB2     		sxth	r3, r1
 938:Drivers/CMSIS/DSP/Include/arm_math.h ****                        ((((q31_t)x      ) >> 16) * (((q31_t)y      ) >> 16)) +
 838              		.loc 2 938 70 view .LVU309
 839 02b6 14B2     		sxth	r4, r2
 939:Drivers/CMSIS/DSP/Include/arm_math.h ****                        ( ((q63_t)sum    )                                  )   ));
 840              		.loc 2 939 43 view .LVU310
 841 02b8 0914     		asrs	r1, r1, #16
 939:Drivers/CMSIS/DSP/Include/arm_math.h ****                        ( ((q63_t)sum    )                                  )   ));
 842              		.loc 2 939 70 view .LVU311
 843 02ba 1214     		asrs	r2, r2, #16
 844              	.LVL127:
 939:Drivers/CMSIS/DSP/Include/arm_math.h ****                        ( ((q63_t)sum    )                                  )   ));
 845              		.loc 2 939 50 view .LVU312
 846 02bc 02FB01F1 		mul	r1, r2, r1
 938:Drivers/CMSIS/DSP/Include/arm_math.h ****                        ((((q31_t)x      ) >> 16) * (((q31_t)y      ) >> 16)) +
 847              		.loc 2 938 78 view .LVU313
 848 02c0 04FB0311 		mla	r1, r4, r3, r1
 939:Drivers/CMSIS/DSP/Include/arm_math.h ****                        ( ((q63_t)sum    )                                  )   ));
 849              		.loc 2 939 78 view .LVU314
 850 02c4 18EB0108 		adds	r8, r8, r1
 851              	.LVL128:
 939:Drivers/CMSIS/DSP/Include/arm_math.h ****                        ( ((q63_t)sum    )                                  )   ));
 852              		.loc 2 939 78 view .LVU315
 853 02c8 49EBE179 		adc	r9, r9, r1, asr #31
 854              	.LVL129:
 939:Drivers/CMSIS/DSP/Include/arm_math.h ****                        ( ((q63_t)sum    )                                  )   ));
 855              		.loc 2 939 78 view .LVU316
 856              	.LBE99:
 857              	.LBE98:
 297:Drivers/CMSIS/DSP/Source/FilteringFunctions/arm_correlate_q15.c **** 
 858              		.loc 1 297 9 is_stmt 1 view .LVU317
 859              	.LBB100:
 860              	.LBI100:
 932:Drivers/CMSIS/DSP/Include/arm_math.h ****   uint32_t x,
 861              		.loc 2 932 41 view .LVU318
 862              	.LBB101:
ARM GAS  C:\Users\Lamp\AppData\Local\Temp\ccJUbmgO.s 			page 43


 938:Drivers/CMSIS/DSP/Include/arm_math.h ****                        ((((q31_t)x      ) >> 16) * (((q31_t)y      ) >> 16)) +
 863              		.loc 2 938 5 view .LVU319
 938:Drivers/CMSIS/DSP/Include/arm_math.h ****                        ((((q31_t)x      ) >> 16) * (((q31_t)y      ) >> 16)) +
 864              		.loc 2 938 43 is_stmt 0 view .LVU320
 865 02cc 03B2     		sxth	r3, r0
 939:Drivers/CMSIS/DSP/Include/arm_math.h ****                        ( ((q63_t)sum    )                                  )   ));
 866              		.loc 2 939 43 view .LVU321
 867 02ce 0014     		asrs	r0, r0, #16
 939:Drivers/CMSIS/DSP/Include/arm_math.h ****                        ( ((q63_t)sum    )                                  )   ));
 868              		.loc 2 939 50 view .LVU322
 869 02d0 02FB00F0 		mul	r0, r2, r0
 938:Drivers/CMSIS/DSP/Include/arm_math.h ****                        ((((q31_t)x      ) >> 16) * (((q31_t)y      ) >> 16)) +
 870              		.loc 2 938 78 view .LVU323
 871 02d4 04FB0300 		mla	r0, r4, r3, r0
 939:Drivers/CMSIS/DSP/Include/arm_math.h ****                        ( ((q63_t)sum    )                                  )   ));
 872              		.loc 2 939 78 view .LVU324
 873 02d8 1EEB0006 		adds	r6, lr, r0
 874 02dc 45EBE075 		adc	r5, r5, r0, asr #31
 875              	.LVL130:
 939:Drivers/CMSIS/DSP/Include/arm_math.h ****                        ( ((q63_t)sum    )                                  )   ));
 876              		.loc 2 939 78 view .LVU325
 877              	.LBE101:
 878              	.LBE100:
 300:Drivers/CMSIS/DSP/Source/FilteringFunctions/arm_correlate_q15.c **** 
 879              		.loc 1 300 9 is_stmt 1 view .LVU326
 300:Drivers/CMSIS/DSP/Source/FilteringFunctions/arm_correlate_q15.c **** 
 880              		.loc 1 300 12 is_stmt 0 view .LVU327
 881 02e0 DCF80030 		ldr	r3, [ip]
 882              	.LVL131:
 303:Drivers/CMSIS/DSP/Source/FilteringFunctions/arm_correlate_q15.c **** 
 883              		.loc 1 303 9 is_stmt 1 view .LVU328
 303:Drivers/CMSIS/DSP/Source/FilteringFunctions/arm_correlate_q15.c **** 
 884              		.loc 1 303 12 is_stmt 0 view .LVU329
 885 02e4 DCF80210 		ldr	r1, [ip, #2]
 886 02e8 0391     		str	r1, [sp, #12]
 887              	.LVL132:
 306:Drivers/CMSIS/DSP/Source/FilteringFunctions/arm_correlate_q15.c **** 
 888              		.loc 1 306 9 is_stmt 1 view .LVU330
 889              	.LBB102:
 890              	.LBI102:
 932:Drivers/CMSIS/DSP/Include/arm_math.h ****   uint32_t x,
 891              		.loc 2 932 41 view .LVU331
 892              	.LBB103:
 938:Drivers/CMSIS/DSP/Include/arm_math.h ****                        ((((q31_t)x      ) >> 16) * (((q31_t)y      ) >> 16)) +
 893              		.loc 2 938 5 view .LVU332
 938:Drivers/CMSIS/DSP/Include/arm_math.h ****                        ((((q31_t)x      ) >> 16) * (((q31_t)y      ) >> 16)) +
 894              		.loc 2 938 43 is_stmt 0 view .LVU333
 895 02ea 0FFA83FE 		sxth	lr, r3
 939:Drivers/CMSIS/DSP/Include/arm_math.h ****                        ( ((q63_t)sum    )                                  )   ));
 896              		.loc 2 939 43 view .LVU334
 897 02ee 1B14     		asrs	r3, r3, #16
 898              	.LVL133:
 939:Drivers/CMSIS/DSP/Include/arm_math.h ****                        ( ((q63_t)sum    )                                  )   ));
 899              		.loc 2 939 50 view .LVU335
 900 02f0 02FB03F0 		mul	r0, r2, r3
 938:Drivers/CMSIS/DSP/Include/arm_math.h ****                        ((((q31_t)x      ) >> 16) * (((q31_t)y      ) >> 16)) +
 901              		.loc 2 938 78 view .LVU336
ARM GAS  C:\Users\Lamp\AppData\Local\Temp\ccJUbmgO.s 			page 44


 902 02f4 04FB0E00 		mla	r0, r4, lr, r0
 939:Drivers/CMSIS/DSP/Include/arm_math.h ****                        ( ((q63_t)sum    )                                  )   ));
 903              		.loc 2 939 78 view .LVU337
 904 02f8 3F18     		adds	r7, r7, r0
 905              	.LVL134:
 939:Drivers/CMSIS/DSP/Include/arm_math.h ****                        ( ((q63_t)sum    )                                  )   ));
 906              		.loc 2 939 78 view .LVU338
 907 02fa 0199     		ldr	r1, [sp, #4]
 908              	.LVL135:
 939:Drivers/CMSIS/DSP/Include/arm_math.h ****                        ( ((q63_t)sum    )                                  )   ));
 909              		.loc 2 939 78 view .LVU339
 910 02fc 41EBE070 		adc	r0, r1, r0, asr #31
 911 0300 0190     		str	r0, [sp, #4]
 912              	.LVL136:
 939:Drivers/CMSIS/DSP/Include/arm_math.h ****                        ( ((q63_t)sum    )                                  )   ));
 913              		.loc 2 939 78 view .LVU340
 914              	.LBE103:
 915              	.LBE102:
 309:Drivers/CMSIS/DSP/Source/FilteringFunctions/arm_correlate_q15.c **** 
 916              		.loc 1 309 9 is_stmt 1 view .LVU341
 917              	.LBB104:
 918              	.LBI104:
 932:Drivers/CMSIS/DSP/Include/arm_math.h ****   uint32_t x,
 919              		.loc 2 932 41 view .LVU342
 920              	.LBB105:
 938:Drivers/CMSIS/DSP/Include/arm_math.h ****                        ((((q31_t)x      ) >> 16) * (((q31_t)y      ) >> 16)) +
 921              		.loc 2 938 5 view .LVU343
 938:Drivers/CMSIS/DSP/Include/arm_math.h ****                        ((((q31_t)x      ) >> 16) * (((q31_t)y      ) >> 16)) +
 922              		.loc 2 938 43 is_stmt 0 view .LVU344
 923 0302 0399     		ldr	r1, [sp, #12]
 924 0304 08B2     		sxth	r0, r1
 925              	.LVL137:
 939:Drivers/CMSIS/DSP/Include/arm_math.h ****                        ( ((q63_t)sum    )                                  )   ));
 926              		.loc 2 939 43 view .LVU345
 927 0306 0914     		asrs	r1, r1, #16
 939:Drivers/CMSIS/DSP/Include/arm_math.h ****                        ( ((q63_t)sum    )                                  )   ));
 928              		.loc 2 939 50 view .LVU346
 929 0308 01FB02F2 		mul	r2, r1, r2
 938:Drivers/CMSIS/DSP/Include/arm_math.h ****                        ((((q31_t)x      ) >> 16) * (((q31_t)y      ) >> 16)) +
 930              		.loc 2 938 78 view .LVU347
 931 030c 04FB0022 		mla	r2, r4, r0, r2
 939:Drivers/CMSIS/DSP/Include/arm_math.h ****                        ( ((q63_t)sum    )                                  )   ));
 932              		.loc 2 939 78 view .LVU348
 933 0310 1BEB020B 		adds	fp, fp, r2
 934              	.LVL138:
 939:Drivers/CMSIS/DSP/Include/arm_math.h ****                        ( ((q63_t)sum    )                                  )   ));
 935              		.loc 2 939 78 view .LVU349
 936 0314 4AEBE27A 		adc	r10, r10, r2, asr #31
 937 0318 CDF80CA0 		str	r10, [sp, #12]
 938              	.LVL139:
 939:Drivers/CMSIS/DSP/Include/arm_math.h ****                        ( ((q63_t)sum    )                                  )   ));
 939              		.loc 2 939 78 view .LVU350
 940              	.LBE105:
 941              	.LBE104:
 312:Drivers/CMSIS/DSP/Source/FilteringFunctions/arm_correlate_q15.c **** 
 942              		.loc 1 312 9 is_stmt 1 view .LVU351
 943 031c 009C     		ldr	r4, [sp]
ARM GAS  C:\Users\Lamp\AppData\Local\Temp\ccJUbmgO.s 			page 45


 944 031e 2246     		mov	r2, r4
 945 0320 0494     		str	r4, [sp, #16]
 946              	.LVL140:
 312:Drivers/CMSIS/DSP/Source/FilteringFunctions/arm_correlate_q15.c **** 
 947              		.loc 1 312 27 is_stmt 0 view .LVU352
 948 0322 0834     		adds	r4, r4, #8
 949              	.LVL141:
 312:Drivers/CMSIS/DSP/Source/FilteringFunctions/arm_correlate_q15.c **** 
 950              		.loc 1 312 27 view .LVU353
 951 0324 0094     		str	r4, [sp]
 952              	.LVL142:
 312:Drivers/CMSIS/DSP/Source/FilteringFunctions/arm_correlate_q15.c **** 
 953              		.loc 1 312 12 view .LVU354
 954 0326 5268     		ldr	r2, [r2, #4]
 955              	.LVL143:
 315:Drivers/CMSIS/DSP/Source/FilteringFunctions/arm_correlate_q15.c **** 
 956              		.loc 1 315 9 is_stmt 1 view .LVU355
 957              	.LBB106:
 958              	.LBI106:
 932:Drivers/CMSIS/DSP/Include/arm_math.h ****   uint32_t x,
 959              		.loc 2 932 41 view .LVU356
 960              	.LBB107:
 938:Drivers/CMSIS/DSP/Include/arm_math.h ****                        ((((q31_t)x      ) >> 16) * (((q31_t)y      ) >> 16)) +
 961              		.loc 2 938 5 view .LVU357
 938:Drivers/CMSIS/DSP/Include/arm_math.h ****                        ((((q31_t)x      ) >> 16) * (((q31_t)y      ) >> 16)) +
 962              		.loc 2 938 70 is_stmt 0 view .LVU358
 963 0328 0FFA82FA 		sxth	r10, r2
 964              	.LVL144:
 939:Drivers/CMSIS/DSP/Include/arm_math.h ****                        ( ((q63_t)sum    )                                  )   ));
 965              		.loc 2 939 70 view .LVU359
 966 032c 1214     		asrs	r2, r2, #16
 967              	.LVL145:
 939:Drivers/CMSIS/DSP/Include/arm_math.h ****                        ( ((q63_t)sum    )                                  )   ));
 968              		.loc 2 939 50 view .LVU360
 969 032e 02FB03F3 		mul	r3, r2, r3
 938:Drivers/CMSIS/DSP/Include/arm_math.h ****                        ((((q31_t)x      ) >> 16) * (((q31_t)y      ) >> 16)) +
 970              		.loc 2 938 78 view .LVU361
 971 0332 0EFB0A33 		mla	r3, lr, r10, r3
 939:Drivers/CMSIS/DSP/Include/arm_math.h ****                        ( ((q63_t)sum    )                                  )   ));
 972              		.loc 2 939 78 view .LVU362
 973 0336 13EB0808 		adds	r8, r3, r8
 974              	.LVL146:
 939:Drivers/CMSIS/DSP/Include/arm_math.h ****                        ( ((q63_t)sum    )                                  )   ));
 975              		.loc 2 939 78 view .LVU363
 976 033a 49EBE379 		adc	r9, r9, r3, asr #31
 977              	.LVL147:
 939:Drivers/CMSIS/DSP/Include/arm_math.h ****                        ( ((q63_t)sum    )                                  )   ));
 978              		.loc 2 939 78 view .LVU364
 979              	.LBE107:
 980              	.LBE106:
 318:Drivers/CMSIS/DSP/Source/FilteringFunctions/arm_correlate_q15.c **** 
 981              		.loc 1 318 9 is_stmt 1 view .LVU365
 982              	.LBB108:
 983              	.LBI108:
 932:Drivers/CMSIS/DSP/Include/arm_math.h ****   uint32_t x,
 984              		.loc 2 932 41 view .LVU366
 985              	.LBB109:
ARM GAS  C:\Users\Lamp\AppData\Local\Temp\ccJUbmgO.s 			page 46


 938:Drivers/CMSIS/DSP/Include/arm_math.h ****                        ((((q31_t)x      ) >> 16) * (((q31_t)y      ) >> 16)) +
 986              		.loc 2 938 5 view .LVU367
 939:Drivers/CMSIS/DSP/Include/arm_math.h ****                        ( ((q63_t)sum    )                                  )   ));
 987              		.loc 2 939 50 is_stmt 0 view .LVU368
 988 033e 02FB01F1 		mul	r1, r2, r1
 938:Drivers/CMSIS/DSP/Include/arm_math.h ****                        ((((q31_t)x      ) >> 16) * (((q31_t)y      ) >> 16)) +
 989              		.loc 2 938 78 view .LVU369
 990 0342 00FB0A11 		mla	r1, r0, r10, r1
 939:Drivers/CMSIS/DSP/Include/arm_math.h ****                        ( ((q63_t)sum    )                                  )   ));
 991              		.loc 2 939 78 view .LVU370
 992 0346 11EB060E 		adds	lr, r1, r6
 993 034a 45EBE175 		adc	r5, r5, r1, asr #31
 994              	.LVL148:
 939:Drivers/CMSIS/DSP/Include/arm_math.h ****                        ( ((q63_t)sum    )                                  )   ));
 995              		.loc 2 939 78 view .LVU371
 996              	.LBE109:
 997              	.LBE108:
 321:Drivers/CMSIS/DSP/Source/FilteringFunctions/arm_correlate_q15.c **** 
 998              		.loc 1 321 9 is_stmt 1 view .LVU372
 321:Drivers/CMSIS/DSP/Source/FilteringFunctions/arm_correlate_q15.c **** 
 999              		.loc 1 321 12 is_stmt 0 view .LVU373
 1000 034e DCF80410 		ldr	r1, [ip, #4]
 324:Drivers/CMSIS/DSP/Source/FilteringFunctions/arm_correlate_q15.c **** 
 1001              		.loc 1 324 9 is_stmt 1 view .LVU374
 1002              	.LVL149:
 324:Drivers/CMSIS/DSP/Source/FilteringFunctions/arm_correlate_q15.c **** 
 1003              		.loc 1 324 12 is_stmt 0 view .LVU375
 1004 0352 DCF80600 		ldr	r0, [ip, #6]
 326:Drivers/CMSIS/DSP/Source/FilteringFunctions/arm_correlate_q15.c **** 
 1005              		.loc 1 326 9 is_stmt 1 view .LVU376
 1006 0356 CDF818C0 		str	ip, [sp, #24]
 1007              	.LVL150:
 326:Drivers/CMSIS/DSP/Source/FilteringFunctions/arm_correlate_q15.c **** 
 1008              		.loc 1 326 12 is_stmt 0 view .LVU377
 1009 035a 0CF1080C 		add	ip, ip, #8
 1010              	.LVL151:
 329:Drivers/CMSIS/DSP/Source/FilteringFunctions/arm_correlate_q15.c **** 
 1011              		.loc 1 329 9 is_stmt 1 view .LVU378
 1012              	.LBB110:
 1013              	.LBI110:
 932:Drivers/CMSIS/DSP/Include/arm_math.h ****   uint32_t x,
 1014              		.loc 2 932 41 view .LVU379
 1015              	.LBB111:
 938:Drivers/CMSIS/DSP/Include/arm_math.h ****                        ((((q31_t)x      ) >> 16) * (((q31_t)y      ) >> 16)) +
 1016              		.loc 2 938 5 view .LVU380
 938:Drivers/CMSIS/DSP/Include/arm_math.h ****                        ((((q31_t)x      ) >> 16) * (((q31_t)y      ) >> 16)) +
 1017              		.loc 2 938 43 is_stmt 0 view .LVU381
 1018 035e 0BB2     		sxth	r3, r1
 939:Drivers/CMSIS/DSP/Include/arm_math.h ****                        ( ((q63_t)sum    )                                  )   ));
 1019              		.loc 2 939 43 view .LVU382
 1020 0360 0C14     		asrs	r4, r1, #16
 1021              	.LVL152:
 939:Drivers/CMSIS/DSP/Include/arm_math.h ****                        ( ((q63_t)sum    )                                  )   ));
 1022              		.loc 2 939 43 view .LVU383
 1023 0362 0594     		str	r4, [sp, #20]
 939:Drivers/CMSIS/DSP/Include/arm_math.h ****                        ( ((q63_t)sum    )                                  )   ));
 1024              		.loc 2 939 50 view .LVU384
ARM GAS  C:\Users\Lamp\AppData\Local\Temp\ccJUbmgO.s 			page 47


 1025 0364 02FB04F4 		mul	r4, r2, r4
 938:Drivers/CMSIS/DSP/Include/arm_math.h ****                        ((((q31_t)x      ) >> 16) * (((q31_t)y      ) >> 16)) +
 1026              		.loc 2 938 78 view .LVU385
 1027 0368 0AFB0344 		mla	r4, r10, r3, r4
 939:Drivers/CMSIS/DSP/Include/arm_math.h ****                        ( ((q63_t)sum    )                                  )   ));
 1028              		.loc 2 939 78 view .LVU386
 1029 036c E719     		adds	r7, r4, r7
 1030              	.LVL153:
 939:Drivers/CMSIS/DSP/Include/arm_math.h ****                        ( ((q63_t)sum    )                                  )   ));
 1031              		.loc 2 939 78 view .LVU387
 1032 036e 019E     		ldr	r6, [sp, #4]
 1033 0370 46EBE474 		adc	r4, r6, r4, asr #31
 1034 0374 0194     		str	r4, [sp, #4]
 1035              	.LVL154:
 939:Drivers/CMSIS/DSP/Include/arm_math.h ****                        ( ((q63_t)sum    )                                  )   ));
 1036              		.loc 2 939 78 view .LVU388
 1037              	.LBE111:
 1038              	.LBE110:
 332:Drivers/CMSIS/DSP/Source/FilteringFunctions/arm_correlate_q15.c **** 
 1039              		.loc 1 332 9 is_stmt 1 view .LVU389
 1040              	.LBB112:
 1041              	.LBI112:
 932:Drivers/CMSIS/DSP/Include/arm_math.h ****   uint32_t x,
 1042              		.loc 2 932 41 view .LVU390
 1043              	.LBB113:
 938:Drivers/CMSIS/DSP/Include/arm_math.h ****                        ((((q31_t)x      ) >> 16) * (((q31_t)y      ) >> 16)) +
 1044              		.loc 2 938 5 view .LVU391
 938:Drivers/CMSIS/DSP/Include/arm_math.h ****                        ((((q31_t)x      ) >> 16) * (((q31_t)y      ) >> 16)) +
 1045              		.loc 2 938 43 is_stmt 0 view .LVU392
 1046 0376 06B2     		sxth	r6, r0
 939:Drivers/CMSIS/DSP/Include/arm_math.h ****                        ( ((q63_t)sum    )                                  )   ));
 1047              		.loc 2 939 43 view .LVU393
 1048 0378 0414     		asrs	r4, r0, #16
 1049              	.LVL155:
 939:Drivers/CMSIS/DSP/Include/arm_math.h ****                        ( ((q63_t)sum    )                                  )   ));
 1050              		.loc 2 939 50 view .LVU394
 1051 037a 04FB02F2 		mul	r2, r4, r2
 938:Drivers/CMSIS/DSP/Include/arm_math.h ****                        ((((q31_t)x      ) >> 16) * (((q31_t)y      ) >> 16)) +
 1052              		.loc 2 938 78 view .LVU395
 1053 037e 0AFB0622 		mla	r2, r10, r6, r2
 939:Drivers/CMSIS/DSP/Include/arm_math.h ****                        ( ((q63_t)sum    )                                  )   ));
 1054              		.loc 2 939 78 view .LVU396
 1055 0382 12EB0B0B 		adds	fp, r2, fp
 1056              	.LVL156:
 939:Drivers/CMSIS/DSP/Include/arm_math.h ****                        ( ((q63_t)sum    )                                  )   ));
 1057              		.loc 2 939 78 view .LVU397
 1058 0386 DDF80CA0 		ldr	r10, [sp, #12]
 1059 038a 4AEBE27A 		adc	r10, r10, r2, asr #31
 1060              	.LVL157:
 939:Drivers/CMSIS/DSP/Include/arm_math.h ****                        ( ((q63_t)sum    )                                  )   ));
 1061              		.loc 2 939 78 view .LVU398
 1062              	.LBE113:
 1063              	.LBE112:
 334:Drivers/CMSIS/DSP/Source/FilteringFunctions/arm_correlate_q15.c **** 
 1064              		.loc 1 334 16 is_stmt 1 discriminator 1 view .LVU399
 334:Drivers/CMSIS/DSP/Source/FilteringFunctions/arm_correlate_q15.c **** 
 1065              		.loc 1 334 16 is_stmt 0 discriminator 1 view .LVU400
ARM GAS  C:\Users\Lamp\AppData\Local\Temp\ccJUbmgO.s 			page 48


 1066 038e 029A     		ldr	r2, [sp, #8]
 1067 0390 013A     		subs	r2, r2, #1
 1068              	.LVL158:
 334:Drivers/CMSIS/DSP/Source/FilteringFunctions/arm_correlate_q15.c **** 
 1069              		.loc 1 334 16 discriminator 1 view .LVU401
 1070 0392 0292     		str	r2, [sp, #8]
 1071 0394 8CD1     		bne	.L12
 338:Drivers/CMSIS/DSP/Source/FilteringFunctions/arm_correlate_q15.c **** 
 1072              		.loc 1 338 9 view .LVU402
 1073 0396 0293     		str	r3, [sp, #8]
 1074 0398 CDF800A0 		str	r10, [sp]
 1075              	.LVL159:
 338:Drivers/CMSIS/DSP/Source/FilteringFunctions/arm_correlate_q15.c **** 
 1076              		.loc 1 338 7 is_stmt 1 view .LVU403
 338:Drivers/CMSIS/DSP/Source/FilteringFunctions/arm_correlate_q15.c **** 
 1077              		.loc 1 338 9 is_stmt 0 view .LVU404
 1078 039c 0A9B     		ldr	r3, [sp, #40]
 1079 039e 03F0030A 		and	r10, r3, #3
 1080              	.LVL160:
 340:Drivers/CMSIS/DSP/Source/FilteringFunctions/arm_correlate_q15.c ****       {
 1081              		.loc 1 340 7 is_stmt 1 view .LVU405
 340:Drivers/CMSIS/DSP/Source/FilteringFunctions/arm_correlate_q15.c ****       {
 1082              		.loc 1 340 10 is_stmt 0 view .LVU406
 1083 03a2 BAF1010F 		cmp	r10, #1
 1084 03a6 3FF4D4AE 		beq	.L37
 1085              	.LVL161:
 1086              	.L13:
 364:Drivers/CMSIS/DSP/Source/FilteringFunctions/arm_correlate_q15.c ****       {
 1087              		.loc 1 364 7 is_stmt 1 view .LVU407
 364:Drivers/CMSIS/DSP/Source/FilteringFunctions/arm_correlate_q15.c ****       {
 1088              		.loc 1 364 10 is_stmt 0 view .LVU408
 1089 03aa BAF1020F 		cmp	r10, #2
 1090 03ae 3FF4F9AE 		beq	.L38
 1091              	.LVL162:
 1092              	.L14:
 383:Drivers/CMSIS/DSP/Source/FilteringFunctions/arm_correlate_q15.c ****       {
 1093              		.loc 1 383 7 is_stmt 1 view .LVU409
 383:Drivers/CMSIS/DSP/Source/FilteringFunctions/arm_correlate_q15.c ****       {
 1094              		.loc 1 383 10 is_stmt 0 view .LVU410
 1095 03b2 BAF1030F 		cmp	r10, #3
 1096 03b6 7FF431AF 		bne	.L15
 386:Drivers/CMSIS/DSP/Source/FilteringFunctions/arm_correlate_q15.c **** 
 1097              		.loc 1 386 9 is_stmt 1 view .LVU411
 1098              	.LVL163:
 386:Drivers/CMSIS/DSP/Source/FilteringFunctions/arm_correlate_q15.c **** 
 1099              		.loc 1 386 12 is_stmt 0 view .LVU412
 1100 03ba 049B     		ldr	r3, [sp, #16]
 1101 03bc 9968     		ldr	r1, [r3, #8]
 1102              	.LVL164:
 389:Drivers/CMSIS/DSP/Source/FilteringFunctions/arm_correlate_q15.c **** 
 1103              		.loc 1 389 9 is_stmt 1 view .LVU413
 389:Drivers/CMSIS/DSP/Source/FilteringFunctions/arm_correlate_q15.c **** 
 1104              		.loc 1 389 12 is_stmt 0 view .LVU414
 1105 03be DCF80020 		ldr	r2, [ip]
 1106 03c2 0392     		str	r2, [sp, #12]
 1107              	.LVL165:
 392:Drivers/CMSIS/DSP/Source/FilteringFunctions/arm_correlate_q15.c **** 
ARM GAS  C:\Users\Lamp\AppData\Local\Temp\ccJUbmgO.s 			page 49


 1108              		.loc 1 392 9 is_stmt 1 view .LVU415
 392:Drivers/CMSIS/DSP/Source/FilteringFunctions/arm_correlate_q15.c **** 
 1109              		.loc 1 392 12 is_stmt 0 view .LVU416
 1110 03c4 DCF80230 		ldr	r3, [ip, #2]
 1111              	.LVL166:
 395:Drivers/CMSIS/DSP/Source/FilteringFunctions/arm_correlate_q15.c ****         acc1 = __SMLALD(x1, c0, acc1);
 1112              		.loc 1 395 9 is_stmt 1 view .LVU417
 1113              	.LBB114:
 1114              	.LBI114:
 932:Drivers/CMSIS/DSP/Include/arm_math.h ****   uint32_t x,
 1115              		.loc 2 932 41 view .LVU418
 1116              	.LBB115:
 938:Drivers/CMSIS/DSP/Include/arm_math.h ****                        ((((q31_t)x      ) >> 16) * (((q31_t)y      ) >> 16)) +
 1117              		.loc 2 938 5 view .LVU419
 938:Drivers/CMSIS/DSP/Include/arm_math.h ****                        ((((q31_t)x      ) >> 16) * (((q31_t)y      ) >> 16)) +
 1118              		.loc 2 938 70 is_stmt 0 view .LVU420
 1119 03c8 0FFA81FA 		sxth	r10, r1
 1120              	.LVL167:
 939:Drivers/CMSIS/DSP/Include/arm_math.h ****                        ( ((q63_t)sum    )                                  )   ));
 1121              		.loc 2 939 70 view .LVU421
 1122 03cc 0914     		asrs	r1, r1, #16
 1123              	.LVL168:
 939:Drivers/CMSIS/DSP/Include/arm_math.h ****                        ( ((q63_t)sum    )                                  )   ));
 1124              		.loc 2 939 50 view .LVU422
 1125 03ce 0598     		ldr	r0, [sp, #20]
 1126 03d0 01FB00F0 		mul	r0, r1, r0
 938:Drivers/CMSIS/DSP/Include/arm_math.h ****                        ((((q31_t)x      ) >> 16) * (((q31_t)y      ) >> 16)) +
 1127              		.loc 2 938 78 view .LVU423
 1128 03d4 029A     		ldr	r2, [sp, #8]
 1129              	.LVL169:
 938:Drivers/CMSIS/DSP/Include/arm_math.h ****                        ((((q31_t)x      ) >> 16) * (((q31_t)y      ) >> 16)) +
 1130              		.loc 2 938 78 view .LVU424
 1131 03d6 0AFB0200 		mla	r0, r10, r2, r0
 939:Drivers/CMSIS/DSP/Include/arm_math.h ****                        ( ((q63_t)sum    )                                  )   ));
 1132              		.loc 2 939 78 view .LVU425
 1133 03da 18EB0008 		adds	r8, r8, r0
 1134              	.LVL170:
 939:Drivers/CMSIS/DSP/Include/arm_math.h ****                        ( ((q63_t)sum    )                                  )   ));
 1135              		.loc 2 939 78 view .LVU426
 1136 03de 49EBE079 		adc	r9, r9, r0, asr #31
 1137              	.LVL171:
 939:Drivers/CMSIS/DSP/Include/arm_math.h ****                        ( ((q63_t)sum    )                                  )   ));
 1138              		.loc 2 939 78 view .LVU427
 1139              	.LBE115:
 1140              	.LBE114:
 396:Drivers/CMSIS/DSP/Source/FilteringFunctions/arm_correlate_q15.c ****         acc2 = __SMLALD(x3, c0, acc2);
 1141              		.loc 1 396 9 is_stmt 1 view .LVU428
 1142              	.LBB116:
 1143              	.LBI116:
 932:Drivers/CMSIS/DSP/Include/arm_math.h ****   uint32_t x,
 1144              		.loc 2 932 41 view .LVU429
 1145              	.LBB117:
 938:Drivers/CMSIS/DSP/Include/arm_math.h ****                        ((((q31_t)x      ) >> 16) * (((q31_t)y      ) >> 16)) +
 1146              		.loc 2 938 5 view .LVU430
 939:Drivers/CMSIS/DSP/Include/arm_math.h ****                        ( ((q63_t)sum    )                                  )   ));
 1147              		.loc 2 939 50 is_stmt 0 view .LVU431
 1148 03e2 01FB04F0 		mul	r0, r1, r4
ARM GAS  C:\Users\Lamp\AppData\Local\Temp\ccJUbmgO.s 			page 50


 938:Drivers/CMSIS/DSP/Include/arm_math.h ****                        ((((q31_t)x      ) >> 16) * (((q31_t)y      ) >> 16)) +
 1149              		.loc 2 938 78 view .LVU432
 1150 03e6 0AFB0600 		mla	r0, r10, r6, r0
 939:Drivers/CMSIS/DSP/Include/arm_math.h ****                        ( ((q63_t)sum    )                                  )   ));
 1151              		.loc 2 939 78 view .LVU433
 1152 03ea 1EEB000E 		adds	lr, lr, r0
 1153              	.LVL172:
 939:Drivers/CMSIS/DSP/Include/arm_math.h ****                        ( ((q63_t)sum    )                                  )   ));
 1154              		.loc 2 939 78 view .LVU434
 1155 03ee 45EBE075 		adc	r5, r5, r0, asr #31
 1156              	.LVL173:
 939:Drivers/CMSIS/DSP/Include/arm_math.h ****                        ( ((q63_t)sum    )                                  )   ));
 1157              		.loc 2 939 78 view .LVU435
 1158              	.LBE117:
 1159              	.LBE116:
 397:Drivers/CMSIS/DSP/Source/FilteringFunctions/arm_correlate_q15.c ****         acc3 = __SMLALD(x2, c0, acc3);
 1160              		.loc 1 397 9 is_stmt 1 view .LVU436
 1161              	.LBB118:
 1162              	.LBI118:
 932:Drivers/CMSIS/DSP/Include/arm_math.h ****   uint32_t x,
 1163              		.loc 2 932 41 view .LVU437
 1164              	.LBB119:
 938:Drivers/CMSIS/DSP/Include/arm_math.h ****                        ((((q31_t)x      ) >> 16) * (((q31_t)y      ) >> 16)) +
 1165              		.loc 2 938 5 view .LVU438
 938:Drivers/CMSIS/DSP/Include/arm_math.h ****                        ((((q31_t)x      ) >> 16) * (((q31_t)y      ) >> 16)) +
 1166              		.loc 2 938 43 is_stmt 0 view .LVU439
 1167 03f2 039A     		ldr	r2, [sp, #12]
 1168 03f4 10B2     		sxth	r0, r2
 939:Drivers/CMSIS/DSP/Include/arm_math.h ****                        ( ((q63_t)sum    )                                  )   ));
 1169              		.loc 2 939 43 view .LVU440
 1170 03f6 1214     		asrs	r2, r2, #16
 939:Drivers/CMSIS/DSP/Include/arm_math.h ****                        ( ((q63_t)sum    )                                  )   ));
 1171              		.loc 2 939 50 view .LVU441
 1172 03f8 01FB02F2 		mul	r2, r1, r2
 938:Drivers/CMSIS/DSP/Include/arm_math.h ****                        ((((q31_t)x      ) >> 16) * (((q31_t)y      ) >> 16)) +
 1173              		.loc 2 938 78 view .LVU442
 1174 03fc 0AFB0022 		mla	r2, r10, r0, r2
 939:Drivers/CMSIS/DSP/Include/arm_math.h ****                        ( ((q63_t)sum    )                                  )   ));
 1175              		.loc 2 939 78 view .LVU443
 1176 0400 BE18     		adds	r6, r7, r2
 1177 0402 0198     		ldr	r0, [sp, #4]
 1178 0404 40EBE272 		adc	r2, r0, r2, asr #31
 1179 0408 0192     		str	r2, [sp, #4]
 1180              	.LVL174:
 939:Drivers/CMSIS/DSP/Include/arm_math.h ****                        ( ((q63_t)sum    )                                  )   ));
 1181              		.loc 2 939 78 view .LVU444
 1182              	.LBE119:
 1183              	.LBE118:
 398:Drivers/CMSIS/DSP/Source/FilteringFunctions/arm_correlate_q15.c **** 
 1184              		.loc 1 398 9 is_stmt 1 view .LVU445
 1185              	.LBB120:
 1186              	.LBI120:
 932:Drivers/CMSIS/DSP/Include/arm_math.h ****   uint32_t x,
 1187              		.loc 2 932 41 view .LVU446
 1188              	.LBB121:
 938:Drivers/CMSIS/DSP/Include/arm_math.h ****                        ((((q31_t)x      ) >> 16) * (((q31_t)y      ) >> 16)) +
 1189              		.loc 2 938 5 view .LVU447
ARM GAS  C:\Users\Lamp\AppData\Local\Temp\ccJUbmgO.s 			page 51


 938:Drivers/CMSIS/DSP/Include/arm_math.h ****                        ((((q31_t)x      ) >> 16) * (((q31_t)y      ) >> 16)) +
 1190              		.loc 2 938 43 is_stmt 0 view .LVU448
 1191 040a 18B2     		sxth	r0, r3
 939:Drivers/CMSIS/DSP/Include/arm_math.h ****                        ( ((q63_t)sum    )                                  )   ));
 1192              		.loc 2 939 43 view .LVU449
 1193 040c 1B14     		asrs	r3, r3, #16
 1194              	.LVL175:
 939:Drivers/CMSIS/DSP/Include/arm_math.h ****                        ( ((q63_t)sum    )                                  )   ));
 1195              		.loc 2 939 50 view .LVU450
 1196 040e 01FB03F2 		mul	r2, r1, r3
 1197              	.LVL176:
 938:Drivers/CMSIS/DSP/Include/arm_math.h ****                        ((((q31_t)x      ) >> 16) * (((q31_t)y      ) >> 16)) +
 1198              		.loc 2 938 78 view .LVU451
 1199 0412 0AFB0022 		mla	r2, r10, r0, r2
 939:Drivers/CMSIS/DSP/Include/arm_math.h ****                        ( ((q63_t)sum    )                                  )   ));
 1200              		.loc 2 939 78 view .LVU452
 1201 0416 1BEB020A 		adds	r10, fp, r2
 1202 041a 009F     		ldr	r7, [sp]
 1203 041c 47EBE272 		adc	r2, r7, r2, asr #31
 1204              	.LVL177:
 939:Drivers/CMSIS/DSP/Include/arm_math.h ****                        ( ((q63_t)sum    )                                  )   ));
 1205              		.loc 2 939 78 view .LVU453
 1206              	.LBE121:
 1207              	.LBE120:
 400:Drivers/CMSIS/DSP/Source/FilteringFunctions/arm_correlate_q15.c **** 
 1208              		.loc 1 400 9 is_stmt 1 view .LVU454
 408:Drivers/CMSIS/DSP/Source/FilteringFunctions/arm_correlate_q15.c **** #endif /*      #ifdef  ARM_MATH_BIG_ENDIAN     */
 1209              		.loc 1 408 9 view .LVU455
 411:Drivers/CMSIS/DSP/Source/FilteringFunctions/arm_correlate_q15.c ****         px += 3U;
 1210              		.loc 1 411 9 view .LVU456
 412:Drivers/CMSIS/DSP/Source/FilteringFunctions/arm_correlate_q15.c **** 
 1211              		.loc 1 412 9 view .LVU457
 415:Drivers/CMSIS/DSP/Source/FilteringFunctions/arm_correlate_q15.c ****         acc1 = __SMLALD(x2, c0, acc1);
 1212              		.loc 1 415 9 view .LVU458
 1213              	.LBB122:
 1214              	.LBI122:
 947:Drivers/CMSIS/DSP/Include/arm_math.h ****   uint32_t x,
 1215              		.loc 2 947 41 view .LVU459
 1216              	.LBB123:
 953:Drivers/CMSIS/DSP/Include/arm_math.h ****                        ((((q31_t)x      ) >> 16) * (((q31_t)y << 16) >> 16)) +
 1217              		.loc 2 953 5 view .LVU460
 1218              		.loc 2 954 70 is_stmt 0 view .LVU461
 1219 0420 0499     		ldr	r1, [sp, #16]
 1220 0422 B1F90C10 		ldrsh	r1, [r1, #12]
 953:Drivers/CMSIS/DSP/Include/arm_math.h ****                        ((((q31_t)x      ) >> 16) * (((q31_t)y << 16) >> 16)) +
 1221              		.loc 2 953 78 view .LVU462
 1222 0426 01FB04F4 		mul	r4, r1, r4
 1223              		.loc 2 954 78 view .LVU463
 1224 042a 14EB0808 		adds	r8, r4, r8
 1225              	.LVL178:
 1226              		.loc 2 954 78 view .LVU464
 1227 042e 49EBE479 		adc	r9, r9, r4, asr #31
 1228              	.LVL179:
 1229              		.loc 2 954 78 view .LVU465
 1230              	.LBE123:
 1231              	.LBE122:
 416:Drivers/CMSIS/DSP/Source/FilteringFunctions/arm_correlate_q15.c ****         acc2 = __SMLALDX(x2, c0, acc2);
ARM GAS  C:\Users\Lamp\AppData\Local\Temp\ccJUbmgO.s 			page 52


 1232              		.loc 1 416 9 is_stmt 1 view .LVU466
 1233              	.LBB124:
 1234              	.LBI124:
 932:Drivers/CMSIS/DSP/Include/arm_math.h ****   uint32_t x,
 1235              		.loc 2 932 41 view .LVU467
 1236              	.LBB125:
 938:Drivers/CMSIS/DSP/Include/arm_math.h ****                        ((((q31_t)x      ) >> 16) * (((q31_t)y      ) >> 16)) +
 1237              		.loc 2 938 5 view .LVU468
 938:Drivers/CMSIS/DSP/Include/arm_math.h ****                        ((((q31_t)x      ) >> 16) * (((q31_t)y      ) >> 16)) +
 1238              		.loc 2 938 78 is_stmt 0 view .LVU469
 1239 0432 01FB00F0 		mul	r0, r1, r0
 939:Drivers/CMSIS/DSP/Include/arm_math.h ****                        ( ((q63_t)sum    )                                  )   ));
 1240              		.loc 2 939 78 view .LVU470
 1241 0436 10EB0E0E 		adds	lr, r0, lr
 1242              	.LVL180:
 939:Drivers/CMSIS/DSP/Include/arm_math.h ****                        ( ((q63_t)sum    )                                  )   ));
 1243              		.loc 2 939 78 view .LVU471
 1244 043a 45EBE075 		adc	r5, r5, r0, asr #31
 1245              	.LVL181:
 939:Drivers/CMSIS/DSP/Include/arm_math.h ****                        ( ((q63_t)sum    )                                  )   ));
 1246              		.loc 2 939 78 view .LVU472
 1247              	.LBE125:
 1248              	.LBE124:
 417:Drivers/CMSIS/DSP/Source/FilteringFunctions/arm_correlate_q15.c ****         acc3 = __SMLALDX(x3, c0, acc3);
 1249              		.loc 1 417 9 is_stmt 1 view .LVU473
 1250              	.LBB126:
 1251              	.LBI126:
 947:Drivers/CMSIS/DSP/Include/arm_math.h ****   uint32_t x,
 1252              		.loc 2 947 41 view .LVU474
 1253              	.LBB127:
 953:Drivers/CMSIS/DSP/Include/arm_math.h ****                        ((((q31_t)x      ) >> 16) * (((q31_t)y << 16) >> 16)) +
 1254              		.loc 2 953 5 view .LVU475
 953:Drivers/CMSIS/DSP/Include/arm_math.h ****                        ((((q31_t)x      ) >> 16) * (((q31_t)y << 16) >> 16)) +
 1255              		.loc 2 953 78 is_stmt 0 view .LVU476
 1256 043e 01FB03F3 		mul	r3, r1, r3
 1257              		.loc 2 954 78 view .LVU477
 1258 0442 9F19     		adds	r7, r3, r6
 1259 0444 0198     		ldr	r0, [sp, #4]
 1260 0446 40EBE373 		adc	r3, r0, r3, asr #31
 1261 044a 0193     		str	r3, [sp, #4]
 1262              	.LVL182:
 1263              		.loc 2 954 78 view .LVU478
 1264              	.LBE127:
 1265              	.LBE126:
 418:Drivers/CMSIS/DSP/Source/FilteringFunctions/arm_correlate_q15.c ****       }
 1266              		.loc 1 418 9 is_stmt 1 view .LVU479
 1267              	.LBB128:
 1268              	.LBI128:
 947:Drivers/CMSIS/DSP/Include/arm_math.h ****   uint32_t x,
 1269              		.loc 2 947 41 view .LVU480
 1270              	.LBB129:
 953:Drivers/CMSIS/DSP/Include/arm_math.h ****                        ((((q31_t)x      ) >> 16) * (((q31_t)y << 16) >> 16)) +
 1271              		.loc 2 953 5 view .LVU481
 1272              		.loc 2 954 43 is_stmt 0 view .LVU482
 1273 044c BCF90630 		ldrsh	r3, [ip, #6]
 1274              	.LVL183:
 953:Drivers/CMSIS/DSP/Include/arm_math.h ****                        ((((q31_t)x      ) >> 16) * (((q31_t)y << 16) >> 16)) +
ARM GAS  C:\Users\Lamp\AppData\Local\Temp\ccJUbmgO.s 			page 53


 1275              		.loc 2 953 78 view .LVU483
 1276 0450 01FB03F3 		mul	r3, r1, r3
 1277              		.loc 2 954 78 view .LVU484
 1278 0454 13EB0A0B 		adds	fp, r3, r10
 1279 0458 42EBE373 		adc	r3, r2, r3, asr #31
 1280 045c 0093     		str	r3, [sp]
 1281              	.LVL184:
 1282              		.loc 2 954 78 view .LVU485
 1283 045e DDE6     		b	.L15
 1284              	.LVL185:
 1285              	.L36:
 1286              		.loc 2 954 78 view .LVU486
 1287              	.LBE129:
 1288              	.LBE128:
 444:Drivers/CMSIS/DSP/Source/FilteringFunctions/arm_correlate_q15.c ****     }
 445:Drivers/CMSIS/DSP/Source/FilteringFunctions/arm_correlate_q15.c **** 
 446:Drivers/CMSIS/DSP/Source/FilteringFunctions/arm_correlate_q15.c ****     /* If the blockSize2 is not a multiple of 4, compute any remaining output samples here.
 447:Drivers/CMSIS/DSP/Source/FilteringFunctions/arm_correlate_q15.c ****      ** No loop unrolling is used. */
 448:Drivers/CMSIS/DSP/Source/FilteringFunctions/arm_correlate_q15.c ****     blkCnt = blockSize2 % 0x4U;
 1289              		.loc 1 448 12 view .LVU487
 1290 0460 DDF83880 		ldr	r8, [sp, #56]
 1291 0464 DDF83CC0 		ldr	ip, [sp, #60]
 1292              		.loc 1 448 5 is_stmt 1 view .LVU488
 1293              		.loc 1 448 12 is_stmt 0 view .LVU489
 1294 0468 0CF00306 		and	r6, ip, #3
 1295              	.LVL186:
 449:Drivers/CMSIS/DSP/Source/FilteringFunctions/arm_correlate_q15.c **** 
 450:Drivers/CMSIS/DSP/Source/FilteringFunctions/arm_correlate_q15.c ****     while (blkCnt > 0U)
 1296              		.loc 1 450 5 is_stmt 1 view .LVU490
 1297 046c CDF80080 		str	r8, [sp]
 1298 0470 DDF834B0 		ldr	fp, [sp, #52]
 1299 0474 E146     		mov	r9, ip
 1300 0476 DDF82CE0 		ldr	lr, [sp, #44]
 1301 047a DDF828C0 		ldr	ip, [sp, #40]
 1302              		.loc 1 450 11 is_stmt 0 view .LVU491
 1303 047e 27E0     		b	.L17
 1304              	.LVL187:
 1305              	.L41:
 451:Drivers/CMSIS/DSP/Source/FilteringFunctions/arm_correlate_q15.c ****     {
 452:Drivers/CMSIS/DSP/Source/FilteringFunctions/arm_correlate_q15.c ****       /* Accumulator is made zero for every iteration */
 453:Drivers/CMSIS/DSP/Source/FilteringFunctions/arm_correlate_q15.c ****       sum = 0;
 454:Drivers/CMSIS/DSP/Source/FilteringFunctions/arm_correlate_q15.c **** 
 455:Drivers/CMSIS/DSP/Source/FilteringFunctions/arm_correlate_q15.c ****       /* Apply loop unrolling and compute 4 MACs simultaneously. */
 456:Drivers/CMSIS/DSP/Source/FilteringFunctions/arm_correlate_q15.c ****       k = srcBLen >> 2U;
 457:Drivers/CMSIS/DSP/Source/FilteringFunctions/arm_correlate_q15.c **** 
 458:Drivers/CMSIS/DSP/Source/FilteringFunctions/arm_correlate_q15.c ****       /* First part of the processing with loop unrolling.  Compute 4 MACs at a time.
 459:Drivers/CMSIS/DSP/Source/FilteringFunctions/arm_correlate_q15.c ****        ** a second loop below computes MACs for the remaining 1 to 3 samples. */
 460:Drivers/CMSIS/DSP/Source/FilteringFunctions/arm_correlate_q15.c ****       while (k > 0U)
 461:Drivers/CMSIS/DSP/Source/FilteringFunctions/arm_correlate_q15.c ****       {
 462:Drivers/CMSIS/DSP/Source/FilteringFunctions/arm_correlate_q15.c ****         /* Perform the multiply-accumulates */
 463:Drivers/CMSIS/DSP/Source/FilteringFunctions/arm_correlate_q15.c ****         sum += ((q63_t) * px++ * *py++);
 464:Drivers/CMSIS/DSP/Source/FilteringFunctions/arm_correlate_q15.c ****         sum += ((q63_t) * px++ * *py++);
 465:Drivers/CMSIS/DSP/Source/FilteringFunctions/arm_correlate_q15.c ****         sum += ((q63_t) * px++ * *py++);
 466:Drivers/CMSIS/DSP/Source/FilteringFunctions/arm_correlate_q15.c ****         sum += ((q63_t) * px++ * *py++);
 467:Drivers/CMSIS/DSP/Source/FilteringFunctions/arm_correlate_q15.c **** 
 468:Drivers/CMSIS/DSP/Source/FilteringFunctions/arm_correlate_q15.c ****         /* Decrement the loop counter */
 469:Drivers/CMSIS/DSP/Source/FilteringFunctions/arm_correlate_q15.c ****         k--;
ARM GAS  C:\Users\Lamp\AppData\Local\Temp\ccJUbmgO.s 			page 54


 470:Drivers/CMSIS/DSP/Source/FilteringFunctions/arm_correlate_q15.c ****       }
 471:Drivers/CMSIS/DSP/Source/FilteringFunctions/arm_correlate_q15.c **** 
 472:Drivers/CMSIS/DSP/Source/FilteringFunctions/arm_correlate_q15.c ****       /* If the srcBLen is not a multiple of 4, compute any remaining MACs here.
 473:Drivers/CMSIS/DSP/Source/FilteringFunctions/arm_correlate_q15.c ****        ** No loop unrolling is used. */
 474:Drivers/CMSIS/DSP/Source/FilteringFunctions/arm_correlate_q15.c ****       k = srcBLen % 0x4U;
 1306              		.loc 1 474 7 is_stmt 1 view .LVU492
 1307              		.loc 1 474 9 is_stmt 0 view .LVU493
 1308 0480 0CF00301 		and	r1, ip, #3
 1309              	.LVL188:
 475:Drivers/CMSIS/DSP/Source/FilteringFunctions/arm_correlate_q15.c **** 
 476:Drivers/CMSIS/DSP/Source/FilteringFunctions/arm_correlate_q15.c ****       while (k > 0U)
 1310              		.loc 1 476 7 is_stmt 1 view .LVU494
 1311              	.L20:
 1312              		.loc 1 476 16 view .LVU495
 1313 0484 A1B1     		cbz	r1, .L39
 477:Drivers/CMSIS/DSP/Source/FilteringFunctions/arm_correlate_q15.c ****       {
 478:Drivers/CMSIS/DSP/Source/FilteringFunctions/arm_correlate_q15.c ****         /* Perform the multiply-accumulates */
 479:Drivers/CMSIS/DSP/Source/FilteringFunctions/arm_correlate_q15.c ****         sum += ((q63_t) * px++ * *py++);
 1314              		.loc 1 479 9 view .LVU496
 1315              	.LVL189:
 1316              		.loc 1 479 25 is_stmt 0 view .LVU497
 1317 0486 33F9025B 		ldrsh	r5, [r3], #2
 1318              	.LVL190:
 1319              		.loc 1 479 17 view .LVU498
 1320 048a 4FEAE57A 		asr	r10, r5, #31
 1321              	.LVL191:
 1322              		.loc 1 479 34 view .LVU499
 1323 048e 34F9028B 		ldrsh	r8, [r4], #2
 1324              	.LVL192:
 1325              		.loc 1 479 34 view .LVU500
 1326 0492 4FEAE877 		asr	r7, r8, #31
 1327              		.loc 1 479 32 view .LVU501
 1328 0496 05FB07F7 		mul	r7, r5, r7
 1329 049a 08FB0A77 		mla	r7, r8, r10, r7
 1330 049e A5FB0858 		umull	r5, r8, r5, r8
 1331 04a2 4744     		add	r7, r7, r8
 1332              		.loc 1 479 13 view .LVU502
 1333 04a4 5519     		adds	r5, r2, r5
 1334 04a6 2A46     		mov	r2, r5
 1335              	.LVL193:
 1336              		.loc 1 479 13 view .LVU503
 1337 04a8 47EB0000 		adc	r0, r7, r0
 1338              	.LVL194:
 480:Drivers/CMSIS/DSP/Source/FilteringFunctions/arm_correlate_q15.c **** 
 481:Drivers/CMSIS/DSP/Source/FilteringFunctions/arm_correlate_q15.c ****         /* Decrement the loop counter */
 482:Drivers/CMSIS/DSP/Source/FilteringFunctions/arm_correlate_q15.c ****         k--;
 1339              		.loc 1 482 9 is_stmt 1 view .LVU504
 1340              		.loc 1 482 10 is_stmt 0 view .LVU505
 1341 04ac 0139     		subs	r1, r1, #1
 1342              	.LVL195:
 1343              		.loc 1 482 10 view .LVU506
 1344 04ae E9E7     		b	.L20
 1345              	.L39:
 483:Drivers/CMSIS/DSP/Source/FilteringFunctions/arm_correlate_q15.c ****       }
 484:Drivers/CMSIS/DSP/Source/FilteringFunctions/arm_correlate_q15.c **** 
 485:Drivers/CMSIS/DSP/Source/FilteringFunctions/arm_correlate_q15.c ****       /* Store the result in the accumulator in the destination buffer. */
 486:Drivers/CMSIS/DSP/Source/FilteringFunctions/arm_correlate_q15.c ****       *pOut = (q15_t) (__SSAT(sum >> 15, 16));
ARM GAS  C:\Users\Lamp\AppData\Local\Temp\ccJUbmgO.s 			page 55


 1346              		.loc 1 486 7 is_stmt 1 view .LVU507
 1347              	.LBB130:
 1348              		.loc 1 486 24 view .LVU508
 1349 04b0 D20B     		lsrs	r2, r2, #15
 1350              	.LVL196:
 1351              		.loc 1 486 24 is_stmt 0 view .LVU509
 1352 04b2 42EA4042 		orr	r2, r2, r0, lsl #17
 1353              	.LVL197:
 1354              		.loc 1 486 24 is_stmt 1 view .LVU510
 1355              		.syntax unified
 1356              	@ 486 "Drivers/CMSIS/DSP/Source/FilteringFunctions/arm_correlate_q15.c" 1
 1357 04b6 02F30F02 		ssat r2, #16, r2
 1358              	@ 0 "" 2
 1359              	.LVL198:
 1360              		.loc 1 486 24 view .LVU511
 1361              		.thumb
 1362              		.syntax unified
 1363              	.LBE130:
 1364              		.loc 1 486 13 is_stmt 0 view .LVU512
 1365 04ba 079B     		ldr	r3, [sp, #28]
 1366              	.LVL199:
 1367              		.loc 1 486 13 view .LVU513
 1368 04bc 1A80     		strh	r2, [r3]	@ movhi
 487:Drivers/CMSIS/DSP/Source/FilteringFunctions/arm_correlate_q15.c ****       /* Destination pointer is updated according to the address modifier, inc */
 488:Drivers/CMSIS/DSP/Source/FilteringFunctions/arm_correlate_q15.c ****       pOut += inc;
 1369              		.loc 1 488 7 is_stmt 1 view .LVU514
 1370              		.loc 1 488 12 is_stmt 0 view .LVU515
 1371 04be 03EB4B03 		add	r3, r3, fp, lsl #1
 1372 04c2 0793     		str	r3, [sp, #28]
 1373              	.LVL200:
 489:Drivers/CMSIS/DSP/Source/FilteringFunctions/arm_correlate_q15.c **** 
 490:Drivers/CMSIS/DSP/Source/FilteringFunctions/arm_correlate_q15.c ****       /* Increment count by 1, as one output value is computed */
 491:Drivers/CMSIS/DSP/Source/FilteringFunctions/arm_correlate_q15.c ****       count++;
 1374              		.loc 1 491 7 is_stmt 1 view .LVU516
 1375              		.loc 1 491 12 is_stmt 0 view .LVU517
 1376 04c4 099B     		ldr	r3, [sp, #36]
 1377              	.LVL201:
 1378              		.loc 1 491 12 view .LVU518
 1379 04c6 0133     		adds	r3, r3, #1
 1380 04c8 0993     		str	r3, [sp, #36]
 1381              	.LVL202:
 492:Drivers/CMSIS/DSP/Source/FilteringFunctions/arm_correlate_q15.c **** 
 493:Drivers/CMSIS/DSP/Source/FilteringFunctions/arm_correlate_q15.c ****       /* Update the inputA and inputB pointers for next MAC calculation */
 494:Drivers/CMSIS/DSP/Source/FilteringFunctions/arm_correlate_q15.c ****       px = pIn1 + count;
 1382              		.loc 1 494 7 is_stmt 1 view .LVU519
 1383              		.loc 1 494 17 is_stmt 0 view .LVU520
 1384 04ca 0EEB4303 		add	r3, lr, r3, lsl #1
 1385              	.LVL203:
 495:Drivers/CMSIS/DSP/Source/FilteringFunctions/arm_correlate_q15.c ****       py = pIn2;
 1386              		.loc 1 495 7 is_stmt 1 view .LVU521
 496:Drivers/CMSIS/DSP/Source/FilteringFunctions/arm_correlate_q15.c **** 
 497:Drivers/CMSIS/DSP/Source/FilteringFunctions/arm_correlate_q15.c ****       /* Decrement the loop counter */
 498:Drivers/CMSIS/DSP/Source/FilteringFunctions/arm_correlate_q15.c ****       blkCnt--;
 1387              		.loc 1 498 7 view .LVU522
 1388              		.loc 1 498 13 is_stmt 0 view .LVU523
 1389 04ce 013E     		subs	r6, r6, #1
 1390              	.LVL204:
ARM GAS  C:\Users\Lamp\AppData\Local\Temp\ccJUbmgO.s 			page 56


 1391              	.L17:
 450:Drivers/CMSIS/DSP/Source/FilteringFunctions/arm_correlate_q15.c ****     {
 1392              		.loc 1 450 19 is_stmt 1 view .LVU524
 1393 04d0 002E     		cmp	r6, #0
 1394 04d2 55D0     		beq	.L40
 453:Drivers/CMSIS/DSP/Source/FilteringFunctions/arm_correlate_q15.c **** 
 1395              		.loc 1 453 7 view .LVU525
 1396              	.LVL205:
 456:Drivers/CMSIS/DSP/Source/FilteringFunctions/arm_correlate_q15.c **** 
 1397              		.loc 1 456 7 view .LVU526
 456:Drivers/CMSIS/DSP/Source/FilteringFunctions/arm_correlate_q15.c **** 
 1398              		.loc 1 456 9 is_stmt 0 view .LVU527
 1399 04d4 4FEA9C01 		lsr	r1, ip, #2
 1400              	.LVL206:
 460:Drivers/CMSIS/DSP/Source/FilteringFunctions/arm_correlate_q15.c ****       {
 1401              		.loc 1 460 7 is_stmt 1 view .LVU528
 460:Drivers/CMSIS/DSP/Source/FilteringFunctions/arm_correlate_q15.c ****       {
 1402              		.loc 1 460 13 is_stmt 0 view .LVU529
 1403 04d8 089C     		ldr	r4, [sp, #32]
 453:Drivers/CMSIS/DSP/Source/FilteringFunctions/arm_correlate_q15.c **** 
 1404              		.loc 1 453 11 view .LVU530
 1405 04da 0022     		movs	r2, #0
 1406 04dc 1046     		mov	r0, r2
 1407              	.LVL207:
 1408              	.L18:
 460:Drivers/CMSIS/DSP/Source/FilteringFunctions/arm_correlate_q15.c ****       {
 1409              		.loc 1 460 16 is_stmt 1 view .LVU531
 1410 04de 0029     		cmp	r1, #0
 1411 04e0 CED0     		beq	.L41
 463:Drivers/CMSIS/DSP/Source/FilteringFunctions/arm_correlate_q15.c ****         sum += ((q63_t) * px++ * *py++);
 1412              		.loc 1 463 9 view .LVU532
 1413              	.LVL208:
 463:Drivers/CMSIS/DSP/Source/FilteringFunctions/arm_correlate_q15.c ****         sum += ((q63_t) * px++ * *py++);
 1414              		.loc 1 463 25 is_stmt 0 view .LVU533
 1415 04e2 B3F90070 		ldrsh	r7, [r3]
 463:Drivers/CMSIS/DSP/Source/FilteringFunctions/arm_correlate_q15.c ****         sum += ((q63_t) * px++ * *py++);
 1416              		.loc 1 463 17 view .LVU534
 1417 04e6 4FEAE77A 		asr	r10, r7, #31
 1418              	.LVL209:
 463:Drivers/CMSIS/DSP/Source/FilteringFunctions/arm_correlate_q15.c ****         sum += ((q63_t) * px++ * *py++);
 1419              		.loc 1 463 34 view .LVU535
 1420 04ea B4F90080 		ldrsh	r8, [r4]
 1421 04ee 4FEAE875 		asr	r5, r8, #31
 463:Drivers/CMSIS/DSP/Source/FilteringFunctions/arm_correlate_q15.c ****         sum += ((q63_t) * px++ * *py++);
 1422              		.loc 1 463 32 view .LVU536
 1423 04f2 07FB05F5 		mul	r5, r7, r5
 1424 04f6 08FB0A55 		mla	r5, r8, r10, r5
 1425 04fa A7FB0887 		umull	r8, r7, r7, r8
 1426 04fe 2F44     		add	r7, r7, r5
 463:Drivers/CMSIS/DSP/Source/FilteringFunctions/arm_correlate_q15.c ****         sum += ((q63_t) * px++ * *py++);
 1427              		.loc 1 463 13 view .LVU537
 1428 0500 12EB0802 		adds	r2, r2, r8
 1429              	.LVL210:
 463:Drivers/CMSIS/DSP/Source/FilteringFunctions/arm_correlate_q15.c ****         sum += ((q63_t) * px++ * *py++);
 1430              		.loc 1 463 13 view .LVU538
 1431 0504 47EB0007 		adc	r7, r7, r0
 1432              	.LVL211:
ARM GAS  C:\Users\Lamp\AppData\Local\Temp\ccJUbmgO.s 			page 57


 464:Drivers/CMSIS/DSP/Source/FilteringFunctions/arm_correlate_q15.c ****         sum += ((q63_t) * px++ * *py++);
 1433              		.loc 1 464 9 is_stmt 1 view .LVU539
 464:Drivers/CMSIS/DSP/Source/FilteringFunctions/arm_correlate_q15.c ****         sum += ((q63_t) * px++ * *py++);
 1434              		.loc 1 464 25 is_stmt 0 view .LVU540
 1435 0508 B3F90200 		ldrsh	r0, [r3, #2]
 464:Drivers/CMSIS/DSP/Source/FilteringFunctions/arm_correlate_q15.c ****         sum += ((q63_t) * px++ * *py++);
 1436              		.loc 1 464 17 view .LVU541
 1437 050c 4FEAE07A 		asr	r10, r0, #31
 1438              	.LVL212:
 464:Drivers/CMSIS/DSP/Source/FilteringFunctions/arm_correlate_q15.c ****         sum += ((q63_t) * px++ * *py++);
 1439              		.loc 1 464 34 view .LVU542
 1440 0510 B4F90280 		ldrsh	r8, [r4, #2]
 1441 0514 4FEAE875 		asr	r5, r8, #31
 464:Drivers/CMSIS/DSP/Source/FilteringFunctions/arm_correlate_q15.c ****         sum += ((q63_t) * px++ * *py++);
 1442              		.loc 1 464 32 view .LVU543
 1443 0518 00FB05F5 		mul	r5, r0, r5
 1444 051c 08FB0A55 		mla	r5, r8, r10, r5
 1445 0520 A0FB0880 		umull	r8, r0, r0, r8
 1446 0524 2844     		add	r0, r0, r5
 464:Drivers/CMSIS/DSP/Source/FilteringFunctions/arm_correlate_q15.c ****         sum += ((q63_t) * px++ * *py++);
 1447              		.loc 1 464 13 view .LVU544
 1448 0526 12EB0802 		adds	r2, r2, r8
 1449              	.LVL213:
 464:Drivers/CMSIS/DSP/Source/FilteringFunctions/arm_correlate_q15.c ****         sum += ((q63_t) * px++ * *py++);
 1450              		.loc 1 464 13 view .LVU545
 1451 052a 40EB0700 		adc	r0, r0, r7
 1452              	.LVL214:
 465:Drivers/CMSIS/DSP/Source/FilteringFunctions/arm_correlate_q15.c ****         sum += ((q63_t) * px++ * *py++);
 1453              		.loc 1 465 9 is_stmt 1 view .LVU546
 465:Drivers/CMSIS/DSP/Source/FilteringFunctions/arm_correlate_q15.c ****         sum += ((q63_t) * px++ * *py++);
 1454              		.loc 1 465 25 is_stmt 0 view .LVU547
 1455 052e B3F90450 		ldrsh	r5, [r3, #4]
 465:Drivers/CMSIS/DSP/Source/FilteringFunctions/arm_correlate_q15.c ****         sum += ((q63_t) * px++ * *py++);
 1456              		.loc 1 465 17 view .LVU548
 1457 0532 4FEAE57A 		asr	r10, r5, #31
 1458              	.LVL215:
 465:Drivers/CMSIS/DSP/Source/FilteringFunctions/arm_correlate_q15.c ****         sum += ((q63_t) * px++ * *py++);
 1459              		.loc 1 465 34 view .LVU549
 1460 0536 B4F90480 		ldrsh	r8, [r4, #4]
 1461 053a 4FEAE877 		asr	r7, r8, #31
 465:Drivers/CMSIS/DSP/Source/FilteringFunctions/arm_correlate_q15.c ****         sum += ((q63_t) * px++ * *py++);
 1462              		.loc 1 465 32 view .LVU550
 1463 053e 05FB07F7 		mul	r7, r5, r7
 1464 0542 08FB0A7A 		mla	r10, r8, r10, r7
 1465 0546 A5FB0887 		umull	r8, r7, r5, r8
 1466 054a 5744     		add	r7, r7, r10
 465:Drivers/CMSIS/DSP/Source/FilteringFunctions/arm_correlate_q15.c ****         sum += ((q63_t) * px++ * *py++);
 1467              		.loc 1 465 13 view .LVU551
 1468 054c 12EB0808 		adds	r8, r2, r8
 1469 0550 47EB0007 		adc	r7, r7, r0
 1470              	.LVL216:
 466:Drivers/CMSIS/DSP/Source/FilteringFunctions/arm_correlate_q15.c **** 
 1471              		.loc 1 466 9 is_stmt 1 view .LVU552
 466:Drivers/CMSIS/DSP/Source/FilteringFunctions/arm_correlate_q15.c **** 
 1472              		.loc 1 466 25 is_stmt 0 view .LVU553
 1473 0554 B3F90600 		ldrsh	r0, [r3, #6]
 466:Drivers/CMSIS/DSP/Source/FilteringFunctions/arm_correlate_q15.c **** 
ARM GAS  C:\Users\Lamp\AppData\Local\Temp\ccJUbmgO.s 			page 58


 1474              		.loc 1 466 17 view .LVU554
 1475 0558 4FEAE07A 		asr	r10, r0, #31
 1476              	.LVL217:
 466:Drivers/CMSIS/DSP/Source/FilteringFunctions/arm_correlate_q15.c **** 
 1477              		.loc 1 466 34 view .LVU555
 1478 055c B4F90650 		ldrsh	r5, [r4, #6]
 1479 0560 EA17     		asrs	r2, r5, #31
 466:Drivers/CMSIS/DSP/Source/FilteringFunctions/arm_correlate_q15.c **** 
 1480              		.loc 1 466 32 view .LVU556
 1481 0562 00FB02F2 		mul	r2, r0, r2
 1482 0566 05FB0A22 		mla	r2, r5, r10, r2
 1483 056a A0FB0550 		umull	r5, r0, r0, r5
 1484 056e 1044     		add	r0, r0, r2
 466:Drivers/CMSIS/DSP/Source/FilteringFunctions/arm_correlate_q15.c **** 
 1485              		.loc 1 466 13 view .LVU557
 1486 0570 18EB0502 		adds	r2, r8, r5
 1487 0574 40EB0700 		adc	r0, r0, r7
 1488              	.LVL218:
 469:Drivers/CMSIS/DSP/Source/FilteringFunctions/arm_correlate_q15.c ****       }
 1489              		.loc 1 469 9 is_stmt 1 view .LVU558
 469:Drivers/CMSIS/DSP/Source/FilteringFunctions/arm_correlate_q15.c ****       }
 1490              		.loc 1 469 10 is_stmt 0 view .LVU559
 1491 0578 0139     		subs	r1, r1, #1
 1492              	.LVL219:
 466:Drivers/CMSIS/DSP/Source/FilteringFunctions/arm_correlate_q15.c **** 
 1493              		.loc 1 466 37 view .LVU560
 1494 057a 0834     		adds	r4, r4, #8
 1495              	.LVL220:
 466:Drivers/CMSIS/DSP/Source/FilteringFunctions/arm_correlate_q15.c **** 
 1496              		.loc 1 466 29 view .LVU561
 1497 057c 0833     		adds	r3, r3, #8
 1498              	.LVL221:
 466:Drivers/CMSIS/DSP/Source/FilteringFunctions/arm_correlate_q15.c **** 
 1499              		.loc 1 466 29 view .LVU562
 1500 057e AEE7     		b	.L18
 1501              	.LVL222:
 1502              	.L40:
 466:Drivers/CMSIS/DSP/Source/FilteringFunctions/arm_correlate_q15.c **** 
 1503              		.loc 1 466 29 view .LVU563
 1504 0580 DDF80080 		ldr	r8, [sp]
 1505 0584 CC46     		mov	ip, r9
 1506              	.LVL223:
 1507              	.L23:
 499:Drivers/CMSIS/DSP/Source/FilteringFunctions/arm_correlate_q15.c ****     }
 500:Drivers/CMSIS/DSP/Source/FilteringFunctions/arm_correlate_q15.c ****   }
 501:Drivers/CMSIS/DSP/Source/FilteringFunctions/arm_correlate_q15.c ****   else
 502:Drivers/CMSIS/DSP/Source/FilteringFunctions/arm_correlate_q15.c ****   {
 503:Drivers/CMSIS/DSP/Source/FilteringFunctions/arm_correlate_q15.c ****     /* If the srcBLen is not a multiple of 4,
 504:Drivers/CMSIS/DSP/Source/FilteringFunctions/arm_correlate_q15.c ****      * the blockSize2 loop cannot be unrolled by 4 */
 505:Drivers/CMSIS/DSP/Source/FilteringFunctions/arm_correlate_q15.c ****     blkCnt = blockSize2;
 506:Drivers/CMSIS/DSP/Source/FilteringFunctions/arm_correlate_q15.c **** 
 507:Drivers/CMSIS/DSP/Source/FilteringFunctions/arm_correlate_q15.c ****     while (blkCnt > 0U)
 508:Drivers/CMSIS/DSP/Source/FilteringFunctions/arm_correlate_q15.c ****     {
 509:Drivers/CMSIS/DSP/Source/FilteringFunctions/arm_correlate_q15.c ****       /* Accumulator is made zero for every iteration */
 510:Drivers/CMSIS/DSP/Source/FilteringFunctions/arm_correlate_q15.c ****       sum = 0;
 511:Drivers/CMSIS/DSP/Source/FilteringFunctions/arm_correlate_q15.c **** 
 512:Drivers/CMSIS/DSP/Source/FilteringFunctions/arm_correlate_q15.c ****       /* Loop over srcBLen */
ARM GAS  C:\Users\Lamp\AppData\Local\Temp\ccJUbmgO.s 			page 59


 513:Drivers/CMSIS/DSP/Source/FilteringFunctions/arm_correlate_q15.c ****       k = srcBLen;
 514:Drivers/CMSIS/DSP/Source/FilteringFunctions/arm_correlate_q15.c **** 
 515:Drivers/CMSIS/DSP/Source/FilteringFunctions/arm_correlate_q15.c ****       while (k > 0U)
 516:Drivers/CMSIS/DSP/Source/FilteringFunctions/arm_correlate_q15.c ****       {
 517:Drivers/CMSIS/DSP/Source/FilteringFunctions/arm_correlate_q15.c ****         /* Perform the multiply-accumulate */
 518:Drivers/CMSIS/DSP/Source/FilteringFunctions/arm_correlate_q15.c ****         sum += ((q63_t) * px++ * *py++);
 519:Drivers/CMSIS/DSP/Source/FilteringFunctions/arm_correlate_q15.c **** 
 520:Drivers/CMSIS/DSP/Source/FilteringFunctions/arm_correlate_q15.c ****         /* Decrement the loop counter */
 521:Drivers/CMSIS/DSP/Source/FilteringFunctions/arm_correlate_q15.c ****         k--;
 522:Drivers/CMSIS/DSP/Source/FilteringFunctions/arm_correlate_q15.c ****       }
 523:Drivers/CMSIS/DSP/Source/FilteringFunctions/arm_correlate_q15.c **** 
 524:Drivers/CMSIS/DSP/Source/FilteringFunctions/arm_correlate_q15.c ****       /* Store the result in the accumulator in the destination buffer. */
 525:Drivers/CMSIS/DSP/Source/FilteringFunctions/arm_correlate_q15.c ****       *pOut = (q15_t) (__SSAT(sum >> 15, 16));
 526:Drivers/CMSIS/DSP/Source/FilteringFunctions/arm_correlate_q15.c ****       /* Destination pointer is updated according to the address modifier, inc */
 527:Drivers/CMSIS/DSP/Source/FilteringFunctions/arm_correlate_q15.c ****       pOut += inc;
 528:Drivers/CMSIS/DSP/Source/FilteringFunctions/arm_correlate_q15.c **** 
 529:Drivers/CMSIS/DSP/Source/FilteringFunctions/arm_correlate_q15.c ****       /* Increment the MAC count */
 530:Drivers/CMSIS/DSP/Source/FilteringFunctions/arm_correlate_q15.c ****       count++;
 531:Drivers/CMSIS/DSP/Source/FilteringFunctions/arm_correlate_q15.c **** 
 532:Drivers/CMSIS/DSP/Source/FilteringFunctions/arm_correlate_q15.c ****       /* Update the inputA and inputB pointers for next MAC calculation */
 533:Drivers/CMSIS/DSP/Source/FilteringFunctions/arm_correlate_q15.c ****       px = pIn1 + count;
 534:Drivers/CMSIS/DSP/Source/FilteringFunctions/arm_correlate_q15.c ****       py = pIn2;
 535:Drivers/CMSIS/DSP/Source/FilteringFunctions/arm_correlate_q15.c **** 
 536:Drivers/CMSIS/DSP/Source/FilteringFunctions/arm_correlate_q15.c ****       /* Decrement the loop counter */
 537:Drivers/CMSIS/DSP/Source/FilteringFunctions/arm_correlate_q15.c ****       blkCnt--;
 538:Drivers/CMSIS/DSP/Source/FilteringFunctions/arm_correlate_q15.c ****     }
 539:Drivers/CMSIS/DSP/Source/FilteringFunctions/arm_correlate_q15.c ****   }
 540:Drivers/CMSIS/DSP/Source/FilteringFunctions/arm_correlate_q15.c **** 
 541:Drivers/CMSIS/DSP/Source/FilteringFunctions/arm_correlate_q15.c ****   /* --------------------------
 542:Drivers/CMSIS/DSP/Source/FilteringFunctions/arm_correlate_q15.c ****    * Initializations of stage3
 543:Drivers/CMSIS/DSP/Source/FilteringFunctions/arm_correlate_q15.c ****    * -------------------------*/
 544:Drivers/CMSIS/DSP/Source/FilteringFunctions/arm_correlate_q15.c **** 
 545:Drivers/CMSIS/DSP/Source/FilteringFunctions/arm_correlate_q15.c ****   /* sum += x[srcALen-srcBLen+1] * y[0] + x[srcALen-srcBLen+2] * y[1] +...+ x[srcALen-1] * y[srcBLe
 546:Drivers/CMSIS/DSP/Source/FilteringFunctions/arm_correlate_q15.c ****    * sum += x[srcALen-srcBLen+2] * y[0] + x[srcALen-srcBLen+3] * y[1] +...+ x[srcALen-1] * y[srcBLe
 547:Drivers/CMSIS/DSP/Source/FilteringFunctions/arm_correlate_q15.c ****    * ....
 548:Drivers/CMSIS/DSP/Source/FilteringFunctions/arm_correlate_q15.c ****    * sum +=  x[srcALen-2] * y[0] + x[srcALen-1] * y[1]
 549:Drivers/CMSIS/DSP/Source/FilteringFunctions/arm_correlate_q15.c ****    * sum +=  x[srcALen-1] * y[0]
 550:Drivers/CMSIS/DSP/Source/FilteringFunctions/arm_correlate_q15.c ****    */
 551:Drivers/CMSIS/DSP/Source/FilteringFunctions/arm_correlate_q15.c **** 
 552:Drivers/CMSIS/DSP/Source/FilteringFunctions/arm_correlate_q15.c ****   /* In this stage the MAC operations are decreased by 1 for every iteration.
 553:Drivers/CMSIS/DSP/Source/FilteringFunctions/arm_correlate_q15.c ****      The count variable holds the number of MAC operations performed */
 554:Drivers/CMSIS/DSP/Source/FilteringFunctions/arm_correlate_q15.c ****   count = srcBLen - 1U;
 1508              		.loc 1 554 3 is_stmt 1 view .LVU564
 555:Drivers/CMSIS/DSP/Source/FilteringFunctions/arm_correlate_q15.c **** 
 556:Drivers/CMSIS/DSP/Source/FilteringFunctions/arm_correlate_q15.c ****   /* Working pointer of inputA */
 557:Drivers/CMSIS/DSP/Source/FilteringFunctions/arm_correlate_q15.c ****   pSrc1 = (pIn1 + srcALen) - (srcBLen - 1U);
 1509              		.loc 1 557 3 view .LVU565
 1510              		.loc 1 557 9 is_stmt 0 view .LVU566
 1511 0586 0B9B     		ldr	r3, [sp, #44]
 1512 0588 03EB4C0E 		add	lr, r3, ip, lsl #1
 1513              	.LVL224:
 558:Drivers/CMSIS/DSP/Source/FilteringFunctions/arm_correlate_q15.c ****   px = pSrc1;
 1514              		.loc 1 558 3 is_stmt 1 view .LVU567
 559:Drivers/CMSIS/DSP/Source/FilteringFunctions/arm_correlate_q15.c **** 
 560:Drivers/CMSIS/DSP/Source/FilteringFunctions/arm_correlate_q15.c ****   /* Working pointer of inputB */
 561:Drivers/CMSIS/DSP/Source/FilteringFunctions/arm_correlate_q15.c ****   py = pIn2;
 1515              		.loc 1 561 3 view .LVU568
ARM GAS  C:\Users\Lamp\AppData\Local\Temp\ccJUbmgO.s 			page 60


 562:Drivers/CMSIS/DSP/Source/FilteringFunctions/arm_correlate_q15.c **** 
 563:Drivers/CMSIS/DSP/Source/FilteringFunctions/arm_correlate_q15.c ****   /* -------------------
 564:Drivers/CMSIS/DSP/Source/FilteringFunctions/arm_correlate_q15.c ****    * Stage3 process
 565:Drivers/CMSIS/DSP/Source/FilteringFunctions/arm_correlate_q15.c ****    * ------------------*/
 566:Drivers/CMSIS/DSP/Source/FilteringFunctions/arm_correlate_q15.c **** 
 567:Drivers/CMSIS/DSP/Source/FilteringFunctions/arm_correlate_q15.c ****   while (blockSize3 > 0U)
 1516              		.loc 1 567 3 view .LVU569
 1517 058c DDF81CC0 		ldr	ip, [sp, #28]
 1518 0590 4546     		mov	r5, r8
 1519 0592 DDF83490 		ldr	r9, [sp, #52]
 1520              		.loc 1 567 9 is_stmt 0 view .LVU570
 1521 0596 8EE0     		b	.L26
 1522              	.LVL225:
 1523              	.L24:
 518:Drivers/CMSIS/DSP/Source/FilteringFunctions/arm_correlate_q15.c **** 
 1524              		.loc 1 518 9 is_stmt 1 view .LVU571
 518:Drivers/CMSIS/DSP/Source/FilteringFunctions/arm_correlate_q15.c **** 
 1525              		.loc 1 518 25 is_stmt 0 view .LVU572
 1526 0598 34F9022B 		ldrsh	r2, [r4], #2
 1527              	.LVL226:
 518:Drivers/CMSIS/DSP/Source/FilteringFunctions/arm_correlate_q15.c **** 
 1528              		.loc 1 518 17 view .LVU573
 1529 059c 4FEAE278 		asr	r8, r2, #31
 1530              	.LVL227:
 518:Drivers/CMSIS/DSP/Source/FilteringFunctions/arm_correlate_q15.c **** 
 1531              		.loc 1 518 34 view .LVU574
 1532 05a0 35F9021B 		ldrsh	r1, [r5], #2
 1533              	.LVL228:
 518:Drivers/CMSIS/DSP/Source/FilteringFunctions/arm_correlate_q15.c **** 
 1534              		.loc 1 518 34 view .LVU575
 1535 05a4 4FEAE17E 		asr	lr, r1, #31
 518:Drivers/CMSIS/DSP/Source/FilteringFunctions/arm_correlate_q15.c **** 
 1536              		.loc 1 518 32 view .LVU576
 1537 05a8 02FB0EFE 		mul	lr, r2, lr
 1538 05ac 01FB08EE 		mla	lr, r1, r8, lr
 1539 05b0 A2FB0121 		umull	r2, r1, r2, r1
 1540 05b4 7144     		add	r1, r1, lr
 518:Drivers/CMSIS/DSP/Source/FilteringFunctions/arm_correlate_q15.c **** 
 1541              		.loc 1 518 13 view .LVU577
 1542 05b6 9A18     		adds	r2, r3, r2
 1543 05b8 1346     		mov	r3, r2
 1544              	.LVL229:
 518:Drivers/CMSIS/DSP/Source/FilteringFunctions/arm_correlate_q15.c **** 
 1545              		.loc 1 518 13 view .LVU578
 1546 05ba 41EB0C0C 		adc	ip, r1, ip
 1547              	.LVL230:
 521:Drivers/CMSIS/DSP/Source/FilteringFunctions/arm_correlate_q15.c ****       }
 1548              		.loc 1 521 9 is_stmt 1 view .LVU579
 521:Drivers/CMSIS/DSP/Source/FilteringFunctions/arm_correlate_q15.c ****       }
 1549              		.loc 1 521 10 is_stmt 0 view .LVU580
 1550 05be 013F     		subs	r7, r7, #1
 1551              	.LVL231:
 1552              	.L25:
 515:Drivers/CMSIS/DSP/Source/FilteringFunctions/arm_correlate_q15.c ****       {
 1553              		.loc 1 515 16 is_stmt 1 view .LVU581
 1554 05c0 002F     		cmp	r7, #0
 1555 05c2 E9D1     		bne	.L24
ARM GAS  C:\Users\Lamp\AppData\Local\Temp\ccJUbmgO.s 			page 61


 1556              	.LBB131:
 525:Drivers/CMSIS/DSP/Source/FilteringFunctions/arm_correlate_q15.c ****       /* Destination pointer is updated according to the address modifier, inc */
 1557              		.loc 1 525 24 is_stmt 0 view .LVU582
 1558 05c4 DDF800E0 		ldr	lr, [sp]
 1559 05c8 DDF80480 		ldr	r8, [sp, #4]
 1560              	.LBE131:
 525:Drivers/CMSIS/DSP/Source/FilteringFunctions/arm_correlate_q15.c ****       /* Destination pointer is updated according to the address modifier, inc */
 1561              		.loc 1 525 7 is_stmt 1 view .LVU583
 1562              	.LBB132:
 525:Drivers/CMSIS/DSP/Source/FilteringFunctions/arm_correlate_q15.c ****       /* Destination pointer is updated according to the address modifier, inc */
 1563              		.loc 1 525 24 view .LVU584
 1564 05cc DB0B     		lsrs	r3, r3, #15
 1565              	.LVL232:
 525:Drivers/CMSIS/DSP/Source/FilteringFunctions/arm_correlate_q15.c ****       /* Destination pointer is updated according to the address modifier, inc */
 1566              		.loc 1 525 24 is_stmt 0 view .LVU585
 1567 05ce 43EA4C43 		orr	r3, r3, ip, lsl #17
 1568              	.LVL233:
 525:Drivers/CMSIS/DSP/Source/FilteringFunctions/arm_correlate_q15.c ****       /* Destination pointer is updated according to the address modifier, inc */
 1569              		.loc 1 525 24 is_stmt 1 view .LVU586
 1570              		.syntax unified
 1571              	@ 525 "Drivers/CMSIS/DSP/Source/FilteringFunctions/arm_correlate_q15.c" 1
 1572 05d2 03F30F03 		ssat r3, #16, r3
 1573              	@ 0 "" 2
 1574              	.LVL234:
 525:Drivers/CMSIS/DSP/Source/FilteringFunctions/arm_correlate_q15.c ****       /* Destination pointer is updated according to the address modifier, inc */
 1575              		.loc 1 525 24 view .LVU587
 1576              		.thumb
 1577              		.syntax unified
 1578              	.LBE132:
 525:Drivers/CMSIS/DSP/Source/FilteringFunctions/arm_correlate_q15.c ****       /* Destination pointer is updated according to the address modifier, inc */
 1579              		.loc 1 525 13 is_stmt 0 view .LVU588
 1580 05d6 AEF80030 		strh	r3, [lr]	@ movhi
 527:Drivers/CMSIS/DSP/Source/FilteringFunctions/arm_correlate_q15.c **** 
 1581              		.loc 1 527 7 is_stmt 1 view .LVU589
 527:Drivers/CMSIS/DSP/Source/FilteringFunctions/arm_correlate_q15.c **** 
 1582              		.loc 1 527 12 is_stmt 0 view .LVU590
 1583 05da 0EEB490E 		add	lr, lr, r9, lsl #1
 1584              	.LVL235:
 530:Drivers/CMSIS/DSP/Source/FilteringFunctions/arm_correlate_q15.c **** 
 1585              		.loc 1 530 7 is_stmt 1 view .LVU591
 530:Drivers/CMSIS/DSP/Source/FilteringFunctions/arm_correlate_q15.c **** 
 1586              		.loc 1 530 12 is_stmt 0 view .LVU592
 1587 05de 08F10108 		add	r8, r8, #1
 1588              	.LVL236:
 533:Drivers/CMSIS/DSP/Source/FilteringFunctions/arm_correlate_q15.c ****       py = pIn2;
 1589              		.loc 1 533 7 is_stmt 1 view .LVU593
 533:Drivers/CMSIS/DSP/Source/FilteringFunctions/arm_correlate_q15.c ****       py = pIn2;
 1590              		.loc 1 533 17 is_stmt 0 view .LVU594
 1591 05e2 0AEB4804 		add	r4, r10, r8, lsl #1
 1592              	.LVL237:
 534:Drivers/CMSIS/DSP/Source/FilteringFunctions/arm_correlate_q15.c **** 
 1593              		.loc 1 534 7 is_stmt 1 view .LVU595
 537:Drivers/CMSIS/DSP/Source/FilteringFunctions/arm_correlate_q15.c ****     }
 1594              		.loc 1 537 7 view .LVU596
 537:Drivers/CMSIS/DSP/Source/FilteringFunctions/arm_correlate_q15.c ****     }
 1595              		.loc 1 537 13 is_stmt 0 view .LVU597
 1596 05e6 0138     		subs	r0, r0, #1
ARM GAS  C:\Users\Lamp\AppData\Local\Temp\ccJUbmgO.s 			page 62


 1597              	.LVL238:
 1598              	.L10:
 507:Drivers/CMSIS/DSP/Source/FilteringFunctions/arm_correlate_q15.c ****     {
 1599              		.loc 1 507 19 is_stmt 1 view .LVU598
 1600 05e8 A8B1     		cbz	r0, .L42
 1601 05ea 089D     		ldr	r5, [sp, #32]
 513:Drivers/CMSIS/DSP/Source/FilteringFunctions/arm_correlate_q15.c **** 
 1602              		.loc 1 513 9 is_stmt 0 view .LVU599
 1603 05ec 0A9F     		ldr	r7, [sp, #40]
 510:Drivers/CMSIS/DSP/Source/FilteringFunctions/arm_correlate_q15.c **** 
 1604              		.loc 1 510 11 view .LVU600
 1605 05ee 0023     		movs	r3, #0
 1606 05f0 9C46     		mov	ip, r3
 1607 05f2 CDF800E0 		str	lr, [sp]
 1608 05f6 CDF80480 		str	r8, [sp, #4]
 1609 05fa E1E7     		b	.L25
 1610              	.LVL239:
 1611              	.L32:
 248:Drivers/CMSIS/DSP/Source/FilteringFunctions/arm_correlate_q15.c **** 
 1612              		.loc 1 248 6 view .LVU601
 1613 05fc DDF82CA0 		ldr	r10, [sp, #44]
 1614              	.LVL240:
 248:Drivers/CMSIS/DSP/Source/FilteringFunctions/arm_correlate_q15.c **** 
 1615              		.loc 1 248 6 view .LVU602
 1616 0600 5446     		mov	r4, r10
 505:Drivers/CMSIS/DSP/Source/FilteringFunctions/arm_correlate_q15.c **** 
 1617              		.loc 1 505 12 view .LVU603
 1618 0602 6046     		mov	r0, ip
 1619 0604 DDF81CE0 		ldr	lr, [sp, #28]
 1620 0608 5E46     		mov	r6, fp
 1621 060a DDF82480 		ldr	r8, [sp, #36]
 1622              	.LVL241:
 505:Drivers/CMSIS/DSP/Source/FilteringFunctions/arm_correlate_q15.c **** 
 1623              		.loc 1 505 12 view .LVU604
 1624 060e DDF83490 		ldr	r9, [sp, #52]
 1625              	.LVL242:
 505:Drivers/CMSIS/DSP/Source/FilteringFunctions/arm_correlate_q15.c **** 
 1626              		.loc 1 505 12 view .LVU605
 1627 0612 E346     		mov	fp, ip
 1628 0614 E8E7     		b	.L10
 1629              	.LVL243:
 1630              	.L42:
 505:Drivers/CMSIS/DSP/Source/FilteringFunctions/arm_correlate_q15.c **** 
 1631              		.loc 1 505 12 view .LVU606
 1632 0616 CDF81CE0 		str	lr, [sp, #28]
 1633 061a B046     		mov	r8, r6
 1634              	.LVL244:
 505:Drivers/CMSIS/DSP/Source/FilteringFunctions/arm_correlate_q15.c **** 
 1635              		.loc 1 505 12 view .LVU607
 1636 061c DC46     		mov	ip, fp
 1637 061e B2E7     		b	.L23
 1638              	.LVL245:
 1639              	.L28:
 568:Drivers/CMSIS/DSP/Source/FilteringFunctions/arm_correlate_q15.c ****   {
 569:Drivers/CMSIS/DSP/Source/FilteringFunctions/arm_correlate_q15.c ****     /* Accumulator is made zero for every iteration */
 570:Drivers/CMSIS/DSP/Source/FilteringFunctions/arm_correlate_q15.c ****     sum = 0;
 571:Drivers/CMSIS/DSP/Source/FilteringFunctions/arm_correlate_q15.c **** 
ARM GAS  C:\Users\Lamp\AppData\Local\Temp\ccJUbmgO.s 			page 63


 572:Drivers/CMSIS/DSP/Source/FilteringFunctions/arm_correlate_q15.c ****     /* Apply loop unrolling and compute 4 MACs simultaneously. */
 573:Drivers/CMSIS/DSP/Source/FilteringFunctions/arm_correlate_q15.c ****     k = count >> 2U;
 574:Drivers/CMSIS/DSP/Source/FilteringFunctions/arm_correlate_q15.c **** 
 575:Drivers/CMSIS/DSP/Source/FilteringFunctions/arm_correlate_q15.c ****     /* First part of the processing with loop unrolling.  Compute 4 MACs at a time.
 576:Drivers/CMSIS/DSP/Source/FilteringFunctions/arm_correlate_q15.c ****      ** a second loop below computes MACs for the remaining 1 to 3 samples. */
 577:Drivers/CMSIS/DSP/Source/FilteringFunctions/arm_correlate_q15.c ****     while (k > 0U)
 578:Drivers/CMSIS/DSP/Source/FilteringFunctions/arm_correlate_q15.c ****     {
 579:Drivers/CMSIS/DSP/Source/FilteringFunctions/arm_correlate_q15.c ****       /* Perform the multiply-accumulates */
 580:Drivers/CMSIS/DSP/Source/FilteringFunctions/arm_correlate_q15.c ****       /* sum += x[srcALen - srcBLen + 4] * y[3] , sum += x[srcALen - srcBLen + 3] * y[2] */
 581:Drivers/CMSIS/DSP/Source/FilteringFunctions/arm_correlate_q15.c ****       sum = __SMLALD(*__SIMD32(px)++, *__SIMD32(py)++, sum);
 1640              		.loc 1 581 7 is_stmt 1 view .LVU608
 1641              		.loc 1 581 22 is_stmt 0 view .LVU609
 1642 0620 8446     		mov	ip, r0
 1643 0622 5CF8082B 		ldr	r2, [ip], #8
 1644              	.LVL246:
 1645              		.loc 1 581 39 view .LVU610
 1646 0626 A646     		mov	lr, r4
 1647 0628 5EF8086B 		ldr	r6, [lr], #8
 1648              	.LVL247:
 1649              	.LBB133:
 1650              	.LBI133:
 932:Drivers/CMSIS/DSP/Include/arm_math.h ****   uint32_t x,
 1651              		.loc 2 932 41 is_stmt 1 view .LVU611
 1652              	.LBB134:
 938:Drivers/CMSIS/DSP/Include/arm_math.h ****                        ((((q31_t)x      ) >> 16) * (((q31_t)y      ) >> 16)) +
 1653              		.loc 2 938 5 view .LVU612
 938:Drivers/CMSIS/DSP/Include/arm_math.h ****                        ((((q31_t)x      ) >> 16) * (((q31_t)y      ) >> 16)) +
 1654              		.loc 2 938 43 is_stmt 0 view .LVU613
 1655 062c 0FFA82FA 		sxth	r10, r2
 938:Drivers/CMSIS/DSP/Include/arm_math.h ****                        ((((q31_t)x      ) >> 16) * (((q31_t)y      ) >> 16)) +
 1656              		.loc 2 938 70 view .LVU614
 1657 0630 0FFA86FB 		sxth	fp, r6
 939:Drivers/CMSIS/DSP/Include/arm_math.h ****                        ( ((q63_t)sum    )                                  )   ));
 1658              		.loc 2 939 43 view .LVU615
 1659 0634 1214     		asrs	r2, r2, #16
 1660              	.LVL248:
 939:Drivers/CMSIS/DSP/Include/arm_math.h ****                        ( ((q63_t)sum    )                                  )   ));
 1661              		.loc 2 939 70 view .LVU616
 1662 0636 3614     		asrs	r6, r6, #16
 1663              	.LVL249:
 939:Drivers/CMSIS/DSP/Include/arm_math.h ****                        ( ((q63_t)sum    )                                  )   ));
 1664              		.loc 2 939 50 view .LVU617
 1665 0638 06FB02F2 		mul	r2, r6, r2
 938:Drivers/CMSIS/DSP/Include/arm_math.h ****                        ((((q31_t)x      ) >> 16) * (((q31_t)y      ) >> 16)) +
 1666              		.loc 2 938 78 view .LVU618
 1667 063c 0BFB0A22 		mla	r2, fp, r10, r2
 939:Drivers/CMSIS/DSP/Include/arm_math.h ****                        ( ((q63_t)sum    )                                  )   ));
 1668              		.loc 2 939 78 view .LVU619
 1669 0640 8918     		adds	r1, r1, r2
 1670              	.LVL250:
 939:Drivers/CMSIS/DSP/Include/arm_math.h ****                        ( ((q63_t)sum    )                                  )   ));
 1671              		.loc 2 939 78 view .LVU620
 1672 0642 43EBE272 		adc	r2, r3, r2, asr #31
 1673              	.LVL251:
 939:Drivers/CMSIS/DSP/Include/arm_math.h ****                        ( ((q63_t)sum    )                                  )   ));
 1674              		.loc 2 939 78 view .LVU621
 1675              	.LBE134:
ARM GAS  C:\Users\Lamp\AppData\Local\Temp\ccJUbmgO.s 			page 64


 1676              	.LBE133:
 582:Drivers/CMSIS/DSP/Source/FilteringFunctions/arm_correlate_q15.c ****       /* sum += x[srcALen - srcBLen + 2] * y[1] , sum += x[srcALen - srcBLen + 1] * y[0] */
 583:Drivers/CMSIS/DSP/Source/FilteringFunctions/arm_correlate_q15.c ****       sum = __SMLALD(*__SIMD32(px)++, *__SIMD32(py)++, sum);
 1677              		.loc 1 583 7 is_stmt 1 view .LVU622
 1678              		.loc 1 583 22 is_stmt 0 view .LVU623
 1679 0646 4368     		ldr	r3, [r0, #4]
 1680              	.LVL252:
 1681              		.loc 1 583 39 view .LVU624
 1682 0648 6668     		ldr	r6, [r4, #4]
 1683              	.LVL253:
 1684              	.LBB135:
 1685              	.LBI135:
 932:Drivers/CMSIS/DSP/Include/arm_math.h ****   uint32_t x,
 1686              		.loc 2 932 41 is_stmt 1 view .LVU625
 1687              	.LBB136:
 938:Drivers/CMSIS/DSP/Include/arm_math.h ****                        ((((q31_t)x      ) >> 16) * (((q31_t)y      ) >> 16)) +
 1688              		.loc 2 938 5 view .LVU626
 938:Drivers/CMSIS/DSP/Include/arm_math.h ****                        ((((q31_t)x      ) >> 16) * (((q31_t)y      ) >> 16)) +
 1689              		.loc 2 938 43 is_stmt 0 view .LVU627
 1690 064a 18B2     		sxth	r0, r3
 938:Drivers/CMSIS/DSP/Include/arm_math.h ****                        ((((q31_t)x      ) >> 16) * (((q31_t)y      ) >> 16)) +
 1691              		.loc 2 938 70 view .LVU628
 1692 064c 34B2     		sxth	r4, r6
 939:Drivers/CMSIS/DSP/Include/arm_math.h ****                        ( ((q63_t)sum    )                                  )   ));
 1693              		.loc 2 939 43 view .LVU629
 1694 064e 1B14     		asrs	r3, r3, #16
 1695              	.LVL254:
 939:Drivers/CMSIS/DSP/Include/arm_math.h ****                        ( ((q63_t)sum    )                                  )   ));
 1696              		.loc 2 939 70 view .LVU630
 1697 0650 3614     		asrs	r6, r6, #16
 1698              	.LVL255:
 939:Drivers/CMSIS/DSP/Include/arm_math.h ****                        ( ((q63_t)sum    )                                  )   ));
 1699              		.loc 2 939 50 view .LVU631
 1700 0652 06FB03F3 		mul	r3, r6, r3
 938:Drivers/CMSIS/DSP/Include/arm_math.h ****                        ((((q31_t)x      ) >> 16) * (((q31_t)y      ) >> 16)) +
 1701              		.loc 2 938 78 view .LVU632
 1702 0656 04FB0033 		mla	r3, r4, r0, r3
 939:Drivers/CMSIS/DSP/Include/arm_math.h ****                        ( ((q63_t)sum    )                                  )   ));
 1703              		.loc 2 939 78 view .LVU633
 1704 065a 5918     		adds	r1, r3, r1
 1705              	.LVL256:
 939:Drivers/CMSIS/DSP/Include/arm_math.h ****                        ( ((q63_t)sum    )                                  )   ));
 1706              		.loc 2 939 78 view .LVU634
 1707 065c 42EBE373 		adc	r3, r2, r3, asr #31
 1708              	.LVL257:
 939:Drivers/CMSIS/DSP/Include/arm_math.h ****                        ( ((q63_t)sum    )                                  )   ));
 1709              		.loc 2 939 78 view .LVU635
 1710              	.LBE136:
 1711              	.LBE135:
 584:Drivers/CMSIS/DSP/Source/FilteringFunctions/arm_correlate_q15.c **** 
 585:Drivers/CMSIS/DSP/Source/FilteringFunctions/arm_correlate_q15.c ****       /* Decrement the loop counter */
 586:Drivers/CMSIS/DSP/Source/FilteringFunctions/arm_correlate_q15.c ****       k--;
 1712              		.loc 1 586 7 is_stmt 1 view .LVU636
 1713              		.loc 1 586 8 is_stmt 0 view .LVU637
 1714 0660 013F     		subs	r7, r7, #1
 1715              	.LVL258:
 583:Drivers/CMSIS/DSP/Source/FilteringFunctions/arm_correlate_q15.c **** 
ARM GAS  C:\Users\Lamp\AppData\Local\Temp\ccJUbmgO.s 			page 65


 1716              		.loc 1 583 52 view .LVU638
 1717 0662 7446     		mov	r4, lr
 583:Drivers/CMSIS/DSP/Source/FilteringFunctions/arm_correlate_q15.c **** 
 1718              		.loc 1 583 35 view .LVU639
 1719 0664 6046     		mov	r0, ip
 1720              	.LVL259:
 1721              	.L27:
 577:Drivers/CMSIS/DSP/Source/FilteringFunctions/arm_correlate_q15.c ****     {
 1722              		.loc 1 577 14 is_stmt 1 view .LVU640
 1723 0666 002F     		cmp	r7, #0
 1724 0668 DAD1     		bne	.L28
 587:Drivers/CMSIS/DSP/Source/FilteringFunctions/arm_correlate_q15.c ****     }
 588:Drivers/CMSIS/DSP/Source/FilteringFunctions/arm_correlate_q15.c **** 
 589:Drivers/CMSIS/DSP/Source/FilteringFunctions/arm_correlate_q15.c ****     /* If the count is not a multiple of 4, compute any remaining MACs here.
 590:Drivers/CMSIS/DSP/Source/FilteringFunctions/arm_correlate_q15.c ****      ** No loop unrolling is used. */
 591:Drivers/CMSIS/DSP/Source/FilteringFunctions/arm_correlate_q15.c ****     k = count % 0x4U;
 1725              		.loc 1 591 7 is_stmt 0 view .LVU641
 1726 066a DDF800C0 		ldr	ip, [sp]
 1727 066e DDF804E0 		ldr	lr, [sp, #4]
 1728              		.loc 1 591 5 is_stmt 1 view .LVU642
 1729              		.loc 1 591 7 is_stmt 0 view .LVU643
 1730 0672 08F00306 		and	r6, r8, #3
 1731              	.LVL260:
 592:Drivers/CMSIS/DSP/Source/FilteringFunctions/arm_correlate_q15.c **** 
 593:Drivers/CMSIS/DSP/Source/FilteringFunctions/arm_correlate_q15.c ****     while (k > 0U)
 1732              		.loc 1 593 5 is_stmt 1 view .LVU644
 1733              		.loc 1 593 11 is_stmt 0 view .LVU645
 1734 0676 0EE0     		b	.L29
 1735              	.L30:
 594:Drivers/CMSIS/DSP/Source/FilteringFunctions/arm_correlate_q15.c ****     {
 595:Drivers/CMSIS/DSP/Source/FilteringFunctions/arm_correlate_q15.c ****       /* Perform the multiply-accumulates */
 596:Drivers/CMSIS/DSP/Source/FilteringFunctions/arm_correlate_q15.c ****       sum = __SMLALD(*px++, *py++, sum);
 1736              		.loc 1 596 7 is_stmt 1 view .LVU646
 1737              	.LVL261:
 1738              		.loc 1 596 22 is_stmt 0 view .LVU647
 1739 0678 30F9027B 		ldrsh	r7, [r0], #2
 1740              	.LVL262:
 1741              		.loc 1 596 29 view .LVU648
 1742 067c 34F902AB 		ldrsh	r10, [r4], #2
 1743              	.LVL263:
 1744              	.LBB137:
 1745              	.LBI137:
 932:Drivers/CMSIS/DSP/Include/arm_math.h ****   uint32_t x,
 1746              		.loc 2 932 41 is_stmt 1 view .LVU649
 1747              	.LBB138:
 938:Drivers/CMSIS/DSP/Include/arm_math.h ****                        ((((q31_t)x      ) >> 16) * (((q31_t)y      ) >> 16)) +
 1748              		.loc 2 938 5 view .LVU650
 939:Drivers/CMSIS/DSP/Include/arm_math.h ****                        ( ((q63_t)sum    )                                  )   ));
 1749              		.loc 2 939 43 is_stmt 0 view .LVU651
 1750 0680 3A14     		asrs	r2, r7, #16
 939:Drivers/CMSIS/DSP/Include/arm_math.h ****                        ( ((q63_t)sum    )                                  )   ));
 1751              		.loc 2 939 70 view .LVU652
 1752 0682 4FEA2A4B 		asr	fp, r10, #16
 939:Drivers/CMSIS/DSP/Include/arm_math.h ****                        ( ((q63_t)sum    )                                  )   ));
 1753              		.loc 2 939 50 view .LVU653
 1754 0686 0BFB02F2 		mul	r2, fp, r2
 938:Drivers/CMSIS/DSP/Include/arm_math.h ****                        ((((q31_t)x      ) >> 16) * (((q31_t)y      ) >> 16)) +
ARM GAS  C:\Users\Lamp\AppData\Local\Temp\ccJUbmgO.s 			page 66


 1755              		.loc 2 938 78 view .LVU654
 1756 068a 0AFB0722 		mla	r2, r10, r7, r2
 939:Drivers/CMSIS/DSP/Include/arm_math.h ****                        ( ((q63_t)sum    )                                  )   ));
 1757              		.loc 2 939 78 view .LVU655
 1758 068e 8918     		adds	r1, r1, r2
 1759              	.LVL264:
 939:Drivers/CMSIS/DSP/Include/arm_math.h ****                        ( ((q63_t)sum    )                                  )   ));
 1760              		.loc 2 939 78 view .LVU656
 1761 0690 43EBE273 		adc	r3, r3, r2, asr #31
 1762              	.LVL265:
 939:Drivers/CMSIS/DSP/Include/arm_math.h ****                        ( ((q63_t)sum    )                                  )   ));
 1763              		.loc 2 939 78 view .LVU657
 1764              	.LBE138:
 1765              	.LBE137:
 597:Drivers/CMSIS/DSP/Source/FilteringFunctions/arm_correlate_q15.c **** 
 598:Drivers/CMSIS/DSP/Source/FilteringFunctions/arm_correlate_q15.c ****       /* Decrement the loop counter */
 599:Drivers/CMSIS/DSP/Source/FilteringFunctions/arm_correlate_q15.c ****       k--;
 1766              		.loc 1 599 7 is_stmt 1 view .LVU658
 1767              		.loc 1 599 8 is_stmt 0 view .LVU659
 1768 0694 013E     		subs	r6, r6, #1
 1769              	.LVL266:
 1770              	.L29:
 593:Drivers/CMSIS/DSP/Source/FilteringFunctions/arm_correlate_q15.c ****     {
 1771              		.loc 1 593 14 is_stmt 1 view .LVU660
 1772 0696 002E     		cmp	r6, #0
 1773 0698 EED1     		bne	.L30
 600:Drivers/CMSIS/DSP/Source/FilteringFunctions/arm_correlate_q15.c ****     }
 601:Drivers/CMSIS/DSP/Source/FilteringFunctions/arm_correlate_q15.c **** 
 602:Drivers/CMSIS/DSP/Source/FilteringFunctions/arm_correlate_q15.c ****     /* Store the result in the accumulator in the destination buffer. */
 603:Drivers/CMSIS/DSP/Source/FilteringFunctions/arm_correlate_q15.c ****     *pOut = (q15_t) (__SSAT((sum >> 15), 16));
 1774              		.loc 1 603 5 view .LVU661
 1775              	.LBB139:
 1776              		.loc 1 603 22 view .LVU662
 1777 069a C90B     		lsrs	r1, r1, #15
 1778              	.LVL267:
 1779              		.loc 1 603 22 is_stmt 0 view .LVU663
 1780 069c 41EA4341 		orr	r1, r1, r3, lsl #17
 1781              	.LVL268:
 1782              		.loc 1 603 22 is_stmt 1 view .LVU664
 1783              		.syntax unified
 1784              	@ 603 "Drivers/CMSIS/DSP/Source/FilteringFunctions/arm_correlate_q15.c" 1
 1785 06a0 01F30F01 		ssat r1, #16, r1
 1786              	@ 0 "" 2
 1787              	.LVL269:
 1788              		.loc 1 603 22 view .LVU665
 1789              		.thumb
 1790              		.syntax unified
 1791              	.LBE139:
 1792              		.loc 1 603 11 is_stmt 0 view .LVU666
 1793 06a4 ACF80010 		strh	r1, [ip]	@ movhi
 604:Drivers/CMSIS/DSP/Source/FilteringFunctions/arm_correlate_q15.c ****     /* Destination pointer is updated according to the address modifier, inc */
 605:Drivers/CMSIS/DSP/Source/FilteringFunctions/arm_correlate_q15.c ****     pOut += inc;
 1794              		.loc 1 605 5 is_stmt 1 view .LVU667
 1795              		.loc 1 605 10 is_stmt 0 view .LVU668
 1796 06a8 0CEB490C 		add	ip, ip, r9, lsl #1
 1797              	.LVL270:
 606:Drivers/CMSIS/DSP/Source/FilteringFunctions/arm_correlate_q15.c **** 
ARM GAS  C:\Users\Lamp\AppData\Local\Temp\ccJUbmgO.s 			page 67


 607:Drivers/CMSIS/DSP/Source/FilteringFunctions/arm_correlate_q15.c ****     /* Update the inputA and inputB pointers for next MAC calculation */
 608:Drivers/CMSIS/DSP/Source/FilteringFunctions/arm_correlate_q15.c ****     px = ++pSrc1;
 1798              		.loc 1 608 5 is_stmt 1 view .LVU669
 1799              		.loc 1 608 8 is_stmt 0 view .LVU670
 1800 06ac 0EF1020E 		add	lr, lr, #2
 1801              	.LVL271:
 609:Drivers/CMSIS/DSP/Source/FilteringFunctions/arm_correlate_q15.c ****     py = pIn2;
 1802              		.loc 1 609 5 is_stmt 1 view .LVU671
 610:Drivers/CMSIS/DSP/Source/FilteringFunctions/arm_correlate_q15.c **** 
 611:Drivers/CMSIS/DSP/Source/FilteringFunctions/arm_correlate_q15.c ****     /* Decrement the MAC count */
 612:Drivers/CMSIS/DSP/Source/FilteringFunctions/arm_correlate_q15.c ****     count--;
 1803              		.loc 1 612 5 view .LVU672
 1804              		.loc 1 612 10 is_stmt 0 view .LVU673
 1805 06b0 08F1FF38 		add	r8, r8, #-1
 1806              	.LVL272:
 613:Drivers/CMSIS/DSP/Source/FilteringFunctions/arm_correlate_q15.c **** 
 614:Drivers/CMSIS/DSP/Source/FilteringFunctions/arm_correlate_q15.c ****     /* Decrement the loop counter */
 615:Drivers/CMSIS/DSP/Source/FilteringFunctions/arm_correlate_q15.c ****     blockSize3--;
 1807              		.loc 1 615 5 is_stmt 1 view .LVU674
 1808              		.loc 1 615 15 is_stmt 0 view .LVU675
 1809 06b4 013D     		subs	r5, r5, #1
 1810              	.LVL273:
 1811              	.L26:
 567:Drivers/CMSIS/DSP/Source/FilteringFunctions/arm_correlate_q15.c ****   {
 1812              		.loc 1 567 21 is_stmt 1 view .LVU676
 1813 06b6 55B1     		cbz	r5, .L43
 570:Drivers/CMSIS/DSP/Source/FilteringFunctions/arm_correlate_q15.c **** 
 1814              		.loc 1 570 5 view .LVU677
 1815              	.LVL274:
 573:Drivers/CMSIS/DSP/Source/FilteringFunctions/arm_correlate_q15.c **** 
 1816              		.loc 1 573 5 view .LVU678
 573:Drivers/CMSIS/DSP/Source/FilteringFunctions/arm_correlate_q15.c **** 
 1817              		.loc 1 573 7 is_stmt 0 view .LVU679
 1818 06b8 4FEA9807 		lsr	r7, r8, #2
 1819              	.LVL275:
 577:Drivers/CMSIS/DSP/Source/FilteringFunctions/arm_correlate_q15.c ****     {
 1820              		.loc 1 577 5 is_stmt 1 view .LVU680
 577:Drivers/CMSIS/DSP/Source/FilteringFunctions/arm_correlate_q15.c ****     {
 1821              		.loc 1 577 11 is_stmt 0 view .LVU681
 1822 06bc 089C     		ldr	r4, [sp, #32]
 1823 06be 7046     		mov	r0, lr
 570:Drivers/CMSIS/DSP/Source/FilteringFunctions/arm_correlate_q15.c **** 
 1824              		.loc 1 570 9 view .LVU682
 1825 06c0 0021     		movs	r1, #0
 1826 06c2 0B46     		mov	r3, r1
 1827 06c4 CDF800C0 		str	ip, [sp]
 1828 06c8 CDF804E0 		str	lr, [sp, #4]
 577:Drivers/CMSIS/DSP/Source/FilteringFunctions/arm_correlate_q15.c ****     {
 1829              		.loc 1 577 11 view .LVU683
 1830 06cc CBE7     		b	.L27
 1831              	.LVL276:
 1832              	.L43:
 616:Drivers/CMSIS/DSP/Source/FilteringFunctions/arm_correlate_q15.c ****   }
 617:Drivers/CMSIS/DSP/Source/FilteringFunctions/arm_correlate_q15.c **** 
 618:Drivers/CMSIS/DSP/Source/FilteringFunctions/arm_correlate_q15.c **** #else
 619:Drivers/CMSIS/DSP/Source/FilteringFunctions/arm_correlate_q15.c **** 
 620:Drivers/CMSIS/DSP/Source/FilteringFunctions/arm_correlate_q15.c **** /* Run the below code for Cortex-M0 */
ARM GAS  C:\Users\Lamp\AppData\Local\Temp\ccJUbmgO.s 			page 68


 621:Drivers/CMSIS/DSP/Source/FilteringFunctions/arm_correlate_q15.c **** 
 622:Drivers/CMSIS/DSP/Source/FilteringFunctions/arm_correlate_q15.c ****   q15_t *pIn1 = pSrcA;                           /* inputA pointer               */
 623:Drivers/CMSIS/DSP/Source/FilteringFunctions/arm_correlate_q15.c ****   q15_t *pIn2 = pSrcB + (srcBLen - 1U);          /* inputB pointer               */
 624:Drivers/CMSIS/DSP/Source/FilteringFunctions/arm_correlate_q15.c ****   q63_t sum;                                     /* Accumulators                  */
 625:Drivers/CMSIS/DSP/Source/FilteringFunctions/arm_correlate_q15.c ****   uint32_t i = 0U, j;                            /* loop counters */
 626:Drivers/CMSIS/DSP/Source/FilteringFunctions/arm_correlate_q15.c ****   uint32_t inv = 0U;                             /* Reverse order flag */
 627:Drivers/CMSIS/DSP/Source/FilteringFunctions/arm_correlate_q15.c ****   uint32_t tot = 0U;                             /* Length */
 628:Drivers/CMSIS/DSP/Source/FilteringFunctions/arm_correlate_q15.c **** 
 629:Drivers/CMSIS/DSP/Source/FilteringFunctions/arm_correlate_q15.c ****   /* The algorithm implementation is based on the lengths of the inputs. */
 630:Drivers/CMSIS/DSP/Source/FilteringFunctions/arm_correlate_q15.c ****   /* srcB is always made to slide across srcA. */
 631:Drivers/CMSIS/DSP/Source/FilteringFunctions/arm_correlate_q15.c ****   /* So srcBLen is always considered as shorter or equal to srcALen */
 632:Drivers/CMSIS/DSP/Source/FilteringFunctions/arm_correlate_q15.c ****   /* But CORR(x, y) is reverse of CORR(y, x) */
 633:Drivers/CMSIS/DSP/Source/FilteringFunctions/arm_correlate_q15.c ****   /* So, when srcBLen > srcALen, output pointer is made to point to the end of the output buffer */
 634:Drivers/CMSIS/DSP/Source/FilteringFunctions/arm_correlate_q15.c ****   /* and a varaible, inv is set to 1 */
 635:Drivers/CMSIS/DSP/Source/FilteringFunctions/arm_correlate_q15.c ****   /* If lengths are not equal then zero pad has to be done to  make the two
 636:Drivers/CMSIS/DSP/Source/FilteringFunctions/arm_correlate_q15.c ****    * inputs of same length. But to improve the performance, we include zeroes
 637:Drivers/CMSIS/DSP/Source/FilteringFunctions/arm_correlate_q15.c ****    * in the output instead of zero padding either of the the inputs*/
 638:Drivers/CMSIS/DSP/Source/FilteringFunctions/arm_correlate_q15.c ****   /* If srcALen > srcBLen, (srcALen - srcBLen) zeroes has to included in the
 639:Drivers/CMSIS/DSP/Source/FilteringFunctions/arm_correlate_q15.c ****    * starting of the output buffer */
 640:Drivers/CMSIS/DSP/Source/FilteringFunctions/arm_correlate_q15.c ****   /* If srcALen < srcBLen, (srcALen - srcBLen) zeroes has to included in the
 641:Drivers/CMSIS/DSP/Source/FilteringFunctions/arm_correlate_q15.c ****    * ending of the output buffer */
 642:Drivers/CMSIS/DSP/Source/FilteringFunctions/arm_correlate_q15.c ****   /* Once the zero padding is done the remaining of the output is calcualted
 643:Drivers/CMSIS/DSP/Source/FilteringFunctions/arm_correlate_q15.c ****    * using convolution but with the shorter signal time shifted. */
 644:Drivers/CMSIS/DSP/Source/FilteringFunctions/arm_correlate_q15.c **** 
 645:Drivers/CMSIS/DSP/Source/FilteringFunctions/arm_correlate_q15.c ****   /* Calculate the length of the remaining sequence */
 646:Drivers/CMSIS/DSP/Source/FilteringFunctions/arm_correlate_q15.c ****   tot = ((srcALen + srcBLen) - 2U);
 647:Drivers/CMSIS/DSP/Source/FilteringFunctions/arm_correlate_q15.c **** 
 648:Drivers/CMSIS/DSP/Source/FilteringFunctions/arm_correlate_q15.c ****   if (srcALen > srcBLen)
 649:Drivers/CMSIS/DSP/Source/FilteringFunctions/arm_correlate_q15.c ****   {
 650:Drivers/CMSIS/DSP/Source/FilteringFunctions/arm_correlate_q15.c ****     /* Calculating the number of zeros to be padded to the output */
 651:Drivers/CMSIS/DSP/Source/FilteringFunctions/arm_correlate_q15.c ****     j = srcALen - srcBLen;
 652:Drivers/CMSIS/DSP/Source/FilteringFunctions/arm_correlate_q15.c **** 
 653:Drivers/CMSIS/DSP/Source/FilteringFunctions/arm_correlate_q15.c ****     /* Initialise the pointer after zero padding */
 654:Drivers/CMSIS/DSP/Source/FilteringFunctions/arm_correlate_q15.c ****     pDst += j;
 655:Drivers/CMSIS/DSP/Source/FilteringFunctions/arm_correlate_q15.c ****   }
 656:Drivers/CMSIS/DSP/Source/FilteringFunctions/arm_correlate_q15.c **** 
 657:Drivers/CMSIS/DSP/Source/FilteringFunctions/arm_correlate_q15.c ****   else if (srcALen < srcBLen)
 658:Drivers/CMSIS/DSP/Source/FilteringFunctions/arm_correlate_q15.c ****   {
 659:Drivers/CMSIS/DSP/Source/FilteringFunctions/arm_correlate_q15.c ****     /* Initialization to inputB pointer */
 660:Drivers/CMSIS/DSP/Source/FilteringFunctions/arm_correlate_q15.c ****     pIn1 = pSrcB;
 661:Drivers/CMSIS/DSP/Source/FilteringFunctions/arm_correlate_q15.c **** 
 662:Drivers/CMSIS/DSP/Source/FilteringFunctions/arm_correlate_q15.c ****     /* Initialization to the end of inputA pointer */
 663:Drivers/CMSIS/DSP/Source/FilteringFunctions/arm_correlate_q15.c ****     pIn2 = pSrcA + (srcALen - 1U);
 664:Drivers/CMSIS/DSP/Source/FilteringFunctions/arm_correlate_q15.c **** 
 665:Drivers/CMSIS/DSP/Source/FilteringFunctions/arm_correlate_q15.c ****     /* Initialisation of the pointer after zero padding */
 666:Drivers/CMSIS/DSP/Source/FilteringFunctions/arm_correlate_q15.c ****     pDst = pDst + tot;
 667:Drivers/CMSIS/DSP/Source/FilteringFunctions/arm_correlate_q15.c **** 
 668:Drivers/CMSIS/DSP/Source/FilteringFunctions/arm_correlate_q15.c ****     /* Swapping the lengths */
 669:Drivers/CMSIS/DSP/Source/FilteringFunctions/arm_correlate_q15.c ****     j = srcALen;
 670:Drivers/CMSIS/DSP/Source/FilteringFunctions/arm_correlate_q15.c ****     srcALen = srcBLen;
 671:Drivers/CMSIS/DSP/Source/FilteringFunctions/arm_correlate_q15.c ****     srcBLen = j;
 672:Drivers/CMSIS/DSP/Source/FilteringFunctions/arm_correlate_q15.c **** 
 673:Drivers/CMSIS/DSP/Source/FilteringFunctions/arm_correlate_q15.c ****     /* Setting the reverse flag */
 674:Drivers/CMSIS/DSP/Source/FilteringFunctions/arm_correlate_q15.c ****     inv = 1;
 675:Drivers/CMSIS/DSP/Source/FilteringFunctions/arm_correlate_q15.c **** 
 676:Drivers/CMSIS/DSP/Source/FilteringFunctions/arm_correlate_q15.c ****   }
 677:Drivers/CMSIS/DSP/Source/FilteringFunctions/arm_correlate_q15.c **** 
ARM GAS  C:\Users\Lamp\AppData\Local\Temp\ccJUbmgO.s 			page 69


 678:Drivers/CMSIS/DSP/Source/FilteringFunctions/arm_correlate_q15.c ****   /* Loop to calculate convolution for output length number of times */
 679:Drivers/CMSIS/DSP/Source/FilteringFunctions/arm_correlate_q15.c ****   for (i = 0U; i <= tot; i++)
 680:Drivers/CMSIS/DSP/Source/FilteringFunctions/arm_correlate_q15.c ****   {
 681:Drivers/CMSIS/DSP/Source/FilteringFunctions/arm_correlate_q15.c ****     /* Initialize sum with zero to carry on MAC operations */
 682:Drivers/CMSIS/DSP/Source/FilteringFunctions/arm_correlate_q15.c ****     sum = 0;
 683:Drivers/CMSIS/DSP/Source/FilteringFunctions/arm_correlate_q15.c **** 
 684:Drivers/CMSIS/DSP/Source/FilteringFunctions/arm_correlate_q15.c ****     /* Loop to perform MAC operations according to convolution equation */
 685:Drivers/CMSIS/DSP/Source/FilteringFunctions/arm_correlate_q15.c ****     for (j = 0U; j <= i; j++)
 686:Drivers/CMSIS/DSP/Source/FilteringFunctions/arm_correlate_q15.c ****     {
 687:Drivers/CMSIS/DSP/Source/FilteringFunctions/arm_correlate_q15.c ****       /* Check the array limitations */
 688:Drivers/CMSIS/DSP/Source/FilteringFunctions/arm_correlate_q15.c ****       if ((((i - j) < srcBLen) && (j < srcALen)))
 689:Drivers/CMSIS/DSP/Source/FilteringFunctions/arm_correlate_q15.c ****       {
 690:Drivers/CMSIS/DSP/Source/FilteringFunctions/arm_correlate_q15.c ****         /* z[i] += x[i-j] * y[j] */
 691:Drivers/CMSIS/DSP/Source/FilteringFunctions/arm_correlate_q15.c ****         sum += ((q31_t) pIn1[j] * pIn2[-((int32_t) i - j)]);
 692:Drivers/CMSIS/DSP/Source/FilteringFunctions/arm_correlate_q15.c ****       }
 693:Drivers/CMSIS/DSP/Source/FilteringFunctions/arm_correlate_q15.c ****     }
 694:Drivers/CMSIS/DSP/Source/FilteringFunctions/arm_correlate_q15.c ****     /* Store the output in the destination buffer */
 695:Drivers/CMSIS/DSP/Source/FilteringFunctions/arm_correlate_q15.c ****     if (inv == 1)
 696:Drivers/CMSIS/DSP/Source/FilteringFunctions/arm_correlate_q15.c ****       *pDst-- = (q15_t) __SSAT((sum >> 15U), 16U);
 697:Drivers/CMSIS/DSP/Source/FilteringFunctions/arm_correlate_q15.c ****     else
 698:Drivers/CMSIS/DSP/Source/FilteringFunctions/arm_correlate_q15.c ****       *pDst++ = (q15_t) __SSAT((sum >> 15U), 16U);
 699:Drivers/CMSIS/DSP/Source/FilteringFunctions/arm_correlate_q15.c ****   }
 700:Drivers/CMSIS/DSP/Source/FilteringFunctions/arm_correlate_q15.c **** 
 701:Drivers/CMSIS/DSP/Source/FilteringFunctions/arm_correlate_q15.c **** #endif /* #if (defined(ARM_MATH_CM7) || defined(ARM_MATH_CM4) || defined(ARM_MATH_CM3)) && !defined
 702:Drivers/CMSIS/DSP/Source/FilteringFunctions/arm_correlate_q15.c **** 
 703:Drivers/CMSIS/DSP/Source/FilteringFunctions/arm_correlate_q15.c **** }
 1833              		.loc 1 703 1 view .LVU684
 1834 06ce 11B0     		add	sp, sp, #68
 1835              	.LCFI2:
 1836              		.cfi_def_cfa_offset 36
 1837              		@ sp needed
 1838 06d0 BDE8F08F 		pop	{r4, r5, r6, r7, r8, r9, r10, fp, pc}
 1839              		.loc 1 703 1 view .LVU685
 1840              		.cfi_endproc
 1841              	.LFE100:
 1843              		.text
 1844              	.Letext0:
 1845              		.file 3 "C:/ARM GNU Toolchain/arm-none-eabi/include/machine/_default_types.h"
 1846              		.file 4 "C:/ARM GNU Toolchain/arm-none-eabi/include/sys/_stdint.h"
ARM GAS  C:\Users\Lamp\AppData\Local\Temp\ccJUbmgO.s 			page 70


DEFINED SYMBOLS
                            *ABS*:00000000 arm_correlate_q15.c
C:\Users\Lamp\AppData\Local\Temp\ccJUbmgO.s:19     .text.arm_correlate_q15:00000000 $t
C:\Users\Lamp\AppData\Local\Temp\ccJUbmgO.s:25     .text.arm_correlate_q15:00000000 arm_correlate_q15

NO UNDEFINED SYMBOLS
