ARM GAS  C:\Users\Lamp\AppData\Local\Temp\ccXAOCAc.s 			page 1


   1              		.cpu cortex-m3
   2              		.arch armv7-m
   3              		.fpu softvfp
   4              		.eabi_attribute 20, 1
   5              		.eabi_attribute 21, 1
   6              		.eabi_attribute 23, 3
   7              		.eabi_attribute 24, 1
   8              		.eabi_attribute 25, 1
   9              		.eabi_attribute 26, 1
  10              		.eabi_attribute 30, 1
  11              		.eabi_attribute 34, 1
  12              		.eabi_attribute 18, 4
  13              		.file	"arm_mat_cmplx_mult_q15.c"
  14              		.text
  15              	.Ltext0:
  16              		.cfi_sections	.debug_frame
  17              		.file 1 "Drivers/CMSIS/DSP/Source/MatrixFunctions/arm_mat_cmplx_mult_q15.c"
  18              		.section	.text.arm_mat_cmplx_mult_q15,"ax",%progbits
  19              		.align	1
  20              		.global	arm_mat_cmplx_mult_q15
  21              		.syntax unified
  22              		.thumb
  23              		.thumb_func
  25              	arm_mat_cmplx_mult_q15:
  26              	.LVL0:
  27              	.LFB100:
   1:Drivers/CMSIS/DSP/Source/MatrixFunctions/arm_mat_cmplx_mult_q15.c **** /* ----------------------------------------------------------------------
   2:Drivers/CMSIS/DSP/Source/MatrixFunctions/arm_mat_cmplx_mult_q15.c ****  * Project:      CMSIS DSP Library
   3:Drivers/CMSIS/DSP/Source/MatrixFunctions/arm_mat_cmplx_mult_q15.c ****  * Title:        arm_cmplx_mat_mult_q15.c
   4:Drivers/CMSIS/DSP/Source/MatrixFunctions/arm_mat_cmplx_mult_q15.c ****  * Description:  Q15 complex matrix multiplication
   5:Drivers/CMSIS/DSP/Source/MatrixFunctions/arm_mat_cmplx_mult_q15.c ****  *
   6:Drivers/CMSIS/DSP/Source/MatrixFunctions/arm_mat_cmplx_mult_q15.c ****  * $Date:        27. January 2017
   7:Drivers/CMSIS/DSP/Source/MatrixFunctions/arm_mat_cmplx_mult_q15.c ****  * $Revision:    V.1.5.1
   8:Drivers/CMSIS/DSP/Source/MatrixFunctions/arm_mat_cmplx_mult_q15.c ****  *
   9:Drivers/CMSIS/DSP/Source/MatrixFunctions/arm_mat_cmplx_mult_q15.c ****  * Target Processor: Cortex-M cores
  10:Drivers/CMSIS/DSP/Source/MatrixFunctions/arm_mat_cmplx_mult_q15.c ****  * -------------------------------------------------------------------- */
  11:Drivers/CMSIS/DSP/Source/MatrixFunctions/arm_mat_cmplx_mult_q15.c **** /*
  12:Drivers/CMSIS/DSP/Source/MatrixFunctions/arm_mat_cmplx_mult_q15.c ****  * Copyright (C) 2010-2017 ARM Limited or its affiliates. All rights reserved.
  13:Drivers/CMSIS/DSP/Source/MatrixFunctions/arm_mat_cmplx_mult_q15.c ****  *
  14:Drivers/CMSIS/DSP/Source/MatrixFunctions/arm_mat_cmplx_mult_q15.c ****  * SPDX-License-Identifier: Apache-2.0
  15:Drivers/CMSIS/DSP/Source/MatrixFunctions/arm_mat_cmplx_mult_q15.c ****  *
  16:Drivers/CMSIS/DSP/Source/MatrixFunctions/arm_mat_cmplx_mult_q15.c ****  * Licensed under the Apache License, Version 2.0 (the License); you may
  17:Drivers/CMSIS/DSP/Source/MatrixFunctions/arm_mat_cmplx_mult_q15.c ****  * not use this file except in compliance with the License.
  18:Drivers/CMSIS/DSP/Source/MatrixFunctions/arm_mat_cmplx_mult_q15.c ****  * You may obtain a copy of the License at
  19:Drivers/CMSIS/DSP/Source/MatrixFunctions/arm_mat_cmplx_mult_q15.c ****  *
  20:Drivers/CMSIS/DSP/Source/MatrixFunctions/arm_mat_cmplx_mult_q15.c ****  * www.apache.org/licenses/LICENSE-2.0
  21:Drivers/CMSIS/DSP/Source/MatrixFunctions/arm_mat_cmplx_mult_q15.c ****  *
  22:Drivers/CMSIS/DSP/Source/MatrixFunctions/arm_mat_cmplx_mult_q15.c ****  * Unless required by applicable law or agreed to in writing, software
  23:Drivers/CMSIS/DSP/Source/MatrixFunctions/arm_mat_cmplx_mult_q15.c ****  * distributed under the License is distributed on an AS IS BASIS, WITHOUT
  24:Drivers/CMSIS/DSP/Source/MatrixFunctions/arm_mat_cmplx_mult_q15.c ****  * WARRANTIES OR CONDITIONS OF ANY KIND, either express or implied.
  25:Drivers/CMSIS/DSP/Source/MatrixFunctions/arm_mat_cmplx_mult_q15.c ****  * See the License for the specific language governing permissions and
  26:Drivers/CMSIS/DSP/Source/MatrixFunctions/arm_mat_cmplx_mult_q15.c ****  * limitations under the License.
  27:Drivers/CMSIS/DSP/Source/MatrixFunctions/arm_mat_cmplx_mult_q15.c ****  */
  28:Drivers/CMSIS/DSP/Source/MatrixFunctions/arm_mat_cmplx_mult_q15.c **** 
  29:Drivers/CMSIS/DSP/Source/MatrixFunctions/arm_mat_cmplx_mult_q15.c **** #include "arm_math.h"
  30:Drivers/CMSIS/DSP/Source/MatrixFunctions/arm_mat_cmplx_mult_q15.c **** 
  31:Drivers/CMSIS/DSP/Source/MatrixFunctions/arm_mat_cmplx_mult_q15.c **** /**
ARM GAS  C:\Users\Lamp\AppData\Local\Temp\ccXAOCAc.s 			page 2


  32:Drivers/CMSIS/DSP/Source/MatrixFunctions/arm_mat_cmplx_mult_q15.c ****  * @ingroup groupMatrix
  33:Drivers/CMSIS/DSP/Source/MatrixFunctions/arm_mat_cmplx_mult_q15.c ****  */
  34:Drivers/CMSIS/DSP/Source/MatrixFunctions/arm_mat_cmplx_mult_q15.c **** 
  35:Drivers/CMSIS/DSP/Source/MatrixFunctions/arm_mat_cmplx_mult_q15.c **** /**
  36:Drivers/CMSIS/DSP/Source/MatrixFunctions/arm_mat_cmplx_mult_q15.c ****  * @addtogroup CmplxMatrixMult
  37:Drivers/CMSIS/DSP/Source/MatrixFunctions/arm_mat_cmplx_mult_q15.c ****  * @{
  38:Drivers/CMSIS/DSP/Source/MatrixFunctions/arm_mat_cmplx_mult_q15.c ****  */
  39:Drivers/CMSIS/DSP/Source/MatrixFunctions/arm_mat_cmplx_mult_q15.c **** 
  40:Drivers/CMSIS/DSP/Source/MatrixFunctions/arm_mat_cmplx_mult_q15.c **** 
  41:Drivers/CMSIS/DSP/Source/MatrixFunctions/arm_mat_cmplx_mult_q15.c **** /**
  42:Drivers/CMSIS/DSP/Source/MatrixFunctions/arm_mat_cmplx_mult_q15.c ****  * @brief Q15 Complex matrix multiplication
  43:Drivers/CMSIS/DSP/Source/MatrixFunctions/arm_mat_cmplx_mult_q15.c ****  * @param[in]       *pSrcA points to the first input complex matrix structure
  44:Drivers/CMSIS/DSP/Source/MatrixFunctions/arm_mat_cmplx_mult_q15.c ****  * @param[in]       *pSrcB points to the second input complex matrix structure
  45:Drivers/CMSIS/DSP/Source/MatrixFunctions/arm_mat_cmplx_mult_q15.c ****  * @param[out]      *pDst points to output complex matrix structure
  46:Drivers/CMSIS/DSP/Source/MatrixFunctions/arm_mat_cmplx_mult_q15.c ****  * @param[in]		*pScratch points to the array for storing intermediate results
  47:Drivers/CMSIS/DSP/Source/MatrixFunctions/arm_mat_cmplx_mult_q15.c ****  * @return     		The function returns either
  48:Drivers/CMSIS/DSP/Source/MatrixFunctions/arm_mat_cmplx_mult_q15.c ****  * <code>ARM_MATH_SIZE_MISMATCH</code> or <code>ARM_MATH_SUCCESS</code> based on the outcome of siz
  49:Drivers/CMSIS/DSP/Source/MatrixFunctions/arm_mat_cmplx_mult_q15.c ****  *
  50:Drivers/CMSIS/DSP/Source/MatrixFunctions/arm_mat_cmplx_mult_q15.c ****  * \par Conditions for optimum performance
  51:Drivers/CMSIS/DSP/Source/MatrixFunctions/arm_mat_cmplx_mult_q15.c ****  *  Input, output and state buffers should be aligned by 32-bit
  52:Drivers/CMSIS/DSP/Source/MatrixFunctions/arm_mat_cmplx_mult_q15.c ****  *
  53:Drivers/CMSIS/DSP/Source/MatrixFunctions/arm_mat_cmplx_mult_q15.c ****  * \par Restrictions
  54:Drivers/CMSIS/DSP/Source/MatrixFunctions/arm_mat_cmplx_mult_q15.c ****  *  If the silicon does not support unaligned memory access enable the macro UNALIGNED_SUPPORT_DISA
  55:Drivers/CMSIS/DSP/Source/MatrixFunctions/arm_mat_cmplx_mult_q15.c ****  *	In this case input, output, scratch buffers should be aligned by 32-bit
  56:Drivers/CMSIS/DSP/Source/MatrixFunctions/arm_mat_cmplx_mult_q15.c ****  *
  57:Drivers/CMSIS/DSP/Source/MatrixFunctions/arm_mat_cmplx_mult_q15.c ****  * @details
  58:Drivers/CMSIS/DSP/Source/MatrixFunctions/arm_mat_cmplx_mult_q15.c ****  * <b>Scaling and Overflow Behavior:</b>
  59:Drivers/CMSIS/DSP/Source/MatrixFunctions/arm_mat_cmplx_mult_q15.c ****  *
  60:Drivers/CMSIS/DSP/Source/MatrixFunctions/arm_mat_cmplx_mult_q15.c ****  * \par
  61:Drivers/CMSIS/DSP/Source/MatrixFunctions/arm_mat_cmplx_mult_q15.c ****  * The function is implemented using a 64-bit internal accumulator. The inputs to the
  62:Drivers/CMSIS/DSP/Source/MatrixFunctions/arm_mat_cmplx_mult_q15.c ****  * multiplications are in 1.15 format and multiplications yield a 2.30 result.
  63:Drivers/CMSIS/DSP/Source/MatrixFunctions/arm_mat_cmplx_mult_q15.c ****  * The 2.30 intermediate
  64:Drivers/CMSIS/DSP/Source/MatrixFunctions/arm_mat_cmplx_mult_q15.c ****  * results are accumulated in a 64-bit accumulator in 34.30 format. This approach
  65:Drivers/CMSIS/DSP/Source/MatrixFunctions/arm_mat_cmplx_mult_q15.c ****  * provides 33 guard bits and there is no risk of overflow. The 34.30 result is then
  66:Drivers/CMSIS/DSP/Source/MatrixFunctions/arm_mat_cmplx_mult_q15.c ****  * truncated to 34.15 format by discarding the low 15 bits and then saturated to
  67:Drivers/CMSIS/DSP/Source/MatrixFunctions/arm_mat_cmplx_mult_q15.c ****  * 1.15 format.
  68:Drivers/CMSIS/DSP/Source/MatrixFunctions/arm_mat_cmplx_mult_q15.c ****  *
  69:Drivers/CMSIS/DSP/Source/MatrixFunctions/arm_mat_cmplx_mult_q15.c ****  * \par
  70:Drivers/CMSIS/DSP/Source/MatrixFunctions/arm_mat_cmplx_mult_q15.c ****  * Refer to <code>arm_mat_mult_fast_q15()</code> for a faster but less precise version of this func
  71:Drivers/CMSIS/DSP/Source/MatrixFunctions/arm_mat_cmplx_mult_q15.c ****  *
  72:Drivers/CMSIS/DSP/Source/MatrixFunctions/arm_mat_cmplx_mult_q15.c ****  */
  73:Drivers/CMSIS/DSP/Source/MatrixFunctions/arm_mat_cmplx_mult_q15.c **** 
  74:Drivers/CMSIS/DSP/Source/MatrixFunctions/arm_mat_cmplx_mult_q15.c **** 
  75:Drivers/CMSIS/DSP/Source/MatrixFunctions/arm_mat_cmplx_mult_q15.c **** 
  76:Drivers/CMSIS/DSP/Source/MatrixFunctions/arm_mat_cmplx_mult_q15.c **** 
  77:Drivers/CMSIS/DSP/Source/MatrixFunctions/arm_mat_cmplx_mult_q15.c **** arm_status arm_mat_cmplx_mult_q15(
  78:Drivers/CMSIS/DSP/Source/MatrixFunctions/arm_mat_cmplx_mult_q15.c ****   const arm_matrix_instance_q15 * pSrcA,
  79:Drivers/CMSIS/DSP/Source/MatrixFunctions/arm_mat_cmplx_mult_q15.c ****   const arm_matrix_instance_q15 * pSrcB,
  80:Drivers/CMSIS/DSP/Source/MatrixFunctions/arm_mat_cmplx_mult_q15.c ****   arm_matrix_instance_q15 * pDst,
  81:Drivers/CMSIS/DSP/Source/MatrixFunctions/arm_mat_cmplx_mult_q15.c ****   q15_t * pScratch)
  82:Drivers/CMSIS/DSP/Source/MatrixFunctions/arm_mat_cmplx_mult_q15.c **** {
  28              		.loc 1 82 1 view -0
  29              		.cfi_startproc
  30              		@ args = 0, pretend = 0, frame = 32
  31              		@ frame_needed = 0, uses_anonymous_args = 0
  32              		.loc 1 82 1 is_stmt 0 view .LVU1
  33 0000 2DE9F04F 		push	{r4, r5, r6, r7, r8, r9, r10, fp, lr}
ARM GAS  C:\Users\Lamp\AppData\Local\Temp\ccXAOCAc.s 			page 3


  34              	.LCFI0:
  35              		.cfi_def_cfa_offset 36
  36              		.cfi_offset 4, -36
  37              		.cfi_offset 5, -32
  38              		.cfi_offset 6, -28
  39              		.cfi_offset 7, -24
  40              		.cfi_offset 8, -20
  41              		.cfi_offset 9, -16
  42              		.cfi_offset 10, -12
  43              		.cfi_offset 11, -8
  44              		.cfi_offset 14, -4
  45 0004 89B0     		sub	sp, sp, #36
  46              	.LCFI1:
  47              		.cfi_def_cfa_offset 72
  48 0006 0546     		mov	r5, r0
  49 0008 0C46     		mov	r4, r1
  50 000a 1E46     		mov	r6, r3
  83:Drivers/CMSIS/DSP/Source/MatrixFunctions/arm_mat_cmplx_mult_q15.c ****   /* accumulator */
  84:Drivers/CMSIS/DSP/Source/MatrixFunctions/arm_mat_cmplx_mult_q15.c ****   q15_t *pSrcBT = pScratch;                      /* input data matrix pointer for transpose */
  51              		.loc 1 84 3 is_stmt 1 view .LVU2
  52              	.LVL1:
  85:Drivers/CMSIS/DSP/Source/MatrixFunctions/arm_mat_cmplx_mult_q15.c ****   q15_t *pInA = pSrcA->pData;                    /* input data matrix pointer A of Q15 type */
  53              		.loc 1 85 3 view .LVU3
  86:Drivers/CMSIS/DSP/Source/MatrixFunctions/arm_mat_cmplx_mult_q15.c ****   q15_t *pInB = pSrcB->pData;                    /* input data matrix pointer B of Q15 type */
  54              		.loc 1 86 3 view .LVU4
  55              		.loc 1 86 22 is_stmt 0 view .LVU5
  56 000c 4B68     		ldr	r3, [r1, #4]
  57              	.LVL2:
  87:Drivers/CMSIS/DSP/Source/MatrixFunctions/arm_mat_cmplx_mult_q15.c ****   q15_t *px;                                     /* Temporary output data matrix pointer */
  58              		.loc 1 87 3 is_stmt 1 view .LVU6
  88:Drivers/CMSIS/DSP/Source/MatrixFunctions/arm_mat_cmplx_mult_q15.c ****   uint16_t numRowsA = pSrcA->numRows;            /* number of rows of input matrix A    */
  59              		.loc 1 88 3 view .LVU7
  60              		.loc 1 88 12 is_stmt 0 view .LVU8
  61 000e 0088     		ldrh	r0, [r0]
  62              	.LVL3:
  89:Drivers/CMSIS/DSP/Source/MatrixFunctions/arm_mat_cmplx_mult_q15.c ****   uint16_t numColsB = pSrcB->numCols;            /* number of columns of input matrix B */
  63              		.loc 1 89 3 is_stmt 1 view .LVU9
  64              		.loc 1 89 12 is_stmt 0 view .LVU10
  65 0010 4F88     		ldrh	r7, [r1, #2]
  66              	.LVL4:
  90:Drivers/CMSIS/DSP/Source/MatrixFunctions/arm_mat_cmplx_mult_q15.c ****   uint16_t numColsA = pSrcA->numCols;            /* number of columns of input matrix A */
  67              		.loc 1 90 3 is_stmt 1 view .LVU11
  68              		.loc 1 90 12 is_stmt 0 view .LVU12
  69 0012 6988     		ldrh	r1, [r5, #2]
  70              	.LVL5:
  91:Drivers/CMSIS/DSP/Source/MatrixFunctions/arm_mat_cmplx_mult_q15.c ****   uint16_t numRowsB = pSrcB->numRows;            /* number of rows of input matrix A    */
  71              		.loc 1 91 3 is_stmt 1 view .LVU13
  72              		.loc 1 91 12 is_stmt 0 view .LVU14
  73 0014 B4F800C0 		ldrh	ip, [r4]
  74              	.LVL6:
  92:Drivers/CMSIS/DSP/Source/MatrixFunctions/arm_mat_cmplx_mult_q15.c ****   uint16_t col, i = 0U, row = numRowsB, colCnt;  /* loop counters */
  75              		.loc 1 92 3 is_stmt 1 view .LVU15
  76              		.loc 1 92 17 is_stmt 0 view .LVU16
  77 0018 4FF0000E 		mov	lr, #0
  78 001c 8346     		mov	fp, r0
  79 001e 8846     		mov	r8, r1
  80 0020 6146     		mov	r1, ip
ARM GAS  C:\Users\Lamp\AppData\Local\Temp\ccXAOCAc.s 			page 4


  81              	.LVL7:
  82              		.loc 1 92 17 view .LVU17
  83 0022 9146     		mov	r9, r2
  84 0024 26E0     		b	.L6
  85              	.LVL8:
  86              	.L3:
  93:Drivers/CMSIS/DSP/Source/MatrixFunctions/arm_mat_cmplx_mult_q15.c ****   arm_status status;                             /* status of matrix multiplication */
  94:Drivers/CMSIS/DSP/Source/MatrixFunctions/arm_mat_cmplx_mult_q15.c ****   q63_t sumReal, sumImag;
  95:Drivers/CMSIS/DSP/Source/MatrixFunctions/arm_mat_cmplx_mult_q15.c **** 
  96:Drivers/CMSIS/DSP/Source/MatrixFunctions/arm_mat_cmplx_mult_q15.c **** #ifdef UNALIGNED_SUPPORT_DISABLE
  97:Drivers/CMSIS/DSP/Source/MatrixFunctions/arm_mat_cmplx_mult_q15.c ****   q15_t in;                                      /* Temporary variable to hold the input value */
  98:Drivers/CMSIS/DSP/Source/MatrixFunctions/arm_mat_cmplx_mult_q15.c ****   q15_t a, b, c, d;
  99:Drivers/CMSIS/DSP/Source/MatrixFunctions/arm_mat_cmplx_mult_q15.c **** #else
 100:Drivers/CMSIS/DSP/Source/MatrixFunctions/arm_mat_cmplx_mult_q15.c ****   q31_t in;                                      /* Temporary variable to hold the input value */
 101:Drivers/CMSIS/DSP/Source/MatrixFunctions/arm_mat_cmplx_mult_q15.c ****   q31_t prod1, prod2;
 102:Drivers/CMSIS/DSP/Source/MatrixFunctions/arm_mat_cmplx_mult_q15.c ****   q31_t pSourceA, pSourceB;
 103:Drivers/CMSIS/DSP/Source/MatrixFunctions/arm_mat_cmplx_mult_q15.c **** #endif
 104:Drivers/CMSIS/DSP/Source/MatrixFunctions/arm_mat_cmplx_mult_q15.c **** 
 105:Drivers/CMSIS/DSP/Source/MatrixFunctions/arm_mat_cmplx_mult_q15.c **** #ifdef ARM_MATH_MATRIX_CHECK
 106:Drivers/CMSIS/DSP/Source/MatrixFunctions/arm_mat_cmplx_mult_q15.c ****   /* Check for matrix mismatch condition */
 107:Drivers/CMSIS/DSP/Source/MatrixFunctions/arm_mat_cmplx_mult_q15.c ****   if ((pSrcA->numCols != pSrcB->numRows) ||
 108:Drivers/CMSIS/DSP/Source/MatrixFunctions/arm_mat_cmplx_mult_q15.c ****      (pSrcA->numRows != pDst->numRows) || (pSrcB->numCols != pDst->numCols))
 109:Drivers/CMSIS/DSP/Source/MatrixFunctions/arm_mat_cmplx_mult_q15.c ****   {
 110:Drivers/CMSIS/DSP/Source/MatrixFunctions/arm_mat_cmplx_mult_q15.c ****     /* Set status as ARM_MATH_SIZE_MISMATCH */
 111:Drivers/CMSIS/DSP/Source/MatrixFunctions/arm_mat_cmplx_mult_q15.c ****     status = ARM_MATH_SIZE_MISMATCH;
 112:Drivers/CMSIS/DSP/Source/MatrixFunctions/arm_mat_cmplx_mult_q15.c ****   }
 113:Drivers/CMSIS/DSP/Source/MatrixFunctions/arm_mat_cmplx_mult_q15.c ****   else
 114:Drivers/CMSIS/DSP/Source/MatrixFunctions/arm_mat_cmplx_mult_q15.c **** #endif
 115:Drivers/CMSIS/DSP/Source/MatrixFunctions/arm_mat_cmplx_mult_q15.c ****   {
 116:Drivers/CMSIS/DSP/Source/MatrixFunctions/arm_mat_cmplx_mult_q15.c ****     /* Matrix transpose */
 117:Drivers/CMSIS/DSP/Source/MatrixFunctions/arm_mat_cmplx_mult_q15.c ****     do
 118:Drivers/CMSIS/DSP/Source/MatrixFunctions/arm_mat_cmplx_mult_q15.c ****     {
 119:Drivers/CMSIS/DSP/Source/MatrixFunctions/arm_mat_cmplx_mult_q15.c ****       /* Apply loop unrolling and exchange the columns with row elements */
 120:Drivers/CMSIS/DSP/Source/MatrixFunctions/arm_mat_cmplx_mult_q15.c ****       col = numColsB >> 2;
 121:Drivers/CMSIS/DSP/Source/MatrixFunctions/arm_mat_cmplx_mult_q15.c **** 
 122:Drivers/CMSIS/DSP/Source/MatrixFunctions/arm_mat_cmplx_mult_q15.c ****       /* The pointer px is set to starting address of the column being processed */
 123:Drivers/CMSIS/DSP/Source/MatrixFunctions/arm_mat_cmplx_mult_q15.c ****       px = pSrcBT + i;
 124:Drivers/CMSIS/DSP/Source/MatrixFunctions/arm_mat_cmplx_mult_q15.c **** 
 125:Drivers/CMSIS/DSP/Source/MatrixFunctions/arm_mat_cmplx_mult_q15.c ****       /* First part of the processing with loop unrolling.  Compute 4 outputs at a time.
 126:Drivers/CMSIS/DSP/Source/MatrixFunctions/arm_mat_cmplx_mult_q15.c ****        ** a second loop below computes the remaining 1 to 3 samples. */
 127:Drivers/CMSIS/DSP/Source/MatrixFunctions/arm_mat_cmplx_mult_q15.c ****       while (col > 0U)
 128:Drivers/CMSIS/DSP/Source/MatrixFunctions/arm_mat_cmplx_mult_q15.c ****       {
 129:Drivers/CMSIS/DSP/Source/MatrixFunctions/arm_mat_cmplx_mult_q15.c **** #ifdef UNALIGNED_SUPPORT_DISABLE
 130:Drivers/CMSIS/DSP/Source/MatrixFunctions/arm_mat_cmplx_mult_q15.c ****         /* Read two elements from the row */
 131:Drivers/CMSIS/DSP/Source/MatrixFunctions/arm_mat_cmplx_mult_q15.c ****         in = *pInB++;
 132:Drivers/CMSIS/DSP/Source/MatrixFunctions/arm_mat_cmplx_mult_q15.c ****         *px = in;
 133:Drivers/CMSIS/DSP/Source/MatrixFunctions/arm_mat_cmplx_mult_q15.c ****         in = *pInB++;
 134:Drivers/CMSIS/DSP/Source/MatrixFunctions/arm_mat_cmplx_mult_q15.c ****         px[1] = in;
 135:Drivers/CMSIS/DSP/Source/MatrixFunctions/arm_mat_cmplx_mult_q15.c **** 
 136:Drivers/CMSIS/DSP/Source/MatrixFunctions/arm_mat_cmplx_mult_q15.c ****         /* Update the pointer px to point to the next row of the transposed matrix */
 137:Drivers/CMSIS/DSP/Source/MatrixFunctions/arm_mat_cmplx_mult_q15.c ****         px += numRowsB * 2;
 138:Drivers/CMSIS/DSP/Source/MatrixFunctions/arm_mat_cmplx_mult_q15.c **** 
 139:Drivers/CMSIS/DSP/Source/MatrixFunctions/arm_mat_cmplx_mult_q15.c ****         /* Read two elements from the row */
 140:Drivers/CMSIS/DSP/Source/MatrixFunctions/arm_mat_cmplx_mult_q15.c ****         in = *pInB++;
 141:Drivers/CMSIS/DSP/Source/MatrixFunctions/arm_mat_cmplx_mult_q15.c ****         *px = in;
 142:Drivers/CMSIS/DSP/Source/MatrixFunctions/arm_mat_cmplx_mult_q15.c ****         in = *pInB++;
 143:Drivers/CMSIS/DSP/Source/MatrixFunctions/arm_mat_cmplx_mult_q15.c ****         px[1] = in;
ARM GAS  C:\Users\Lamp\AppData\Local\Temp\ccXAOCAc.s 			page 5


 144:Drivers/CMSIS/DSP/Source/MatrixFunctions/arm_mat_cmplx_mult_q15.c **** 
 145:Drivers/CMSIS/DSP/Source/MatrixFunctions/arm_mat_cmplx_mult_q15.c ****         /* Update the pointer px to point to the next row of the transposed matrix */
 146:Drivers/CMSIS/DSP/Source/MatrixFunctions/arm_mat_cmplx_mult_q15.c ****         px += numRowsB * 2;
 147:Drivers/CMSIS/DSP/Source/MatrixFunctions/arm_mat_cmplx_mult_q15.c **** 
 148:Drivers/CMSIS/DSP/Source/MatrixFunctions/arm_mat_cmplx_mult_q15.c ****         /* Read two elements from the row */
 149:Drivers/CMSIS/DSP/Source/MatrixFunctions/arm_mat_cmplx_mult_q15.c ****         in = *pInB++;
 150:Drivers/CMSIS/DSP/Source/MatrixFunctions/arm_mat_cmplx_mult_q15.c ****         *px = in;
 151:Drivers/CMSIS/DSP/Source/MatrixFunctions/arm_mat_cmplx_mult_q15.c ****         in = *pInB++;
 152:Drivers/CMSIS/DSP/Source/MatrixFunctions/arm_mat_cmplx_mult_q15.c ****         px[1] = in;
 153:Drivers/CMSIS/DSP/Source/MatrixFunctions/arm_mat_cmplx_mult_q15.c **** 
 154:Drivers/CMSIS/DSP/Source/MatrixFunctions/arm_mat_cmplx_mult_q15.c ****         /* Update the pointer px to point to the next row of the transposed matrix */
 155:Drivers/CMSIS/DSP/Source/MatrixFunctions/arm_mat_cmplx_mult_q15.c ****         px += numRowsB * 2;
 156:Drivers/CMSIS/DSP/Source/MatrixFunctions/arm_mat_cmplx_mult_q15.c **** 
 157:Drivers/CMSIS/DSP/Source/MatrixFunctions/arm_mat_cmplx_mult_q15.c ****         /* Read two elements from the row */
 158:Drivers/CMSIS/DSP/Source/MatrixFunctions/arm_mat_cmplx_mult_q15.c ****         in = *pInB++;
 159:Drivers/CMSIS/DSP/Source/MatrixFunctions/arm_mat_cmplx_mult_q15.c ****         *px = in;
 160:Drivers/CMSIS/DSP/Source/MatrixFunctions/arm_mat_cmplx_mult_q15.c ****         in = *pInB++;
 161:Drivers/CMSIS/DSP/Source/MatrixFunctions/arm_mat_cmplx_mult_q15.c ****         px[1] = in;
 162:Drivers/CMSIS/DSP/Source/MatrixFunctions/arm_mat_cmplx_mult_q15.c **** 
 163:Drivers/CMSIS/DSP/Source/MatrixFunctions/arm_mat_cmplx_mult_q15.c ****         /* Update the pointer px to point to the next row of the transposed matrix */
 164:Drivers/CMSIS/DSP/Source/MatrixFunctions/arm_mat_cmplx_mult_q15.c ****         px += numRowsB * 2;
 165:Drivers/CMSIS/DSP/Source/MatrixFunctions/arm_mat_cmplx_mult_q15.c **** 
 166:Drivers/CMSIS/DSP/Source/MatrixFunctions/arm_mat_cmplx_mult_q15.c ****         /* Decrement the column loop counter */
 167:Drivers/CMSIS/DSP/Source/MatrixFunctions/arm_mat_cmplx_mult_q15.c ****         col--;
 168:Drivers/CMSIS/DSP/Source/MatrixFunctions/arm_mat_cmplx_mult_q15.c ****       }
 169:Drivers/CMSIS/DSP/Source/MatrixFunctions/arm_mat_cmplx_mult_q15.c **** 
 170:Drivers/CMSIS/DSP/Source/MatrixFunctions/arm_mat_cmplx_mult_q15.c ****       /* If the columns of pSrcB is not a multiple of 4, compute any remaining output samples here.
 171:Drivers/CMSIS/DSP/Source/MatrixFunctions/arm_mat_cmplx_mult_q15.c ****        ** No loop unrolling is used. */
 172:Drivers/CMSIS/DSP/Source/MatrixFunctions/arm_mat_cmplx_mult_q15.c ****       col = numColsB % 0x4U;
 173:Drivers/CMSIS/DSP/Source/MatrixFunctions/arm_mat_cmplx_mult_q15.c **** 
 174:Drivers/CMSIS/DSP/Source/MatrixFunctions/arm_mat_cmplx_mult_q15.c ****       while (col > 0U)
 175:Drivers/CMSIS/DSP/Source/MatrixFunctions/arm_mat_cmplx_mult_q15.c ****       {
 176:Drivers/CMSIS/DSP/Source/MatrixFunctions/arm_mat_cmplx_mult_q15.c ****         /* Read two elements from the row */
 177:Drivers/CMSIS/DSP/Source/MatrixFunctions/arm_mat_cmplx_mult_q15.c ****         in = *pInB++;
 178:Drivers/CMSIS/DSP/Source/MatrixFunctions/arm_mat_cmplx_mult_q15.c ****         *px = in;
 179:Drivers/CMSIS/DSP/Source/MatrixFunctions/arm_mat_cmplx_mult_q15.c ****         in = *pInB++;
 180:Drivers/CMSIS/DSP/Source/MatrixFunctions/arm_mat_cmplx_mult_q15.c ****         px[1] = in;
 181:Drivers/CMSIS/DSP/Source/MatrixFunctions/arm_mat_cmplx_mult_q15.c **** #else
 182:Drivers/CMSIS/DSP/Source/MatrixFunctions/arm_mat_cmplx_mult_q15.c **** 
 183:Drivers/CMSIS/DSP/Source/MatrixFunctions/arm_mat_cmplx_mult_q15.c ****         /* Read two elements from the row */
 184:Drivers/CMSIS/DSP/Source/MatrixFunctions/arm_mat_cmplx_mult_q15.c ****         in = *__SIMD32(pInB)++;
  87              		.loc 1 184 9 is_stmt 1 view .LVU18
 185:Drivers/CMSIS/DSP/Source/MatrixFunctions/arm_mat_cmplx_mult_q15.c **** 
 186:Drivers/CMSIS/DSP/Source/MatrixFunctions/arm_mat_cmplx_mult_q15.c ****         *__SIMD32(px) = in;
  88              		.loc 1 186 9 view .LVU19
  89              		.loc 1 186 23 is_stmt 0 view .LVU20
  90 0026 1868     		ldr	r0, [r3]
  91 0028 2060     		str	r0, [r4]
  92              	.LVL9:
 187:Drivers/CMSIS/DSP/Source/MatrixFunctions/arm_mat_cmplx_mult_q15.c **** 
 188:Drivers/CMSIS/DSP/Source/MatrixFunctions/arm_mat_cmplx_mult_q15.c ****         /* Update the pointer px to point to the next row of the transposed matrix */
 189:Drivers/CMSIS/DSP/Source/MatrixFunctions/arm_mat_cmplx_mult_q15.c ****         px += numRowsB * 2;
  93              		.loc 1 189 9 is_stmt 1 view .LVU21
 190:Drivers/CMSIS/DSP/Source/MatrixFunctions/arm_mat_cmplx_mult_q15.c **** 
 191:Drivers/CMSIS/DSP/Source/MatrixFunctions/arm_mat_cmplx_mult_q15.c **** 
 192:Drivers/CMSIS/DSP/Source/MatrixFunctions/arm_mat_cmplx_mult_q15.c ****         /* Read two elements from the row */
 193:Drivers/CMSIS/DSP/Source/MatrixFunctions/arm_mat_cmplx_mult_q15.c ****         in = *__SIMD32(pInB)++;
ARM GAS  C:\Users\Lamp\AppData\Local\Temp\ccXAOCAc.s 			page 6


  94              		.loc 1 193 9 view .LVU22
 194:Drivers/CMSIS/DSP/Source/MatrixFunctions/arm_mat_cmplx_mult_q15.c **** 
 195:Drivers/CMSIS/DSP/Source/MatrixFunctions/arm_mat_cmplx_mult_q15.c ****         *__SIMD32(px) = in;
  95              		.loc 1 195 9 view .LVU23
  96              		.loc 1 195 23 is_stmt 0 view .LVU24
  97 002a 5868     		ldr	r0, [r3, #4]
  98 002c 44F82C00 		str	r0, [r4, ip, lsl #2]
  99              	.LVL10:
 196:Drivers/CMSIS/DSP/Source/MatrixFunctions/arm_mat_cmplx_mult_q15.c **** 
 197:Drivers/CMSIS/DSP/Source/MatrixFunctions/arm_mat_cmplx_mult_q15.c ****         /* Update the pointer px to point to the next row of the transposed matrix */
 198:Drivers/CMSIS/DSP/Source/MatrixFunctions/arm_mat_cmplx_mult_q15.c ****         px += numRowsB * 2;
 100              		.loc 1 198 9 is_stmt 1 view .LVU25
 101              		.loc 1 198 12 is_stmt 0 view .LVU26
 102 0030 04EBCC0A 		add	r10, r4, ip, lsl #3
 103              	.LVL11:
 199:Drivers/CMSIS/DSP/Source/MatrixFunctions/arm_mat_cmplx_mult_q15.c **** 
 200:Drivers/CMSIS/DSP/Source/MatrixFunctions/arm_mat_cmplx_mult_q15.c ****         /* Read two elements from the row */
 201:Drivers/CMSIS/DSP/Source/MatrixFunctions/arm_mat_cmplx_mult_q15.c ****         in = *__SIMD32(pInB)++;
 104              		.loc 1 201 9 is_stmt 1 view .LVU27
 202:Drivers/CMSIS/DSP/Source/MatrixFunctions/arm_mat_cmplx_mult_q15.c **** 
 203:Drivers/CMSIS/DSP/Source/MatrixFunctions/arm_mat_cmplx_mult_q15.c ****         *__SIMD32(px) = in;
 105              		.loc 1 203 9 view .LVU28
 106              		.loc 1 203 23 is_stmt 0 view .LVU29
 107 0034 9868     		ldr	r0, [r3, #8]
 108 0036 44F83C00 		str	r0, [r4, ip, lsl #3]
 109              	.LVL12:
 204:Drivers/CMSIS/DSP/Source/MatrixFunctions/arm_mat_cmplx_mult_q15.c **** 
 205:Drivers/CMSIS/DSP/Source/MatrixFunctions/arm_mat_cmplx_mult_q15.c ****         /* Update the pointer px to point to the next row of the transposed matrix */
 206:Drivers/CMSIS/DSP/Source/MatrixFunctions/arm_mat_cmplx_mult_q15.c ****         px += numRowsB * 2;
 110              		.loc 1 206 9 is_stmt 1 view .LVU30
 207:Drivers/CMSIS/DSP/Source/MatrixFunctions/arm_mat_cmplx_mult_q15.c **** 
 208:Drivers/CMSIS/DSP/Source/MatrixFunctions/arm_mat_cmplx_mult_q15.c ****         /* Read two elements from the row */
 209:Drivers/CMSIS/DSP/Source/MatrixFunctions/arm_mat_cmplx_mult_q15.c ****         in = *__SIMD32(pInB)++;
 111              		.loc 1 209 9 view .LVU31
 112              		.loc 1 209 12 is_stmt 0 view .LVU32
 113 003a DC68     		ldr	r4, [r3, #12]
 114              	.LVL13:
 210:Drivers/CMSIS/DSP/Source/MatrixFunctions/arm_mat_cmplx_mult_q15.c **** 
 211:Drivers/CMSIS/DSP/Source/MatrixFunctions/arm_mat_cmplx_mult_q15.c ****         *__SIMD32(px) = in;
 115              		.loc 1 211 9 is_stmt 1 view .LVU33
 116              		.loc 1 211 23 is_stmt 0 view .LVU34
 117 003c 4AF82C40 		str	r4, [r10, ip, lsl #2]
 212:Drivers/CMSIS/DSP/Source/MatrixFunctions/arm_mat_cmplx_mult_q15.c **** 
 213:Drivers/CMSIS/DSP/Source/MatrixFunctions/arm_mat_cmplx_mult_q15.c ****         /* Update the pointer px to point to the next row of the transposed matrix */
 214:Drivers/CMSIS/DSP/Source/MatrixFunctions/arm_mat_cmplx_mult_q15.c ****         px += numRowsB * 2;
 118              		.loc 1 214 9 is_stmt 1 view .LVU35
 119              		.loc 1 214 12 is_stmt 0 view .LVU36
 120 0040 0AEBCC04 		add	r4, r10, ip, lsl #3
 121              	.LVL14:
 215:Drivers/CMSIS/DSP/Source/MatrixFunctions/arm_mat_cmplx_mult_q15.c **** 
 216:Drivers/CMSIS/DSP/Source/MatrixFunctions/arm_mat_cmplx_mult_q15.c ****         /* Decrement the column loop counter */
 217:Drivers/CMSIS/DSP/Source/MatrixFunctions/arm_mat_cmplx_mult_q15.c ****         col--;
 122              		.loc 1 217 9 is_stmt 1 view .LVU37
 123              		.loc 1 217 12 is_stmt 0 view .LVU38
 124 0044 013A     		subs	r2, r2, #1
 125              	.LVL15:
 126              		.loc 1 217 12 view .LVU39
ARM GAS  C:\Users\Lamp\AppData\Local\Temp\ccXAOCAc.s 			page 7


 127 0046 92B2     		uxth	r2, r2
 128              	.LVL16:
 209:Drivers/CMSIS/DSP/Source/MatrixFunctions/arm_mat_cmplx_mult_q15.c **** 
 129              		.loc 1 209 29 view .LVU40
 130 0048 1033     		adds	r3, r3, #16
 131              	.LVL17:
 132              	.L2:
 127:Drivers/CMSIS/DSP/Source/MatrixFunctions/arm_mat_cmplx_mult_q15.c ****       {
 133              		.loc 1 127 18 is_stmt 1 view .LVU41
 134 004a 002A     		cmp	r2, #0
 135 004c EBD1     		bne	.L3
 218:Drivers/CMSIS/DSP/Source/MatrixFunctions/arm_mat_cmplx_mult_q15.c ****       }
 219:Drivers/CMSIS/DSP/Source/MatrixFunctions/arm_mat_cmplx_mult_q15.c **** 
 220:Drivers/CMSIS/DSP/Source/MatrixFunctions/arm_mat_cmplx_mult_q15.c ****       /* If the columns of pSrcB is not a multiple of 4, compute any remaining output samples here.
 221:Drivers/CMSIS/DSP/Source/MatrixFunctions/arm_mat_cmplx_mult_q15.c ****        ** No loop unrolling is used. */
 222:Drivers/CMSIS/DSP/Source/MatrixFunctions/arm_mat_cmplx_mult_q15.c ****       col = numColsB % 0x4U;
 136              		.loc 1 222 7 view .LVU42
 137              		.loc 1 222 11 is_stmt 0 view .LVU43
 138 004e 07F00302 		and	r2, r7, #3
 139              	.LVL18:
 223:Drivers/CMSIS/DSP/Source/MatrixFunctions/arm_mat_cmplx_mult_q15.c **** 
 224:Drivers/CMSIS/DSP/Source/MatrixFunctions/arm_mat_cmplx_mult_q15.c ****       while (col > 0U)
 140              		.loc 1 224 7 is_stmt 1 view .LVU44
 141              		.loc 1 224 13 is_stmt 0 view .LVU45
 142 0052 06E0     		b	.L4
 143              	.L5:
 225:Drivers/CMSIS/DSP/Source/MatrixFunctions/arm_mat_cmplx_mult_q15.c ****       {
 226:Drivers/CMSIS/DSP/Source/MatrixFunctions/arm_mat_cmplx_mult_q15.c ****         /* Read two elements from the row */
 227:Drivers/CMSIS/DSP/Source/MatrixFunctions/arm_mat_cmplx_mult_q15.c ****         in = *__SIMD32(pInB)++;
 144              		.loc 1 227 9 is_stmt 1 view .LVU46
 145              	.LVL19:
 146              		.loc 1 227 12 is_stmt 0 view .LVU47
 147 0054 53F8040B 		ldr	r0, [r3], #4
 148              	.LVL20:
 228:Drivers/CMSIS/DSP/Source/MatrixFunctions/arm_mat_cmplx_mult_q15.c **** 
 229:Drivers/CMSIS/DSP/Source/MatrixFunctions/arm_mat_cmplx_mult_q15.c ****         *__SIMD32(px) = in;
 149              		.loc 1 229 9 is_stmt 1 view .LVU48
 150              		.loc 1 229 23 is_stmt 0 view .LVU49
 151 0058 2060     		str	r0, [r4]
 230:Drivers/CMSIS/DSP/Source/MatrixFunctions/arm_mat_cmplx_mult_q15.c **** #endif
 231:Drivers/CMSIS/DSP/Source/MatrixFunctions/arm_mat_cmplx_mult_q15.c **** 
 232:Drivers/CMSIS/DSP/Source/MatrixFunctions/arm_mat_cmplx_mult_q15.c ****         /* Update the pointer px to point to the next row of the transposed matrix */
 233:Drivers/CMSIS/DSP/Source/MatrixFunctions/arm_mat_cmplx_mult_q15.c ****         px += numRowsB * 2;
 152              		.loc 1 233 9 is_stmt 1 view .LVU50
 153              		.loc 1 233 12 is_stmt 0 view .LVU51
 154 005a 04EB8C04 		add	r4, r4, ip, lsl #2
 155              	.LVL21:
 234:Drivers/CMSIS/DSP/Source/MatrixFunctions/arm_mat_cmplx_mult_q15.c **** 
 235:Drivers/CMSIS/DSP/Source/MatrixFunctions/arm_mat_cmplx_mult_q15.c ****         /* Decrement the column loop counter */
 236:Drivers/CMSIS/DSP/Source/MatrixFunctions/arm_mat_cmplx_mult_q15.c ****         col--;
 156              		.loc 1 236 9 is_stmt 1 view .LVU52
 157              		.loc 1 236 12 is_stmt 0 view .LVU53
 158 005e 013A     		subs	r2, r2, #1
 159              	.LVL22:
 160              		.loc 1 236 12 view .LVU54
 161 0060 92B2     		uxth	r2, r2
 162              	.LVL23:
ARM GAS  C:\Users\Lamp\AppData\Local\Temp\ccXAOCAc.s 			page 8


 163              	.L4:
 224:Drivers/CMSIS/DSP/Source/MatrixFunctions/arm_mat_cmplx_mult_q15.c ****       {
 164              		.loc 1 224 18 is_stmt 1 view .LVU55
 165 0062 002A     		cmp	r2, #0
 166 0064 F6D1     		bne	.L5
 237:Drivers/CMSIS/DSP/Source/MatrixFunctions/arm_mat_cmplx_mult_q15.c ****       }
 238:Drivers/CMSIS/DSP/Source/MatrixFunctions/arm_mat_cmplx_mult_q15.c **** 
 239:Drivers/CMSIS/DSP/Source/MatrixFunctions/arm_mat_cmplx_mult_q15.c ****       i = i + 2U;
 167              		.loc 1 239 7 view .LVU56
 168              		.loc 1 239 9 is_stmt 0 view .LVU57
 169 0066 0EF1020E 		add	lr, lr, #2
 170              	.LVL24:
 171              		.loc 1 239 9 view .LVU58
 172 006a 1FFA8EFE 		uxth	lr, lr
 173              	.LVL25:
 240:Drivers/CMSIS/DSP/Source/MatrixFunctions/arm_mat_cmplx_mult_q15.c **** 
 241:Drivers/CMSIS/DSP/Source/MatrixFunctions/arm_mat_cmplx_mult_q15.c ****       /* Decrement the row loop counter */
 242:Drivers/CMSIS/DSP/Source/MatrixFunctions/arm_mat_cmplx_mult_q15.c ****       row--;
 174              		.loc 1 242 7 is_stmt 1 view .LVU59
 175              		.loc 1 242 10 is_stmt 0 view .LVU60
 176 006e 0139     		subs	r1, r1, #1
 177              	.LVL26:
 178              		.loc 1 242 10 view .LVU61
 179 0070 89B2     		uxth	r1, r1
 180              	.LVL27:
 243:Drivers/CMSIS/DSP/Source/MatrixFunctions/arm_mat_cmplx_mult_q15.c **** 
 244:Drivers/CMSIS/DSP/Source/MatrixFunctions/arm_mat_cmplx_mult_q15.c ****     } while (row > 0U);
 181              		.loc 1 244 18 is_stmt 1 view .LVU62
 182 0072 19B1     		cbz	r1, .L14
 183              	.LVL28:
 184              	.L6:
  93:Drivers/CMSIS/DSP/Source/MatrixFunctions/arm_mat_cmplx_mult_q15.c ****   q63_t sumReal, sumImag;
 185              		.loc 1 93 3 view .LVU63
  94:Drivers/CMSIS/DSP/Source/MatrixFunctions/arm_mat_cmplx_mult_q15.c **** 
 186              		.loc 1 94 3 view .LVU64
 100:Drivers/CMSIS/DSP/Source/MatrixFunctions/arm_mat_cmplx_mult_q15.c ****   q31_t prod1, prod2;
 187              		.loc 1 100 3 view .LVU65
 101:Drivers/CMSIS/DSP/Source/MatrixFunctions/arm_mat_cmplx_mult_q15.c ****   q31_t pSourceA, pSourceB;
 188              		.loc 1 101 3 view .LVU66
 102:Drivers/CMSIS/DSP/Source/MatrixFunctions/arm_mat_cmplx_mult_q15.c **** #endif
 189              		.loc 1 102 3 view .LVU67
 117:Drivers/CMSIS/DSP/Source/MatrixFunctions/arm_mat_cmplx_mult_q15.c ****     {
 190              		.loc 1 117 5 view .LVU68
 120:Drivers/CMSIS/DSP/Source/MatrixFunctions/arm_mat_cmplx_mult_q15.c **** 
 191              		.loc 1 120 7 view .LVU69
 120:Drivers/CMSIS/DSP/Source/MatrixFunctions/arm_mat_cmplx_mult_q15.c **** 
 192              		.loc 1 120 11 is_stmt 0 view .LVU70
 193 0074 BA08     		lsrs	r2, r7, #2
 194              	.LVL29:
 123:Drivers/CMSIS/DSP/Source/MatrixFunctions/arm_mat_cmplx_mult_q15.c **** 
 195              		.loc 1 123 7 is_stmt 1 view .LVU71
 123:Drivers/CMSIS/DSP/Source/MatrixFunctions/arm_mat_cmplx_mult_q15.c **** 
 196              		.loc 1 123 19 is_stmt 0 view .LVU72
 197 0076 06EB4E04 		add	r4, r6, lr, lsl #1
 198              	.LVL30:
 127:Drivers/CMSIS/DSP/Source/MatrixFunctions/arm_mat_cmplx_mult_q15.c ****       {
 199              		.loc 1 127 7 is_stmt 1 view .LVU73
ARM GAS  C:\Users\Lamp\AppData\Local\Temp\ccXAOCAc.s 			page 9


 127:Drivers/CMSIS/DSP/Source/MatrixFunctions/arm_mat_cmplx_mult_q15.c ****       {
 200              		.loc 1 127 13 is_stmt 0 view .LVU74
 201 007a E6E7     		b	.L2
 202              	.L14:
 245:Drivers/CMSIS/DSP/Source/MatrixFunctions/arm_mat_cmplx_mult_q15.c **** 
 246:Drivers/CMSIS/DSP/Source/MatrixFunctions/arm_mat_cmplx_mult_q15.c ****     /* Reset the variables for the usage in the following multiplication process */
 247:Drivers/CMSIS/DSP/Source/MatrixFunctions/arm_mat_cmplx_mult_q15.c ****     row = numRowsA;
 248:Drivers/CMSIS/DSP/Source/MatrixFunctions/arm_mat_cmplx_mult_q15.c ****     i = 0U;
 249:Drivers/CMSIS/DSP/Source/MatrixFunctions/arm_mat_cmplx_mult_q15.c ****     px = pDst->pData;
 203              		.loc 1 249 14 view .LVU75
 204 007c 0491     		str	r1, [sp, #16]
 205 007e 5846     		mov	r0, fp
 206 0080 4146     		mov	r1, r8
 207              	.LVL31:
 247:Drivers/CMSIS/DSP/Source/MatrixFunctions/arm_mat_cmplx_mult_q15.c ****     i = 0U;
 208              		.loc 1 247 5 is_stmt 1 view .LVU76
 248:Drivers/CMSIS/DSP/Source/MatrixFunctions/arm_mat_cmplx_mult_q15.c ****     px = pDst->pData;
 209              		.loc 1 248 5 view .LVU77
 210              		.loc 1 249 5 view .LVU78
 211              		.loc 1 249 14 is_stmt 0 view .LVU79
 212 0082 D9F80480 		ldr	r8, [r9, #4]
 213              	.LVL32:
 214              		.loc 1 249 14 view .LVU80
 215 0086 0697     		str	r7, [sp, #24]
 216 0088 2B46     		mov	r3, r5
 217              	.LVL33:
 218              		.loc 1 249 14 view .LVU81
 219 008a 0796     		str	r6, [sp, #28]
 220 008c 84E0     		b	.L11
 221              	.LVL34:
 222              	.L8:
 250:Drivers/CMSIS/DSP/Source/MatrixFunctions/arm_mat_cmplx_mult_q15.c **** 
 251:Drivers/CMSIS/DSP/Source/MatrixFunctions/arm_mat_cmplx_mult_q15.c ****     /* The following loop performs the dot-product of each row in pSrcA with each column in pSrcB *
 252:Drivers/CMSIS/DSP/Source/MatrixFunctions/arm_mat_cmplx_mult_q15.c ****     /* row loop */
 253:Drivers/CMSIS/DSP/Source/MatrixFunctions/arm_mat_cmplx_mult_q15.c ****     do
 254:Drivers/CMSIS/DSP/Source/MatrixFunctions/arm_mat_cmplx_mult_q15.c ****     {
 255:Drivers/CMSIS/DSP/Source/MatrixFunctions/arm_mat_cmplx_mult_q15.c ****       /* For every row wise process, the column loop counter is to be initiated */
 256:Drivers/CMSIS/DSP/Source/MatrixFunctions/arm_mat_cmplx_mult_q15.c ****       col = numColsB;
 257:Drivers/CMSIS/DSP/Source/MatrixFunctions/arm_mat_cmplx_mult_q15.c **** 
 258:Drivers/CMSIS/DSP/Source/MatrixFunctions/arm_mat_cmplx_mult_q15.c ****       /* For every row wise process, the pIn2 pointer is set
 259:Drivers/CMSIS/DSP/Source/MatrixFunctions/arm_mat_cmplx_mult_q15.c ****        ** to the starting address of the transposed pSrcB data */
 260:Drivers/CMSIS/DSP/Source/MatrixFunctions/arm_mat_cmplx_mult_q15.c ****       pInB = pSrcBT;
 261:Drivers/CMSIS/DSP/Source/MatrixFunctions/arm_mat_cmplx_mult_q15.c **** 
 262:Drivers/CMSIS/DSP/Source/MatrixFunctions/arm_mat_cmplx_mult_q15.c ****       /* column loop */
 263:Drivers/CMSIS/DSP/Source/MatrixFunctions/arm_mat_cmplx_mult_q15.c ****       do
 264:Drivers/CMSIS/DSP/Source/MatrixFunctions/arm_mat_cmplx_mult_q15.c ****       {
 265:Drivers/CMSIS/DSP/Source/MatrixFunctions/arm_mat_cmplx_mult_q15.c ****         /* Set the variable sum, that acts as accumulator, to zero */
 266:Drivers/CMSIS/DSP/Source/MatrixFunctions/arm_mat_cmplx_mult_q15.c ****         sumReal = 0;
 267:Drivers/CMSIS/DSP/Source/MatrixFunctions/arm_mat_cmplx_mult_q15.c ****         sumImag = 0;
 268:Drivers/CMSIS/DSP/Source/MatrixFunctions/arm_mat_cmplx_mult_q15.c **** 
 269:Drivers/CMSIS/DSP/Source/MatrixFunctions/arm_mat_cmplx_mult_q15.c ****         /* Apply loop unrolling and compute 2 MACs simultaneously. */
 270:Drivers/CMSIS/DSP/Source/MatrixFunctions/arm_mat_cmplx_mult_q15.c ****         colCnt = numColsA >> 1;
 271:Drivers/CMSIS/DSP/Source/MatrixFunctions/arm_mat_cmplx_mult_q15.c **** 
 272:Drivers/CMSIS/DSP/Source/MatrixFunctions/arm_mat_cmplx_mult_q15.c ****         /* Initiate the pointer pIn1 to point to the starting address of the column being processed
 273:Drivers/CMSIS/DSP/Source/MatrixFunctions/arm_mat_cmplx_mult_q15.c ****         pInA = pSrcA->pData + i * 2;
 274:Drivers/CMSIS/DSP/Source/MatrixFunctions/arm_mat_cmplx_mult_q15.c **** 
 275:Drivers/CMSIS/DSP/Source/MatrixFunctions/arm_mat_cmplx_mult_q15.c **** 
ARM GAS  C:\Users\Lamp\AppData\Local\Temp\ccXAOCAc.s 			page 10


 276:Drivers/CMSIS/DSP/Source/MatrixFunctions/arm_mat_cmplx_mult_q15.c ****         /* matrix multiplication */
 277:Drivers/CMSIS/DSP/Source/MatrixFunctions/arm_mat_cmplx_mult_q15.c ****         while (colCnt > 0U)
 278:Drivers/CMSIS/DSP/Source/MatrixFunctions/arm_mat_cmplx_mult_q15.c ****         {
 279:Drivers/CMSIS/DSP/Source/MatrixFunctions/arm_mat_cmplx_mult_q15.c ****           /* c(m,n) = a(1,1)*b(1,1) + a(1,2) * b(2,1) + .... + a(m,p)*b(p,n) */
 280:Drivers/CMSIS/DSP/Source/MatrixFunctions/arm_mat_cmplx_mult_q15.c **** 
 281:Drivers/CMSIS/DSP/Source/MatrixFunctions/arm_mat_cmplx_mult_q15.c **** #ifdef UNALIGNED_SUPPORT_DISABLE
 282:Drivers/CMSIS/DSP/Source/MatrixFunctions/arm_mat_cmplx_mult_q15.c **** 
 283:Drivers/CMSIS/DSP/Source/MatrixFunctions/arm_mat_cmplx_mult_q15.c ****           /* read real and imag values from pSrcA buffer */
 284:Drivers/CMSIS/DSP/Source/MatrixFunctions/arm_mat_cmplx_mult_q15.c ****           a = *pInA;
 285:Drivers/CMSIS/DSP/Source/MatrixFunctions/arm_mat_cmplx_mult_q15.c ****           b = *(pInA + 1U);
 286:Drivers/CMSIS/DSP/Source/MatrixFunctions/arm_mat_cmplx_mult_q15.c ****           /* read real and imag values from pSrcB buffer */
 287:Drivers/CMSIS/DSP/Source/MatrixFunctions/arm_mat_cmplx_mult_q15.c ****           c = *pInB;
 288:Drivers/CMSIS/DSP/Source/MatrixFunctions/arm_mat_cmplx_mult_q15.c ****           d = *(pInB + 1U);
 289:Drivers/CMSIS/DSP/Source/MatrixFunctions/arm_mat_cmplx_mult_q15.c **** 
 290:Drivers/CMSIS/DSP/Source/MatrixFunctions/arm_mat_cmplx_mult_q15.c ****           /* Multiply and Accumlates */
 291:Drivers/CMSIS/DSP/Source/MatrixFunctions/arm_mat_cmplx_mult_q15.c ****           sumReal += (q31_t) a *c;
 292:Drivers/CMSIS/DSP/Source/MatrixFunctions/arm_mat_cmplx_mult_q15.c ****           sumImag += (q31_t) a *d;
 293:Drivers/CMSIS/DSP/Source/MatrixFunctions/arm_mat_cmplx_mult_q15.c ****           sumReal -= (q31_t) b *d;
 294:Drivers/CMSIS/DSP/Source/MatrixFunctions/arm_mat_cmplx_mult_q15.c ****           sumImag += (q31_t) b *c;
 295:Drivers/CMSIS/DSP/Source/MatrixFunctions/arm_mat_cmplx_mult_q15.c **** 
 296:Drivers/CMSIS/DSP/Source/MatrixFunctions/arm_mat_cmplx_mult_q15.c ****           /* read next real and imag values from pSrcA buffer */
 297:Drivers/CMSIS/DSP/Source/MatrixFunctions/arm_mat_cmplx_mult_q15.c ****           a = *(pInA + 2U);
 298:Drivers/CMSIS/DSP/Source/MatrixFunctions/arm_mat_cmplx_mult_q15.c ****           b = *(pInA + 3U);
 299:Drivers/CMSIS/DSP/Source/MatrixFunctions/arm_mat_cmplx_mult_q15.c ****           /* read next real and imag values from pSrcB buffer */
 300:Drivers/CMSIS/DSP/Source/MatrixFunctions/arm_mat_cmplx_mult_q15.c ****           c = *(pInB + 2U);
 301:Drivers/CMSIS/DSP/Source/MatrixFunctions/arm_mat_cmplx_mult_q15.c ****           d = *(pInB + 3U);
 302:Drivers/CMSIS/DSP/Source/MatrixFunctions/arm_mat_cmplx_mult_q15.c **** 
 303:Drivers/CMSIS/DSP/Source/MatrixFunctions/arm_mat_cmplx_mult_q15.c ****           /* update pointer */
 304:Drivers/CMSIS/DSP/Source/MatrixFunctions/arm_mat_cmplx_mult_q15.c ****           pInA += 4U;
 305:Drivers/CMSIS/DSP/Source/MatrixFunctions/arm_mat_cmplx_mult_q15.c **** 
 306:Drivers/CMSIS/DSP/Source/MatrixFunctions/arm_mat_cmplx_mult_q15.c ****           /* Multiply and Accumlates */
 307:Drivers/CMSIS/DSP/Source/MatrixFunctions/arm_mat_cmplx_mult_q15.c ****           sumReal += (q31_t) a *c;
 308:Drivers/CMSIS/DSP/Source/MatrixFunctions/arm_mat_cmplx_mult_q15.c ****           sumImag += (q31_t) a *d;
 309:Drivers/CMSIS/DSP/Source/MatrixFunctions/arm_mat_cmplx_mult_q15.c ****           sumReal -= (q31_t) b *d;
 310:Drivers/CMSIS/DSP/Source/MatrixFunctions/arm_mat_cmplx_mult_q15.c ****           sumImag += (q31_t) b *c;
 311:Drivers/CMSIS/DSP/Source/MatrixFunctions/arm_mat_cmplx_mult_q15.c ****           /* update pointer */
 312:Drivers/CMSIS/DSP/Source/MatrixFunctions/arm_mat_cmplx_mult_q15.c ****           pInB += 4U;
 313:Drivers/CMSIS/DSP/Source/MatrixFunctions/arm_mat_cmplx_mult_q15.c **** #else
 314:Drivers/CMSIS/DSP/Source/MatrixFunctions/arm_mat_cmplx_mult_q15.c ****           /* read real and imag values from pSrcA and pSrcB buffer */
 315:Drivers/CMSIS/DSP/Source/MatrixFunctions/arm_mat_cmplx_mult_q15.c ****           pSourceA = *__SIMD32(pInA)++;
 223              		.loc 1 315 11 is_stmt 1 view .LVU82
 224              		.loc 1 315 20 is_stmt 0 view .LVU83
 225 008e CE46     		mov	lr, r9
 226 0090 5EF8087B 		ldr	r7, [lr], #8
 227              	.LVL35:
 316:Drivers/CMSIS/DSP/Source/MatrixFunctions/arm_mat_cmplx_mult_q15.c ****           pSourceB = *__SIMD32(pInB)++;
 228              		.loc 1 316 11 is_stmt 1 view .LVU84
 229              		.loc 1 316 20 is_stmt 0 view .LVU85
 230 0094 D046     		mov	r8, r10
 231 0096 58F8086B 		ldr	r6, [r8], #8
 232              	.LVL36:
 317:Drivers/CMSIS/DSP/Source/MatrixFunctions/arm_mat_cmplx_mult_q15.c **** 
 318:Drivers/CMSIS/DSP/Source/MatrixFunctions/arm_mat_cmplx_mult_q15.c ****           /* Multiply and Accumlates */
 319:Drivers/CMSIS/DSP/Source/MatrixFunctions/arm_mat_cmplx_mult_q15.c **** #ifdef ARM_MATH_BIG_ENDIAN
 320:Drivers/CMSIS/DSP/Source/MatrixFunctions/arm_mat_cmplx_mult_q15.c ****           prod1 = -__SMUSD(pSourceA, pSourceB);
 321:Drivers/CMSIS/DSP/Source/MatrixFunctions/arm_mat_cmplx_mult_q15.c **** #else
 322:Drivers/CMSIS/DSP/Source/MatrixFunctions/arm_mat_cmplx_mult_q15.c ****           prod1 = __SMUSD(pSourceA, pSourceB);
ARM GAS  C:\Users\Lamp\AppData\Local\Temp\ccXAOCAc.s 			page 11


 233              		.loc 1 322 11 is_stmt 1 view .LVU86
 234              	.LBB16:
 235              	.LBI16:
 236              		.file 2 "Drivers/CMSIS/DSP/Include/arm_math.h"
   1:Drivers/CMSIS/DSP/Include/arm_math.h **** /******************************************************************************
   2:Drivers/CMSIS/DSP/Include/arm_math.h ****  * @file     arm_math.h
   3:Drivers/CMSIS/DSP/Include/arm_math.h ****  * @brief    Public header file for CMSIS DSP LibraryU
   4:Drivers/CMSIS/DSP/Include/arm_math.h ****  * @version  V1.5.3
   5:Drivers/CMSIS/DSP/Include/arm_math.h ****  * @date     10. January 2018
   6:Drivers/CMSIS/DSP/Include/arm_math.h ****  ******************************************************************************/
   7:Drivers/CMSIS/DSP/Include/arm_math.h **** /*
   8:Drivers/CMSIS/DSP/Include/arm_math.h ****  * Copyright (c) 2010-2018 Arm Limited or its affiliates. All rights reserved.
   9:Drivers/CMSIS/DSP/Include/arm_math.h ****  *
  10:Drivers/CMSIS/DSP/Include/arm_math.h ****  * SPDX-License-Identifier: Apache-2.0
  11:Drivers/CMSIS/DSP/Include/arm_math.h ****  *
  12:Drivers/CMSIS/DSP/Include/arm_math.h ****  * Licensed under the Apache License, Version 2.0 (the License); you may
  13:Drivers/CMSIS/DSP/Include/arm_math.h ****  * not use this file except in compliance with the License.
  14:Drivers/CMSIS/DSP/Include/arm_math.h ****  * You may obtain a copy of the License at
  15:Drivers/CMSIS/DSP/Include/arm_math.h ****  *
  16:Drivers/CMSIS/DSP/Include/arm_math.h ****  * www.apache.org/licenses/LICENSE-2.0
  17:Drivers/CMSIS/DSP/Include/arm_math.h ****  *
  18:Drivers/CMSIS/DSP/Include/arm_math.h ****  * Unless required by applicable law or agreed to in writing, software
  19:Drivers/CMSIS/DSP/Include/arm_math.h ****  * distributed under the License is distributed on an AS IS BASIS, WITHOUT
  20:Drivers/CMSIS/DSP/Include/arm_math.h ****  * WARRANTIES OR CONDITIONS OF ANY KIND, either express or implied.
  21:Drivers/CMSIS/DSP/Include/arm_math.h ****  * See the License for the specific language governing permissions and
  22:Drivers/CMSIS/DSP/Include/arm_math.h ****  * limitations under the License.
  23:Drivers/CMSIS/DSP/Include/arm_math.h ****  */
  24:Drivers/CMSIS/DSP/Include/arm_math.h **** 
  25:Drivers/CMSIS/DSP/Include/arm_math.h **** /**
  26:Drivers/CMSIS/DSP/Include/arm_math.h ****    \mainpage CMSIS DSP Software Library
  27:Drivers/CMSIS/DSP/Include/arm_math.h ****    *
  28:Drivers/CMSIS/DSP/Include/arm_math.h ****    * Introduction
  29:Drivers/CMSIS/DSP/Include/arm_math.h ****    * ------------
  30:Drivers/CMSIS/DSP/Include/arm_math.h ****    *
  31:Drivers/CMSIS/DSP/Include/arm_math.h ****    * This user manual describes the CMSIS DSP software library,
  32:Drivers/CMSIS/DSP/Include/arm_math.h ****    * a suite of common signal processing functions for use on Cortex-M processor based devices.
  33:Drivers/CMSIS/DSP/Include/arm_math.h ****    *
  34:Drivers/CMSIS/DSP/Include/arm_math.h ****    * The library is divided into a number of functions each covering a specific category:
  35:Drivers/CMSIS/DSP/Include/arm_math.h ****    * - Basic math functions
  36:Drivers/CMSIS/DSP/Include/arm_math.h ****    * - Fast math functions
  37:Drivers/CMSIS/DSP/Include/arm_math.h ****    * - Complex math functions
  38:Drivers/CMSIS/DSP/Include/arm_math.h ****    * - Filters
  39:Drivers/CMSIS/DSP/Include/arm_math.h ****    * - Matrix functions
  40:Drivers/CMSIS/DSP/Include/arm_math.h ****    * - Transforms
  41:Drivers/CMSIS/DSP/Include/arm_math.h ****    * - Motor control functions
  42:Drivers/CMSIS/DSP/Include/arm_math.h ****    * - Statistical functions
  43:Drivers/CMSIS/DSP/Include/arm_math.h ****    * - Support functions
  44:Drivers/CMSIS/DSP/Include/arm_math.h ****    * - Interpolation functions
  45:Drivers/CMSIS/DSP/Include/arm_math.h ****    *
  46:Drivers/CMSIS/DSP/Include/arm_math.h ****    * The library has separate functions for operating on 8-bit integers, 16-bit integers,
  47:Drivers/CMSIS/DSP/Include/arm_math.h ****    * 32-bit integer and 32-bit floating-point values.
  48:Drivers/CMSIS/DSP/Include/arm_math.h ****    *
  49:Drivers/CMSIS/DSP/Include/arm_math.h ****    * Using the Library
  50:Drivers/CMSIS/DSP/Include/arm_math.h ****    * ------------
  51:Drivers/CMSIS/DSP/Include/arm_math.h ****    *
  52:Drivers/CMSIS/DSP/Include/arm_math.h ****    * The library installer contains prebuilt versions of the libraries in the <code>Lib</code> fold
  53:Drivers/CMSIS/DSP/Include/arm_math.h ****    * - arm_cortexM7lfdp_math.lib (Cortex-M7, Little endian, Double Precision Floating Point Unit)
ARM GAS  C:\Users\Lamp\AppData\Local\Temp\ccXAOCAc.s 			page 12


  54:Drivers/CMSIS/DSP/Include/arm_math.h ****    * - arm_cortexM7bfdp_math.lib (Cortex-M7, Big endian, Double Precision Floating Point Unit)
  55:Drivers/CMSIS/DSP/Include/arm_math.h ****    * - arm_cortexM7lfsp_math.lib (Cortex-M7, Little endian, Single Precision Floating Point Unit)
  56:Drivers/CMSIS/DSP/Include/arm_math.h ****    * - arm_cortexM7bfsp_math.lib (Cortex-M7, Big endian and Single Precision Floating Point Unit on
  57:Drivers/CMSIS/DSP/Include/arm_math.h ****    * - arm_cortexM7l_math.lib (Cortex-M7, Little endian)
  58:Drivers/CMSIS/DSP/Include/arm_math.h ****    * - arm_cortexM7b_math.lib (Cortex-M7, Big endian)
  59:Drivers/CMSIS/DSP/Include/arm_math.h ****    * - arm_cortexM4lf_math.lib (Cortex-M4, Little endian, Floating Point Unit)
  60:Drivers/CMSIS/DSP/Include/arm_math.h ****    * - arm_cortexM4bf_math.lib (Cortex-M4, Big endian, Floating Point Unit)
  61:Drivers/CMSIS/DSP/Include/arm_math.h ****    * - arm_cortexM4l_math.lib (Cortex-M4, Little endian)
  62:Drivers/CMSIS/DSP/Include/arm_math.h ****    * - arm_cortexM4b_math.lib (Cortex-M4, Big endian)
  63:Drivers/CMSIS/DSP/Include/arm_math.h ****    * - arm_cortexM3l_math.lib (Cortex-M3, Little endian)
  64:Drivers/CMSIS/DSP/Include/arm_math.h ****    * - arm_cortexM3b_math.lib (Cortex-M3, Big endian)
  65:Drivers/CMSIS/DSP/Include/arm_math.h ****    * - arm_cortexM0l_math.lib (Cortex-M0 / Cortex-M0+, Little endian)
  66:Drivers/CMSIS/DSP/Include/arm_math.h ****    * - arm_cortexM0b_math.lib (Cortex-M0 / Cortex-M0+, Big endian)
  67:Drivers/CMSIS/DSP/Include/arm_math.h ****    * - arm_ARMv8MBLl_math.lib (Armv8-M Baseline, Little endian)
  68:Drivers/CMSIS/DSP/Include/arm_math.h ****    * - arm_ARMv8MMLl_math.lib (Armv8-M Mainline, Little endian)
  69:Drivers/CMSIS/DSP/Include/arm_math.h ****    * - arm_ARMv8MMLlfsp_math.lib (Armv8-M Mainline, Little endian, Single Precision Floating Point 
  70:Drivers/CMSIS/DSP/Include/arm_math.h ****    * - arm_ARMv8MMLld_math.lib (Armv8-M Mainline, Little endian, DSP instructions)
  71:Drivers/CMSIS/DSP/Include/arm_math.h ****    * - arm_ARMv8MMLldfsp_math.lib (Armv8-M Mainline, Little endian, DSP instructions, Single Precis
  72:Drivers/CMSIS/DSP/Include/arm_math.h ****    *
  73:Drivers/CMSIS/DSP/Include/arm_math.h ****    * The library functions are declared in the public file <code>arm_math.h</code> which is placed 
  74:Drivers/CMSIS/DSP/Include/arm_math.h ****    * Simply include this file and link the appropriate library in the application and begin calling
  75:Drivers/CMSIS/DSP/Include/arm_math.h ****    * public header file <code> arm_math.h</code> for Cortex-M cores with little endian and big endi
  76:Drivers/CMSIS/DSP/Include/arm_math.h ****    * Define the appropriate preprocessor macro ARM_MATH_CM7 or ARM_MATH_CM4 or ARM_MATH_CM3 or
  77:Drivers/CMSIS/DSP/Include/arm_math.h ****    * ARM_MATH_CM0 or ARM_MATH_CM0PLUS depending on the target processor in the application.
  78:Drivers/CMSIS/DSP/Include/arm_math.h ****    * For Armv8-M cores define preprocessor macro ARM_MATH_ARMV8MBL or ARM_MATH_ARMV8MML.
  79:Drivers/CMSIS/DSP/Include/arm_math.h ****    * Set preprocessor macro __DSP_PRESENT if Armv8-M Mainline core supports DSP instructions.
  80:Drivers/CMSIS/DSP/Include/arm_math.h ****    * 
  81:Drivers/CMSIS/DSP/Include/arm_math.h ****    *
  82:Drivers/CMSIS/DSP/Include/arm_math.h ****    * Examples
  83:Drivers/CMSIS/DSP/Include/arm_math.h ****    * --------
  84:Drivers/CMSIS/DSP/Include/arm_math.h ****    *
  85:Drivers/CMSIS/DSP/Include/arm_math.h ****    * The library ships with a number of examples which demonstrate how to use the library functions
  86:Drivers/CMSIS/DSP/Include/arm_math.h ****    *
  87:Drivers/CMSIS/DSP/Include/arm_math.h ****    * Toolchain Support
  88:Drivers/CMSIS/DSP/Include/arm_math.h ****    * ------------
  89:Drivers/CMSIS/DSP/Include/arm_math.h ****    *
  90:Drivers/CMSIS/DSP/Include/arm_math.h ****    * The library has been developed and tested with MDK version 5.14.0.0
  91:Drivers/CMSIS/DSP/Include/arm_math.h ****    * The library is being tested in GCC and IAR toolchains and updates on this activity will be mad
  92:Drivers/CMSIS/DSP/Include/arm_math.h ****    *
  93:Drivers/CMSIS/DSP/Include/arm_math.h ****    * Building the Library
  94:Drivers/CMSIS/DSP/Include/arm_math.h ****    * ------------
  95:Drivers/CMSIS/DSP/Include/arm_math.h ****    *
  96:Drivers/CMSIS/DSP/Include/arm_math.h ****    * The library installer contains a project file to rebuild libraries on MDK toolchain in the <co
  97:Drivers/CMSIS/DSP/Include/arm_math.h ****    * - arm_cortexM_math.uvprojx
  98:Drivers/CMSIS/DSP/Include/arm_math.h ****    *
  99:Drivers/CMSIS/DSP/Include/arm_math.h ****    *
 100:Drivers/CMSIS/DSP/Include/arm_math.h ****    * The libraries can be built by opening the arm_cortexM_math.uvprojx project in MDK-ARM, selecti
 101:Drivers/CMSIS/DSP/Include/arm_math.h ****    *
 102:Drivers/CMSIS/DSP/Include/arm_math.h ****    * Preprocessor Macros
 103:Drivers/CMSIS/DSP/Include/arm_math.h ****    * ------------
 104:Drivers/CMSIS/DSP/Include/arm_math.h ****    *
 105:Drivers/CMSIS/DSP/Include/arm_math.h ****    * Each library project have different preprocessor macros.
 106:Drivers/CMSIS/DSP/Include/arm_math.h ****    *
 107:Drivers/CMSIS/DSP/Include/arm_math.h ****    * - UNALIGNED_SUPPORT_DISABLE:
 108:Drivers/CMSIS/DSP/Include/arm_math.h ****    *
 109:Drivers/CMSIS/DSP/Include/arm_math.h ****    * Define macro UNALIGNED_SUPPORT_DISABLE, If the silicon does not support unaligned memory acces
 110:Drivers/CMSIS/DSP/Include/arm_math.h ****    *
ARM GAS  C:\Users\Lamp\AppData\Local\Temp\ccXAOCAc.s 			page 13


 111:Drivers/CMSIS/DSP/Include/arm_math.h ****    * - ARM_MATH_BIG_ENDIAN:
 112:Drivers/CMSIS/DSP/Include/arm_math.h ****    *
 113:Drivers/CMSIS/DSP/Include/arm_math.h ****    * Define macro ARM_MATH_BIG_ENDIAN to build the library for big endian targets. By default libra
 114:Drivers/CMSIS/DSP/Include/arm_math.h ****    *
 115:Drivers/CMSIS/DSP/Include/arm_math.h ****    * - ARM_MATH_MATRIX_CHECK:
 116:Drivers/CMSIS/DSP/Include/arm_math.h ****    *
 117:Drivers/CMSIS/DSP/Include/arm_math.h ****    * Define macro ARM_MATH_MATRIX_CHECK for checking on the input and output sizes of matrices
 118:Drivers/CMSIS/DSP/Include/arm_math.h ****    *
 119:Drivers/CMSIS/DSP/Include/arm_math.h ****    * - ARM_MATH_ROUNDING:
 120:Drivers/CMSIS/DSP/Include/arm_math.h ****    *
 121:Drivers/CMSIS/DSP/Include/arm_math.h ****    * Define macro ARM_MATH_ROUNDING for rounding on support functions
 122:Drivers/CMSIS/DSP/Include/arm_math.h ****    *
 123:Drivers/CMSIS/DSP/Include/arm_math.h ****    * - ARM_MATH_CMx:
 124:Drivers/CMSIS/DSP/Include/arm_math.h ****    *
 125:Drivers/CMSIS/DSP/Include/arm_math.h ****    * Define macro ARM_MATH_CM4 for building the library on Cortex-M4 target, ARM_MATH_CM3 for build
 126:Drivers/CMSIS/DSP/Include/arm_math.h ****    * and ARM_MATH_CM0 for building library on Cortex-M0 target, ARM_MATH_CM0PLUS for building libra
 127:Drivers/CMSIS/DSP/Include/arm_math.h ****    * ARM_MATH_CM7 for building the library on cortex-M7.
 128:Drivers/CMSIS/DSP/Include/arm_math.h ****    *
 129:Drivers/CMSIS/DSP/Include/arm_math.h ****    * - ARM_MATH_ARMV8MxL:
 130:Drivers/CMSIS/DSP/Include/arm_math.h ****    *
 131:Drivers/CMSIS/DSP/Include/arm_math.h ****    * Define macro ARM_MATH_ARMV8MBL for building the library on Armv8-M Baseline target, ARM_MATH_A
 132:Drivers/CMSIS/DSP/Include/arm_math.h ****    * on Armv8-M Mainline target.
 133:Drivers/CMSIS/DSP/Include/arm_math.h ****    *
 134:Drivers/CMSIS/DSP/Include/arm_math.h ****    * - __FPU_PRESENT:
 135:Drivers/CMSIS/DSP/Include/arm_math.h ****    *
 136:Drivers/CMSIS/DSP/Include/arm_math.h ****    * Initialize macro __FPU_PRESENT = 1 when building on FPU supported Targets. Enable this macro f
 137:Drivers/CMSIS/DSP/Include/arm_math.h ****    *
 138:Drivers/CMSIS/DSP/Include/arm_math.h ****    * - __DSP_PRESENT:
 139:Drivers/CMSIS/DSP/Include/arm_math.h ****    *
 140:Drivers/CMSIS/DSP/Include/arm_math.h ****    * Initialize macro __DSP_PRESENT = 1 when Armv8-M Mainline core supports DSP instructions.
 141:Drivers/CMSIS/DSP/Include/arm_math.h ****    *
 142:Drivers/CMSIS/DSP/Include/arm_math.h ****    * <hr>
 143:Drivers/CMSIS/DSP/Include/arm_math.h ****    * CMSIS-DSP in ARM::CMSIS Pack
 144:Drivers/CMSIS/DSP/Include/arm_math.h ****    * -----------------------------
 145:Drivers/CMSIS/DSP/Include/arm_math.h ****    *
 146:Drivers/CMSIS/DSP/Include/arm_math.h ****    * The following files relevant to CMSIS-DSP are present in the <b>ARM::CMSIS</b> Pack directorie
 147:Drivers/CMSIS/DSP/Include/arm_math.h ****    * |File/Folder                   |Content                                                       
 148:Drivers/CMSIS/DSP/Include/arm_math.h ****    * |------------------------------|--------------------------------------------------------------
 149:Drivers/CMSIS/DSP/Include/arm_math.h ****    * |\b CMSIS\\Documentation\\DSP  | This documentation                                           
 150:Drivers/CMSIS/DSP/Include/arm_math.h ****    * |\b CMSIS\\DSP_Lib             | Software license agreement (license.txt)                     
 151:Drivers/CMSIS/DSP/Include/arm_math.h ****    * |\b CMSIS\\DSP_Lib\\Examples   | Example projects demonstrating the usage of the library funct
 152:Drivers/CMSIS/DSP/Include/arm_math.h ****    * |\b CMSIS\\DSP_Lib\\Source     | Source files for rebuilding the library                      
 153:Drivers/CMSIS/DSP/Include/arm_math.h ****    *
 154:Drivers/CMSIS/DSP/Include/arm_math.h ****    * <hr>
 155:Drivers/CMSIS/DSP/Include/arm_math.h ****    * Revision History of CMSIS-DSP
 156:Drivers/CMSIS/DSP/Include/arm_math.h ****    * ------------
 157:Drivers/CMSIS/DSP/Include/arm_math.h ****    * Please refer to \ref ChangeLog_pg.
 158:Drivers/CMSIS/DSP/Include/arm_math.h ****    *
 159:Drivers/CMSIS/DSP/Include/arm_math.h ****    * Copyright Notice
 160:Drivers/CMSIS/DSP/Include/arm_math.h ****    * ------------
 161:Drivers/CMSIS/DSP/Include/arm_math.h ****    *
 162:Drivers/CMSIS/DSP/Include/arm_math.h ****    * Copyright (C) 2010-2015 Arm Limited. All rights reserved.
 163:Drivers/CMSIS/DSP/Include/arm_math.h ****    */
 164:Drivers/CMSIS/DSP/Include/arm_math.h **** 
 165:Drivers/CMSIS/DSP/Include/arm_math.h **** 
 166:Drivers/CMSIS/DSP/Include/arm_math.h **** /**
 167:Drivers/CMSIS/DSP/Include/arm_math.h ****  * @defgroup groupMath Basic Math Functions
ARM GAS  C:\Users\Lamp\AppData\Local\Temp\ccXAOCAc.s 			page 14


 168:Drivers/CMSIS/DSP/Include/arm_math.h ****  */
 169:Drivers/CMSIS/DSP/Include/arm_math.h **** 
 170:Drivers/CMSIS/DSP/Include/arm_math.h **** /**
 171:Drivers/CMSIS/DSP/Include/arm_math.h ****  * @defgroup groupFastMath Fast Math Functions
 172:Drivers/CMSIS/DSP/Include/arm_math.h ****  * This set of functions provides a fast approximation to sine, cosine, and square root.
 173:Drivers/CMSIS/DSP/Include/arm_math.h ****  * As compared to most of the other functions in the CMSIS math library, the fast math functions
 174:Drivers/CMSIS/DSP/Include/arm_math.h ****  * operate on individual values and not arrays.
 175:Drivers/CMSIS/DSP/Include/arm_math.h ****  * There are separate functions for Q15, Q31, and floating-point data.
 176:Drivers/CMSIS/DSP/Include/arm_math.h ****  *
 177:Drivers/CMSIS/DSP/Include/arm_math.h ****  */
 178:Drivers/CMSIS/DSP/Include/arm_math.h **** 
 179:Drivers/CMSIS/DSP/Include/arm_math.h **** /**
 180:Drivers/CMSIS/DSP/Include/arm_math.h ****  * @defgroup groupCmplxMath Complex Math Functions
 181:Drivers/CMSIS/DSP/Include/arm_math.h ****  * This set of functions operates on complex data vectors.
 182:Drivers/CMSIS/DSP/Include/arm_math.h ****  * The data in the complex arrays is stored in an interleaved fashion
 183:Drivers/CMSIS/DSP/Include/arm_math.h ****  * (real, imag, real, imag, ...).
 184:Drivers/CMSIS/DSP/Include/arm_math.h ****  * In the API functions, the number of samples in a complex array refers
 185:Drivers/CMSIS/DSP/Include/arm_math.h ****  * to the number of complex values; the array contains twice this number of
 186:Drivers/CMSIS/DSP/Include/arm_math.h ****  * real values.
 187:Drivers/CMSIS/DSP/Include/arm_math.h ****  */
 188:Drivers/CMSIS/DSP/Include/arm_math.h **** 
 189:Drivers/CMSIS/DSP/Include/arm_math.h **** /**
 190:Drivers/CMSIS/DSP/Include/arm_math.h ****  * @defgroup groupFilters Filtering Functions
 191:Drivers/CMSIS/DSP/Include/arm_math.h ****  */
 192:Drivers/CMSIS/DSP/Include/arm_math.h **** 
 193:Drivers/CMSIS/DSP/Include/arm_math.h **** /**
 194:Drivers/CMSIS/DSP/Include/arm_math.h ****  * @defgroup groupMatrix Matrix Functions
 195:Drivers/CMSIS/DSP/Include/arm_math.h ****  *
 196:Drivers/CMSIS/DSP/Include/arm_math.h ****  * This set of functions provides basic matrix math operations.
 197:Drivers/CMSIS/DSP/Include/arm_math.h ****  * The functions operate on matrix data structures.  For example,
 198:Drivers/CMSIS/DSP/Include/arm_math.h ****  * the type
 199:Drivers/CMSIS/DSP/Include/arm_math.h ****  * definition for the floating-point matrix structure is shown
 200:Drivers/CMSIS/DSP/Include/arm_math.h ****  * below:
 201:Drivers/CMSIS/DSP/Include/arm_math.h ****  * <pre>
 202:Drivers/CMSIS/DSP/Include/arm_math.h ****  *     typedef struct
 203:Drivers/CMSIS/DSP/Include/arm_math.h ****  *     {
 204:Drivers/CMSIS/DSP/Include/arm_math.h ****  *       uint16_t numRows;     // number of rows of the matrix.
 205:Drivers/CMSIS/DSP/Include/arm_math.h ****  *       uint16_t numCols;     // number of columns of the matrix.
 206:Drivers/CMSIS/DSP/Include/arm_math.h ****  *       float32_t *pData;     // points to the data of the matrix.
 207:Drivers/CMSIS/DSP/Include/arm_math.h ****  *     } arm_matrix_instance_f32;
 208:Drivers/CMSIS/DSP/Include/arm_math.h ****  * </pre>
 209:Drivers/CMSIS/DSP/Include/arm_math.h ****  * There are similar definitions for Q15 and Q31 data types.
 210:Drivers/CMSIS/DSP/Include/arm_math.h ****  *
 211:Drivers/CMSIS/DSP/Include/arm_math.h ****  * The structure specifies the size of the matrix and then points to
 212:Drivers/CMSIS/DSP/Include/arm_math.h ****  * an array of data.  The array is of size <code>numRows X numCols</code>
 213:Drivers/CMSIS/DSP/Include/arm_math.h ****  * and the values are arranged in row order.  That is, the
 214:Drivers/CMSIS/DSP/Include/arm_math.h ****  * matrix element (i, j) is stored at:
 215:Drivers/CMSIS/DSP/Include/arm_math.h ****  * <pre>
 216:Drivers/CMSIS/DSP/Include/arm_math.h ****  *     pData[i*numCols + j]
 217:Drivers/CMSIS/DSP/Include/arm_math.h ****  * </pre>
 218:Drivers/CMSIS/DSP/Include/arm_math.h ****  *
 219:Drivers/CMSIS/DSP/Include/arm_math.h ****  * \par Init Functions
 220:Drivers/CMSIS/DSP/Include/arm_math.h ****  * There is an associated initialization function for each type of matrix
 221:Drivers/CMSIS/DSP/Include/arm_math.h ****  * data structure.
 222:Drivers/CMSIS/DSP/Include/arm_math.h ****  * The initialization function sets the values of the internal structure fields.
 223:Drivers/CMSIS/DSP/Include/arm_math.h ****  * Refer to the function <code>arm_mat_init_f32()</code>, <code>arm_mat_init_q31()</code>
 224:Drivers/CMSIS/DSP/Include/arm_math.h ****  * and <code>arm_mat_init_q15()</code> for floating-point, Q31 and Q15 types,  respectively.
ARM GAS  C:\Users\Lamp\AppData\Local\Temp\ccXAOCAc.s 			page 15


 225:Drivers/CMSIS/DSP/Include/arm_math.h ****  *
 226:Drivers/CMSIS/DSP/Include/arm_math.h ****  * \par
 227:Drivers/CMSIS/DSP/Include/arm_math.h ****  * Use of the initialization function is optional. However, if initialization function is used
 228:Drivers/CMSIS/DSP/Include/arm_math.h ****  * then the instance structure cannot be placed into a const data section.
 229:Drivers/CMSIS/DSP/Include/arm_math.h ****  * To place the instance structure in a const data
 230:Drivers/CMSIS/DSP/Include/arm_math.h ****  * section, manually initialize the data structure.  For example:
 231:Drivers/CMSIS/DSP/Include/arm_math.h ****  * <pre>
 232:Drivers/CMSIS/DSP/Include/arm_math.h ****  * <code>arm_matrix_instance_f32 S = {nRows, nColumns, pData};</code>
 233:Drivers/CMSIS/DSP/Include/arm_math.h ****  * <code>arm_matrix_instance_q31 S = {nRows, nColumns, pData};</code>
 234:Drivers/CMSIS/DSP/Include/arm_math.h ****  * <code>arm_matrix_instance_q15 S = {nRows, nColumns, pData};</code>
 235:Drivers/CMSIS/DSP/Include/arm_math.h ****  * </pre>
 236:Drivers/CMSIS/DSP/Include/arm_math.h ****  * where <code>nRows</code> specifies the number of rows, <code>nColumns</code>
 237:Drivers/CMSIS/DSP/Include/arm_math.h ****  * specifies the number of columns, and <code>pData</code> points to the
 238:Drivers/CMSIS/DSP/Include/arm_math.h ****  * data array.
 239:Drivers/CMSIS/DSP/Include/arm_math.h ****  *
 240:Drivers/CMSIS/DSP/Include/arm_math.h ****  * \par Size Checking
 241:Drivers/CMSIS/DSP/Include/arm_math.h ****  * By default all of the matrix functions perform size checking on the input and
 242:Drivers/CMSIS/DSP/Include/arm_math.h ****  * output matrices. For example, the matrix addition function verifies that the
 243:Drivers/CMSIS/DSP/Include/arm_math.h ****  * two input matrices and the output matrix all have the same number of rows and
 244:Drivers/CMSIS/DSP/Include/arm_math.h ****  * columns. If the size check fails the functions return:
 245:Drivers/CMSIS/DSP/Include/arm_math.h ****  * <pre>
 246:Drivers/CMSIS/DSP/Include/arm_math.h ****  *     ARM_MATH_SIZE_MISMATCH
 247:Drivers/CMSIS/DSP/Include/arm_math.h ****  * </pre>
 248:Drivers/CMSIS/DSP/Include/arm_math.h ****  * Otherwise the functions return
 249:Drivers/CMSIS/DSP/Include/arm_math.h ****  * <pre>
 250:Drivers/CMSIS/DSP/Include/arm_math.h ****  *     ARM_MATH_SUCCESS
 251:Drivers/CMSIS/DSP/Include/arm_math.h ****  * </pre>
 252:Drivers/CMSIS/DSP/Include/arm_math.h ****  * There is some overhead associated with this matrix size checking.
 253:Drivers/CMSIS/DSP/Include/arm_math.h ****  * The matrix size checking is enabled via the \#define
 254:Drivers/CMSIS/DSP/Include/arm_math.h ****  * <pre>
 255:Drivers/CMSIS/DSP/Include/arm_math.h ****  *     ARM_MATH_MATRIX_CHECK
 256:Drivers/CMSIS/DSP/Include/arm_math.h ****  * </pre>
 257:Drivers/CMSIS/DSP/Include/arm_math.h ****  * within the library project settings.  By default this macro is defined
 258:Drivers/CMSIS/DSP/Include/arm_math.h ****  * and size checking is enabled. By changing the project settings and
 259:Drivers/CMSIS/DSP/Include/arm_math.h ****  * undefining this macro size checking is eliminated and the functions
 260:Drivers/CMSIS/DSP/Include/arm_math.h ****  * run a bit faster. With size checking disabled the functions always
 261:Drivers/CMSIS/DSP/Include/arm_math.h ****  * return <code>ARM_MATH_SUCCESS</code>.
 262:Drivers/CMSIS/DSP/Include/arm_math.h ****  */
 263:Drivers/CMSIS/DSP/Include/arm_math.h **** 
 264:Drivers/CMSIS/DSP/Include/arm_math.h **** /**
 265:Drivers/CMSIS/DSP/Include/arm_math.h ****  * @defgroup groupTransforms Transform Functions
 266:Drivers/CMSIS/DSP/Include/arm_math.h ****  */
 267:Drivers/CMSIS/DSP/Include/arm_math.h **** 
 268:Drivers/CMSIS/DSP/Include/arm_math.h **** /**
 269:Drivers/CMSIS/DSP/Include/arm_math.h ****  * @defgroup groupController Controller Functions
 270:Drivers/CMSIS/DSP/Include/arm_math.h ****  */
 271:Drivers/CMSIS/DSP/Include/arm_math.h **** 
 272:Drivers/CMSIS/DSP/Include/arm_math.h **** /**
 273:Drivers/CMSIS/DSP/Include/arm_math.h ****  * @defgroup groupStats Statistics Functions
 274:Drivers/CMSIS/DSP/Include/arm_math.h ****  */
 275:Drivers/CMSIS/DSP/Include/arm_math.h **** /**
 276:Drivers/CMSIS/DSP/Include/arm_math.h ****  * @defgroup groupSupport Support Functions
 277:Drivers/CMSIS/DSP/Include/arm_math.h ****  */
 278:Drivers/CMSIS/DSP/Include/arm_math.h **** 
 279:Drivers/CMSIS/DSP/Include/arm_math.h **** /**
 280:Drivers/CMSIS/DSP/Include/arm_math.h ****  * @defgroup groupInterpolation Interpolation Functions
 281:Drivers/CMSIS/DSP/Include/arm_math.h ****  * These functions perform 1- and 2-dimensional interpolation of data.
ARM GAS  C:\Users\Lamp\AppData\Local\Temp\ccXAOCAc.s 			page 16


 282:Drivers/CMSIS/DSP/Include/arm_math.h ****  * Linear interpolation is used for 1-dimensional data and
 283:Drivers/CMSIS/DSP/Include/arm_math.h ****  * bilinear interpolation is used for 2-dimensional data.
 284:Drivers/CMSIS/DSP/Include/arm_math.h ****  */
 285:Drivers/CMSIS/DSP/Include/arm_math.h **** 
 286:Drivers/CMSIS/DSP/Include/arm_math.h **** /**
 287:Drivers/CMSIS/DSP/Include/arm_math.h ****  * @defgroup groupExamples Examples
 288:Drivers/CMSIS/DSP/Include/arm_math.h ****  */
 289:Drivers/CMSIS/DSP/Include/arm_math.h **** #ifndef _ARM_MATH_H
 290:Drivers/CMSIS/DSP/Include/arm_math.h **** #define _ARM_MATH_H
 291:Drivers/CMSIS/DSP/Include/arm_math.h **** 
 292:Drivers/CMSIS/DSP/Include/arm_math.h **** /* Compiler specific diagnostic adjustment */
 293:Drivers/CMSIS/DSP/Include/arm_math.h **** #if   defined ( __CC_ARM )
 294:Drivers/CMSIS/DSP/Include/arm_math.h **** 
 295:Drivers/CMSIS/DSP/Include/arm_math.h **** #elif defined ( __ARMCC_VERSION ) && ( __ARMCC_VERSION >= 6010050 )
 296:Drivers/CMSIS/DSP/Include/arm_math.h **** 
 297:Drivers/CMSIS/DSP/Include/arm_math.h **** #elif defined ( __GNUC__ )
 298:Drivers/CMSIS/DSP/Include/arm_math.h **** #pragma GCC diagnostic push
 299:Drivers/CMSIS/DSP/Include/arm_math.h **** #pragma GCC diagnostic ignored "-Wsign-conversion"
 300:Drivers/CMSIS/DSP/Include/arm_math.h **** #pragma GCC diagnostic ignored "-Wconversion"
 301:Drivers/CMSIS/DSP/Include/arm_math.h **** #pragma GCC diagnostic ignored "-Wunused-parameter"
 302:Drivers/CMSIS/DSP/Include/arm_math.h **** 
 303:Drivers/CMSIS/DSP/Include/arm_math.h **** #elif defined ( __ICCARM__ )
 304:Drivers/CMSIS/DSP/Include/arm_math.h **** 
 305:Drivers/CMSIS/DSP/Include/arm_math.h **** #elif defined ( __TI_ARM__ )
 306:Drivers/CMSIS/DSP/Include/arm_math.h **** 
 307:Drivers/CMSIS/DSP/Include/arm_math.h **** #elif defined ( __CSMC__ )
 308:Drivers/CMSIS/DSP/Include/arm_math.h **** 
 309:Drivers/CMSIS/DSP/Include/arm_math.h **** #elif defined ( __TASKING__ )
 310:Drivers/CMSIS/DSP/Include/arm_math.h **** 
 311:Drivers/CMSIS/DSP/Include/arm_math.h **** #else
 312:Drivers/CMSIS/DSP/Include/arm_math.h ****   #error Unknown compiler
 313:Drivers/CMSIS/DSP/Include/arm_math.h **** #endif
 314:Drivers/CMSIS/DSP/Include/arm_math.h **** 
 315:Drivers/CMSIS/DSP/Include/arm_math.h **** 
 316:Drivers/CMSIS/DSP/Include/arm_math.h **** #define __CMSIS_GENERIC         /* disable NVIC and Systick functions */
 317:Drivers/CMSIS/DSP/Include/arm_math.h **** 
 318:Drivers/CMSIS/DSP/Include/arm_math.h **** #if defined(ARM_MATH_CM7)
 319:Drivers/CMSIS/DSP/Include/arm_math.h ****   #include "core_cm7.h"
 320:Drivers/CMSIS/DSP/Include/arm_math.h ****   #define ARM_MATH_DSP
 321:Drivers/CMSIS/DSP/Include/arm_math.h **** #elif defined (ARM_MATH_CM4)
 322:Drivers/CMSIS/DSP/Include/arm_math.h ****   #include "core_cm4.h"
 323:Drivers/CMSIS/DSP/Include/arm_math.h ****   #define ARM_MATH_DSP
 324:Drivers/CMSIS/DSP/Include/arm_math.h **** #elif defined (ARM_MATH_CM3)
 325:Drivers/CMSIS/DSP/Include/arm_math.h ****   #include "core_cm3.h"
 326:Drivers/CMSIS/DSP/Include/arm_math.h **** #elif defined (ARM_MATH_CM0)
 327:Drivers/CMSIS/DSP/Include/arm_math.h ****   #include "core_cm0.h"
 328:Drivers/CMSIS/DSP/Include/arm_math.h ****   #define ARM_MATH_CM0_FAMILY
 329:Drivers/CMSIS/DSP/Include/arm_math.h **** #elif defined (ARM_MATH_CM0PLUS)
 330:Drivers/CMSIS/DSP/Include/arm_math.h ****   #include "core_cm0plus.h"
 331:Drivers/CMSIS/DSP/Include/arm_math.h ****   #define ARM_MATH_CM0_FAMILY
 332:Drivers/CMSIS/DSP/Include/arm_math.h **** #elif defined (ARM_MATH_ARMV8MBL)
 333:Drivers/CMSIS/DSP/Include/arm_math.h ****   #include "core_armv8mbl.h"
 334:Drivers/CMSIS/DSP/Include/arm_math.h ****   #define ARM_MATH_CM0_FAMILY
 335:Drivers/CMSIS/DSP/Include/arm_math.h **** #elif defined (ARM_MATH_ARMV8MML)
 336:Drivers/CMSIS/DSP/Include/arm_math.h ****   #include "core_armv8mml.h"
 337:Drivers/CMSIS/DSP/Include/arm_math.h ****   #if (defined (__DSP_PRESENT) && (__DSP_PRESENT == 1))
 338:Drivers/CMSIS/DSP/Include/arm_math.h ****     #define ARM_MATH_DSP
ARM GAS  C:\Users\Lamp\AppData\Local\Temp\ccXAOCAc.s 			page 17


 339:Drivers/CMSIS/DSP/Include/arm_math.h ****   #endif
 340:Drivers/CMSIS/DSP/Include/arm_math.h **** #else
 341:Drivers/CMSIS/DSP/Include/arm_math.h ****   #error "Define according the used Cortex core ARM_MATH_CM7, ARM_MATH_CM4, ARM_MATH_CM3, ARM_MATH_
 342:Drivers/CMSIS/DSP/Include/arm_math.h **** #endif
 343:Drivers/CMSIS/DSP/Include/arm_math.h **** 
 344:Drivers/CMSIS/DSP/Include/arm_math.h **** #undef  __CMSIS_GENERIC         /* enable NVIC and Systick functions */
 345:Drivers/CMSIS/DSP/Include/arm_math.h **** #include "string.h"
 346:Drivers/CMSIS/DSP/Include/arm_math.h **** #include "math.h"
 347:Drivers/CMSIS/DSP/Include/arm_math.h **** #ifdef   __cplusplus
 348:Drivers/CMSIS/DSP/Include/arm_math.h **** extern "C"
 349:Drivers/CMSIS/DSP/Include/arm_math.h **** {
 350:Drivers/CMSIS/DSP/Include/arm_math.h **** #endif
 351:Drivers/CMSIS/DSP/Include/arm_math.h **** 
 352:Drivers/CMSIS/DSP/Include/arm_math.h **** 
 353:Drivers/CMSIS/DSP/Include/arm_math.h ****   /**
 354:Drivers/CMSIS/DSP/Include/arm_math.h ****    * @brief Macros required for reciprocal calculation in Normalized LMS
 355:Drivers/CMSIS/DSP/Include/arm_math.h ****    */
 356:Drivers/CMSIS/DSP/Include/arm_math.h **** 
 357:Drivers/CMSIS/DSP/Include/arm_math.h **** #define DELTA_Q31          (0x100)
 358:Drivers/CMSIS/DSP/Include/arm_math.h **** #define DELTA_Q15          0x5
 359:Drivers/CMSIS/DSP/Include/arm_math.h **** #define INDEX_MASK         0x0000003F
 360:Drivers/CMSIS/DSP/Include/arm_math.h **** #ifndef PI
 361:Drivers/CMSIS/DSP/Include/arm_math.h ****   #define PI               3.14159265358979f
 362:Drivers/CMSIS/DSP/Include/arm_math.h **** #endif
 363:Drivers/CMSIS/DSP/Include/arm_math.h **** 
 364:Drivers/CMSIS/DSP/Include/arm_math.h ****   /**
 365:Drivers/CMSIS/DSP/Include/arm_math.h ****    * @brief Macros required for SINE and COSINE Fast math approximations
 366:Drivers/CMSIS/DSP/Include/arm_math.h ****    */
 367:Drivers/CMSIS/DSP/Include/arm_math.h **** 
 368:Drivers/CMSIS/DSP/Include/arm_math.h **** #define FAST_MATH_TABLE_SIZE  512
 369:Drivers/CMSIS/DSP/Include/arm_math.h **** #define FAST_MATH_Q31_SHIFT   (32 - 10)
 370:Drivers/CMSIS/DSP/Include/arm_math.h **** #define FAST_MATH_Q15_SHIFT   (16 - 10)
 371:Drivers/CMSIS/DSP/Include/arm_math.h **** #define CONTROLLER_Q31_SHIFT  (32 - 9)
 372:Drivers/CMSIS/DSP/Include/arm_math.h **** #define TABLE_SPACING_Q31     0x400000
 373:Drivers/CMSIS/DSP/Include/arm_math.h **** #define TABLE_SPACING_Q15     0x80
 374:Drivers/CMSIS/DSP/Include/arm_math.h **** 
 375:Drivers/CMSIS/DSP/Include/arm_math.h ****   /**
 376:Drivers/CMSIS/DSP/Include/arm_math.h ****    * @brief Macros required for SINE and COSINE Controller functions
 377:Drivers/CMSIS/DSP/Include/arm_math.h ****    */
 378:Drivers/CMSIS/DSP/Include/arm_math.h ****   /* 1.31(q31) Fixed value of 2/360 */
 379:Drivers/CMSIS/DSP/Include/arm_math.h ****   /* -1 to +1 is divided into 360 values so total spacing is (2/360) */
 380:Drivers/CMSIS/DSP/Include/arm_math.h **** #define INPUT_SPACING         0xB60B61
 381:Drivers/CMSIS/DSP/Include/arm_math.h **** 
 382:Drivers/CMSIS/DSP/Include/arm_math.h ****   /**
 383:Drivers/CMSIS/DSP/Include/arm_math.h ****    * @brief Macro for Unaligned Support
 384:Drivers/CMSIS/DSP/Include/arm_math.h ****    */
 385:Drivers/CMSIS/DSP/Include/arm_math.h **** #ifndef UNALIGNED_SUPPORT_DISABLE
 386:Drivers/CMSIS/DSP/Include/arm_math.h ****     #define ALIGN4
 387:Drivers/CMSIS/DSP/Include/arm_math.h **** #else
 388:Drivers/CMSIS/DSP/Include/arm_math.h ****   #if defined  (__GNUC__)
 389:Drivers/CMSIS/DSP/Include/arm_math.h ****     #define ALIGN4 __attribute__((aligned(4)))
 390:Drivers/CMSIS/DSP/Include/arm_math.h ****   #else
 391:Drivers/CMSIS/DSP/Include/arm_math.h ****     #define ALIGN4 __align(4)
 392:Drivers/CMSIS/DSP/Include/arm_math.h ****   #endif
 393:Drivers/CMSIS/DSP/Include/arm_math.h **** #endif   /* #ifndef UNALIGNED_SUPPORT_DISABLE */
 394:Drivers/CMSIS/DSP/Include/arm_math.h **** 
 395:Drivers/CMSIS/DSP/Include/arm_math.h ****   /**
ARM GAS  C:\Users\Lamp\AppData\Local\Temp\ccXAOCAc.s 			page 18


 396:Drivers/CMSIS/DSP/Include/arm_math.h ****    * @brief Error status returned by some functions in the library.
 397:Drivers/CMSIS/DSP/Include/arm_math.h ****    */
 398:Drivers/CMSIS/DSP/Include/arm_math.h **** 
 399:Drivers/CMSIS/DSP/Include/arm_math.h ****   typedef enum
 400:Drivers/CMSIS/DSP/Include/arm_math.h ****   {
 401:Drivers/CMSIS/DSP/Include/arm_math.h ****     ARM_MATH_SUCCESS = 0,                /**< No error */
 402:Drivers/CMSIS/DSP/Include/arm_math.h ****     ARM_MATH_ARGUMENT_ERROR = -1,        /**< One or more arguments are incorrect */
 403:Drivers/CMSIS/DSP/Include/arm_math.h ****     ARM_MATH_LENGTH_ERROR = -2,          /**< Length of data buffer is incorrect */
 404:Drivers/CMSIS/DSP/Include/arm_math.h ****     ARM_MATH_SIZE_MISMATCH = -3,         /**< Size of matrices is not compatible with the operation
 405:Drivers/CMSIS/DSP/Include/arm_math.h ****     ARM_MATH_NANINF = -4,                /**< Not-a-number (NaN) or infinity is generated */
 406:Drivers/CMSIS/DSP/Include/arm_math.h ****     ARM_MATH_SINGULAR = -5,              /**< Generated by matrix inversion if the input matrix is 
 407:Drivers/CMSIS/DSP/Include/arm_math.h ****     ARM_MATH_TEST_FAILURE = -6           /**< Test Failed  */
 408:Drivers/CMSIS/DSP/Include/arm_math.h ****   } arm_status;
 409:Drivers/CMSIS/DSP/Include/arm_math.h **** 
 410:Drivers/CMSIS/DSP/Include/arm_math.h ****   /**
 411:Drivers/CMSIS/DSP/Include/arm_math.h ****    * @brief 8-bit fractional data type in 1.7 format.
 412:Drivers/CMSIS/DSP/Include/arm_math.h ****    */
 413:Drivers/CMSIS/DSP/Include/arm_math.h ****   typedef int8_t q7_t;
 414:Drivers/CMSIS/DSP/Include/arm_math.h **** 
 415:Drivers/CMSIS/DSP/Include/arm_math.h ****   /**
 416:Drivers/CMSIS/DSP/Include/arm_math.h ****    * @brief 16-bit fractional data type in 1.15 format.
 417:Drivers/CMSIS/DSP/Include/arm_math.h ****    */
 418:Drivers/CMSIS/DSP/Include/arm_math.h ****   typedef int16_t q15_t;
 419:Drivers/CMSIS/DSP/Include/arm_math.h **** 
 420:Drivers/CMSIS/DSP/Include/arm_math.h ****   /**
 421:Drivers/CMSIS/DSP/Include/arm_math.h ****    * @brief 32-bit fractional data type in 1.31 format.
 422:Drivers/CMSIS/DSP/Include/arm_math.h ****    */
 423:Drivers/CMSIS/DSP/Include/arm_math.h ****   typedef int32_t q31_t;
 424:Drivers/CMSIS/DSP/Include/arm_math.h **** 
 425:Drivers/CMSIS/DSP/Include/arm_math.h ****   /**
 426:Drivers/CMSIS/DSP/Include/arm_math.h ****    * @brief 64-bit fractional data type in 1.63 format.
 427:Drivers/CMSIS/DSP/Include/arm_math.h ****    */
 428:Drivers/CMSIS/DSP/Include/arm_math.h ****   typedef int64_t q63_t;
 429:Drivers/CMSIS/DSP/Include/arm_math.h **** 
 430:Drivers/CMSIS/DSP/Include/arm_math.h ****   /**
 431:Drivers/CMSIS/DSP/Include/arm_math.h ****    * @brief 32-bit floating-point type definition.
 432:Drivers/CMSIS/DSP/Include/arm_math.h ****    */
 433:Drivers/CMSIS/DSP/Include/arm_math.h ****   typedef float float32_t;
 434:Drivers/CMSIS/DSP/Include/arm_math.h **** 
 435:Drivers/CMSIS/DSP/Include/arm_math.h ****   /**
 436:Drivers/CMSIS/DSP/Include/arm_math.h ****    * @brief 64-bit floating-point type definition.
 437:Drivers/CMSIS/DSP/Include/arm_math.h ****    */
 438:Drivers/CMSIS/DSP/Include/arm_math.h ****   typedef double float64_t;
 439:Drivers/CMSIS/DSP/Include/arm_math.h **** 
 440:Drivers/CMSIS/DSP/Include/arm_math.h ****   /**
 441:Drivers/CMSIS/DSP/Include/arm_math.h ****    * @brief definition to read/write two 16 bit values.
 442:Drivers/CMSIS/DSP/Include/arm_math.h ****    */
 443:Drivers/CMSIS/DSP/Include/arm_math.h **** #if   defined ( __CC_ARM )
 444:Drivers/CMSIS/DSP/Include/arm_math.h ****   #define __SIMD32_TYPE int32_t __packed
 445:Drivers/CMSIS/DSP/Include/arm_math.h ****   #define CMSIS_UNUSED __attribute__((unused))
 446:Drivers/CMSIS/DSP/Include/arm_math.h ****   #define CMSIS_INLINE __attribute__((always_inline))
 447:Drivers/CMSIS/DSP/Include/arm_math.h **** 
 448:Drivers/CMSIS/DSP/Include/arm_math.h **** #elif defined ( __ARMCC_VERSION ) && ( __ARMCC_VERSION >= 6010050 )
 449:Drivers/CMSIS/DSP/Include/arm_math.h ****   #define __SIMD32_TYPE int32_t
 450:Drivers/CMSIS/DSP/Include/arm_math.h ****   #define CMSIS_UNUSED __attribute__((unused))
 451:Drivers/CMSIS/DSP/Include/arm_math.h ****   #define CMSIS_INLINE __attribute__((always_inline))
 452:Drivers/CMSIS/DSP/Include/arm_math.h **** 
ARM GAS  C:\Users\Lamp\AppData\Local\Temp\ccXAOCAc.s 			page 19


 453:Drivers/CMSIS/DSP/Include/arm_math.h **** #elif defined ( __GNUC__ )
 454:Drivers/CMSIS/DSP/Include/arm_math.h ****   #define __SIMD32_TYPE int32_t
 455:Drivers/CMSIS/DSP/Include/arm_math.h ****   #define CMSIS_UNUSED __attribute__((unused))
 456:Drivers/CMSIS/DSP/Include/arm_math.h ****   #define CMSIS_INLINE __attribute__((always_inline))
 457:Drivers/CMSIS/DSP/Include/arm_math.h **** 
 458:Drivers/CMSIS/DSP/Include/arm_math.h **** #elif defined ( __ICCARM__ )
 459:Drivers/CMSIS/DSP/Include/arm_math.h ****   #define __SIMD32_TYPE int32_t __packed
 460:Drivers/CMSIS/DSP/Include/arm_math.h ****   #define CMSIS_UNUSED
 461:Drivers/CMSIS/DSP/Include/arm_math.h ****   #define CMSIS_INLINE
 462:Drivers/CMSIS/DSP/Include/arm_math.h **** 
 463:Drivers/CMSIS/DSP/Include/arm_math.h **** #elif defined ( __TI_ARM__ )
 464:Drivers/CMSIS/DSP/Include/arm_math.h ****   #define __SIMD32_TYPE int32_t
 465:Drivers/CMSIS/DSP/Include/arm_math.h ****   #define CMSIS_UNUSED __attribute__((unused))
 466:Drivers/CMSIS/DSP/Include/arm_math.h ****   #define CMSIS_INLINE
 467:Drivers/CMSIS/DSP/Include/arm_math.h **** 
 468:Drivers/CMSIS/DSP/Include/arm_math.h **** #elif defined ( __CSMC__ )
 469:Drivers/CMSIS/DSP/Include/arm_math.h ****   #define __SIMD32_TYPE int32_t
 470:Drivers/CMSIS/DSP/Include/arm_math.h ****   #define CMSIS_UNUSED
 471:Drivers/CMSIS/DSP/Include/arm_math.h ****   #define CMSIS_INLINE
 472:Drivers/CMSIS/DSP/Include/arm_math.h **** 
 473:Drivers/CMSIS/DSP/Include/arm_math.h **** #elif defined ( __TASKING__ )
 474:Drivers/CMSIS/DSP/Include/arm_math.h ****   #define __SIMD32_TYPE __unaligned int32_t
 475:Drivers/CMSIS/DSP/Include/arm_math.h ****   #define CMSIS_UNUSED
 476:Drivers/CMSIS/DSP/Include/arm_math.h ****   #define CMSIS_INLINE
 477:Drivers/CMSIS/DSP/Include/arm_math.h **** 
 478:Drivers/CMSIS/DSP/Include/arm_math.h **** #else
 479:Drivers/CMSIS/DSP/Include/arm_math.h ****   #error Unknown compiler
 480:Drivers/CMSIS/DSP/Include/arm_math.h **** #endif
 481:Drivers/CMSIS/DSP/Include/arm_math.h **** 
 482:Drivers/CMSIS/DSP/Include/arm_math.h **** #define __SIMD32(addr)        (*(__SIMD32_TYPE **) & (addr))
 483:Drivers/CMSIS/DSP/Include/arm_math.h **** #define __SIMD32_CONST(addr)  ((__SIMD32_TYPE *)(addr))
 484:Drivers/CMSIS/DSP/Include/arm_math.h **** #define _SIMD32_OFFSET(addr)  (*(__SIMD32_TYPE *)  (addr))
 485:Drivers/CMSIS/DSP/Include/arm_math.h **** #define __SIMD64(addr)        (*(int64_t **) & (addr))
 486:Drivers/CMSIS/DSP/Include/arm_math.h **** 
 487:Drivers/CMSIS/DSP/Include/arm_math.h **** #if !defined (ARM_MATH_DSP)
 488:Drivers/CMSIS/DSP/Include/arm_math.h ****   /**
 489:Drivers/CMSIS/DSP/Include/arm_math.h ****    * @brief definition to pack two 16 bit values.
 490:Drivers/CMSIS/DSP/Include/arm_math.h ****    */
 491:Drivers/CMSIS/DSP/Include/arm_math.h **** #define __PKHBT(ARG1, ARG2, ARG3) ( (((int32_t)(ARG1) <<    0) & (int32_t)0x0000FFFF) | \
 492:Drivers/CMSIS/DSP/Include/arm_math.h ****                                     (((int32_t)(ARG2) << ARG3) & (int32_t)0xFFFF0000)  )
 493:Drivers/CMSIS/DSP/Include/arm_math.h **** #define __PKHTB(ARG1, ARG2, ARG3) ( (((int32_t)(ARG1) <<    0) & (int32_t)0xFFFF0000) | \
 494:Drivers/CMSIS/DSP/Include/arm_math.h ****                                     (((int32_t)(ARG2) >> ARG3) & (int32_t)0x0000FFFF)  )
 495:Drivers/CMSIS/DSP/Include/arm_math.h **** 
 496:Drivers/CMSIS/DSP/Include/arm_math.h **** #endif /* !defined (ARM_MATH_DSP) */
 497:Drivers/CMSIS/DSP/Include/arm_math.h **** 
 498:Drivers/CMSIS/DSP/Include/arm_math.h ****    /**
 499:Drivers/CMSIS/DSP/Include/arm_math.h ****    * @brief definition to pack four 8 bit values.
 500:Drivers/CMSIS/DSP/Include/arm_math.h ****    */
 501:Drivers/CMSIS/DSP/Include/arm_math.h **** #ifndef ARM_MATH_BIG_ENDIAN
 502:Drivers/CMSIS/DSP/Include/arm_math.h **** 
 503:Drivers/CMSIS/DSP/Include/arm_math.h **** #define __PACKq7(v0,v1,v2,v3) ( (((int32_t)(v0) <<  0) & (int32_t)0x000000FF) | \
 504:Drivers/CMSIS/DSP/Include/arm_math.h ****                                 (((int32_t)(v1) <<  8) & (int32_t)0x0000FF00) | \
 505:Drivers/CMSIS/DSP/Include/arm_math.h ****                                 (((int32_t)(v2) << 16) & (int32_t)0x00FF0000) | \
 506:Drivers/CMSIS/DSP/Include/arm_math.h ****                                 (((int32_t)(v3) << 24) & (int32_t)0xFF000000)  )
 507:Drivers/CMSIS/DSP/Include/arm_math.h **** #else
 508:Drivers/CMSIS/DSP/Include/arm_math.h **** 
 509:Drivers/CMSIS/DSP/Include/arm_math.h **** #define __PACKq7(v0,v1,v2,v3) ( (((int32_t)(v3) <<  0) & (int32_t)0x000000FF) | \
ARM GAS  C:\Users\Lamp\AppData\Local\Temp\ccXAOCAc.s 			page 20


 510:Drivers/CMSIS/DSP/Include/arm_math.h ****                                 (((int32_t)(v2) <<  8) & (int32_t)0x0000FF00) | \
 511:Drivers/CMSIS/DSP/Include/arm_math.h ****                                 (((int32_t)(v1) << 16) & (int32_t)0x00FF0000) | \
 512:Drivers/CMSIS/DSP/Include/arm_math.h ****                                 (((int32_t)(v0) << 24) & (int32_t)0xFF000000)  )
 513:Drivers/CMSIS/DSP/Include/arm_math.h **** 
 514:Drivers/CMSIS/DSP/Include/arm_math.h **** #endif
 515:Drivers/CMSIS/DSP/Include/arm_math.h **** 
 516:Drivers/CMSIS/DSP/Include/arm_math.h **** 
 517:Drivers/CMSIS/DSP/Include/arm_math.h ****   /**
 518:Drivers/CMSIS/DSP/Include/arm_math.h ****    * @brief Clips Q63 to Q31 values.
 519:Drivers/CMSIS/DSP/Include/arm_math.h ****    */
 520:Drivers/CMSIS/DSP/Include/arm_math.h ****   CMSIS_INLINE __STATIC_INLINE q31_t clip_q63_to_q31(
 521:Drivers/CMSIS/DSP/Include/arm_math.h ****   q63_t x)
 522:Drivers/CMSIS/DSP/Include/arm_math.h ****   {
 523:Drivers/CMSIS/DSP/Include/arm_math.h ****     return ((q31_t) (x >> 32) != ((q31_t) x >> 31)) ?
 524:Drivers/CMSIS/DSP/Include/arm_math.h ****       ((0x7FFFFFFF ^ ((q31_t) (x >> 63)))) : (q31_t) x;
 525:Drivers/CMSIS/DSP/Include/arm_math.h ****   }
 526:Drivers/CMSIS/DSP/Include/arm_math.h **** 
 527:Drivers/CMSIS/DSP/Include/arm_math.h ****   /**
 528:Drivers/CMSIS/DSP/Include/arm_math.h ****    * @brief Clips Q63 to Q15 values.
 529:Drivers/CMSIS/DSP/Include/arm_math.h ****    */
 530:Drivers/CMSIS/DSP/Include/arm_math.h ****   CMSIS_INLINE __STATIC_INLINE q15_t clip_q63_to_q15(
 531:Drivers/CMSIS/DSP/Include/arm_math.h ****   q63_t x)
 532:Drivers/CMSIS/DSP/Include/arm_math.h ****   {
 533:Drivers/CMSIS/DSP/Include/arm_math.h ****     return ((q31_t) (x >> 32) != ((q31_t) x >> 31)) ?
 534:Drivers/CMSIS/DSP/Include/arm_math.h ****       ((0x7FFF ^ ((q15_t) (x >> 63)))) : (q15_t) (x >> 15);
 535:Drivers/CMSIS/DSP/Include/arm_math.h ****   }
 536:Drivers/CMSIS/DSP/Include/arm_math.h **** 
 537:Drivers/CMSIS/DSP/Include/arm_math.h ****   /**
 538:Drivers/CMSIS/DSP/Include/arm_math.h ****    * @brief Clips Q31 to Q7 values.
 539:Drivers/CMSIS/DSP/Include/arm_math.h ****    */
 540:Drivers/CMSIS/DSP/Include/arm_math.h ****   CMSIS_INLINE __STATIC_INLINE q7_t clip_q31_to_q7(
 541:Drivers/CMSIS/DSP/Include/arm_math.h ****   q31_t x)
 542:Drivers/CMSIS/DSP/Include/arm_math.h ****   {
 543:Drivers/CMSIS/DSP/Include/arm_math.h ****     return ((q31_t) (x >> 24) != ((q31_t) x >> 23)) ?
 544:Drivers/CMSIS/DSP/Include/arm_math.h ****       ((0x7F ^ ((q7_t) (x >> 31)))) : (q7_t) x;
 545:Drivers/CMSIS/DSP/Include/arm_math.h ****   }
 546:Drivers/CMSIS/DSP/Include/arm_math.h **** 
 547:Drivers/CMSIS/DSP/Include/arm_math.h ****   /**
 548:Drivers/CMSIS/DSP/Include/arm_math.h ****    * @brief Clips Q31 to Q15 values.
 549:Drivers/CMSIS/DSP/Include/arm_math.h ****    */
 550:Drivers/CMSIS/DSP/Include/arm_math.h ****   CMSIS_INLINE __STATIC_INLINE q15_t clip_q31_to_q15(
 551:Drivers/CMSIS/DSP/Include/arm_math.h ****   q31_t x)
 552:Drivers/CMSIS/DSP/Include/arm_math.h ****   {
 553:Drivers/CMSIS/DSP/Include/arm_math.h ****     return ((q31_t) (x >> 16) != ((q31_t) x >> 15)) ?
 554:Drivers/CMSIS/DSP/Include/arm_math.h ****       ((0x7FFF ^ ((q15_t) (x >> 31)))) : (q15_t) x;
 555:Drivers/CMSIS/DSP/Include/arm_math.h ****   }
 556:Drivers/CMSIS/DSP/Include/arm_math.h **** 
 557:Drivers/CMSIS/DSP/Include/arm_math.h ****   /**
 558:Drivers/CMSIS/DSP/Include/arm_math.h ****    * @brief Multiplies 32 X 64 and returns 32 bit result in 2.30 format.
 559:Drivers/CMSIS/DSP/Include/arm_math.h ****    */
 560:Drivers/CMSIS/DSP/Include/arm_math.h **** 
 561:Drivers/CMSIS/DSP/Include/arm_math.h ****   CMSIS_INLINE __STATIC_INLINE q63_t mult32x64(
 562:Drivers/CMSIS/DSP/Include/arm_math.h ****   q63_t x,
 563:Drivers/CMSIS/DSP/Include/arm_math.h ****   q31_t y)
 564:Drivers/CMSIS/DSP/Include/arm_math.h ****   {
 565:Drivers/CMSIS/DSP/Include/arm_math.h ****     return ((((q63_t) (x & 0x00000000FFFFFFFF) * y) >> 32) +
 566:Drivers/CMSIS/DSP/Include/arm_math.h ****             (((q63_t) (x >> 32) * y)));
ARM GAS  C:\Users\Lamp\AppData\Local\Temp\ccXAOCAc.s 			page 21


 567:Drivers/CMSIS/DSP/Include/arm_math.h ****   }
 568:Drivers/CMSIS/DSP/Include/arm_math.h **** 
 569:Drivers/CMSIS/DSP/Include/arm_math.h ****   /**
 570:Drivers/CMSIS/DSP/Include/arm_math.h ****    * @brief Function to Calculates 1/in (reciprocal) value of Q31 Data type.
 571:Drivers/CMSIS/DSP/Include/arm_math.h ****    */
 572:Drivers/CMSIS/DSP/Include/arm_math.h **** 
 573:Drivers/CMSIS/DSP/Include/arm_math.h ****   CMSIS_INLINE __STATIC_INLINE uint32_t arm_recip_q31(
 574:Drivers/CMSIS/DSP/Include/arm_math.h ****   q31_t in,
 575:Drivers/CMSIS/DSP/Include/arm_math.h ****   q31_t * dst,
 576:Drivers/CMSIS/DSP/Include/arm_math.h ****   q31_t * pRecipTable)
 577:Drivers/CMSIS/DSP/Include/arm_math.h ****   {
 578:Drivers/CMSIS/DSP/Include/arm_math.h ****     q31_t out;
 579:Drivers/CMSIS/DSP/Include/arm_math.h ****     uint32_t tempVal;
 580:Drivers/CMSIS/DSP/Include/arm_math.h ****     uint32_t index, i;
 581:Drivers/CMSIS/DSP/Include/arm_math.h ****     uint32_t signBits;
 582:Drivers/CMSIS/DSP/Include/arm_math.h **** 
 583:Drivers/CMSIS/DSP/Include/arm_math.h ****     if (in > 0)
 584:Drivers/CMSIS/DSP/Include/arm_math.h ****     {
 585:Drivers/CMSIS/DSP/Include/arm_math.h ****       signBits = ((uint32_t) (__CLZ( in) - 1));
 586:Drivers/CMSIS/DSP/Include/arm_math.h ****     }
 587:Drivers/CMSIS/DSP/Include/arm_math.h ****     else
 588:Drivers/CMSIS/DSP/Include/arm_math.h ****     {
 589:Drivers/CMSIS/DSP/Include/arm_math.h ****       signBits = ((uint32_t) (__CLZ(-in) - 1));
 590:Drivers/CMSIS/DSP/Include/arm_math.h ****     }
 591:Drivers/CMSIS/DSP/Include/arm_math.h **** 
 592:Drivers/CMSIS/DSP/Include/arm_math.h ****     /* Convert input sample to 1.31 format */
 593:Drivers/CMSIS/DSP/Include/arm_math.h ****     in = (in << signBits);
 594:Drivers/CMSIS/DSP/Include/arm_math.h **** 
 595:Drivers/CMSIS/DSP/Include/arm_math.h ****     /* calculation of index for initial approximated Val */
 596:Drivers/CMSIS/DSP/Include/arm_math.h ****     index = (uint32_t)(in >> 24);
 597:Drivers/CMSIS/DSP/Include/arm_math.h ****     index = (index & INDEX_MASK);
 598:Drivers/CMSIS/DSP/Include/arm_math.h **** 
 599:Drivers/CMSIS/DSP/Include/arm_math.h ****     /* 1.31 with exp 1 */
 600:Drivers/CMSIS/DSP/Include/arm_math.h ****     out = pRecipTable[index];
 601:Drivers/CMSIS/DSP/Include/arm_math.h **** 
 602:Drivers/CMSIS/DSP/Include/arm_math.h ****     /* calculation of reciprocal value */
 603:Drivers/CMSIS/DSP/Include/arm_math.h ****     /* running approximation for two iterations */
 604:Drivers/CMSIS/DSP/Include/arm_math.h ****     for (i = 0U; i < 2U; i++)
 605:Drivers/CMSIS/DSP/Include/arm_math.h ****     {
 606:Drivers/CMSIS/DSP/Include/arm_math.h ****       tempVal = (uint32_t) (((q63_t) in * out) >> 31);
 607:Drivers/CMSIS/DSP/Include/arm_math.h ****       tempVal = 0x7FFFFFFFu - tempVal;
 608:Drivers/CMSIS/DSP/Include/arm_math.h ****       /*      1.31 with exp 1 */
 609:Drivers/CMSIS/DSP/Include/arm_math.h ****       /* out = (q31_t) (((q63_t) out * tempVal) >> 30); */
 610:Drivers/CMSIS/DSP/Include/arm_math.h ****       out = clip_q63_to_q31(((q63_t) out * tempVal) >> 30);
 611:Drivers/CMSIS/DSP/Include/arm_math.h ****     }
 612:Drivers/CMSIS/DSP/Include/arm_math.h **** 
 613:Drivers/CMSIS/DSP/Include/arm_math.h ****     /* write output */
 614:Drivers/CMSIS/DSP/Include/arm_math.h ****     *dst = out;
 615:Drivers/CMSIS/DSP/Include/arm_math.h **** 
 616:Drivers/CMSIS/DSP/Include/arm_math.h ****     /* return num of signbits of out = 1/in value */
 617:Drivers/CMSIS/DSP/Include/arm_math.h ****     return (signBits + 1U);
 618:Drivers/CMSIS/DSP/Include/arm_math.h ****   }
 619:Drivers/CMSIS/DSP/Include/arm_math.h **** 
 620:Drivers/CMSIS/DSP/Include/arm_math.h **** 
 621:Drivers/CMSIS/DSP/Include/arm_math.h ****   /**
 622:Drivers/CMSIS/DSP/Include/arm_math.h ****    * @brief Function to Calculates 1/in (reciprocal) value of Q15 Data type.
 623:Drivers/CMSIS/DSP/Include/arm_math.h ****    */
ARM GAS  C:\Users\Lamp\AppData\Local\Temp\ccXAOCAc.s 			page 22


 624:Drivers/CMSIS/DSP/Include/arm_math.h ****   CMSIS_INLINE __STATIC_INLINE uint32_t arm_recip_q15(
 625:Drivers/CMSIS/DSP/Include/arm_math.h ****   q15_t in,
 626:Drivers/CMSIS/DSP/Include/arm_math.h ****   q15_t * dst,
 627:Drivers/CMSIS/DSP/Include/arm_math.h ****   q15_t * pRecipTable)
 628:Drivers/CMSIS/DSP/Include/arm_math.h ****   {
 629:Drivers/CMSIS/DSP/Include/arm_math.h ****     q15_t out = 0;
 630:Drivers/CMSIS/DSP/Include/arm_math.h ****     uint32_t tempVal = 0;
 631:Drivers/CMSIS/DSP/Include/arm_math.h ****     uint32_t index = 0, i = 0;
 632:Drivers/CMSIS/DSP/Include/arm_math.h ****     uint32_t signBits = 0;
 633:Drivers/CMSIS/DSP/Include/arm_math.h **** 
 634:Drivers/CMSIS/DSP/Include/arm_math.h ****     if (in > 0)
 635:Drivers/CMSIS/DSP/Include/arm_math.h ****     {
 636:Drivers/CMSIS/DSP/Include/arm_math.h ****       signBits = ((uint32_t)(__CLZ( in) - 17));
 637:Drivers/CMSIS/DSP/Include/arm_math.h ****     }
 638:Drivers/CMSIS/DSP/Include/arm_math.h ****     else
 639:Drivers/CMSIS/DSP/Include/arm_math.h ****     {
 640:Drivers/CMSIS/DSP/Include/arm_math.h ****       signBits = ((uint32_t)(__CLZ(-in) - 17));
 641:Drivers/CMSIS/DSP/Include/arm_math.h ****     }
 642:Drivers/CMSIS/DSP/Include/arm_math.h **** 
 643:Drivers/CMSIS/DSP/Include/arm_math.h ****     /* Convert input sample to 1.15 format */
 644:Drivers/CMSIS/DSP/Include/arm_math.h ****     in = (in << signBits);
 645:Drivers/CMSIS/DSP/Include/arm_math.h **** 
 646:Drivers/CMSIS/DSP/Include/arm_math.h ****     /* calculation of index for initial approximated Val */
 647:Drivers/CMSIS/DSP/Include/arm_math.h ****     index = (uint32_t)(in >>  8);
 648:Drivers/CMSIS/DSP/Include/arm_math.h ****     index = (index & INDEX_MASK);
 649:Drivers/CMSIS/DSP/Include/arm_math.h **** 
 650:Drivers/CMSIS/DSP/Include/arm_math.h ****     /*      1.15 with exp 1  */
 651:Drivers/CMSIS/DSP/Include/arm_math.h ****     out = pRecipTable[index];
 652:Drivers/CMSIS/DSP/Include/arm_math.h **** 
 653:Drivers/CMSIS/DSP/Include/arm_math.h ****     /* calculation of reciprocal value */
 654:Drivers/CMSIS/DSP/Include/arm_math.h ****     /* running approximation for two iterations */
 655:Drivers/CMSIS/DSP/Include/arm_math.h ****     for (i = 0U; i < 2U; i++)
 656:Drivers/CMSIS/DSP/Include/arm_math.h ****     {
 657:Drivers/CMSIS/DSP/Include/arm_math.h ****       tempVal = (uint32_t) (((q31_t) in * out) >> 15);
 658:Drivers/CMSIS/DSP/Include/arm_math.h ****       tempVal = 0x7FFFu - tempVal;
 659:Drivers/CMSIS/DSP/Include/arm_math.h ****       /*      1.15 with exp 1 */
 660:Drivers/CMSIS/DSP/Include/arm_math.h ****       out = (q15_t) (((q31_t) out * tempVal) >> 14);
 661:Drivers/CMSIS/DSP/Include/arm_math.h ****       /* out = clip_q31_to_q15(((q31_t) out * tempVal) >> 14); */
 662:Drivers/CMSIS/DSP/Include/arm_math.h ****     }
 663:Drivers/CMSIS/DSP/Include/arm_math.h **** 
 664:Drivers/CMSIS/DSP/Include/arm_math.h ****     /* write output */
 665:Drivers/CMSIS/DSP/Include/arm_math.h ****     *dst = out;
 666:Drivers/CMSIS/DSP/Include/arm_math.h **** 
 667:Drivers/CMSIS/DSP/Include/arm_math.h ****     /* return num of signbits of out = 1/in value */
 668:Drivers/CMSIS/DSP/Include/arm_math.h ****     return (signBits + 1);
 669:Drivers/CMSIS/DSP/Include/arm_math.h ****   }
 670:Drivers/CMSIS/DSP/Include/arm_math.h **** 
 671:Drivers/CMSIS/DSP/Include/arm_math.h **** 
 672:Drivers/CMSIS/DSP/Include/arm_math.h **** /*
 673:Drivers/CMSIS/DSP/Include/arm_math.h ****  * @brief C custom defined intrinsic function for M3 and M0 processors
 674:Drivers/CMSIS/DSP/Include/arm_math.h ****  */
 675:Drivers/CMSIS/DSP/Include/arm_math.h **** #if !defined (ARM_MATH_DSP)
 676:Drivers/CMSIS/DSP/Include/arm_math.h **** 
 677:Drivers/CMSIS/DSP/Include/arm_math.h ****   /*
 678:Drivers/CMSIS/DSP/Include/arm_math.h ****    * @brief C custom defined QADD8 for M3 and M0 processors
 679:Drivers/CMSIS/DSP/Include/arm_math.h ****    */
 680:Drivers/CMSIS/DSP/Include/arm_math.h ****   CMSIS_INLINE __STATIC_INLINE uint32_t __QADD8(
ARM GAS  C:\Users\Lamp\AppData\Local\Temp\ccXAOCAc.s 			page 23


 681:Drivers/CMSIS/DSP/Include/arm_math.h ****   uint32_t x,
 682:Drivers/CMSIS/DSP/Include/arm_math.h ****   uint32_t y)
 683:Drivers/CMSIS/DSP/Include/arm_math.h ****   {
 684:Drivers/CMSIS/DSP/Include/arm_math.h ****     q31_t r, s, t, u;
 685:Drivers/CMSIS/DSP/Include/arm_math.h **** 
 686:Drivers/CMSIS/DSP/Include/arm_math.h ****     r = __SSAT(((((q31_t)x << 24) >> 24) + (((q31_t)y << 24) >> 24)), 8) & (int32_t)0x000000FF;
 687:Drivers/CMSIS/DSP/Include/arm_math.h ****     s = __SSAT(((((q31_t)x << 16) >> 24) + (((q31_t)y << 16) >> 24)), 8) & (int32_t)0x000000FF;
 688:Drivers/CMSIS/DSP/Include/arm_math.h ****     t = __SSAT(((((q31_t)x <<  8) >> 24) + (((q31_t)y <<  8) >> 24)), 8) & (int32_t)0x000000FF;
 689:Drivers/CMSIS/DSP/Include/arm_math.h ****     u = __SSAT(((((q31_t)x      ) >> 24) + (((q31_t)y      ) >> 24)), 8) & (int32_t)0x000000FF;
 690:Drivers/CMSIS/DSP/Include/arm_math.h **** 
 691:Drivers/CMSIS/DSP/Include/arm_math.h ****     return ((uint32_t)((u << 24) | (t << 16) | (s <<  8) | (r      )));
 692:Drivers/CMSIS/DSP/Include/arm_math.h ****   }
 693:Drivers/CMSIS/DSP/Include/arm_math.h **** 
 694:Drivers/CMSIS/DSP/Include/arm_math.h **** 
 695:Drivers/CMSIS/DSP/Include/arm_math.h ****   /*
 696:Drivers/CMSIS/DSP/Include/arm_math.h ****    * @brief C custom defined QSUB8 for M3 and M0 processors
 697:Drivers/CMSIS/DSP/Include/arm_math.h ****    */
 698:Drivers/CMSIS/DSP/Include/arm_math.h ****   CMSIS_INLINE __STATIC_INLINE uint32_t __QSUB8(
 699:Drivers/CMSIS/DSP/Include/arm_math.h ****   uint32_t x,
 700:Drivers/CMSIS/DSP/Include/arm_math.h ****   uint32_t y)
 701:Drivers/CMSIS/DSP/Include/arm_math.h ****   {
 702:Drivers/CMSIS/DSP/Include/arm_math.h ****     q31_t r, s, t, u;
 703:Drivers/CMSIS/DSP/Include/arm_math.h **** 
 704:Drivers/CMSIS/DSP/Include/arm_math.h ****     r = __SSAT(((((q31_t)x << 24) >> 24) - (((q31_t)y << 24) >> 24)), 8) & (int32_t)0x000000FF;
 705:Drivers/CMSIS/DSP/Include/arm_math.h ****     s = __SSAT(((((q31_t)x << 16) >> 24) - (((q31_t)y << 16) >> 24)), 8) & (int32_t)0x000000FF;
 706:Drivers/CMSIS/DSP/Include/arm_math.h ****     t = __SSAT(((((q31_t)x <<  8) >> 24) - (((q31_t)y <<  8) >> 24)), 8) & (int32_t)0x000000FF;
 707:Drivers/CMSIS/DSP/Include/arm_math.h ****     u = __SSAT(((((q31_t)x      ) >> 24) - (((q31_t)y      ) >> 24)), 8) & (int32_t)0x000000FF;
 708:Drivers/CMSIS/DSP/Include/arm_math.h **** 
 709:Drivers/CMSIS/DSP/Include/arm_math.h ****     return ((uint32_t)((u << 24) | (t << 16) | (s <<  8) | (r      )));
 710:Drivers/CMSIS/DSP/Include/arm_math.h ****   }
 711:Drivers/CMSIS/DSP/Include/arm_math.h **** 
 712:Drivers/CMSIS/DSP/Include/arm_math.h **** 
 713:Drivers/CMSIS/DSP/Include/arm_math.h ****   /*
 714:Drivers/CMSIS/DSP/Include/arm_math.h ****    * @brief C custom defined QADD16 for M3 and M0 processors
 715:Drivers/CMSIS/DSP/Include/arm_math.h ****    */
 716:Drivers/CMSIS/DSP/Include/arm_math.h ****   CMSIS_INLINE __STATIC_INLINE uint32_t __QADD16(
 717:Drivers/CMSIS/DSP/Include/arm_math.h ****   uint32_t x,
 718:Drivers/CMSIS/DSP/Include/arm_math.h ****   uint32_t y)
 719:Drivers/CMSIS/DSP/Include/arm_math.h ****   {
 720:Drivers/CMSIS/DSP/Include/arm_math.h **** /*  q31_t r,     s;  without initialisation 'arm_offset_q15 test' fails  but 'intrinsic' tests pass
 721:Drivers/CMSIS/DSP/Include/arm_math.h ****     q31_t r = 0, s = 0;
 722:Drivers/CMSIS/DSP/Include/arm_math.h **** 
 723:Drivers/CMSIS/DSP/Include/arm_math.h ****     r = __SSAT(((((q31_t)x << 16) >> 16) + (((q31_t)y << 16) >> 16)), 16) & (int32_t)0x0000FFFF;
 724:Drivers/CMSIS/DSP/Include/arm_math.h ****     s = __SSAT(((((q31_t)x      ) >> 16) + (((q31_t)y      ) >> 16)), 16) & (int32_t)0x0000FFFF;
 725:Drivers/CMSIS/DSP/Include/arm_math.h **** 
 726:Drivers/CMSIS/DSP/Include/arm_math.h ****     return ((uint32_t)((s << 16) | (r      )));
 727:Drivers/CMSIS/DSP/Include/arm_math.h ****   }
 728:Drivers/CMSIS/DSP/Include/arm_math.h **** 
 729:Drivers/CMSIS/DSP/Include/arm_math.h **** 
 730:Drivers/CMSIS/DSP/Include/arm_math.h ****   /*
 731:Drivers/CMSIS/DSP/Include/arm_math.h ****    * @brief C custom defined SHADD16 for M3 and M0 processors
 732:Drivers/CMSIS/DSP/Include/arm_math.h ****    */
 733:Drivers/CMSIS/DSP/Include/arm_math.h ****   CMSIS_INLINE __STATIC_INLINE uint32_t __SHADD16(
 734:Drivers/CMSIS/DSP/Include/arm_math.h ****   uint32_t x,
 735:Drivers/CMSIS/DSP/Include/arm_math.h ****   uint32_t y)
 736:Drivers/CMSIS/DSP/Include/arm_math.h ****   {
 737:Drivers/CMSIS/DSP/Include/arm_math.h ****     q31_t r, s;
ARM GAS  C:\Users\Lamp\AppData\Local\Temp\ccXAOCAc.s 			page 24


 738:Drivers/CMSIS/DSP/Include/arm_math.h **** 
 739:Drivers/CMSIS/DSP/Include/arm_math.h ****     r = (((((q31_t)x << 16) >> 16) + (((q31_t)y << 16) >> 16)) >> 1) & (int32_t)0x0000FFFF;
 740:Drivers/CMSIS/DSP/Include/arm_math.h ****     s = (((((q31_t)x      ) >> 16) + (((q31_t)y      ) >> 16)) >> 1) & (int32_t)0x0000FFFF;
 741:Drivers/CMSIS/DSP/Include/arm_math.h **** 
 742:Drivers/CMSIS/DSP/Include/arm_math.h ****     return ((uint32_t)((s << 16) | (r      )));
 743:Drivers/CMSIS/DSP/Include/arm_math.h ****   }
 744:Drivers/CMSIS/DSP/Include/arm_math.h **** 
 745:Drivers/CMSIS/DSP/Include/arm_math.h **** 
 746:Drivers/CMSIS/DSP/Include/arm_math.h ****   /*
 747:Drivers/CMSIS/DSP/Include/arm_math.h ****    * @brief C custom defined QSUB16 for M3 and M0 processors
 748:Drivers/CMSIS/DSP/Include/arm_math.h ****    */
 749:Drivers/CMSIS/DSP/Include/arm_math.h ****   CMSIS_INLINE __STATIC_INLINE uint32_t __QSUB16(
 750:Drivers/CMSIS/DSP/Include/arm_math.h ****   uint32_t x,
 751:Drivers/CMSIS/DSP/Include/arm_math.h ****   uint32_t y)
 752:Drivers/CMSIS/DSP/Include/arm_math.h ****   {
 753:Drivers/CMSIS/DSP/Include/arm_math.h ****     q31_t r, s;
 754:Drivers/CMSIS/DSP/Include/arm_math.h **** 
 755:Drivers/CMSIS/DSP/Include/arm_math.h ****     r = __SSAT(((((q31_t)x << 16) >> 16) - (((q31_t)y << 16) >> 16)), 16) & (int32_t)0x0000FFFF;
 756:Drivers/CMSIS/DSP/Include/arm_math.h ****     s = __SSAT(((((q31_t)x      ) >> 16) - (((q31_t)y      ) >> 16)), 16) & (int32_t)0x0000FFFF;
 757:Drivers/CMSIS/DSP/Include/arm_math.h **** 
 758:Drivers/CMSIS/DSP/Include/arm_math.h ****     return ((uint32_t)((s << 16) | (r      )));
 759:Drivers/CMSIS/DSP/Include/arm_math.h ****   }
 760:Drivers/CMSIS/DSP/Include/arm_math.h **** 
 761:Drivers/CMSIS/DSP/Include/arm_math.h **** 
 762:Drivers/CMSIS/DSP/Include/arm_math.h ****   /*
 763:Drivers/CMSIS/DSP/Include/arm_math.h ****    * @brief C custom defined SHSUB16 for M3 and M0 processors
 764:Drivers/CMSIS/DSP/Include/arm_math.h ****    */
 765:Drivers/CMSIS/DSP/Include/arm_math.h ****   CMSIS_INLINE __STATIC_INLINE uint32_t __SHSUB16(
 766:Drivers/CMSIS/DSP/Include/arm_math.h ****   uint32_t x,
 767:Drivers/CMSIS/DSP/Include/arm_math.h ****   uint32_t y)
 768:Drivers/CMSIS/DSP/Include/arm_math.h ****   {
 769:Drivers/CMSIS/DSP/Include/arm_math.h ****     q31_t r, s;
 770:Drivers/CMSIS/DSP/Include/arm_math.h **** 
 771:Drivers/CMSIS/DSP/Include/arm_math.h ****     r = (((((q31_t)x << 16) >> 16) - (((q31_t)y << 16) >> 16)) >> 1) & (int32_t)0x0000FFFF;
 772:Drivers/CMSIS/DSP/Include/arm_math.h ****     s = (((((q31_t)x      ) >> 16) - (((q31_t)y      ) >> 16)) >> 1) & (int32_t)0x0000FFFF;
 773:Drivers/CMSIS/DSP/Include/arm_math.h **** 
 774:Drivers/CMSIS/DSP/Include/arm_math.h ****     return ((uint32_t)((s << 16) | (r      )));
 775:Drivers/CMSIS/DSP/Include/arm_math.h ****   }
 776:Drivers/CMSIS/DSP/Include/arm_math.h **** 
 777:Drivers/CMSIS/DSP/Include/arm_math.h **** 
 778:Drivers/CMSIS/DSP/Include/arm_math.h ****   /*
 779:Drivers/CMSIS/DSP/Include/arm_math.h ****    * @brief C custom defined QASX for M3 and M0 processors
 780:Drivers/CMSIS/DSP/Include/arm_math.h ****    */
 781:Drivers/CMSIS/DSP/Include/arm_math.h ****   CMSIS_INLINE __STATIC_INLINE uint32_t __QASX(
 782:Drivers/CMSIS/DSP/Include/arm_math.h ****   uint32_t x,
 783:Drivers/CMSIS/DSP/Include/arm_math.h ****   uint32_t y)
 784:Drivers/CMSIS/DSP/Include/arm_math.h ****   {
 785:Drivers/CMSIS/DSP/Include/arm_math.h ****     q31_t r, s;
 786:Drivers/CMSIS/DSP/Include/arm_math.h **** 
 787:Drivers/CMSIS/DSP/Include/arm_math.h ****     r = __SSAT(((((q31_t)x << 16) >> 16) - (((q31_t)y      ) >> 16)), 16) & (int32_t)0x0000FFFF;
 788:Drivers/CMSIS/DSP/Include/arm_math.h ****     s = __SSAT(((((q31_t)x      ) >> 16) + (((q31_t)y << 16) >> 16)), 16) & (int32_t)0x0000FFFF;
 789:Drivers/CMSIS/DSP/Include/arm_math.h **** 
 790:Drivers/CMSIS/DSP/Include/arm_math.h ****     return ((uint32_t)((s << 16) | (r      )));
 791:Drivers/CMSIS/DSP/Include/arm_math.h ****   }
 792:Drivers/CMSIS/DSP/Include/arm_math.h **** 
 793:Drivers/CMSIS/DSP/Include/arm_math.h **** 
 794:Drivers/CMSIS/DSP/Include/arm_math.h ****   /*
ARM GAS  C:\Users\Lamp\AppData\Local\Temp\ccXAOCAc.s 			page 25


 795:Drivers/CMSIS/DSP/Include/arm_math.h ****    * @brief C custom defined SHASX for M3 and M0 processors
 796:Drivers/CMSIS/DSP/Include/arm_math.h ****    */
 797:Drivers/CMSIS/DSP/Include/arm_math.h ****   CMSIS_INLINE __STATIC_INLINE uint32_t __SHASX(
 798:Drivers/CMSIS/DSP/Include/arm_math.h ****   uint32_t x,
 799:Drivers/CMSIS/DSP/Include/arm_math.h ****   uint32_t y)
 800:Drivers/CMSIS/DSP/Include/arm_math.h ****   {
 801:Drivers/CMSIS/DSP/Include/arm_math.h ****     q31_t r, s;
 802:Drivers/CMSIS/DSP/Include/arm_math.h **** 
 803:Drivers/CMSIS/DSP/Include/arm_math.h ****     r = (((((q31_t)x << 16) >> 16) - (((q31_t)y      ) >> 16)) >> 1) & (int32_t)0x0000FFFF;
 804:Drivers/CMSIS/DSP/Include/arm_math.h ****     s = (((((q31_t)x      ) >> 16) + (((q31_t)y << 16) >> 16)) >> 1) & (int32_t)0x0000FFFF;
 805:Drivers/CMSIS/DSP/Include/arm_math.h **** 
 806:Drivers/CMSIS/DSP/Include/arm_math.h ****     return ((uint32_t)((s << 16) | (r      )));
 807:Drivers/CMSIS/DSP/Include/arm_math.h ****   }
 808:Drivers/CMSIS/DSP/Include/arm_math.h **** 
 809:Drivers/CMSIS/DSP/Include/arm_math.h **** 
 810:Drivers/CMSIS/DSP/Include/arm_math.h ****   /*
 811:Drivers/CMSIS/DSP/Include/arm_math.h ****    * @brief C custom defined QSAX for M3 and M0 processors
 812:Drivers/CMSIS/DSP/Include/arm_math.h ****    */
 813:Drivers/CMSIS/DSP/Include/arm_math.h ****   CMSIS_INLINE __STATIC_INLINE uint32_t __QSAX(
 814:Drivers/CMSIS/DSP/Include/arm_math.h ****   uint32_t x,
 815:Drivers/CMSIS/DSP/Include/arm_math.h ****   uint32_t y)
 816:Drivers/CMSIS/DSP/Include/arm_math.h ****   {
 817:Drivers/CMSIS/DSP/Include/arm_math.h ****     q31_t r, s;
 818:Drivers/CMSIS/DSP/Include/arm_math.h **** 
 819:Drivers/CMSIS/DSP/Include/arm_math.h ****     r = __SSAT(((((q31_t)x << 16) >> 16) + (((q31_t)y      ) >> 16)), 16) & (int32_t)0x0000FFFF;
 820:Drivers/CMSIS/DSP/Include/arm_math.h ****     s = __SSAT(((((q31_t)x      ) >> 16) - (((q31_t)y << 16) >> 16)), 16) & (int32_t)0x0000FFFF;
 821:Drivers/CMSIS/DSP/Include/arm_math.h **** 
 822:Drivers/CMSIS/DSP/Include/arm_math.h ****     return ((uint32_t)((s << 16) | (r      )));
 823:Drivers/CMSIS/DSP/Include/arm_math.h ****   }
 824:Drivers/CMSIS/DSP/Include/arm_math.h **** 
 825:Drivers/CMSIS/DSP/Include/arm_math.h **** 
 826:Drivers/CMSIS/DSP/Include/arm_math.h ****   /*
 827:Drivers/CMSIS/DSP/Include/arm_math.h ****    * @brief C custom defined SHSAX for M3 and M0 processors
 828:Drivers/CMSIS/DSP/Include/arm_math.h ****    */
 829:Drivers/CMSIS/DSP/Include/arm_math.h ****   CMSIS_INLINE __STATIC_INLINE uint32_t __SHSAX(
 830:Drivers/CMSIS/DSP/Include/arm_math.h ****   uint32_t x,
 831:Drivers/CMSIS/DSP/Include/arm_math.h ****   uint32_t y)
 832:Drivers/CMSIS/DSP/Include/arm_math.h ****   {
 833:Drivers/CMSIS/DSP/Include/arm_math.h ****     q31_t r, s;
 834:Drivers/CMSIS/DSP/Include/arm_math.h **** 
 835:Drivers/CMSIS/DSP/Include/arm_math.h ****     r = (((((q31_t)x << 16) >> 16) + (((q31_t)y      ) >> 16)) >> 1) & (int32_t)0x0000FFFF;
 836:Drivers/CMSIS/DSP/Include/arm_math.h ****     s = (((((q31_t)x      ) >> 16) - (((q31_t)y << 16) >> 16)) >> 1) & (int32_t)0x0000FFFF;
 837:Drivers/CMSIS/DSP/Include/arm_math.h **** 
 838:Drivers/CMSIS/DSP/Include/arm_math.h ****     return ((uint32_t)((s << 16) | (r      )));
 839:Drivers/CMSIS/DSP/Include/arm_math.h ****   }
 840:Drivers/CMSIS/DSP/Include/arm_math.h **** 
 841:Drivers/CMSIS/DSP/Include/arm_math.h **** 
 842:Drivers/CMSIS/DSP/Include/arm_math.h ****   /*
 843:Drivers/CMSIS/DSP/Include/arm_math.h ****    * @brief C custom defined SMUSDX for M3 and M0 processors
 844:Drivers/CMSIS/DSP/Include/arm_math.h ****    */
 845:Drivers/CMSIS/DSP/Include/arm_math.h ****   CMSIS_INLINE __STATIC_INLINE uint32_t __SMUSDX(
 846:Drivers/CMSIS/DSP/Include/arm_math.h ****   uint32_t x,
 847:Drivers/CMSIS/DSP/Include/arm_math.h ****   uint32_t y)
 848:Drivers/CMSIS/DSP/Include/arm_math.h ****   {
 849:Drivers/CMSIS/DSP/Include/arm_math.h ****     return ((uint32_t)(((((q31_t)x << 16) >> 16) * (((q31_t)y      ) >> 16)) -
 850:Drivers/CMSIS/DSP/Include/arm_math.h ****                        ((((q31_t)x      ) >> 16) * (((q31_t)y << 16) >> 16))   ));
 851:Drivers/CMSIS/DSP/Include/arm_math.h ****   }
ARM GAS  C:\Users\Lamp\AppData\Local\Temp\ccXAOCAc.s 			page 26


 852:Drivers/CMSIS/DSP/Include/arm_math.h **** 
 853:Drivers/CMSIS/DSP/Include/arm_math.h ****   /*
 854:Drivers/CMSIS/DSP/Include/arm_math.h ****    * @brief C custom defined SMUADX for M3 and M0 processors
 855:Drivers/CMSIS/DSP/Include/arm_math.h ****    */
 856:Drivers/CMSIS/DSP/Include/arm_math.h ****   CMSIS_INLINE __STATIC_INLINE uint32_t __SMUADX(
 857:Drivers/CMSIS/DSP/Include/arm_math.h ****   uint32_t x,
 858:Drivers/CMSIS/DSP/Include/arm_math.h ****   uint32_t y)
 859:Drivers/CMSIS/DSP/Include/arm_math.h ****   {
 860:Drivers/CMSIS/DSP/Include/arm_math.h ****     return ((uint32_t)(((((q31_t)x << 16) >> 16) * (((q31_t)y      ) >> 16)) +
 861:Drivers/CMSIS/DSP/Include/arm_math.h ****                        ((((q31_t)x      ) >> 16) * (((q31_t)y << 16) >> 16))   ));
 862:Drivers/CMSIS/DSP/Include/arm_math.h ****   }
 863:Drivers/CMSIS/DSP/Include/arm_math.h **** 
 864:Drivers/CMSIS/DSP/Include/arm_math.h **** 
 865:Drivers/CMSIS/DSP/Include/arm_math.h ****   /*
 866:Drivers/CMSIS/DSP/Include/arm_math.h ****    * @brief C custom defined QADD for M3 and M0 processors
 867:Drivers/CMSIS/DSP/Include/arm_math.h ****    */
 868:Drivers/CMSIS/DSP/Include/arm_math.h ****   CMSIS_INLINE __STATIC_INLINE int32_t __QADD(
 869:Drivers/CMSIS/DSP/Include/arm_math.h ****   int32_t x,
 870:Drivers/CMSIS/DSP/Include/arm_math.h ****   int32_t y)
 871:Drivers/CMSIS/DSP/Include/arm_math.h ****   {
 872:Drivers/CMSIS/DSP/Include/arm_math.h ****     return ((int32_t)(clip_q63_to_q31((q63_t)x + (q31_t)y)));
 873:Drivers/CMSIS/DSP/Include/arm_math.h ****   }
 874:Drivers/CMSIS/DSP/Include/arm_math.h **** 
 875:Drivers/CMSIS/DSP/Include/arm_math.h **** 
 876:Drivers/CMSIS/DSP/Include/arm_math.h ****   /*
 877:Drivers/CMSIS/DSP/Include/arm_math.h ****    * @brief C custom defined QSUB for M3 and M0 processors
 878:Drivers/CMSIS/DSP/Include/arm_math.h ****    */
 879:Drivers/CMSIS/DSP/Include/arm_math.h ****   CMSIS_INLINE __STATIC_INLINE int32_t __QSUB(
 880:Drivers/CMSIS/DSP/Include/arm_math.h ****   int32_t x,
 881:Drivers/CMSIS/DSP/Include/arm_math.h ****   int32_t y)
 882:Drivers/CMSIS/DSP/Include/arm_math.h ****   {
 883:Drivers/CMSIS/DSP/Include/arm_math.h ****     return ((int32_t)(clip_q63_to_q31((q63_t)x - (q31_t)y)));
 884:Drivers/CMSIS/DSP/Include/arm_math.h ****   }
 885:Drivers/CMSIS/DSP/Include/arm_math.h **** 
 886:Drivers/CMSIS/DSP/Include/arm_math.h **** 
 887:Drivers/CMSIS/DSP/Include/arm_math.h ****   /*
 888:Drivers/CMSIS/DSP/Include/arm_math.h ****    * @brief C custom defined SMLAD for M3 and M0 processors
 889:Drivers/CMSIS/DSP/Include/arm_math.h ****    */
 890:Drivers/CMSIS/DSP/Include/arm_math.h ****   CMSIS_INLINE __STATIC_INLINE uint32_t __SMLAD(
 891:Drivers/CMSIS/DSP/Include/arm_math.h ****   uint32_t x,
 892:Drivers/CMSIS/DSP/Include/arm_math.h ****   uint32_t y,
 893:Drivers/CMSIS/DSP/Include/arm_math.h ****   uint32_t sum)
 894:Drivers/CMSIS/DSP/Include/arm_math.h ****   {
 895:Drivers/CMSIS/DSP/Include/arm_math.h ****     return ((uint32_t)(((((q31_t)x << 16) >> 16) * (((q31_t)y << 16) >> 16)) +
 896:Drivers/CMSIS/DSP/Include/arm_math.h ****                        ((((q31_t)x      ) >> 16) * (((q31_t)y      ) >> 16)) +
 897:Drivers/CMSIS/DSP/Include/arm_math.h ****                        ( ((q31_t)sum    )                                  )   ));
 898:Drivers/CMSIS/DSP/Include/arm_math.h ****   }
 899:Drivers/CMSIS/DSP/Include/arm_math.h **** 
 900:Drivers/CMSIS/DSP/Include/arm_math.h **** 
 901:Drivers/CMSIS/DSP/Include/arm_math.h ****   /*
 902:Drivers/CMSIS/DSP/Include/arm_math.h ****    * @brief C custom defined SMLADX for M3 and M0 processors
 903:Drivers/CMSIS/DSP/Include/arm_math.h ****    */
 904:Drivers/CMSIS/DSP/Include/arm_math.h ****   CMSIS_INLINE __STATIC_INLINE uint32_t __SMLADX(
 905:Drivers/CMSIS/DSP/Include/arm_math.h ****   uint32_t x,
 906:Drivers/CMSIS/DSP/Include/arm_math.h ****   uint32_t y,
 907:Drivers/CMSIS/DSP/Include/arm_math.h ****   uint32_t sum)
 908:Drivers/CMSIS/DSP/Include/arm_math.h ****   {
ARM GAS  C:\Users\Lamp\AppData\Local\Temp\ccXAOCAc.s 			page 27


 909:Drivers/CMSIS/DSP/Include/arm_math.h ****     return ((uint32_t)(((((q31_t)x << 16) >> 16) * (((q31_t)y      ) >> 16)) +
 910:Drivers/CMSIS/DSP/Include/arm_math.h ****                        ((((q31_t)x      ) >> 16) * (((q31_t)y << 16) >> 16)) +
 911:Drivers/CMSIS/DSP/Include/arm_math.h ****                        ( ((q31_t)sum    )                                  )   ));
 912:Drivers/CMSIS/DSP/Include/arm_math.h ****   }
 913:Drivers/CMSIS/DSP/Include/arm_math.h **** 
 914:Drivers/CMSIS/DSP/Include/arm_math.h **** 
 915:Drivers/CMSIS/DSP/Include/arm_math.h ****   /*
 916:Drivers/CMSIS/DSP/Include/arm_math.h ****    * @brief C custom defined SMLSDX for M3 and M0 processors
 917:Drivers/CMSIS/DSP/Include/arm_math.h ****    */
 918:Drivers/CMSIS/DSP/Include/arm_math.h ****   CMSIS_INLINE __STATIC_INLINE uint32_t __SMLSDX(
 919:Drivers/CMSIS/DSP/Include/arm_math.h ****   uint32_t x,
 920:Drivers/CMSIS/DSP/Include/arm_math.h ****   uint32_t y,
 921:Drivers/CMSIS/DSP/Include/arm_math.h ****   uint32_t sum)
 922:Drivers/CMSIS/DSP/Include/arm_math.h ****   {
 923:Drivers/CMSIS/DSP/Include/arm_math.h ****     return ((uint32_t)(((((q31_t)x << 16) >> 16) * (((q31_t)y      ) >> 16)) -
 924:Drivers/CMSIS/DSP/Include/arm_math.h ****                        ((((q31_t)x      ) >> 16) * (((q31_t)y << 16) >> 16)) +
 925:Drivers/CMSIS/DSP/Include/arm_math.h ****                        ( ((q31_t)sum    )                                  )   ));
 926:Drivers/CMSIS/DSP/Include/arm_math.h ****   }
 927:Drivers/CMSIS/DSP/Include/arm_math.h **** 
 928:Drivers/CMSIS/DSP/Include/arm_math.h **** 
 929:Drivers/CMSIS/DSP/Include/arm_math.h ****   /*
 930:Drivers/CMSIS/DSP/Include/arm_math.h ****    * @brief C custom defined SMLALD for M3 and M0 processors
 931:Drivers/CMSIS/DSP/Include/arm_math.h ****    */
 932:Drivers/CMSIS/DSP/Include/arm_math.h ****   CMSIS_INLINE __STATIC_INLINE uint64_t __SMLALD(
 933:Drivers/CMSIS/DSP/Include/arm_math.h ****   uint32_t x,
 934:Drivers/CMSIS/DSP/Include/arm_math.h ****   uint32_t y,
 935:Drivers/CMSIS/DSP/Include/arm_math.h ****   uint64_t sum)
 936:Drivers/CMSIS/DSP/Include/arm_math.h ****   {
 937:Drivers/CMSIS/DSP/Include/arm_math.h **** /*  return (sum + ((q15_t) (x >> 16) * (q15_t) (y >> 16)) + ((q15_t) x * (q15_t) y)); */
 938:Drivers/CMSIS/DSP/Include/arm_math.h ****     return ((uint64_t)(((((q31_t)x << 16) >> 16) * (((q31_t)y << 16) >> 16)) +
 939:Drivers/CMSIS/DSP/Include/arm_math.h ****                        ((((q31_t)x      ) >> 16) * (((q31_t)y      ) >> 16)) +
 940:Drivers/CMSIS/DSP/Include/arm_math.h ****                        ( ((q63_t)sum    )                                  )   ));
 941:Drivers/CMSIS/DSP/Include/arm_math.h ****   }
 942:Drivers/CMSIS/DSP/Include/arm_math.h **** 
 943:Drivers/CMSIS/DSP/Include/arm_math.h **** 
 944:Drivers/CMSIS/DSP/Include/arm_math.h ****   /*
 945:Drivers/CMSIS/DSP/Include/arm_math.h ****    * @brief C custom defined SMLALDX for M3 and M0 processors
 946:Drivers/CMSIS/DSP/Include/arm_math.h ****    */
 947:Drivers/CMSIS/DSP/Include/arm_math.h ****   CMSIS_INLINE __STATIC_INLINE uint64_t __SMLALDX(
 948:Drivers/CMSIS/DSP/Include/arm_math.h ****   uint32_t x,
 949:Drivers/CMSIS/DSP/Include/arm_math.h ****   uint32_t y,
 950:Drivers/CMSIS/DSP/Include/arm_math.h ****   uint64_t sum)
 951:Drivers/CMSIS/DSP/Include/arm_math.h ****   {
 952:Drivers/CMSIS/DSP/Include/arm_math.h **** /*  return (sum + ((q15_t) (x >> 16) * (q15_t) y)) + ((q15_t) x * (q15_t) (y >> 16)); */
 953:Drivers/CMSIS/DSP/Include/arm_math.h ****     return ((uint64_t)(((((q31_t)x << 16) >> 16) * (((q31_t)y      ) >> 16)) +
 954:Drivers/CMSIS/DSP/Include/arm_math.h ****                        ((((q31_t)x      ) >> 16) * (((q31_t)y << 16) >> 16)) +
 955:Drivers/CMSIS/DSP/Include/arm_math.h ****                        ( ((q63_t)sum    )                                  )   ));
 956:Drivers/CMSIS/DSP/Include/arm_math.h ****   }
 957:Drivers/CMSIS/DSP/Include/arm_math.h **** 
 958:Drivers/CMSIS/DSP/Include/arm_math.h **** 
 959:Drivers/CMSIS/DSP/Include/arm_math.h ****   /*
 960:Drivers/CMSIS/DSP/Include/arm_math.h ****    * @brief C custom defined SMUAD for M3 and M0 processors
 961:Drivers/CMSIS/DSP/Include/arm_math.h ****    */
 962:Drivers/CMSIS/DSP/Include/arm_math.h ****   CMSIS_INLINE __STATIC_INLINE uint32_t __SMUAD(
 963:Drivers/CMSIS/DSP/Include/arm_math.h ****   uint32_t x,
 964:Drivers/CMSIS/DSP/Include/arm_math.h ****   uint32_t y)
 965:Drivers/CMSIS/DSP/Include/arm_math.h ****   {
ARM GAS  C:\Users\Lamp\AppData\Local\Temp\ccXAOCAc.s 			page 28


 966:Drivers/CMSIS/DSP/Include/arm_math.h ****     return ((uint32_t)(((((q31_t)x << 16) >> 16) * (((q31_t)y << 16) >> 16)) +
 967:Drivers/CMSIS/DSP/Include/arm_math.h ****                        ((((q31_t)x      ) >> 16) * (((q31_t)y      ) >> 16))   ));
 968:Drivers/CMSIS/DSP/Include/arm_math.h ****   }
 969:Drivers/CMSIS/DSP/Include/arm_math.h **** 
 970:Drivers/CMSIS/DSP/Include/arm_math.h **** 
 971:Drivers/CMSIS/DSP/Include/arm_math.h ****   /*
 972:Drivers/CMSIS/DSP/Include/arm_math.h ****    * @brief C custom defined SMUSD for M3 and M0 processors
 973:Drivers/CMSIS/DSP/Include/arm_math.h ****    */
 974:Drivers/CMSIS/DSP/Include/arm_math.h ****   CMSIS_INLINE __STATIC_INLINE uint32_t __SMUSD(
 237              		.loc 2 974 41 view .LVU87
 238              	.LBB17:
 975:Drivers/CMSIS/DSP/Include/arm_math.h ****   uint32_t x,
 976:Drivers/CMSIS/DSP/Include/arm_math.h ****   uint32_t y)
 977:Drivers/CMSIS/DSP/Include/arm_math.h ****   {
 978:Drivers/CMSIS/DSP/Include/arm_math.h ****     return ((uint32_t)(((((q31_t)x << 16) >> 16) * (((q31_t)y << 16) >> 16)) -
 239              		.loc 2 978 5 view .LVU88
 240              		.loc 2 978 43 is_stmt 0 view .LVU89
 241 009a 0FFA87FB 		sxth	fp, r7
 242              		.loc 2 978 70 view .LVU90
 243 009e 33B2     		sxth	r3, r6
 244              		.loc 2 978 50 view .LVU91
 245 00a0 03FB0BF1 		mul	r1, r3, fp
 979:Drivers/CMSIS/DSP/Include/arm_math.h ****                        ((((q31_t)x      ) >> 16) * (((q31_t)y      ) >> 16))   ));
 246              		.loc 2 979 43 view .LVU92
 247 00a4 3F14     		asrs	r7, r7, #16
 248              	.LVL37:
 249              		.loc 2 979 70 view .LVU93
 250 00a6 3614     		asrs	r6, r6, #16
 251              	.LVL38:
 978:Drivers/CMSIS/DSP/Include/arm_math.h ****                        ((((q31_t)x      ) >> 16) * (((q31_t)y      ) >> 16))   ));
 252              		.loc 2 978 78 view .LVU94
 253 00a8 06FB1711 		mls	r1, r6, r7, r1
 254              	.LVL39:
 978:Drivers/CMSIS/DSP/Include/arm_math.h ****                        ((((q31_t)x      ) >> 16) * (((q31_t)y      ) >> 16))   ));
 255              		.loc 2 978 78 view .LVU95
 256              	.LBE17:
 257              	.LBE16:
 323:Drivers/CMSIS/DSP/Source/MatrixFunctions/arm_mat_cmplx_mult_q15.c **** #endif
 324:Drivers/CMSIS/DSP/Source/MatrixFunctions/arm_mat_cmplx_mult_q15.c ****           prod2 = __SMUADX(pSourceA, pSourceB);
 258              		.loc 1 324 11 is_stmt 1 view .LVU96
 259              	.LBB18:
 260              	.LBI18:
 856:Drivers/CMSIS/DSP/Include/arm_math.h ****   uint32_t x,
 261              		.loc 2 856 41 view .LVU97
 262              	.LBB19:
 860:Drivers/CMSIS/DSP/Include/arm_math.h ****                        ((((q31_t)x      ) >> 16) * (((q31_t)y << 16) >> 16))   ));
 263              		.loc 2 860 5 view .LVU98
 861:Drivers/CMSIS/DSP/Include/arm_math.h ****   }
 264              		.loc 2 861 50 is_stmt 0 view .LVU99
 265 00ac 07FB03F3 		mul	r3, r7, r3
 860:Drivers/CMSIS/DSP/Include/arm_math.h ****                        ((((q31_t)x      ) >> 16) * (((q31_t)y << 16) >> 16))   ));
 266              		.loc 2 860 78 view .LVU100
 267 00b0 06FB0B33 		mla	r3, r6, fp, r3
 268              	.LVL40:
 860:Drivers/CMSIS/DSP/Include/arm_math.h ****                        ((((q31_t)x      ) >> 16) * (((q31_t)y << 16) >> 16))   ));
 269              		.loc 2 860 78 view .LVU101
 270              	.LBE19:
ARM GAS  C:\Users\Lamp\AppData\Local\Temp\ccXAOCAc.s 			page 29


 271              	.LBE18:
 325:Drivers/CMSIS/DSP/Source/MatrixFunctions/arm_mat_cmplx_mult_q15.c ****           sumReal += (q63_t) prod1;
 272              		.loc 1 325 11 is_stmt 1 view .LVU102
 273              		.loc 1 325 19 is_stmt 0 view .LVU103
 274 00b4 4D19     		adds	r5, r1, r5
 275              	.LVL41:
 276              		.loc 1 325 19 view .LVU104
 277 00b6 40EBE171 		adc	r1, r0, r1, asr #31
 278              	.LVL42:
 326:Drivers/CMSIS/DSP/Source/MatrixFunctions/arm_mat_cmplx_mult_q15.c ****           sumImag += (q63_t) prod2;
 279              		.loc 1 326 11 is_stmt 1 view .LVU105
 280              		.loc 1 326 19 is_stmt 0 view .LVU106
 281 00ba 1C19     		adds	r4, r3, r4
 282              	.LVL43:
 283              		.loc 1 326 19 view .LVU107
 284 00bc 42EBE373 		adc	r3, r2, r3, asr #31
 285              	.LVL44:
 327:Drivers/CMSIS/DSP/Source/MatrixFunctions/arm_mat_cmplx_mult_q15.c **** 
 328:Drivers/CMSIS/DSP/Source/MatrixFunctions/arm_mat_cmplx_mult_q15.c ****           /* read real and imag values from pSrcA and pSrcB buffer */
 329:Drivers/CMSIS/DSP/Source/MatrixFunctions/arm_mat_cmplx_mult_q15.c ****           pSourceA = *__SIMD32(pInA)++;
 286              		.loc 1 329 11 is_stmt 1 view .LVU108
 287              		.loc 1 329 20 is_stmt 0 view .LVU109
 288 00c0 D9F80470 		ldr	r7, [r9, #4]
 289              	.LVL45:
 330:Drivers/CMSIS/DSP/Source/MatrixFunctions/arm_mat_cmplx_mult_q15.c ****           pSourceB = *__SIMD32(pInB)++;
 290              		.loc 1 330 11 is_stmt 1 view .LVU110
 291              		.loc 1 330 20 is_stmt 0 view .LVU111
 292 00c4 DAF80460 		ldr	r6, [r10, #4]
 293              	.LVL46:
 331:Drivers/CMSIS/DSP/Source/MatrixFunctions/arm_mat_cmplx_mult_q15.c **** 
 332:Drivers/CMSIS/DSP/Source/MatrixFunctions/arm_mat_cmplx_mult_q15.c ****           /* Multiply and Accumlates */
 333:Drivers/CMSIS/DSP/Source/MatrixFunctions/arm_mat_cmplx_mult_q15.c **** #ifdef ARM_MATH_BIG_ENDIAN
 334:Drivers/CMSIS/DSP/Source/MatrixFunctions/arm_mat_cmplx_mult_q15.c ****           prod1 = -__SMUSD(pSourceA, pSourceB);
 335:Drivers/CMSIS/DSP/Source/MatrixFunctions/arm_mat_cmplx_mult_q15.c **** #else
 336:Drivers/CMSIS/DSP/Source/MatrixFunctions/arm_mat_cmplx_mult_q15.c ****           prod1 = __SMUSD(pSourceA, pSourceB);
 294              		.loc 1 336 11 is_stmt 1 view .LVU112
 295              	.LBB20:
 296              	.LBI20:
 974:Drivers/CMSIS/DSP/Include/arm_math.h ****   uint32_t x,
 297              		.loc 2 974 41 view .LVU113
 298              	.LBB21:
 978:Drivers/CMSIS/DSP/Include/arm_math.h ****                        ((((q31_t)x      ) >> 16) * (((q31_t)y      ) >> 16))   ));
 299              		.loc 2 978 5 view .LVU114
 978:Drivers/CMSIS/DSP/Include/arm_math.h ****                        ((((q31_t)x      ) >> 16) * (((q31_t)y      ) >> 16))   ));
 300              		.loc 2 978 43 is_stmt 0 view .LVU115
 301 00c8 0FFA87F9 		sxth	r9, r7
 302              	.LVL47:
 978:Drivers/CMSIS/DSP/Include/arm_math.h ****                        ((((q31_t)x      ) >> 16) * (((q31_t)y      ) >> 16))   ));
 303              		.loc 2 978 70 view .LVU116
 304 00cc 32B2     		sxth	r2, r6
 978:Drivers/CMSIS/DSP/Include/arm_math.h ****                        ((((q31_t)x      ) >> 16) * (((q31_t)y      ) >> 16))   ));
 305              		.loc 2 978 50 view .LVU117
 306 00ce 02FB09F0 		mul	r0, r2, r9
 307              		.loc 2 979 43 view .LVU118
 308 00d2 3F14     		asrs	r7, r7, #16
 309              	.LVL48:
 310              		.loc 2 979 70 view .LVU119
ARM GAS  C:\Users\Lamp\AppData\Local\Temp\ccXAOCAc.s 			page 30


 311 00d4 3614     		asrs	r6, r6, #16
 312              	.LVL49:
 978:Drivers/CMSIS/DSP/Include/arm_math.h ****                        ((((q31_t)x      ) >> 16) * (((q31_t)y      ) >> 16))   ));
 313              		.loc 2 978 78 view .LVU120
 314 00d6 06FB1700 		mls	r0, r6, r7, r0
 315              	.LVL50:
 978:Drivers/CMSIS/DSP/Include/arm_math.h ****                        ((((q31_t)x      ) >> 16) * (((q31_t)y      ) >> 16))   ));
 316              		.loc 2 978 78 view .LVU121
 317              	.LBE21:
 318              	.LBE20:
 337:Drivers/CMSIS/DSP/Source/MatrixFunctions/arm_mat_cmplx_mult_q15.c **** #endif
 338:Drivers/CMSIS/DSP/Source/MatrixFunctions/arm_mat_cmplx_mult_q15.c ****           prod2 = __SMUADX(pSourceA, pSourceB);
 319              		.loc 1 338 11 is_stmt 1 view .LVU122
 320              	.LBB22:
 321              	.LBI22:
 856:Drivers/CMSIS/DSP/Include/arm_math.h ****   uint32_t x,
 322              		.loc 2 856 41 view .LVU123
 323              	.LBB23:
 860:Drivers/CMSIS/DSP/Include/arm_math.h ****                        ((((q31_t)x      ) >> 16) * (((q31_t)y << 16) >> 16))   ));
 324              		.loc 2 860 5 view .LVU124
 861:Drivers/CMSIS/DSP/Include/arm_math.h ****   }
 325              		.loc 2 861 50 is_stmt 0 view .LVU125
 326 00da 07FB02F2 		mul	r2, r7, r2
 860:Drivers/CMSIS/DSP/Include/arm_math.h ****                        ((((q31_t)x      ) >> 16) * (((q31_t)y << 16) >> 16))   ));
 327              		.loc 2 860 78 view .LVU126
 328 00de 06FB0922 		mla	r2, r6, r9, r2
 329              	.LVL51:
 860:Drivers/CMSIS/DSP/Include/arm_math.h ****                        ((((q31_t)x      ) >> 16) * (((q31_t)y << 16) >> 16))   ));
 330              		.loc 2 860 78 view .LVU127
 331              	.LBE23:
 332              	.LBE22:
 339:Drivers/CMSIS/DSP/Source/MatrixFunctions/arm_mat_cmplx_mult_q15.c ****           sumReal += (q63_t) prod1;
 333              		.loc 1 339 11 is_stmt 1 view .LVU128
 334              		.loc 1 339 19 is_stmt 0 view .LVU129
 335 00e2 4519     		adds	r5, r0, r5
 336              	.LVL52:
 337              		.loc 1 339 19 view .LVU130
 338 00e4 41EBE070 		adc	r0, r1, r0, asr #31
 339              	.LVL53:
 340:Drivers/CMSIS/DSP/Source/MatrixFunctions/arm_mat_cmplx_mult_q15.c ****           sumImag += (q63_t) prod2;
 340              		.loc 1 340 11 is_stmt 1 view .LVU131
 341              		.loc 1 340 19 is_stmt 0 view .LVU132
 342 00e8 1419     		adds	r4, r2, r4
 343              	.LVL54:
 344              		.loc 1 340 19 view .LVU133
 345 00ea 43EBE272 		adc	r2, r3, r2, asr #31
 346              	.LVL55:
 341:Drivers/CMSIS/DSP/Source/MatrixFunctions/arm_mat_cmplx_mult_q15.c **** 
 342:Drivers/CMSIS/DSP/Source/MatrixFunctions/arm_mat_cmplx_mult_q15.c **** #endif /*      #ifdef UNALIGNED_SUPPORT_DISABLE */
 343:Drivers/CMSIS/DSP/Source/MatrixFunctions/arm_mat_cmplx_mult_q15.c **** 
 344:Drivers/CMSIS/DSP/Source/MatrixFunctions/arm_mat_cmplx_mult_q15.c ****           /* Decrement the loop counter */
 345:Drivers/CMSIS/DSP/Source/MatrixFunctions/arm_mat_cmplx_mult_q15.c ****           colCnt--;
 347              		.loc 1 345 11 is_stmt 1 view .LVU134
 348              		.loc 1 345 17 is_stmt 0 view .LVU135
 349 00ee 0CF1FF3C 		add	ip, ip, #-1
 350              	.LVL56:
 351              		.loc 1 345 17 view .LVU136
ARM GAS  C:\Users\Lamp\AppData\Local\Temp\ccXAOCAc.s 			page 31


 352 00f2 1FFA8CFC 		uxth	ip, ip
 353              	.LVL57:
 330:Drivers/CMSIS/DSP/Source/MatrixFunctions/arm_mat_cmplx_mult_q15.c **** 
 354              		.loc 1 330 37 view .LVU137
 355 00f6 C246     		mov	r10, r8
 356              	.LVL58:
 329:Drivers/CMSIS/DSP/Source/MatrixFunctions/arm_mat_cmplx_mult_q15.c ****           pSourceB = *__SIMD32(pInB)++;
 357              		.loc 1 329 37 view .LVU138
 358 00f8 F146     		mov	r9, lr
 359              	.LVL59:
 360              	.L7:
 277:Drivers/CMSIS/DSP/Source/MatrixFunctions/arm_mat_cmplx_mult_q15.c ****         {
 361              		.loc 1 277 23 is_stmt 1 view .LVU139
 362 00fa BCF1000F 		cmp	ip, #0
 363 00fe C6D1     		bne	.L8
 346:Drivers/CMSIS/DSP/Source/MatrixFunctions/arm_mat_cmplx_mult_q15.c ****         }
 347:Drivers/CMSIS/DSP/Source/MatrixFunctions/arm_mat_cmplx_mult_q15.c **** 
 348:Drivers/CMSIS/DSP/Source/MatrixFunctions/arm_mat_cmplx_mult_q15.c ****         /* process odd column samples */
 349:Drivers/CMSIS/DSP/Source/MatrixFunctions/arm_mat_cmplx_mult_q15.c ****         if ((numColsA & 0x1U) > 0U)
 364              		.loc 1 349 12 is_stmt 0 view .LVU140
 365 0100 009E     		ldr	r6, [sp]
 366 0102 0199     		ldr	r1, [sp, #4]
 367 0104 029B     		ldr	r3, [sp, #8]
 368              		.loc 1 349 9 is_stmt 1 view .LVU141
 369              		.loc 1 349 12 is_stmt 0 view .LVU142
 370 0106 11F0010F 		tst	r1, #1
 371 010a 1BD0     		beq	.L9
 350:Drivers/CMSIS/DSP/Source/MatrixFunctions/arm_mat_cmplx_mult_q15.c ****         {
 351:Drivers/CMSIS/DSP/Source/MatrixFunctions/arm_mat_cmplx_mult_q15.c ****           /* c(m,n) = a(1,1)*b(1,1) + a(1,2) * b(2,1) + .... + a(m,p)*b(p,n) */
 352:Drivers/CMSIS/DSP/Source/MatrixFunctions/arm_mat_cmplx_mult_q15.c **** 
 353:Drivers/CMSIS/DSP/Source/MatrixFunctions/arm_mat_cmplx_mult_q15.c **** #ifdef UNALIGNED_SUPPORT_DISABLE
 354:Drivers/CMSIS/DSP/Source/MatrixFunctions/arm_mat_cmplx_mult_q15.c **** 
 355:Drivers/CMSIS/DSP/Source/MatrixFunctions/arm_mat_cmplx_mult_q15.c ****           /* read real and imag values from pSrcA and pSrcB buffer */
 356:Drivers/CMSIS/DSP/Source/MatrixFunctions/arm_mat_cmplx_mult_q15.c ****           a = *pInA++;
 357:Drivers/CMSIS/DSP/Source/MatrixFunctions/arm_mat_cmplx_mult_q15.c ****           b = *pInA++;
 358:Drivers/CMSIS/DSP/Source/MatrixFunctions/arm_mat_cmplx_mult_q15.c ****           c = *pInB++;
 359:Drivers/CMSIS/DSP/Source/MatrixFunctions/arm_mat_cmplx_mult_q15.c ****           d = *pInB++;
 360:Drivers/CMSIS/DSP/Source/MatrixFunctions/arm_mat_cmplx_mult_q15.c **** 
 361:Drivers/CMSIS/DSP/Source/MatrixFunctions/arm_mat_cmplx_mult_q15.c ****           /* Multiply and Accumlates */
 362:Drivers/CMSIS/DSP/Source/MatrixFunctions/arm_mat_cmplx_mult_q15.c ****           sumReal += (q31_t) a *c;
 363:Drivers/CMSIS/DSP/Source/MatrixFunctions/arm_mat_cmplx_mult_q15.c ****           sumImag += (q31_t) a *d;
 364:Drivers/CMSIS/DSP/Source/MatrixFunctions/arm_mat_cmplx_mult_q15.c ****           sumReal -= (q31_t) b *d;
 365:Drivers/CMSIS/DSP/Source/MatrixFunctions/arm_mat_cmplx_mult_q15.c ****           sumImag += (q31_t) b *c;
 366:Drivers/CMSIS/DSP/Source/MatrixFunctions/arm_mat_cmplx_mult_q15.c **** 
 367:Drivers/CMSIS/DSP/Source/MatrixFunctions/arm_mat_cmplx_mult_q15.c **** #else
 368:Drivers/CMSIS/DSP/Source/MatrixFunctions/arm_mat_cmplx_mult_q15.c ****           /* read real and imag values from pSrcA and pSrcB buffer */
 369:Drivers/CMSIS/DSP/Source/MatrixFunctions/arm_mat_cmplx_mult_q15.c ****           pSourceA = *__SIMD32(pInA)++;
 372              		.loc 1 369 11 is_stmt 1 view .LVU143
 373              	.LVL60:
 374              		.loc 1 369 20 is_stmt 0 view .LVU144
 375 010c D9F80090 		ldr	r9, [r9]
 376              	.LVL61:
 370:Drivers/CMSIS/DSP/Source/MatrixFunctions/arm_mat_cmplx_mult_q15.c ****           pSourceB = *__SIMD32(pInB)++;
 377              		.loc 1 370 11 is_stmt 1 view .LVU145
 378              		.loc 1 370 20 is_stmt 0 view .LVU146
 379 0110 5AF8048B 		ldr	r8, [r10], #4
 380              	.LVL62:
ARM GAS  C:\Users\Lamp\AppData\Local\Temp\ccXAOCAc.s 			page 32


 371:Drivers/CMSIS/DSP/Source/MatrixFunctions/arm_mat_cmplx_mult_q15.c **** 
 372:Drivers/CMSIS/DSP/Source/MatrixFunctions/arm_mat_cmplx_mult_q15.c ****           /* Multiply and Accumlates */
 373:Drivers/CMSIS/DSP/Source/MatrixFunctions/arm_mat_cmplx_mult_q15.c **** #ifdef ARM_MATH_BIG_ENDIAN
 374:Drivers/CMSIS/DSP/Source/MatrixFunctions/arm_mat_cmplx_mult_q15.c ****           prod1 = -__SMUSD(pSourceA, pSourceB);
 375:Drivers/CMSIS/DSP/Source/MatrixFunctions/arm_mat_cmplx_mult_q15.c **** #else
 376:Drivers/CMSIS/DSP/Source/MatrixFunctions/arm_mat_cmplx_mult_q15.c ****           prod1 = __SMUSD(pSourceA, pSourceB);
 381              		.loc 1 376 11 is_stmt 1 view .LVU147
 382              	.LBB24:
 383              	.LBI24:
 974:Drivers/CMSIS/DSP/Include/arm_math.h ****   uint32_t x,
 384              		.loc 2 974 41 view .LVU148
 385              	.LBB25:
 978:Drivers/CMSIS/DSP/Include/arm_math.h ****                        ((((q31_t)x      ) >> 16) * (((q31_t)y      ) >> 16))   ));
 386              		.loc 2 978 5 view .LVU149
 978:Drivers/CMSIS/DSP/Include/arm_math.h ****                        ((((q31_t)x      ) >> 16) * (((q31_t)y      ) >> 16))   ));
 387              		.loc 2 978 43 is_stmt 0 view .LVU150
 388 0114 0FFA89FB 		sxth	fp, r9
 978:Drivers/CMSIS/DSP/Include/arm_math.h ****                        ((((q31_t)x      ) >> 16) * (((q31_t)y      ) >> 16))   ));
 389              		.loc 2 978 70 view .LVU151
 390 0118 0FFA88FC 		sxth	ip, r8
 391              	.LVL63:
 978:Drivers/CMSIS/DSP/Include/arm_math.h ****                        ((((q31_t)x      ) >> 16) * (((q31_t)y      ) >> 16))   ));
 392              		.loc 2 978 50 view .LVU152
 393 011c 0CFB0BFE 		mul	lr, ip, fp
 394              		.loc 2 979 43 view .LVU153
 395 0120 4FEA2949 		asr	r9, r9, #16
 396              	.LVL64:
 397              		.loc 2 979 70 view .LVU154
 398 0124 4FEA2848 		asr	r8, r8, #16
 399              	.LVL65:
 978:Drivers/CMSIS/DSP/Include/arm_math.h ****                        ((((q31_t)x      ) >> 16) * (((q31_t)y      ) >> 16))   ));
 400              		.loc 2 978 78 view .LVU155
 401 0128 08FB19EE 		mls	lr, r8, r9, lr
 402              	.LVL66:
 978:Drivers/CMSIS/DSP/Include/arm_math.h ****                        ((((q31_t)x      ) >> 16) * (((q31_t)y      ) >> 16))   ));
 403              		.loc 2 978 78 view .LVU156
 404              	.LBE25:
 405              	.LBE24:
 377:Drivers/CMSIS/DSP/Source/MatrixFunctions/arm_mat_cmplx_mult_q15.c **** #endif
 378:Drivers/CMSIS/DSP/Source/MatrixFunctions/arm_mat_cmplx_mult_q15.c ****           prod2 = __SMUADX(pSourceA, pSourceB);
 406              		.loc 1 378 11 is_stmt 1 view .LVU157
 407              	.LBB26:
 408              	.LBI26:
 856:Drivers/CMSIS/DSP/Include/arm_math.h ****   uint32_t x,
 409              		.loc 2 856 41 view .LVU158
 410              	.LBB27:
 860:Drivers/CMSIS/DSP/Include/arm_math.h ****                        ((((q31_t)x      ) >> 16) * (((q31_t)y << 16) >> 16))   ));
 411              		.loc 2 860 5 view .LVU159
 861:Drivers/CMSIS/DSP/Include/arm_math.h ****   }
 412              		.loc 2 861 50 is_stmt 0 view .LVU160
 413 012c 09FB0CFC 		mul	ip, r9, ip
 860:Drivers/CMSIS/DSP/Include/arm_math.h ****                        ((((q31_t)x      ) >> 16) * (((q31_t)y << 16) >> 16))   ));
 414              		.loc 2 860 78 view .LVU161
 415 0130 08FB0BCC 		mla	ip, r8, fp, ip
 416              	.LVL67:
 860:Drivers/CMSIS/DSP/Include/arm_math.h ****                        ((((q31_t)x      ) >> 16) * (((q31_t)y << 16) >> 16))   ));
 417              		.loc 2 860 78 view .LVU162
ARM GAS  C:\Users\Lamp\AppData\Local\Temp\ccXAOCAc.s 			page 33


 418              	.LBE27:
 419              	.LBE26:
 379:Drivers/CMSIS/DSP/Source/MatrixFunctions/arm_mat_cmplx_mult_q15.c ****           sumReal += (q63_t) prod1;
 420              		.loc 1 379 11 is_stmt 1 view .LVU163
 421              		.loc 1 379 19 is_stmt 0 view .LVU164
 422 0134 1EEB0505 		adds	r5, lr, r5
 423              	.LVL68:
 424              		.loc 1 379 19 view .LVU165
 425 0138 40EBEE70 		adc	r0, r0, lr, asr #31
 426              	.LVL69:
 380:Drivers/CMSIS/DSP/Source/MatrixFunctions/arm_mat_cmplx_mult_q15.c ****           sumImag += (q63_t) prod2;
 427              		.loc 1 380 11 is_stmt 1 view .LVU166
 428              		.loc 1 380 19 is_stmt 0 view .LVU167
 429 013c 1CEB0404 		adds	r4, ip, r4
 430              	.LVL70:
 431              		.loc 1 380 19 view .LVU168
 432 0140 42EBEC72 		adc	r2, r2, ip, asr #31
 433              	.LVL71:
 434              	.L9:
 381:Drivers/CMSIS/DSP/Source/MatrixFunctions/arm_mat_cmplx_mult_q15.c **** 
 382:Drivers/CMSIS/DSP/Source/MatrixFunctions/arm_mat_cmplx_mult_q15.c **** #endif /*      #ifdef UNALIGNED_SUPPORT_DISABLE */
 383:Drivers/CMSIS/DSP/Source/MatrixFunctions/arm_mat_cmplx_mult_q15.c **** 
 384:Drivers/CMSIS/DSP/Source/MatrixFunctions/arm_mat_cmplx_mult_q15.c ****         }
 385:Drivers/CMSIS/DSP/Source/MatrixFunctions/arm_mat_cmplx_mult_q15.c **** 
 386:Drivers/CMSIS/DSP/Source/MatrixFunctions/arm_mat_cmplx_mult_q15.c ****         /* Saturate and store the result in the destination buffer */
 387:Drivers/CMSIS/DSP/Source/MatrixFunctions/arm_mat_cmplx_mult_q15.c **** 
 388:Drivers/CMSIS/DSP/Source/MatrixFunctions/arm_mat_cmplx_mult_q15.c ****         *px++ = (q15_t) (__SSAT(sumReal >> 15, 16));
 435              		.loc 1 388 9 is_stmt 1 view .LVU169
 436              	.LBB28:
 437              		.loc 1 388 26 view .LVU170
 438 0144 ED0B     		lsrs	r5, r5, #15
 439              	.LVL72:
 440              		.loc 1 388 26 is_stmt 0 view .LVU171
 441 0146 45EA4045 		orr	r5, r5, r0, lsl #17
 442              	.LVL73:
 443              		.loc 1 388 26 is_stmt 1 view .LVU172
 444              		.syntax unified
 445              	@ 388 "Drivers/CMSIS/DSP/Source/MatrixFunctions/arm_mat_cmplx_mult_q15.c" 1
 446 014a 05F30F05 		ssat r5, #16, r5
 447              	@ 0 "" 2
 448              	.LVL74:
 449              		.loc 1 388 26 view .LVU173
 450              		.loc 1 388 26 is_stmt 0 view .LVU174
 451              		.thumb
 452              		.syntax unified
 453              	.LBE28:
 454              		.loc 1 388 15 view .LVU175
 455 014e 0398     		ldr	r0, [sp, #12]
 456              		.loc 1 388 15 view .LVU176
 457 0150 8046     		mov	r8, r0
 458 0152 28F8045B 		strh	r5, [r8], #4	@ movhi
 389:Drivers/CMSIS/DSP/Source/MatrixFunctions/arm_mat_cmplx_mult_q15.c ****         *px++ = (q15_t) (__SSAT(sumImag >> 15, 16));
 459              		.loc 1 389 9 is_stmt 1 view .LVU177
 460              	.LBB29:
 461              		.loc 1 389 26 view .LVU178
 462 0156 E40B     		lsrs	r4, r4, #15
 463              	.LVL75:
ARM GAS  C:\Users\Lamp\AppData\Local\Temp\ccXAOCAc.s 			page 34


 464              		.loc 1 389 26 is_stmt 0 view .LVU179
 465 0158 44EA4244 		orr	r4, r4, r2, lsl #17
 466              	.LVL76:
 467              		.loc 1 389 26 is_stmt 1 view .LVU180
 468              		.syntax unified
 469              	@ 389 "Drivers/CMSIS/DSP/Source/MatrixFunctions/arm_mat_cmplx_mult_q15.c" 1
 470 015c 04F30F04 		ssat r4, #16, r4
 471              	@ 0 "" 2
 472              	.LVL77:
 473              		.loc 1 389 26 view .LVU181
 474              		.loc 1 389 26 is_stmt 0 view .LVU182
 475              		.thumb
 476              		.syntax unified
 477              	.LBE29:
 478              		.loc 1 389 15 view .LVU183
 479 0160 4480     		strh	r4, [r0, #2]	@ movhi
 390:Drivers/CMSIS/DSP/Source/MatrixFunctions/arm_mat_cmplx_mult_q15.c **** 
 391:Drivers/CMSIS/DSP/Source/MatrixFunctions/arm_mat_cmplx_mult_q15.c ****         /* Decrement the column loop counter */
 392:Drivers/CMSIS/DSP/Source/MatrixFunctions/arm_mat_cmplx_mult_q15.c ****         col--;
 480              		.loc 1 392 9 is_stmt 1 view .LVU184
 481              		.loc 1 392 12 is_stmt 0 view .LVU185
 482 0162 721E     		subs	r2, r6, #1
 483              		.loc 1 392 12 view .LVU186
 484 0164 96B2     		uxth	r6, r2
 485              	.LVL78:
 393:Drivers/CMSIS/DSP/Source/MatrixFunctions/arm_mat_cmplx_mult_q15.c **** 
 394:Drivers/CMSIS/DSP/Source/MatrixFunctions/arm_mat_cmplx_mult_q15.c ****       } while (col > 0U);
 486              		.loc 1 394 20 is_stmt 1 view .LVU187
 487 0166 7EB1     		cbz	r6, .L15
 389:Drivers/CMSIS/DSP/Source/MatrixFunctions/arm_mat_cmplx_mult_q15.c **** 
 488              		.loc 1 389 12 is_stmt 0 view .LVU188
 489 0168 CDF80C80 		str	r8, [sp, #12]
 490              	.LVL79:
 491              	.L10:
 263:Drivers/CMSIS/DSP/Source/MatrixFunctions/arm_mat_cmplx_mult_q15.c ****       {
 492              		.loc 1 263 7 is_stmt 1 view .LVU189
 266:Drivers/CMSIS/DSP/Source/MatrixFunctions/arm_mat_cmplx_mult_q15.c ****         sumImag = 0;
 493              		.loc 1 266 9 view .LVU190
 267:Drivers/CMSIS/DSP/Source/MatrixFunctions/arm_mat_cmplx_mult_q15.c **** 
 494              		.loc 1 267 9 view .LVU191
 270:Drivers/CMSIS/DSP/Source/MatrixFunctions/arm_mat_cmplx_mult_q15.c **** 
 495              		.loc 1 270 9 view .LVU192
 270:Drivers/CMSIS/DSP/Source/MatrixFunctions/arm_mat_cmplx_mult_q15.c **** 
 496              		.loc 1 270 16 is_stmt 0 view .LVU193
 497 016c 4FEA510C 		lsr	ip, r1, #1
 498              	.LVL80:
 273:Drivers/CMSIS/DSP/Source/MatrixFunctions/arm_mat_cmplx_mult_q15.c **** 
 499              		.loc 1 273 9 is_stmt 1 view .LVU194
 273:Drivers/CMSIS/DSP/Source/MatrixFunctions/arm_mat_cmplx_mult_q15.c **** 
 500              		.loc 1 273 21 is_stmt 0 view .LVU195
 501 0170 5A68     		ldr	r2, [r3, #4]
 273:Drivers/CMSIS/DSP/Source/MatrixFunctions/arm_mat_cmplx_mult_q15.c **** 
 502              		.loc 1 273 29 view .LVU196
 503 0172 0498     		ldr	r0, [sp, #16]
 504 0174 02EB8009 		add	r9, r2, r0, lsl #2
 505              	.LVL81:
 277:Drivers/CMSIS/DSP/Source/MatrixFunctions/arm_mat_cmplx_mult_q15.c ****         {
ARM GAS  C:\Users\Lamp\AppData\Local\Temp\ccXAOCAc.s 			page 35


 506              		.loc 1 277 9 is_stmt 1 view .LVU197
 267:Drivers/CMSIS/DSP/Source/MatrixFunctions/arm_mat_cmplx_mult_q15.c **** 
 507              		.loc 1 267 17 is_stmt 0 view .LVU198
 508 0178 0024     		movs	r4, #0
 509 017a 2246     		mov	r2, r4
 266:Drivers/CMSIS/DSP/Source/MatrixFunctions/arm_mat_cmplx_mult_q15.c ****         sumImag = 0;
 510              		.loc 1 266 17 view .LVU199
 511 017c 2546     		mov	r5, r4
 512 017e 2046     		mov	r0, r4
 513 0180 0096     		str	r6, [sp]
 514 0182 0191     		str	r1, [sp, #4]
 515 0184 0293     		str	r3, [sp, #8]
 277:Drivers/CMSIS/DSP/Source/MatrixFunctions/arm_mat_cmplx_mult_q15.c ****         {
 516              		.loc 1 277 15 view .LVU200
 517 0186 B8E7     		b	.L7
 518              	.LVL82:
 519              	.L15:
 395:Drivers/CMSIS/DSP/Source/MatrixFunctions/arm_mat_cmplx_mult_q15.c **** 
 396:Drivers/CMSIS/DSP/Source/MatrixFunctions/arm_mat_cmplx_mult_q15.c ****       i = i + numColsA;
 520              		.loc 1 396 9 view .LVU201
 521 0188 0598     		ldr	r0, [sp, #20]
 522              		.loc 1 396 7 is_stmt 1 view .LVU202
 523              		.loc 1 396 9 is_stmt 0 view .LVU203
 524 018a 049A     		ldr	r2, [sp, #16]
 525 018c 0A44     		add	r2, r2, r1
 526 018e 92B2     		uxth	r2, r2
 527 0190 0492     		str	r2, [sp, #16]
 528              	.LVL83:
 397:Drivers/CMSIS/DSP/Source/MatrixFunctions/arm_mat_cmplx_mult_q15.c **** 
 398:Drivers/CMSIS/DSP/Source/MatrixFunctions/arm_mat_cmplx_mult_q15.c ****       /* Decrement the row loop counter */
 399:Drivers/CMSIS/DSP/Source/MatrixFunctions/arm_mat_cmplx_mult_q15.c ****       row--;
 529              		.loc 1 399 7 is_stmt 1 view .LVU204
 530              		.loc 1 399 10 is_stmt 0 view .LVU205
 531 0192 421E     		subs	r2, r0, #1
 532 0194 90B2     		uxth	r0, r2
 533              	.LVL84:
 400:Drivers/CMSIS/DSP/Source/MatrixFunctions/arm_mat_cmplx_mult_q15.c **** 
 401:Drivers/CMSIS/DSP/Source/MatrixFunctions/arm_mat_cmplx_mult_q15.c ****     } while (row > 0U);
 534              		.loc 1 401 18 is_stmt 1 view .LVU206
 535 0196 30B1     		cbz	r0, .L16
 536              	.LVL85:
 537              	.L11:
 253:Drivers/CMSIS/DSP/Source/MatrixFunctions/arm_mat_cmplx_mult_q15.c ****     {
 538              		.loc 1 253 5 view .LVU207
 256:Drivers/CMSIS/DSP/Source/MatrixFunctions/arm_mat_cmplx_mult_q15.c **** 
 539              		.loc 1 256 7 view .LVU208
 260:Drivers/CMSIS/DSP/Source/MatrixFunctions/arm_mat_cmplx_mult_q15.c **** 
 540              		.loc 1 260 7 view .LVU209
 227:Drivers/CMSIS/DSP/Source/MatrixFunctions/arm_mat_cmplx_mult_q15.c **** 
 541              		.loc 1 227 29 is_stmt 0 view .LVU210
 542 0198 CDF80C80 		str	r8, [sp, #12]
 260:Drivers/CMSIS/DSP/Source/MatrixFunctions/arm_mat_cmplx_mult_q15.c **** 
 543              		.loc 1 260 12 view .LVU211
 544 019c DDF81CA0 		ldr	r10, [sp, #28]
 256:Drivers/CMSIS/DSP/Source/MatrixFunctions/arm_mat_cmplx_mult_q15.c **** 
 545              		.loc 1 256 11 view .LVU212
 546 01a0 069E     		ldr	r6, [sp, #24]
ARM GAS  C:\Users\Lamp\AppData\Local\Temp\ccXAOCAc.s 			page 36


 547 01a2 0590     		str	r0, [sp, #20]
 548 01a4 E2E7     		b	.L10
 549              	.LVL86:
 550              	.L16:
 402:Drivers/CMSIS/DSP/Source/MatrixFunctions/arm_mat_cmplx_mult_q15.c **** 
 403:Drivers/CMSIS/DSP/Source/MatrixFunctions/arm_mat_cmplx_mult_q15.c ****     /* set status as ARM_MATH_SUCCESS */
 404:Drivers/CMSIS/DSP/Source/MatrixFunctions/arm_mat_cmplx_mult_q15.c ****     status = ARM_MATH_SUCCESS;
 551              		.loc 1 404 5 is_stmt 1 view .LVU213
 405:Drivers/CMSIS/DSP/Source/MatrixFunctions/arm_mat_cmplx_mult_q15.c ****   }
 406:Drivers/CMSIS/DSP/Source/MatrixFunctions/arm_mat_cmplx_mult_q15.c **** 
 407:Drivers/CMSIS/DSP/Source/MatrixFunctions/arm_mat_cmplx_mult_q15.c ****   /* Return to application */
 408:Drivers/CMSIS/DSP/Source/MatrixFunctions/arm_mat_cmplx_mult_q15.c ****   return (status);
 552              		.loc 1 408 3 view .LVU214
 409:Drivers/CMSIS/DSP/Source/MatrixFunctions/arm_mat_cmplx_mult_q15.c **** }
 553              		.loc 1 409 1 is_stmt 0 view .LVU215
 554 01a6 09B0     		add	sp, sp, #36
 555              	.LCFI2:
 556              		.cfi_def_cfa_offset 36
 557              		@ sp needed
 558 01a8 BDE8F08F 		pop	{r4, r5, r6, r7, r8, r9, r10, fp, pc}
 559              		.loc 1 409 1 view .LVU216
 560              		.cfi_endproc
 561              	.LFE100:
 563              		.text
 564              	.Letext0:
 565              		.file 3 "C:/ARM GNU Toolchain/arm-none-eabi/include/machine/_default_types.h"
 566              		.file 4 "C:/ARM GNU Toolchain/arm-none-eabi/include/sys/_stdint.h"
ARM GAS  C:\Users\Lamp\AppData\Local\Temp\ccXAOCAc.s 			page 37


DEFINED SYMBOLS
                            *ABS*:00000000 arm_mat_cmplx_mult_q15.c
C:\Users\Lamp\AppData\Local\Temp\ccXAOCAc.s:19     .text.arm_mat_cmplx_mult_q15:00000000 $t
C:\Users\Lamp\AppData\Local\Temp\ccXAOCAc.s:25     .text.arm_mat_cmplx_mult_q15:00000000 arm_mat_cmplx_mult_q15

NO UNDEFINED SYMBOLS
