ARM GAS  C:\Users\Lamp\AppData\Local\Temp\cc1YK7pm.s 			page 1


   1              		.cpu cortex-m3
   2              		.arch armv7-m
   3              		.fpu softvfp
   4              		.eabi_attribute 20, 1
   5              		.eabi_attribute 21, 1
   6              		.eabi_attribute 23, 3
   7              		.eabi_attribute 24, 1
   8              		.eabi_attribute 25, 1
   9              		.eabi_attribute 26, 1
  10              		.eabi_attribute 30, 1
  11              		.eabi_attribute 34, 1
  12              		.eabi_attribute 18, 4
  13              		.file	"arm_conv_fast_q15.c"
  14              		.text
  15              	.Ltext0:
  16              		.cfi_sections	.debug_frame
  17              		.file 1 "Drivers/CMSIS/DSP/Source/FilteringFunctions/arm_conv_fast_q15.c"
  18              		.section	.text.arm_conv_fast_q15,"ax",%progbits
  19              		.align	1
  20              		.global	arm_conv_fast_q15
  21              		.syntax unified
  22              		.thumb
  23              		.thumb_func
  25              	arm_conv_fast_q15:
  26              	.LVL0:
  27              	.LFB100:
   1:Drivers/CMSIS/DSP/Source/FilteringFunctions/arm_conv_fast_q15.c **** /* ----------------------------------------------------------------------
   2:Drivers/CMSIS/DSP/Source/FilteringFunctions/arm_conv_fast_q15.c ****  * Project:      CMSIS DSP Library
   3:Drivers/CMSIS/DSP/Source/FilteringFunctions/arm_conv_fast_q15.c ****  * Title:        arm_conv_fast_q15.c
   4:Drivers/CMSIS/DSP/Source/FilteringFunctions/arm_conv_fast_q15.c ****  * Description:  Fast Q15 Convolution
   5:Drivers/CMSIS/DSP/Source/FilteringFunctions/arm_conv_fast_q15.c ****  *
   6:Drivers/CMSIS/DSP/Source/FilteringFunctions/arm_conv_fast_q15.c ****  * $Date:        27. January 2017
   7:Drivers/CMSIS/DSP/Source/FilteringFunctions/arm_conv_fast_q15.c ****  * $Revision:    V.1.5.1
   8:Drivers/CMSIS/DSP/Source/FilteringFunctions/arm_conv_fast_q15.c ****  *
   9:Drivers/CMSIS/DSP/Source/FilteringFunctions/arm_conv_fast_q15.c ****  * Target Processor: Cortex-M cores
  10:Drivers/CMSIS/DSP/Source/FilteringFunctions/arm_conv_fast_q15.c ****  * -------------------------------------------------------------------- */
  11:Drivers/CMSIS/DSP/Source/FilteringFunctions/arm_conv_fast_q15.c **** /*
  12:Drivers/CMSIS/DSP/Source/FilteringFunctions/arm_conv_fast_q15.c ****  * Copyright (C) 2010-2017 ARM Limited or its affiliates. All rights reserved.
  13:Drivers/CMSIS/DSP/Source/FilteringFunctions/arm_conv_fast_q15.c ****  *
  14:Drivers/CMSIS/DSP/Source/FilteringFunctions/arm_conv_fast_q15.c ****  * SPDX-License-Identifier: Apache-2.0
  15:Drivers/CMSIS/DSP/Source/FilteringFunctions/arm_conv_fast_q15.c ****  *
  16:Drivers/CMSIS/DSP/Source/FilteringFunctions/arm_conv_fast_q15.c ****  * Licensed under the Apache License, Version 2.0 (the License); you may
  17:Drivers/CMSIS/DSP/Source/FilteringFunctions/arm_conv_fast_q15.c ****  * not use this file except in compliance with the License.
  18:Drivers/CMSIS/DSP/Source/FilteringFunctions/arm_conv_fast_q15.c ****  * You may obtain a copy of the License at
  19:Drivers/CMSIS/DSP/Source/FilteringFunctions/arm_conv_fast_q15.c ****  *
  20:Drivers/CMSIS/DSP/Source/FilteringFunctions/arm_conv_fast_q15.c ****  * www.apache.org/licenses/LICENSE-2.0
  21:Drivers/CMSIS/DSP/Source/FilteringFunctions/arm_conv_fast_q15.c ****  *
  22:Drivers/CMSIS/DSP/Source/FilteringFunctions/arm_conv_fast_q15.c ****  * Unless required by applicable law or agreed to in writing, software
  23:Drivers/CMSIS/DSP/Source/FilteringFunctions/arm_conv_fast_q15.c ****  * distributed under the License is distributed on an AS IS BASIS, WITHOUT
  24:Drivers/CMSIS/DSP/Source/FilteringFunctions/arm_conv_fast_q15.c ****  * WARRANTIES OR CONDITIONS OF ANY KIND, either express or implied.
  25:Drivers/CMSIS/DSP/Source/FilteringFunctions/arm_conv_fast_q15.c ****  * See the License for the specific language governing permissions and
  26:Drivers/CMSIS/DSP/Source/FilteringFunctions/arm_conv_fast_q15.c ****  * limitations under the License.
  27:Drivers/CMSIS/DSP/Source/FilteringFunctions/arm_conv_fast_q15.c ****  */
  28:Drivers/CMSIS/DSP/Source/FilteringFunctions/arm_conv_fast_q15.c **** 
  29:Drivers/CMSIS/DSP/Source/FilteringFunctions/arm_conv_fast_q15.c **** #include "arm_math.h"
  30:Drivers/CMSIS/DSP/Source/FilteringFunctions/arm_conv_fast_q15.c **** 
  31:Drivers/CMSIS/DSP/Source/FilteringFunctions/arm_conv_fast_q15.c **** /**
ARM GAS  C:\Users\Lamp\AppData\Local\Temp\cc1YK7pm.s 			page 2


  32:Drivers/CMSIS/DSP/Source/FilteringFunctions/arm_conv_fast_q15.c ****  * @ingroup groupFilters
  33:Drivers/CMSIS/DSP/Source/FilteringFunctions/arm_conv_fast_q15.c ****  */
  34:Drivers/CMSIS/DSP/Source/FilteringFunctions/arm_conv_fast_q15.c **** 
  35:Drivers/CMSIS/DSP/Source/FilteringFunctions/arm_conv_fast_q15.c **** /**
  36:Drivers/CMSIS/DSP/Source/FilteringFunctions/arm_conv_fast_q15.c ****  * @addtogroup Conv
  37:Drivers/CMSIS/DSP/Source/FilteringFunctions/arm_conv_fast_q15.c ****  * @{
  38:Drivers/CMSIS/DSP/Source/FilteringFunctions/arm_conv_fast_q15.c ****  */
  39:Drivers/CMSIS/DSP/Source/FilteringFunctions/arm_conv_fast_q15.c **** 
  40:Drivers/CMSIS/DSP/Source/FilteringFunctions/arm_conv_fast_q15.c **** /**
  41:Drivers/CMSIS/DSP/Source/FilteringFunctions/arm_conv_fast_q15.c ****  * @brief Convolution of Q15 sequences (fast version) for Cortex-M3 and Cortex-M4.
  42:Drivers/CMSIS/DSP/Source/FilteringFunctions/arm_conv_fast_q15.c ****  * @param[in] *pSrcA points to the first input sequence.
  43:Drivers/CMSIS/DSP/Source/FilteringFunctions/arm_conv_fast_q15.c ****  * @param[in] srcALen length of the first input sequence.
  44:Drivers/CMSIS/DSP/Source/FilteringFunctions/arm_conv_fast_q15.c ****  * @param[in] *pSrcB points to the second input sequence.
  45:Drivers/CMSIS/DSP/Source/FilteringFunctions/arm_conv_fast_q15.c ****  * @param[in] srcBLen length of the second input sequence.
  46:Drivers/CMSIS/DSP/Source/FilteringFunctions/arm_conv_fast_q15.c ****  * @param[out] *pDst points to the location where the output result is written.  Length srcALen+src
  47:Drivers/CMSIS/DSP/Source/FilteringFunctions/arm_conv_fast_q15.c ****  * @return none.
  48:Drivers/CMSIS/DSP/Source/FilteringFunctions/arm_conv_fast_q15.c ****  *
  49:Drivers/CMSIS/DSP/Source/FilteringFunctions/arm_conv_fast_q15.c ****  * <b>Scaling and Overflow Behavior:</b>
  50:Drivers/CMSIS/DSP/Source/FilteringFunctions/arm_conv_fast_q15.c ****  *
  51:Drivers/CMSIS/DSP/Source/FilteringFunctions/arm_conv_fast_q15.c ****  * \par
  52:Drivers/CMSIS/DSP/Source/FilteringFunctions/arm_conv_fast_q15.c ****  * This fast version uses a 32-bit accumulator with 2.30 format.
  53:Drivers/CMSIS/DSP/Source/FilteringFunctions/arm_conv_fast_q15.c ****  * The accumulator maintains full precision of the intermediate multiplication results
  54:Drivers/CMSIS/DSP/Source/FilteringFunctions/arm_conv_fast_q15.c ****  * but provides only a single guard bit. There is no saturation on intermediate additions.
  55:Drivers/CMSIS/DSP/Source/FilteringFunctions/arm_conv_fast_q15.c ****  * Thus, if the accumulator overflows it wraps around and distorts the result.
  56:Drivers/CMSIS/DSP/Source/FilteringFunctions/arm_conv_fast_q15.c ****  * The input signals should be scaled down to avoid intermediate overflows.
  57:Drivers/CMSIS/DSP/Source/FilteringFunctions/arm_conv_fast_q15.c ****  * Scale down the inputs by log2(min(srcALen, srcBLen)) (log2 is read as log to the base 2) times t
  58:Drivers/CMSIS/DSP/Source/FilteringFunctions/arm_conv_fast_q15.c ****  * as maximum of min(srcALen, srcBLen) number of additions are carried internally.
  59:Drivers/CMSIS/DSP/Source/FilteringFunctions/arm_conv_fast_q15.c ****  * The 2.30 accumulator is right shifted by 15 bits and then saturated to 1.15 format to yield the 
  60:Drivers/CMSIS/DSP/Source/FilteringFunctions/arm_conv_fast_q15.c ****  *
  61:Drivers/CMSIS/DSP/Source/FilteringFunctions/arm_conv_fast_q15.c ****  * \par
  62:Drivers/CMSIS/DSP/Source/FilteringFunctions/arm_conv_fast_q15.c ****  * See <code>arm_conv_q15()</code> for a slower implementation of this function which uses 64-bit a
  63:Drivers/CMSIS/DSP/Source/FilteringFunctions/arm_conv_fast_q15.c ****  */
  64:Drivers/CMSIS/DSP/Source/FilteringFunctions/arm_conv_fast_q15.c **** 
  65:Drivers/CMSIS/DSP/Source/FilteringFunctions/arm_conv_fast_q15.c **** void arm_conv_fast_q15(
  66:Drivers/CMSIS/DSP/Source/FilteringFunctions/arm_conv_fast_q15.c ****   q15_t * pSrcA,
  67:Drivers/CMSIS/DSP/Source/FilteringFunctions/arm_conv_fast_q15.c ****   uint32_t srcALen,
  68:Drivers/CMSIS/DSP/Source/FilteringFunctions/arm_conv_fast_q15.c ****   q15_t * pSrcB,
  69:Drivers/CMSIS/DSP/Source/FilteringFunctions/arm_conv_fast_q15.c ****   uint32_t srcBLen,
  70:Drivers/CMSIS/DSP/Source/FilteringFunctions/arm_conv_fast_q15.c ****   q15_t * pDst)
  71:Drivers/CMSIS/DSP/Source/FilteringFunctions/arm_conv_fast_q15.c **** {
  28              		.loc 1 71 1 view -0
  29              		.cfi_startproc
  30              		@ args = 4, pretend = 0, frame = 40
  31              		@ frame_needed = 0, uses_anonymous_args = 0
  32              		.loc 1 71 1 is_stmt 0 view .LVU1
  33 0000 2DE9F04F 		push	{r4, r5, r6, r7, r8, r9, r10, fp, lr}
  34              	.LCFI0:
  35              		.cfi_def_cfa_offset 36
  36              		.cfi_offset 4, -36
  37              		.cfi_offset 5, -32
  38              		.cfi_offset 6, -28
  39              		.cfi_offset 7, -24
  40              		.cfi_offset 8, -20
  41              		.cfi_offset 9, -16
  42              		.cfi_offset 10, -12
  43              		.cfi_offset 11, -8
  44              		.cfi_offset 14, -4
ARM GAS  C:\Users\Lamp\AppData\Local\Temp\cc1YK7pm.s 			page 3


  45 0004 8BB0     		sub	sp, sp, #44
  46              	.LCFI1:
  47              		.cfi_def_cfa_offset 80
  48 0006 8446     		mov	ip, r0
  49 0008 0591     		str	r1, [sp, #20]
  50 000a 0492     		str	r2, [sp, #16]
  72:Drivers/CMSIS/DSP/Source/FilteringFunctions/arm_conv_fast_q15.c **** #ifndef UNALIGNED_SUPPORT_DISABLE
  73:Drivers/CMSIS/DSP/Source/FilteringFunctions/arm_conv_fast_q15.c ****   q15_t *pIn1;                                   /* inputA pointer */
  51              		.loc 1 73 3 is_stmt 1 view .LVU2
  74:Drivers/CMSIS/DSP/Source/FilteringFunctions/arm_conv_fast_q15.c ****   q15_t *pIn2;                                   /* inputB pointer */
  52              		.loc 1 74 3 view .LVU3
  75:Drivers/CMSIS/DSP/Source/FilteringFunctions/arm_conv_fast_q15.c ****   q15_t *pOut = pDst;                            /* output pointer */
  53              		.loc 1 75 3 view .LVU4
  54              	.LVL1:
  76:Drivers/CMSIS/DSP/Source/FilteringFunctions/arm_conv_fast_q15.c ****   q31_t sum, acc0, acc1, acc2, acc3;             /* Accumulator */
  55              		.loc 1 76 3 view .LVU5
  77:Drivers/CMSIS/DSP/Source/FilteringFunctions/arm_conv_fast_q15.c ****   q15_t *px;                                     /* Intermediate inputA pointer  */
  56              		.loc 1 77 3 view .LVU6
  78:Drivers/CMSIS/DSP/Source/FilteringFunctions/arm_conv_fast_q15.c ****   q15_t *py;                                     /* Intermediate inputB pointer  */
  57              		.loc 1 78 3 view .LVU7
  79:Drivers/CMSIS/DSP/Source/FilteringFunctions/arm_conv_fast_q15.c ****   q15_t *pSrc1, *pSrc2;                          /* Intermediate pointers */
  58              		.loc 1 79 3 view .LVU8
  80:Drivers/CMSIS/DSP/Source/FilteringFunctions/arm_conv_fast_q15.c ****   q31_t x0, x1, x2, x3, c0;                      /* Temporary variables to hold state and coefficie
  59              		.loc 1 80 3 view .LVU9
  81:Drivers/CMSIS/DSP/Source/FilteringFunctions/arm_conv_fast_q15.c ****   uint32_t blockSize1, blockSize2, blockSize3, j, k, count, blkCnt;     /* loop counter */
  60              		.loc 1 81 3 view .LVU10
  82:Drivers/CMSIS/DSP/Source/FilteringFunctions/arm_conv_fast_q15.c **** 
  83:Drivers/CMSIS/DSP/Source/FilteringFunctions/arm_conv_fast_q15.c ****   /* The algorithm implementation is based on the lengths of the inputs. */
  84:Drivers/CMSIS/DSP/Source/FilteringFunctions/arm_conv_fast_q15.c ****   /* srcB is always made to slide across srcA. */
  85:Drivers/CMSIS/DSP/Source/FilteringFunctions/arm_conv_fast_q15.c ****   /* So srcBLen is always considered as shorter or equal to srcALen */
  86:Drivers/CMSIS/DSP/Source/FilteringFunctions/arm_conv_fast_q15.c ****   if (srcALen >= srcBLen)
  61              		.loc 1 86 3 view .LVU11
  62              		.loc 1 86 6 is_stmt 0 view .LVU12
  63 000c 9942     		cmp	r1, r3
  64 000e 04D3     		bcc	.L2
  87:Drivers/CMSIS/DSP/Source/FilteringFunctions/arm_conv_fast_q15.c ****   {
  88:Drivers/CMSIS/DSP/Source/FilteringFunctions/arm_conv_fast_q15.c ****     /* Initialization of inputA pointer */
  89:Drivers/CMSIS/DSP/Source/FilteringFunctions/arm_conv_fast_q15.c ****     pIn1 = pSrcA;
  65              		.loc 1 89 10 view .LVU13
  66 0010 0490     		str	r0, [sp, #16]
  90:Drivers/CMSIS/DSP/Source/FilteringFunctions/arm_conv_fast_q15.c **** 
  91:Drivers/CMSIS/DSP/Source/FilteringFunctions/arm_conv_fast_q15.c ****     /* Initialization of inputB pointer */
  92:Drivers/CMSIS/DSP/Source/FilteringFunctions/arm_conv_fast_q15.c ****     pIn2 = pSrcB;
  67              		.loc 1 92 10 view .LVU14
  68 0012 9446     		mov	ip, r2
  86:Drivers/CMSIS/DSP/Source/FilteringFunctions/arm_conv_fast_q15.c ****   {
  69              		.loc 1 86 6 view .LVU15
  70 0014 1A46     		mov	r2, r3
  71              	.LVL2:
  86:Drivers/CMSIS/DSP/Source/FilteringFunctions/arm_conv_fast_q15.c ****   {
  72              		.loc 1 86 6 view .LVU16
  73 0016 0B46     		mov	r3, r1
  74              	.LVL3:
  86:Drivers/CMSIS/DSP/Source/FilteringFunctions/arm_conv_fast_q15.c ****   {
  75              		.loc 1 86 6 view .LVU17
  76 0018 0592     		str	r2, [sp, #20]
  77              	.LVL4:
ARM GAS  C:\Users\Lamp\AppData\Local\Temp\cc1YK7pm.s 			page 4


  78              	.L2:
  93:Drivers/CMSIS/DSP/Source/FilteringFunctions/arm_conv_fast_q15.c ****   }
  94:Drivers/CMSIS/DSP/Source/FilteringFunctions/arm_conv_fast_q15.c ****   else
  95:Drivers/CMSIS/DSP/Source/FilteringFunctions/arm_conv_fast_q15.c ****   {
  96:Drivers/CMSIS/DSP/Source/FilteringFunctions/arm_conv_fast_q15.c ****     /* Initialization of inputA pointer */
  97:Drivers/CMSIS/DSP/Source/FilteringFunctions/arm_conv_fast_q15.c ****     pIn1 = pSrcB;
  98:Drivers/CMSIS/DSP/Source/FilteringFunctions/arm_conv_fast_q15.c **** 
  99:Drivers/CMSIS/DSP/Source/FilteringFunctions/arm_conv_fast_q15.c ****     /* Initialization of inputB pointer */
 100:Drivers/CMSIS/DSP/Source/FilteringFunctions/arm_conv_fast_q15.c ****     pIn2 = pSrcA;
 101:Drivers/CMSIS/DSP/Source/FilteringFunctions/arm_conv_fast_q15.c **** 
 102:Drivers/CMSIS/DSP/Source/FilteringFunctions/arm_conv_fast_q15.c ****     /* srcBLen is always considered as shorter or equal to srcALen */
 103:Drivers/CMSIS/DSP/Source/FilteringFunctions/arm_conv_fast_q15.c ****     j = srcBLen;
 104:Drivers/CMSIS/DSP/Source/FilteringFunctions/arm_conv_fast_q15.c ****     srcBLen = srcALen;
 105:Drivers/CMSIS/DSP/Source/FilteringFunctions/arm_conv_fast_q15.c ****     srcALen = j;
 106:Drivers/CMSIS/DSP/Source/FilteringFunctions/arm_conv_fast_q15.c ****   }
 107:Drivers/CMSIS/DSP/Source/FilteringFunctions/arm_conv_fast_q15.c **** 
 108:Drivers/CMSIS/DSP/Source/FilteringFunctions/arm_conv_fast_q15.c ****   /* conv(x,y) at n = x[n] * y[0] + x[n-1] * y[1] + x[n-2] * y[2] + ...+ x[n-N+1] * y[N -1] */
 109:Drivers/CMSIS/DSP/Source/FilteringFunctions/arm_conv_fast_q15.c ****   /* The function is internally
 110:Drivers/CMSIS/DSP/Source/FilteringFunctions/arm_conv_fast_q15.c ****    * divided into three stages according to the number of multiplications that has to be
 111:Drivers/CMSIS/DSP/Source/FilteringFunctions/arm_conv_fast_q15.c ****    * taken place between inputA samples and inputB samples. In the first stage of the
 112:Drivers/CMSIS/DSP/Source/FilteringFunctions/arm_conv_fast_q15.c ****    * algorithm, the multiplications increase by one for every iteration.
 113:Drivers/CMSIS/DSP/Source/FilteringFunctions/arm_conv_fast_q15.c ****    * In the second stage of the algorithm, srcBLen number of multiplications are done.
 114:Drivers/CMSIS/DSP/Source/FilteringFunctions/arm_conv_fast_q15.c ****    * In the third stage of the algorithm, the multiplications decrease by one
 115:Drivers/CMSIS/DSP/Source/FilteringFunctions/arm_conv_fast_q15.c ****    * for every iteration. */
 116:Drivers/CMSIS/DSP/Source/FilteringFunctions/arm_conv_fast_q15.c **** 
 117:Drivers/CMSIS/DSP/Source/FilteringFunctions/arm_conv_fast_q15.c ****   /* The algorithm is implemented in three stages.
 118:Drivers/CMSIS/DSP/Source/FilteringFunctions/arm_conv_fast_q15.c ****      The loop counters of each stage is initiated here. */
 119:Drivers/CMSIS/DSP/Source/FilteringFunctions/arm_conv_fast_q15.c ****   blockSize1 = srcBLen - 1U;
  79              		.loc 1 119 3 is_stmt 1 view .LVU18
  80              		.loc 1 119 14 is_stmt 0 view .LVU19
  81 001a 059A     		ldr	r2, [sp, #20]
  82 001c 551E     		subs	r5, r2, #1
  83              	.LVL5:
 120:Drivers/CMSIS/DSP/Source/FilteringFunctions/arm_conv_fast_q15.c ****   blockSize2 = srcALen - (srcBLen - 1U);
  84              		.loc 1 120 3 is_stmt 1 view .LVU20
  85              		.loc 1 120 24 is_stmt 0 view .LVU21
  86 001e 9B1A     		subs	r3, r3, r2
  87              	.LVL6:
  88              		.loc 1 120 14 view .LVU22
  89 0020 5E1C     		adds	r6, r3, #1
  90              	.LVL7:
 121:Drivers/CMSIS/DSP/Source/FilteringFunctions/arm_conv_fast_q15.c ****   blockSize3 = blockSize1;
  91              		.loc 1 121 3 is_stmt 1 view .LVU23
 122:Drivers/CMSIS/DSP/Source/FilteringFunctions/arm_conv_fast_q15.c **** 
 123:Drivers/CMSIS/DSP/Source/FilteringFunctions/arm_conv_fast_q15.c ****   /* --------------------------
 124:Drivers/CMSIS/DSP/Source/FilteringFunctions/arm_conv_fast_q15.c ****    * Initializations of stage1
 125:Drivers/CMSIS/DSP/Source/FilteringFunctions/arm_conv_fast_q15.c ****    * -------------------------*/
 126:Drivers/CMSIS/DSP/Source/FilteringFunctions/arm_conv_fast_q15.c **** 
 127:Drivers/CMSIS/DSP/Source/FilteringFunctions/arm_conv_fast_q15.c ****   /* sum = x[0] * y[0]
 128:Drivers/CMSIS/DSP/Source/FilteringFunctions/arm_conv_fast_q15.c ****    * sum = x[0] * y[1] + x[1] * y[0]
 129:Drivers/CMSIS/DSP/Source/FilteringFunctions/arm_conv_fast_q15.c ****    * ....
 130:Drivers/CMSIS/DSP/Source/FilteringFunctions/arm_conv_fast_q15.c ****    * sum = x[0] * y[srcBlen - 1] + x[1] * y[srcBlen - 2] +...+ x[srcBLen - 1] * y[0]
 131:Drivers/CMSIS/DSP/Source/FilteringFunctions/arm_conv_fast_q15.c ****    */
 132:Drivers/CMSIS/DSP/Source/FilteringFunctions/arm_conv_fast_q15.c **** 
 133:Drivers/CMSIS/DSP/Source/FilteringFunctions/arm_conv_fast_q15.c ****   /* In this stage the MAC operations are increased by 1 for every iteration.
 134:Drivers/CMSIS/DSP/Source/FilteringFunctions/arm_conv_fast_q15.c ****      The count variable holds the number of MAC operations performed */
 135:Drivers/CMSIS/DSP/Source/FilteringFunctions/arm_conv_fast_q15.c ****   count = 1U;
ARM GAS  C:\Users\Lamp\AppData\Local\Temp\cc1YK7pm.s 			page 5


  92              		.loc 1 135 3 view .LVU24
 136:Drivers/CMSIS/DSP/Source/FilteringFunctions/arm_conv_fast_q15.c **** 
 137:Drivers/CMSIS/DSP/Source/FilteringFunctions/arm_conv_fast_q15.c ****   /* Working pointer of inputA */
 138:Drivers/CMSIS/DSP/Source/FilteringFunctions/arm_conv_fast_q15.c ****   px = pIn1;
  93              		.loc 1 138 3 view .LVU25
 139:Drivers/CMSIS/DSP/Source/FilteringFunctions/arm_conv_fast_q15.c **** 
 140:Drivers/CMSIS/DSP/Source/FilteringFunctions/arm_conv_fast_q15.c ****   /* Working pointer of inputB */
 141:Drivers/CMSIS/DSP/Source/FilteringFunctions/arm_conv_fast_q15.c ****   py = pIn2;
  94              		.loc 1 141 3 view .LVU26
 142:Drivers/CMSIS/DSP/Source/FilteringFunctions/arm_conv_fast_q15.c **** 
 143:Drivers/CMSIS/DSP/Source/FilteringFunctions/arm_conv_fast_q15.c **** 
 144:Drivers/CMSIS/DSP/Source/FilteringFunctions/arm_conv_fast_q15.c ****   /* ------------------------
 145:Drivers/CMSIS/DSP/Source/FilteringFunctions/arm_conv_fast_q15.c ****    * Stage1 process
 146:Drivers/CMSIS/DSP/Source/FilteringFunctions/arm_conv_fast_q15.c ****    * ----------------------*/
 147:Drivers/CMSIS/DSP/Source/FilteringFunctions/arm_conv_fast_q15.c **** 
 148:Drivers/CMSIS/DSP/Source/FilteringFunctions/arm_conv_fast_q15.c ****   /* For loop unrolling by 4, this stage is divided into two. */
 149:Drivers/CMSIS/DSP/Source/FilteringFunctions/arm_conv_fast_q15.c ****   /* First part of this stage computes the MAC operations less than 4 */
 150:Drivers/CMSIS/DSP/Source/FilteringFunctions/arm_conv_fast_q15.c ****   /* Second part of this stage computes the MAC operations greater than or equal to 4 */
 151:Drivers/CMSIS/DSP/Source/FilteringFunctions/arm_conv_fast_q15.c **** 
 152:Drivers/CMSIS/DSP/Source/FilteringFunctions/arm_conv_fast_q15.c ****   /* The first part of the stage starts here */
 153:Drivers/CMSIS/DSP/Source/FilteringFunctions/arm_conv_fast_q15.c ****   while ((count < 4U) && (blockSize1 > 0U))
  95              		.loc 1 153 3 view .LVU27
 141:Drivers/CMSIS/DSP/Source/FilteringFunctions/arm_conv_fast_q15.c **** 
  96              		.loc 1 141 6 is_stmt 0 view .LVU28
  97 0022 6146     		mov	r1, ip
 119:Drivers/CMSIS/DSP/Source/FilteringFunctions/arm_conv_fast_q15.c ****   blockSize2 = srcALen - (srcBLen - 1U);
  98              		.loc 1 119 14 view .LVU29
  99 0024 2A46     		mov	r2, r5
 135:Drivers/CMSIS/DSP/Source/FilteringFunctions/arm_conv_fast_q15.c **** 
 100              		.loc 1 135 9 view .LVU30
 101 0026 4FF0010E 		mov	lr, #1
 102              		.loc 1 153 9 view .LVU31
 103 002a 1AE0     		b	.L3
 104              	.LVL8:
 105              	.L4:
 154:Drivers/CMSIS/DSP/Source/FilteringFunctions/arm_conv_fast_q15.c ****   {
 155:Drivers/CMSIS/DSP/Source/FilteringFunctions/arm_conv_fast_q15.c ****     /* Accumulator is made zero for every iteration */
 156:Drivers/CMSIS/DSP/Source/FilteringFunctions/arm_conv_fast_q15.c ****     sum = 0;
 157:Drivers/CMSIS/DSP/Source/FilteringFunctions/arm_conv_fast_q15.c **** 
 158:Drivers/CMSIS/DSP/Source/FilteringFunctions/arm_conv_fast_q15.c ****     /* Loop over number of MAC operations between
 159:Drivers/CMSIS/DSP/Source/FilteringFunctions/arm_conv_fast_q15.c ****      * inputA samples and inputB samples */
 160:Drivers/CMSIS/DSP/Source/FilteringFunctions/arm_conv_fast_q15.c ****     k = count;
 161:Drivers/CMSIS/DSP/Source/FilteringFunctions/arm_conv_fast_q15.c **** 
 162:Drivers/CMSIS/DSP/Source/FilteringFunctions/arm_conv_fast_q15.c ****     while (k > 0U)
 163:Drivers/CMSIS/DSP/Source/FilteringFunctions/arm_conv_fast_q15.c ****     {
 164:Drivers/CMSIS/DSP/Source/FilteringFunctions/arm_conv_fast_q15.c ****       /* Perform the multiply-accumulates */
 165:Drivers/CMSIS/DSP/Source/FilteringFunctions/arm_conv_fast_q15.c ****       sum = __SMLAD(*px++, *py--, sum);
 106              		.loc 1 165 7 is_stmt 1 view .LVU32
 107              		.loc 1 165 21 is_stmt 0 view .LVU33
 108 002c 33F9029B 		ldrsh	r9, [r3], #2
 109              	.LVL9:
 110              		.loc 1 165 28 view .LVU34
 111 0030 31F90289 		ldrsh	r8, [r1], #-2
 112              	.LVL10:
 113              	.LBB66:
 114              	.LBI66:
 115              		.file 2 "Drivers/CMSIS/DSP/Include/arm_math.h"
ARM GAS  C:\Users\Lamp\AppData\Local\Temp\cc1YK7pm.s 			page 6


   1:Drivers/CMSIS/DSP/Include/arm_math.h **** /******************************************************************************
   2:Drivers/CMSIS/DSP/Include/arm_math.h ****  * @file     arm_math.h
   3:Drivers/CMSIS/DSP/Include/arm_math.h ****  * @brief    Public header file for CMSIS DSP LibraryU
   4:Drivers/CMSIS/DSP/Include/arm_math.h ****  * @version  V1.5.3
   5:Drivers/CMSIS/DSP/Include/arm_math.h ****  * @date     10. January 2018
   6:Drivers/CMSIS/DSP/Include/arm_math.h ****  ******************************************************************************/
   7:Drivers/CMSIS/DSP/Include/arm_math.h **** /*
   8:Drivers/CMSIS/DSP/Include/arm_math.h ****  * Copyright (c) 2010-2018 Arm Limited or its affiliates. All rights reserved.
   9:Drivers/CMSIS/DSP/Include/arm_math.h ****  *
  10:Drivers/CMSIS/DSP/Include/arm_math.h ****  * SPDX-License-Identifier: Apache-2.0
  11:Drivers/CMSIS/DSP/Include/arm_math.h ****  *
  12:Drivers/CMSIS/DSP/Include/arm_math.h ****  * Licensed under the Apache License, Version 2.0 (the License); you may
  13:Drivers/CMSIS/DSP/Include/arm_math.h ****  * not use this file except in compliance with the License.
  14:Drivers/CMSIS/DSP/Include/arm_math.h ****  * You may obtain a copy of the License at
  15:Drivers/CMSIS/DSP/Include/arm_math.h ****  *
  16:Drivers/CMSIS/DSP/Include/arm_math.h ****  * www.apache.org/licenses/LICENSE-2.0
  17:Drivers/CMSIS/DSP/Include/arm_math.h ****  *
  18:Drivers/CMSIS/DSP/Include/arm_math.h ****  * Unless required by applicable law or agreed to in writing, software
  19:Drivers/CMSIS/DSP/Include/arm_math.h ****  * distributed under the License is distributed on an AS IS BASIS, WITHOUT
  20:Drivers/CMSIS/DSP/Include/arm_math.h ****  * WARRANTIES OR CONDITIONS OF ANY KIND, either express or implied.
  21:Drivers/CMSIS/DSP/Include/arm_math.h ****  * See the License for the specific language governing permissions and
  22:Drivers/CMSIS/DSP/Include/arm_math.h ****  * limitations under the License.
  23:Drivers/CMSIS/DSP/Include/arm_math.h ****  */
  24:Drivers/CMSIS/DSP/Include/arm_math.h **** 
  25:Drivers/CMSIS/DSP/Include/arm_math.h **** /**
  26:Drivers/CMSIS/DSP/Include/arm_math.h ****    \mainpage CMSIS DSP Software Library
  27:Drivers/CMSIS/DSP/Include/arm_math.h ****    *
  28:Drivers/CMSIS/DSP/Include/arm_math.h ****    * Introduction
  29:Drivers/CMSIS/DSP/Include/arm_math.h ****    * ------------
  30:Drivers/CMSIS/DSP/Include/arm_math.h ****    *
  31:Drivers/CMSIS/DSP/Include/arm_math.h ****    * This user manual describes the CMSIS DSP software library,
  32:Drivers/CMSIS/DSP/Include/arm_math.h ****    * a suite of common signal processing functions for use on Cortex-M processor based devices.
  33:Drivers/CMSIS/DSP/Include/arm_math.h ****    *
  34:Drivers/CMSIS/DSP/Include/arm_math.h ****    * The library is divided into a number of functions each covering a specific category:
  35:Drivers/CMSIS/DSP/Include/arm_math.h ****    * - Basic math functions
  36:Drivers/CMSIS/DSP/Include/arm_math.h ****    * - Fast math functions
  37:Drivers/CMSIS/DSP/Include/arm_math.h ****    * - Complex math functions
  38:Drivers/CMSIS/DSP/Include/arm_math.h ****    * - Filters
  39:Drivers/CMSIS/DSP/Include/arm_math.h ****    * - Matrix functions
  40:Drivers/CMSIS/DSP/Include/arm_math.h ****    * - Transforms
  41:Drivers/CMSIS/DSP/Include/arm_math.h ****    * - Motor control functions
  42:Drivers/CMSIS/DSP/Include/arm_math.h ****    * - Statistical functions
  43:Drivers/CMSIS/DSP/Include/arm_math.h ****    * - Support functions
  44:Drivers/CMSIS/DSP/Include/arm_math.h ****    * - Interpolation functions
  45:Drivers/CMSIS/DSP/Include/arm_math.h ****    *
  46:Drivers/CMSIS/DSP/Include/arm_math.h ****    * The library has separate functions for operating on 8-bit integers, 16-bit integers,
  47:Drivers/CMSIS/DSP/Include/arm_math.h ****    * 32-bit integer and 32-bit floating-point values.
  48:Drivers/CMSIS/DSP/Include/arm_math.h ****    *
  49:Drivers/CMSIS/DSP/Include/arm_math.h ****    * Using the Library
  50:Drivers/CMSIS/DSP/Include/arm_math.h ****    * ------------
  51:Drivers/CMSIS/DSP/Include/arm_math.h ****    *
  52:Drivers/CMSIS/DSP/Include/arm_math.h ****    * The library installer contains prebuilt versions of the libraries in the <code>Lib</code> fold
  53:Drivers/CMSIS/DSP/Include/arm_math.h ****    * - arm_cortexM7lfdp_math.lib (Cortex-M7, Little endian, Double Precision Floating Point Unit)
  54:Drivers/CMSIS/DSP/Include/arm_math.h ****    * - arm_cortexM7bfdp_math.lib (Cortex-M7, Big endian, Double Precision Floating Point Unit)
  55:Drivers/CMSIS/DSP/Include/arm_math.h ****    * - arm_cortexM7lfsp_math.lib (Cortex-M7, Little endian, Single Precision Floating Point Unit)
  56:Drivers/CMSIS/DSP/Include/arm_math.h ****    * - arm_cortexM7bfsp_math.lib (Cortex-M7, Big endian and Single Precision Floating Point Unit on
  57:Drivers/CMSIS/DSP/Include/arm_math.h ****    * - arm_cortexM7l_math.lib (Cortex-M7, Little endian)
ARM GAS  C:\Users\Lamp\AppData\Local\Temp\cc1YK7pm.s 			page 7


  58:Drivers/CMSIS/DSP/Include/arm_math.h ****    * - arm_cortexM7b_math.lib (Cortex-M7, Big endian)
  59:Drivers/CMSIS/DSP/Include/arm_math.h ****    * - arm_cortexM4lf_math.lib (Cortex-M4, Little endian, Floating Point Unit)
  60:Drivers/CMSIS/DSP/Include/arm_math.h ****    * - arm_cortexM4bf_math.lib (Cortex-M4, Big endian, Floating Point Unit)
  61:Drivers/CMSIS/DSP/Include/arm_math.h ****    * - arm_cortexM4l_math.lib (Cortex-M4, Little endian)
  62:Drivers/CMSIS/DSP/Include/arm_math.h ****    * - arm_cortexM4b_math.lib (Cortex-M4, Big endian)
  63:Drivers/CMSIS/DSP/Include/arm_math.h ****    * - arm_cortexM3l_math.lib (Cortex-M3, Little endian)
  64:Drivers/CMSIS/DSP/Include/arm_math.h ****    * - arm_cortexM3b_math.lib (Cortex-M3, Big endian)
  65:Drivers/CMSIS/DSP/Include/arm_math.h ****    * - arm_cortexM0l_math.lib (Cortex-M0 / Cortex-M0+, Little endian)
  66:Drivers/CMSIS/DSP/Include/arm_math.h ****    * - arm_cortexM0b_math.lib (Cortex-M0 / Cortex-M0+, Big endian)
  67:Drivers/CMSIS/DSP/Include/arm_math.h ****    * - arm_ARMv8MBLl_math.lib (Armv8-M Baseline, Little endian)
  68:Drivers/CMSIS/DSP/Include/arm_math.h ****    * - arm_ARMv8MMLl_math.lib (Armv8-M Mainline, Little endian)
  69:Drivers/CMSIS/DSP/Include/arm_math.h ****    * - arm_ARMv8MMLlfsp_math.lib (Armv8-M Mainline, Little endian, Single Precision Floating Point 
  70:Drivers/CMSIS/DSP/Include/arm_math.h ****    * - arm_ARMv8MMLld_math.lib (Armv8-M Mainline, Little endian, DSP instructions)
  71:Drivers/CMSIS/DSP/Include/arm_math.h ****    * - arm_ARMv8MMLldfsp_math.lib (Armv8-M Mainline, Little endian, DSP instructions, Single Precis
  72:Drivers/CMSIS/DSP/Include/arm_math.h ****    *
  73:Drivers/CMSIS/DSP/Include/arm_math.h ****    * The library functions are declared in the public file <code>arm_math.h</code> which is placed 
  74:Drivers/CMSIS/DSP/Include/arm_math.h ****    * Simply include this file and link the appropriate library in the application and begin calling
  75:Drivers/CMSIS/DSP/Include/arm_math.h ****    * public header file <code> arm_math.h</code> for Cortex-M cores with little endian and big endi
  76:Drivers/CMSIS/DSP/Include/arm_math.h ****    * Define the appropriate preprocessor macro ARM_MATH_CM7 or ARM_MATH_CM4 or ARM_MATH_CM3 or
  77:Drivers/CMSIS/DSP/Include/arm_math.h ****    * ARM_MATH_CM0 or ARM_MATH_CM0PLUS depending on the target processor in the application.
  78:Drivers/CMSIS/DSP/Include/arm_math.h ****    * For Armv8-M cores define preprocessor macro ARM_MATH_ARMV8MBL or ARM_MATH_ARMV8MML.
  79:Drivers/CMSIS/DSP/Include/arm_math.h ****    * Set preprocessor macro __DSP_PRESENT if Armv8-M Mainline core supports DSP instructions.
  80:Drivers/CMSIS/DSP/Include/arm_math.h ****    * 
  81:Drivers/CMSIS/DSP/Include/arm_math.h ****    *
  82:Drivers/CMSIS/DSP/Include/arm_math.h ****    * Examples
  83:Drivers/CMSIS/DSP/Include/arm_math.h ****    * --------
  84:Drivers/CMSIS/DSP/Include/arm_math.h ****    *
  85:Drivers/CMSIS/DSP/Include/arm_math.h ****    * The library ships with a number of examples which demonstrate how to use the library functions
  86:Drivers/CMSIS/DSP/Include/arm_math.h ****    *
  87:Drivers/CMSIS/DSP/Include/arm_math.h ****    * Toolchain Support
  88:Drivers/CMSIS/DSP/Include/arm_math.h ****    * ------------
  89:Drivers/CMSIS/DSP/Include/arm_math.h ****    *
  90:Drivers/CMSIS/DSP/Include/arm_math.h ****    * The library has been developed and tested with MDK version 5.14.0.0
  91:Drivers/CMSIS/DSP/Include/arm_math.h ****    * The library is being tested in GCC and IAR toolchains and updates on this activity will be mad
  92:Drivers/CMSIS/DSP/Include/arm_math.h ****    *
  93:Drivers/CMSIS/DSP/Include/arm_math.h ****    * Building the Library
  94:Drivers/CMSIS/DSP/Include/arm_math.h ****    * ------------
  95:Drivers/CMSIS/DSP/Include/arm_math.h ****    *
  96:Drivers/CMSIS/DSP/Include/arm_math.h ****    * The library installer contains a project file to rebuild libraries on MDK toolchain in the <co
  97:Drivers/CMSIS/DSP/Include/arm_math.h ****    * - arm_cortexM_math.uvprojx
  98:Drivers/CMSIS/DSP/Include/arm_math.h ****    *
  99:Drivers/CMSIS/DSP/Include/arm_math.h ****    *
 100:Drivers/CMSIS/DSP/Include/arm_math.h ****    * The libraries can be built by opening the arm_cortexM_math.uvprojx project in MDK-ARM, selecti
 101:Drivers/CMSIS/DSP/Include/arm_math.h ****    *
 102:Drivers/CMSIS/DSP/Include/arm_math.h ****    * Preprocessor Macros
 103:Drivers/CMSIS/DSP/Include/arm_math.h ****    * ------------
 104:Drivers/CMSIS/DSP/Include/arm_math.h ****    *
 105:Drivers/CMSIS/DSP/Include/arm_math.h ****    * Each library project have different preprocessor macros.
 106:Drivers/CMSIS/DSP/Include/arm_math.h ****    *
 107:Drivers/CMSIS/DSP/Include/arm_math.h ****    * - UNALIGNED_SUPPORT_DISABLE:
 108:Drivers/CMSIS/DSP/Include/arm_math.h ****    *
 109:Drivers/CMSIS/DSP/Include/arm_math.h ****    * Define macro UNALIGNED_SUPPORT_DISABLE, If the silicon does not support unaligned memory acces
 110:Drivers/CMSIS/DSP/Include/arm_math.h ****    *
 111:Drivers/CMSIS/DSP/Include/arm_math.h ****    * - ARM_MATH_BIG_ENDIAN:
 112:Drivers/CMSIS/DSP/Include/arm_math.h ****    *
 113:Drivers/CMSIS/DSP/Include/arm_math.h ****    * Define macro ARM_MATH_BIG_ENDIAN to build the library for big endian targets. By default libra
 114:Drivers/CMSIS/DSP/Include/arm_math.h ****    *
ARM GAS  C:\Users\Lamp\AppData\Local\Temp\cc1YK7pm.s 			page 8


 115:Drivers/CMSIS/DSP/Include/arm_math.h ****    * - ARM_MATH_MATRIX_CHECK:
 116:Drivers/CMSIS/DSP/Include/arm_math.h ****    *
 117:Drivers/CMSIS/DSP/Include/arm_math.h ****    * Define macro ARM_MATH_MATRIX_CHECK for checking on the input and output sizes of matrices
 118:Drivers/CMSIS/DSP/Include/arm_math.h ****    *
 119:Drivers/CMSIS/DSP/Include/arm_math.h ****    * - ARM_MATH_ROUNDING:
 120:Drivers/CMSIS/DSP/Include/arm_math.h ****    *
 121:Drivers/CMSIS/DSP/Include/arm_math.h ****    * Define macro ARM_MATH_ROUNDING for rounding on support functions
 122:Drivers/CMSIS/DSP/Include/arm_math.h ****    *
 123:Drivers/CMSIS/DSP/Include/arm_math.h ****    * - ARM_MATH_CMx:
 124:Drivers/CMSIS/DSP/Include/arm_math.h ****    *
 125:Drivers/CMSIS/DSP/Include/arm_math.h ****    * Define macro ARM_MATH_CM4 for building the library on Cortex-M4 target, ARM_MATH_CM3 for build
 126:Drivers/CMSIS/DSP/Include/arm_math.h ****    * and ARM_MATH_CM0 for building library on Cortex-M0 target, ARM_MATH_CM0PLUS for building libra
 127:Drivers/CMSIS/DSP/Include/arm_math.h ****    * ARM_MATH_CM7 for building the library on cortex-M7.
 128:Drivers/CMSIS/DSP/Include/arm_math.h ****    *
 129:Drivers/CMSIS/DSP/Include/arm_math.h ****    * - ARM_MATH_ARMV8MxL:
 130:Drivers/CMSIS/DSP/Include/arm_math.h ****    *
 131:Drivers/CMSIS/DSP/Include/arm_math.h ****    * Define macro ARM_MATH_ARMV8MBL for building the library on Armv8-M Baseline target, ARM_MATH_A
 132:Drivers/CMSIS/DSP/Include/arm_math.h ****    * on Armv8-M Mainline target.
 133:Drivers/CMSIS/DSP/Include/arm_math.h ****    *
 134:Drivers/CMSIS/DSP/Include/arm_math.h ****    * - __FPU_PRESENT:
 135:Drivers/CMSIS/DSP/Include/arm_math.h ****    *
 136:Drivers/CMSIS/DSP/Include/arm_math.h ****    * Initialize macro __FPU_PRESENT = 1 when building on FPU supported Targets. Enable this macro f
 137:Drivers/CMSIS/DSP/Include/arm_math.h ****    *
 138:Drivers/CMSIS/DSP/Include/arm_math.h ****    * - __DSP_PRESENT:
 139:Drivers/CMSIS/DSP/Include/arm_math.h ****    *
 140:Drivers/CMSIS/DSP/Include/arm_math.h ****    * Initialize macro __DSP_PRESENT = 1 when Armv8-M Mainline core supports DSP instructions.
 141:Drivers/CMSIS/DSP/Include/arm_math.h ****    *
 142:Drivers/CMSIS/DSP/Include/arm_math.h ****    * <hr>
 143:Drivers/CMSIS/DSP/Include/arm_math.h ****    * CMSIS-DSP in ARM::CMSIS Pack
 144:Drivers/CMSIS/DSP/Include/arm_math.h ****    * -----------------------------
 145:Drivers/CMSIS/DSP/Include/arm_math.h ****    *
 146:Drivers/CMSIS/DSP/Include/arm_math.h ****    * The following files relevant to CMSIS-DSP are present in the <b>ARM::CMSIS</b> Pack directorie
 147:Drivers/CMSIS/DSP/Include/arm_math.h ****    * |File/Folder                   |Content                                                       
 148:Drivers/CMSIS/DSP/Include/arm_math.h ****    * |------------------------------|--------------------------------------------------------------
 149:Drivers/CMSIS/DSP/Include/arm_math.h ****    * |\b CMSIS\\Documentation\\DSP  | This documentation                                           
 150:Drivers/CMSIS/DSP/Include/arm_math.h ****    * |\b CMSIS\\DSP_Lib             | Software license agreement (license.txt)                     
 151:Drivers/CMSIS/DSP/Include/arm_math.h ****    * |\b CMSIS\\DSP_Lib\\Examples   | Example projects demonstrating the usage of the library funct
 152:Drivers/CMSIS/DSP/Include/arm_math.h ****    * |\b CMSIS\\DSP_Lib\\Source     | Source files for rebuilding the library                      
 153:Drivers/CMSIS/DSP/Include/arm_math.h ****    *
 154:Drivers/CMSIS/DSP/Include/arm_math.h ****    * <hr>
 155:Drivers/CMSIS/DSP/Include/arm_math.h ****    * Revision History of CMSIS-DSP
 156:Drivers/CMSIS/DSP/Include/arm_math.h ****    * ------------
 157:Drivers/CMSIS/DSP/Include/arm_math.h ****    * Please refer to \ref ChangeLog_pg.
 158:Drivers/CMSIS/DSP/Include/arm_math.h ****    *
 159:Drivers/CMSIS/DSP/Include/arm_math.h ****    * Copyright Notice
 160:Drivers/CMSIS/DSP/Include/arm_math.h ****    * ------------
 161:Drivers/CMSIS/DSP/Include/arm_math.h ****    *
 162:Drivers/CMSIS/DSP/Include/arm_math.h ****    * Copyright (C) 2010-2015 Arm Limited. All rights reserved.
 163:Drivers/CMSIS/DSP/Include/arm_math.h ****    */
 164:Drivers/CMSIS/DSP/Include/arm_math.h **** 
 165:Drivers/CMSIS/DSP/Include/arm_math.h **** 
 166:Drivers/CMSIS/DSP/Include/arm_math.h **** /**
 167:Drivers/CMSIS/DSP/Include/arm_math.h ****  * @defgroup groupMath Basic Math Functions
 168:Drivers/CMSIS/DSP/Include/arm_math.h ****  */
 169:Drivers/CMSIS/DSP/Include/arm_math.h **** 
 170:Drivers/CMSIS/DSP/Include/arm_math.h **** /**
 171:Drivers/CMSIS/DSP/Include/arm_math.h ****  * @defgroup groupFastMath Fast Math Functions
ARM GAS  C:\Users\Lamp\AppData\Local\Temp\cc1YK7pm.s 			page 9


 172:Drivers/CMSIS/DSP/Include/arm_math.h ****  * This set of functions provides a fast approximation to sine, cosine, and square root.
 173:Drivers/CMSIS/DSP/Include/arm_math.h ****  * As compared to most of the other functions in the CMSIS math library, the fast math functions
 174:Drivers/CMSIS/DSP/Include/arm_math.h ****  * operate on individual values and not arrays.
 175:Drivers/CMSIS/DSP/Include/arm_math.h ****  * There are separate functions for Q15, Q31, and floating-point data.
 176:Drivers/CMSIS/DSP/Include/arm_math.h ****  *
 177:Drivers/CMSIS/DSP/Include/arm_math.h ****  */
 178:Drivers/CMSIS/DSP/Include/arm_math.h **** 
 179:Drivers/CMSIS/DSP/Include/arm_math.h **** /**
 180:Drivers/CMSIS/DSP/Include/arm_math.h ****  * @defgroup groupCmplxMath Complex Math Functions
 181:Drivers/CMSIS/DSP/Include/arm_math.h ****  * This set of functions operates on complex data vectors.
 182:Drivers/CMSIS/DSP/Include/arm_math.h ****  * The data in the complex arrays is stored in an interleaved fashion
 183:Drivers/CMSIS/DSP/Include/arm_math.h ****  * (real, imag, real, imag, ...).
 184:Drivers/CMSIS/DSP/Include/arm_math.h ****  * In the API functions, the number of samples in a complex array refers
 185:Drivers/CMSIS/DSP/Include/arm_math.h ****  * to the number of complex values; the array contains twice this number of
 186:Drivers/CMSIS/DSP/Include/arm_math.h ****  * real values.
 187:Drivers/CMSIS/DSP/Include/arm_math.h ****  */
 188:Drivers/CMSIS/DSP/Include/arm_math.h **** 
 189:Drivers/CMSIS/DSP/Include/arm_math.h **** /**
 190:Drivers/CMSIS/DSP/Include/arm_math.h ****  * @defgroup groupFilters Filtering Functions
 191:Drivers/CMSIS/DSP/Include/arm_math.h ****  */
 192:Drivers/CMSIS/DSP/Include/arm_math.h **** 
 193:Drivers/CMSIS/DSP/Include/arm_math.h **** /**
 194:Drivers/CMSIS/DSP/Include/arm_math.h ****  * @defgroup groupMatrix Matrix Functions
 195:Drivers/CMSIS/DSP/Include/arm_math.h ****  *
 196:Drivers/CMSIS/DSP/Include/arm_math.h ****  * This set of functions provides basic matrix math operations.
 197:Drivers/CMSIS/DSP/Include/arm_math.h ****  * The functions operate on matrix data structures.  For example,
 198:Drivers/CMSIS/DSP/Include/arm_math.h ****  * the type
 199:Drivers/CMSIS/DSP/Include/arm_math.h ****  * definition for the floating-point matrix structure is shown
 200:Drivers/CMSIS/DSP/Include/arm_math.h ****  * below:
 201:Drivers/CMSIS/DSP/Include/arm_math.h ****  * <pre>
 202:Drivers/CMSIS/DSP/Include/arm_math.h ****  *     typedef struct
 203:Drivers/CMSIS/DSP/Include/arm_math.h ****  *     {
 204:Drivers/CMSIS/DSP/Include/arm_math.h ****  *       uint16_t numRows;     // number of rows of the matrix.
 205:Drivers/CMSIS/DSP/Include/arm_math.h ****  *       uint16_t numCols;     // number of columns of the matrix.
 206:Drivers/CMSIS/DSP/Include/arm_math.h ****  *       float32_t *pData;     // points to the data of the matrix.
 207:Drivers/CMSIS/DSP/Include/arm_math.h ****  *     } arm_matrix_instance_f32;
 208:Drivers/CMSIS/DSP/Include/arm_math.h ****  * </pre>
 209:Drivers/CMSIS/DSP/Include/arm_math.h ****  * There are similar definitions for Q15 and Q31 data types.
 210:Drivers/CMSIS/DSP/Include/arm_math.h ****  *
 211:Drivers/CMSIS/DSP/Include/arm_math.h ****  * The structure specifies the size of the matrix and then points to
 212:Drivers/CMSIS/DSP/Include/arm_math.h ****  * an array of data.  The array is of size <code>numRows X numCols</code>
 213:Drivers/CMSIS/DSP/Include/arm_math.h ****  * and the values are arranged in row order.  That is, the
 214:Drivers/CMSIS/DSP/Include/arm_math.h ****  * matrix element (i, j) is stored at:
 215:Drivers/CMSIS/DSP/Include/arm_math.h ****  * <pre>
 216:Drivers/CMSIS/DSP/Include/arm_math.h ****  *     pData[i*numCols + j]
 217:Drivers/CMSIS/DSP/Include/arm_math.h ****  * </pre>
 218:Drivers/CMSIS/DSP/Include/arm_math.h ****  *
 219:Drivers/CMSIS/DSP/Include/arm_math.h ****  * \par Init Functions
 220:Drivers/CMSIS/DSP/Include/arm_math.h ****  * There is an associated initialization function for each type of matrix
 221:Drivers/CMSIS/DSP/Include/arm_math.h ****  * data structure.
 222:Drivers/CMSIS/DSP/Include/arm_math.h ****  * The initialization function sets the values of the internal structure fields.
 223:Drivers/CMSIS/DSP/Include/arm_math.h ****  * Refer to the function <code>arm_mat_init_f32()</code>, <code>arm_mat_init_q31()</code>
 224:Drivers/CMSIS/DSP/Include/arm_math.h ****  * and <code>arm_mat_init_q15()</code> for floating-point, Q31 and Q15 types,  respectively.
 225:Drivers/CMSIS/DSP/Include/arm_math.h ****  *
 226:Drivers/CMSIS/DSP/Include/arm_math.h ****  * \par
 227:Drivers/CMSIS/DSP/Include/arm_math.h ****  * Use of the initialization function is optional. However, if initialization function is used
 228:Drivers/CMSIS/DSP/Include/arm_math.h ****  * then the instance structure cannot be placed into a const data section.
ARM GAS  C:\Users\Lamp\AppData\Local\Temp\cc1YK7pm.s 			page 10


 229:Drivers/CMSIS/DSP/Include/arm_math.h ****  * To place the instance structure in a const data
 230:Drivers/CMSIS/DSP/Include/arm_math.h ****  * section, manually initialize the data structure.  For example:
 231:Drivers/CMSIS/DSP/Include/arm_math.h ****  * <pre>
 232:Drivers/CMSIS/DSP/Include/arm_math.h ****  * <code>arm_matrix_instance_f32 S = {nRows, nColumns, pData};</code>
 233:Drivers/CMSIS/DSP/Include/arm_math.h ****  * <code>arm_matrix_instance_q31 S = {nRows, nColumns, pData};</code>
 234:Drivers/CMSIS/DSP/Include/arm_math.h ****  * <code>arm_matrix_instance_q15 S = {nRows, nColumns, pData};</code>
 235:Drivers/CMSIS/DSP/Include/arm_math.h ****  * </pre>
 236:Drivers/CMSIS/DSP/Include/arm_math.h ****  * where <code>nRows</code> specifies the number of rows, <code>nColumns</code>
 237:Drivers/CMSIS/DSP/Include/arm_math.h ****  * specifies the number of columns, and <code>pData</code> points to the
 238:Drivers/CMSIS/DSP/Include/arm_math.h ****  * data array.
 239:Drivers/CMSIS/DSP/Include/arm_math.h ****  *
 240:Drivers/CMSIS/DSP/Include/arm_math.h ****  * \par Size Checking
 241:Drivers/CMSIS/DSP/Include/arm_math.h ****  * By default all of the matrix functions perform size checking on the input and
 242:Drivers/CMSIS/DSP/Include/arm_math.h ****  * output matrices. For example, the matrix addition function verifies that the
 243:Drivers/CMSIS/DSP/Include/arm_math.h ****  * two input matrices and the output matrix all have the same number of rows and
 244:Drivers/CMSIS/DSP/Include/arm_math.h ****  * columns. If the size check fails the functions return:
 245:Drivers/CMSIS/DSP/Include/arm_math.h ****  * <pre>
 246:Drivers/CMSIS/DSP/Include/arm_math.h ****  *     ARM_MATH_SIZE_MISMATCH
 247:Drivers/CMSIS/DSP/Include/arm_math.h ****  * </pre>
 248:Drivers/CMSIS/DSP/Include/arm_math.h ****  * Otherwise the functions return
 249:Drivers/CMSIS/DSP/Include/arm_math.h ****  * <pre>
 250:Drivers/CMSIS/DSP/Include/arm_math.h ****  *     ARM_MATH_SUCCESS
 251:Drivers/CMSIS/DSP/Include/arm_math.h ****  * </pre>
 252:Drivers/CMSIS/DSP/Include/arm_math.h ****  * There is some overhead associated with this matrix size checking.
 253:Drivers/CMSIS/DSP/Include/arm_math.h ****  * The matrix size checking is enabled via the \#define
 254:Drivers/CMSIS/DSP/Include/arm_math.h ****  * <pre>
 255:Drivers/CMSIS/DSP/Include/arm_math.h ****  *     ARM_MATH_MATRIX_CHECK
 256:Drivers/CMSIS/DSP/Include/arm_math.h ****  * </pre>
 257:Drivers/CMSIS/DSP/Include/arm_math.h ****  * within the library project settings.  By default this macro is defined
 258:Drivers/CMSIS/DSP/Include/arm_math.h ****  * and size checking is enabled. By changing the project settings and
 259:Drivers/CMSIS/DSP/Include/arm_math.h ****  * undefining this macro size checking is eliminated and the functions
 260:Drivers/CMSIS/DSP/Include/arm_math.h ****  * run a bit faster. With size checking disabled the functions always
 261:Drivers/CMSIS/DSP/Include/arm_math.h ****  * return <code>ARM_MATH_SUCCESS</code>.
 262:Drivers/CMSIS/DSP/Include/arm_math.h ****  */
 263:Drivers/CMSIS/DSP/Include/arm_math.h **** 
 264:Drivers/CMSIS/DSP/Include/arm_math.h **** /**
 265:Drivers/CMSIS/DSP/Include/arm_math.h ****  * @defgroup groupTransforms Transform Functions
 266:Drivers/CMSIS/DSP/Include/arm_math.h ****  */
 267:Drivers/CMSIS/DSP/Include/arm_math.h **** 
 268:Drivers/CMSIS/DSP/Include/arm_math.h **** /**
 269:Drivers/CMSIS/DSP/Include/arm_math.h ****  * @defgroup groupController Controller Functions
 270:Drivers/CMSIS/DSP/Include/arm_math.h ****  */
 271:Drivers/CMSIS/DSP/Include/arm_math.h **** 
 272:Drivers/CMSIS/DSP/Include/arm_math.h **** /**
 273:Drivers/CMSIS/DSP/Include/arm_math.h ****  * @defgroup groupStats Statistics Functions
 274:Drivers/CMSIS/DSP/Include/arm_math.h ****  */
 275:Drivers/CMSIS/DSP/Include/arm_math.h **** /**
 276:Drivers/CMSIS/DSP/Include/arm_math.h ****  * @defgroup groupSupport Support Functions
 277:Drivers/CMSIS/DSP/Include/arm_math.h ****  */
 278:Drivers/CMSIS/DSP/Include/arm_math.h **** 
 279:Drivers/CMSIS/DSP/Include/arm_math.h **** /**
 280:Drivers/CMSIS/DSP/Include/arm_math.h ****  * @defgroup groupInterpolation Interpolation Functions
 281:Drivers/CMSIS/DSP/Include/arm_math.h ****  * These functions perform 1- and 2-dimensional interpolation of data.
 282:Drivers/CMSIS/DSP/Include/arm_math.h ****  * Linear interpolation is used for 1-dimensional data and
 283:Drivers/CMSIS/DSP/Include/arm_math.h ****  * bilinear interpolation is used for 2-dimensional data.
 284:Drivers/CMSIS/DSP/Include/arm_math.h ****  */
 285:Drivers/CMSIS/DSP/Include/arm_math.h **** 
ARM GAS  C:\Users\Lamp\AppData\Local\Temp\cc1YK7pm.s 			page 11


 286:Drivers/CMSIS/DSP/Include/arm_math.h **** /**
 287:Drivers/CMSIS/DSP/Include/arm_math.h ****  * @defgroup groupExamples Examples
 288:Drivers/CMSIS/DSP/Include/arm_math.h ****  */
 289:Drivers/CMSIS/DSP/Include/arm_math.h **** #ifndef _ARM_MATH_H
 290:Drivers/CMSIS/DSP/Include/arm_math.h **** #define _ARM_MATH_H
 291:Drivers/CMSIS/DSP/Include/arm_math.h **** 
 292:Drivers/CMSIS/DSP/Include/arm_math.h **** /* Compiler specific diagnostic adjustment */
 293:Drivers/CMSIS/DSP/Include/arm_math.h **** #if   defined ( __CC_ARM )
 294:Drivers/CMSIS/DSP/Include/arm_math.h **** 
 295:Drivers/CMSIS/DSP/Include/arm_math.h **** #elif defined ( __ARMCC_VERSION ) && ( __ARMCC_VERSION >= 6010050 )
 296:Drivers/CMSIS/DSP/Include/arm_math.h **** 
 297:Drivers/CMSIS/DSP/Include/arm_math.h **** #elif defined ( __GNUC__ )
 298:Drivers/CMSIS/DSP/Include/arm_math.h **** #pragma GCC diagnostic push
 299:Drivers/CMSIS/DSP/Include/arm_math.h **** #pragma GCC diagnostic ignored "-Wsign-conversion"
 300:Drivers/CMSIS/DSP/Include/arm_math.h **** #pragma GCC diagnostic ignored "-Wconversion"
 301:Drivers/CMSIS/DSP/Include/arm_math.h **** #pragma GCC diagnostic ignored "-Wunused-parameter"
 302:Drivers/CMSIS/DSP/Include/arm_math.h **** 
 303:Drivers/CMSIS/DSP/Include/arm_math.h **** #elif defined ( __ICCARM__ )
 304:Drivers/CMSIS/DSP/Include/arm_math.h **** 
 305:Drivers/CMSIS/DSP/Include/arm_math.h **** #elif defined ( __TI_ARM__ )
 306:Drivers/CMSIS/DSP/Include/arm_math.h **** 
 307:Drivers/CMSIS/DSP/Include/arm_math.h **** #elif defined ( __CSMC__ )
 308:Drivers/CMSIS/DSP/Include/arm_math.h **** 
 309:Drivers/CMSIS/DSP/Include/arm_math.h **** #elif defined ( __TASKING__ )
 310:Drivers/CMSIS/DSP/Include/arm_math.h **** 
 311:Drivers/CMSIS/DSP/Include/arm_math.h **** #else
 312:Drivers/CMSIS/DSP/Include/arm_math.h ****   #error Unknown compiler
 313:Drivers/CMSIS/DSP/Include/arm_math.h **** #endif
 314:Drivers/CMSIS/DSP/Include/arm_math.h **** 
 315:Drivers/CMSIS/DSP/Include/arm_math.h **** 
 316:Drivers/CMSIS/DSP/Include/arm_math.h **** #define __CMSIS_GENERIC         /* disable NVIC and Systick functions */
 317:Drivers/CMSIS/DSP/Include/arm_math.h **** 
 318:Drivers/CMSIS/DSP/Include/arm_math.h **** #if defined(ARM_MATH_CM7)
 319:Drivers/CMSIS/DSP/Include/arm_math.h ****   #include "core_cm7.h"
 320:Drivers/CMSIS/DSP/Include/arm_math.h ****   #define ARM_MATH_DSP
 321:Drivers/CMSIS/DSP/Include/arm_math.h **** #elif defined (ARM_MATH_CM4)
 322:Drivers/CMSIS/DSP/Include/arm_math.h ****   #include "core_cm4.h"
 323:Drivers/CMSIS/DSP/Include/arm_math.h ****   #define ARM_MATH_DSP
 324:Drivers/CMSIS/DSP/Include/arm_math.h **** #elif defined (ARM_MATH_CM3)
 325:Drivers/CMSIS/DSP/Include/arm_math.h ****   #include "core_cm3.h"
 326:Drivers/CMSIS/DSP/Include/arm_math.h **** #elif defined (ARM_MATH_CM0)
 327:Drivers/CMSIS/DSP/Include/arm_math.h ****   #include "core_cm0.h"
 328:Drivers/CMSIS/DSP/Include/arm_math.h ****   #define ARM_MATH_CM0_FAMILY
 329:Drivers/CMSIS/DSP/Include/arm_math.h **** #elif defined (ARM_MATH_CM0PLUS)
 330:Drivers/CMSIS/DSP/Include/arm_math.h ****   #include "core_cm0plus.h"
 331:Drivers/CMSIS/DSP/Include/arm_math.h ****   #define ARM_MATH_CM0_FAMILY
 332:Drivers/CMSIS/DSP/Include/arm_math.h **** #elif defined (ARM_MATH_ARMV8MBL)
 333:Drivers/CMSIS/DSP/Include/arm_math.h ****   #include "core_armv8mbl.h"
 334:Drivers/CMSIS/DSP/Include/arm_math.h ****   #define ARM_MATH_CM0_FAMILY
 335:Drivers/CMSIS/DSP/Include/arm_math.h **** #elif defined (ARM_MATH_ARMV8MML)
 336:Drivers/CMSIS/DSP/Include/arm_math.h ****   #include "core_armv8mml.h"
 337:Drivers/CMSIS/DSP/Include/arm_math.h ****   #if (defined (__DSP_PRESENT) && (__DSP_PRESENT == 1))
 338:Drivers/CMSIS/DSP/Include/arm_math.h ****     #define ARM_MATH_DSP
 339:Drivers/CMSIS/DSP/Include/arm_math.h ****   #endif
 340:Drivers/CMSIS/DSP/Include/arm_math.h **** #else
 341:Drivers/CMSIS/DSP/Include/arm_math.h ****   #error "Define according the used Cortex core ARM_MATH_CM7, ARM_MATH_CM4, ARM_MATH_CM3, ARM_MATH_
 342:Drivers/CMSIS/DSP/Include/arm_math.h **** #endif
ARM GAS  C:\Users\Lamp\AppData\Local\Temp\cc1YK7pm.s 			page 12


 343:Drivers/CMSIS/DSP/Include/arm_math.h **** 
 344:Drivers/CMSIS/DSP/Include/arm_math.h **** #undef  __CMSIS_GENERIC         /* enable NVIC and Systick functions */
 345:Drivers/CMSIS/DSP/Include/arm_math.h **** #include "string.h"
 346:Drivers/CMSIS/DSP/Include/arm_math.h **** #include "math.h"
 347:Drivers/CMSIS/DSP/Include/arm_math.h **** #ifdef   __cplusplus
 348:Drivers/CMSIS/DSP/Include/arm_math.h **** extern "C"
 349:Drivers/CMSIS/DSP/Include/arm_math.h **** {
 350:Drivers/CMSIS/DSP/Include/arm_math.h **** #endif
 351:Drivers/CMSIS/DSP/Include/arm_math.h **** 
 352:Drivers/CMSIS/DSP/Include/arm_math.h **** 
 353:Drivers/CMSIS/DSP/Include/arm_math.h ****   /**
 354:Drivers/CMSIS/DSP/Include/arm_math.h ****    * @brief Macros required for reciprocal calculation in Normalized LMS
 355:Drivers/CMSIS/DSP/Include/arm_math.h ****    */
 356:Drivers/CMSIS/DSP/Include/arm_math.h **** 
 357:Drivers/CMSIS/DSP/Include/arm_math.h **** #define DELTA_Q31          (0x100)
 358:Drivers/CMSIS/DSP/Include/arm_math.h **** #define DELTA_Q15          0x5
 359:Drivers/CMSIS/DSP/Include/arm_math.h **** #define INDEX_MASK         0x0000003F
 360:Drivers/CMSIS/DSP/Include/arm_math.h **** #ifndef PI
 361:Drivers/CMSIS/DSP/Include/arm_math.h ****   #define PI               3.14159265358979f
 362:Drivers/CMSIS/DSP/Include/arm_math.h **** #endif
 363:Drivers/CMSIS/DSP/Include/arm_math.h **** 
 364:Drivers/CMSIS/DSP/Include/arm_math.h ****   /**
 365:Drivers/CMSIS/DSP/Include/arm_math.h ****    * @brief Macros required for SINE and COSINE Fast math approximations
 366:Drivers/CMSIS/DSP/Include/arm_math.h ****    */
 367:Drivers/CMSIS/DSP/Include/arm_math.h **** 
 368:Drivers/CMSIS/DSP/Include/arm_math.h **** #define FAST_MATH_TABLE_SIZE  512
 369:Drivers/CMSIS/DSP/Include/arm_math.h **** #define FAST_MATH_Q31_SHIFT   (32 - 10)
 370:Drivers/CMSIS/DSP/Include/arm_math.h **** #define FAST_MATH_Q15_SHIFT   (16 - 10)
 371:Drivers/CMSIS/DSP/Include/arm_math.h **** #define CONTROLLER_Q31_SHIFT  (32 - 9)
 372:Drivers/CMSIS/DSP/Include/arm_math.h **** #define TABLE_SPACING_Q31     0x400000
 373:Drivers/CMSIS/DSP/Include/arm_math.h **** #define TABLE_SPACING_Q15     0x80
 374:Drivers/CMSIS/DSP/Include/arm_math.h **** 
 375:Drivers/CMSIS/DSP/Include/arm_math.h ****   /**
 376:Drivers/CMSIS/DSP/Include/arm_math.h ****    * @brief Macros required for SINE and COSINE Controller functions
 377:Drivers/CMSIS/DSP/Include/arm_math.h ****    */
 378:Drivers/CMSIS/DSP/Include/arm_math.h ****   /* 1.31(q31) Fixed value of 2/360 */
 379:Drivers/CMSIS/DSP/Include/arm_math.h ****   /* -1 to +1 is divided into 360 values so total spacing is (2/360) */
 380:Drivers/CMSIS/DSP/Include/arm_math.h **** #define INPUT_SPACING         0xB60B61
 381:Drivers/CMSIS/DSP/Include/arm_math.h **** 
 382:Drivers/CMSIS/DSP/Include/arm_math.h ****   /**
 383:Drivers/CMSIS/DSP/Include/arm_math.h ****    * @brief Macro for Unaligned Support
 384:Drivers/CMSIS/DSP/Include/arm_math.h ****    */
 385:Drivers/CMSIS/DSP/Include/arm_math.h **** #ifndef UNALIGNED_SUPPORT_DISABLE
 386:Drivers/CMSIS/DSP/Include/arm_math.h ****     #define ALIGN4
 387:Drivers/CMSIS/DSP/Include/arm_math.h **** #else
 388:Drivers/CMSIS/DSP/Include/arm_math.h ****   #if defined  (__GNUC__)
 389:Drivers/CMSIS/DSP/Include/arm_math.h ****     #define ALIGN4 __attribute__((aligned(4)))
 390:Drivers/CMSIS/DSP/Include/arm_math.h ****   #else
 391:Drivers/CMSIS/DSP/Include/arm_math.h ****     #define ALIGN4 __align(4)
 392:Drivers/CMSIS/DSP/Include/arm_math.h ****   #endif
 393:Drivers/CMSIS/DSP/Include/arm_math.h **** #endif   /* #ifndef UNALIGNED_SUPPORT_DISABLE */
 394:Drivers/CMSIS/DSP/Include/arm_math.h **** 
 395:Drivers/CMSIS/DSP/Include/arm_math.h ****   /**
 396:Drivers/CMSIS/DSP/Include/arm_math.h ****    * @brief Error status returned by some functions in the library.
 397:Drivers/CMSIS/DSP/Include/arm_math.h ****    */
 398:Drivers/CMSIS/DSP/Include/arm_math.h **** 
 399:Drivers/CMSIS/DSP/Include/arm_math.h ****   typedef enum
ARM GAS  C:\Users\Lamp\AppData\Local\Temp\cc1YK7pm.s 			page 13


 400:Drivers/CMSIS/DSP/Include/arm_math.h ****   {
 401:Drivers/CMSIS/DSP/Include/arm_math.h ****     ARM_MATH_SUCCESS = 0,                /**< No error */
 402:Drivers/CMSIS/DSP/Include/arm_math.h ****     ARM_MATH_ARGUMENT_ERROR = -1,        /**< One or more arguments are incorrect */
 403:Drivers/CMSIS/DSP/Include/arm_math.h ****     ARM_MATH_LENGTH_ERROR = -2,          /**< Length of data buffer is incorrect */
 404:Drivers/CMSIS/DSP/Include/arm_math.h ****     ARM_MATH_SIZE_MISMATCH = -3,         /**< Size of matrices is not compatible with the operation
 405:Drivers/CMSIS/DSP/Include/arm_math.h ****     ARM_MATH_NANINF = -4,                /**< Not-a-number (NaN) or infinity is generated */
 406:Drivers/CMSIS/DSP/Include/arm_math.h ****     ARM_MATH_SINGULAR = -5,              /**< Generated by matrix inversion if the input matrix is 
 407:Drivers/CMSIS/DSP/Include/arm_math.h ****     ARM_MATH_TEST_FAILURE = -6           /**< Test Failed  */
 408:Drivers/CMSIS/DSP/Include/arm_math.h ****   } arm_status;
 409:Drivers/CMSIS/DSP/Include/arm_math.h **** 
 410:Drivers/CMSIS/DSP/Include/arm_math.h ****   /**
 411:Drivers/CMSIS/DSP/Include/arm_math.h ****    * @brief 8-bit fractional data type in 1.7 format.
 412:Drivers/CMSIS/DSP/Include/arm_math.h ****    */
 413:Drivers/CMSIS/DSP/Include/arm_math.h ****   typedef int8_t q7_t;
 414:Drivers/CMSIS/DSP/Include/arm_math.h **** 
 415:Drivers/CMSIS/DSP/Include/arm_math.h ****   /**
 416:Drivers/CMSIS/DSP/Include/arm_math.h ****    * @brief 16-bit fractional data type in 1.15 format.
 417:Drivers/CMSIS/DSP/Include/arm_math.h ****    */
 418:Drivers/CMSIS/DSP/Include/arm_math.h ****   typedef int16_t q15_t;
 419:Drivers/CMSIS/DSP/Include/arm_math.h **** 
 420:Drivers/CMSIS/DSP/Include/arm_math.h ****   /**
 421:Drivers/CMSIS/DSP/Include/arm_math.h ****    * @brief 32-bit fractional data type in 1.31 format.
 422:Drivers/CMSIS/DSP/Include/arm_math.h ****    */
 423:Drivers/CMSIS/DSP/Include/arm_math.h ****   typedef int32_t q31_t;
 424:Drivers/CMSIS/DSP/Include/arm_math.h **** 
 425:Drivers/CMSIS/DSP/Include/arm_math.h ****   /**
 426:Drivers/CMSIS/DSP/Include/arm_math.h ****    * @brief 64-bit fractional data type in 1.63 format.
 427:Drivers/CMSIS/DSP/Include/arm_math.h ****    */
 428:Drivers/CMSIS/DSP/Include/arm_math.h ****   typedef int64_t q63_t;
 429:Drivers/CMSIS/DSP/Include/arm_math.h **** 
 430:Drivers/CMSIS/DSP/Include/arm_math.h ****   /**
 431:Drivers/CMSIS/DSP/Include/arm_math.h ****    * @brief 32-bit floating-point type definition.
 432:Drivers/CMSIS/DSP/Include/arm_math.h ****    */
 433:Drivers/CMSIS/DSP/Include/arm_math.h ****   typedef float float32_t;
 434:Drivers/CMSIS/DSP/Include/arm_math.h **** 
 435:Drivers/CMSIS/DSP/Include/arm_math.h ****   /**
 436:Drivers/CMSIS/DSP/Include/arm_math.h ****    * @brief 64-bit floating-point type definition.
 437:Drivers/CMSIS/DSP/Include/arm_math.h ****    */
 438:Drivers/CMSIS/DSP/Include/arm_math.h ****   typedef double float64_t;
 439:Drivers/CMSIS/DSP/Include/arm_math.h **** 
 440:Drivers/CMSIS/DSP/Include/arm_math.h ****   /**
 441:Drivers/CMSIS/DSP/Include/arm_math.h ****    * @brief definition to read/write two 16 bit values.
 442:Drivers/CMSIS/DSP/Include/arm_math.h ****    */
 443:Drivers/CMSIS/DSP/Include/arm_math.h **** #if   defined ( __CC_ARM )
 444:Drivers/CMSIS/DSP/Include/arm_math.h ****   #define __SIMD32_TYPE int32_t __packed
 445:Drivers/CMSIS/DSP/Include/arm_math.h ****   #define CMSIS_UNUSED __attribute__((unused))
 446:Drivers/CMSIS/DSP/Include/arm_math.h ****   #define CMSIS_INLINE __attribute__((always_inline))
 447:Drivers/CMSIS/DSP/Include/arm_math.h **** 
 448:Drivers/CMSIS/DSP/Include/arm_math.h **** #elif defined ( __ARMCC_VERSION ) && ( __ARMCC_VERSION >= 6010050 )
 449:Drivers/CMSIS/DSP/Include/arm_math.h ****   #define __SIMD32_TYPE int32_t
 450:Drivers/CMSIS/DSP/Include/arm_math.h ****   #define CMSIS_UNUSED __attribute__((unused))
 451:Drivers/CMSIS/DSP/Include/arm_math.h ****   #define CMSIS_INLINE __attribute__((always_inline))
 452:Drivers/CMSIS/DSP/Include/arm_math.h **** 
 453:Drivers/CMSIS/DSP/Include/arm_math.h **** #elif defined ( __GNUC__ )
 454:Drivers/CMSIS/DSP/Include/arm_math.h ****   #define __SIMD32_TYPE int32_t
 455:Drivers/CMSIS/DSP/Include/arm_math.h ****   #define CMSIS_UNUSED __attribute__((unused))
 456:Drivers/CMSIS/DSP/Include/arm_math.h ****   #define CMSIS_INLINE __attribute__((always_inline))
ARM GAS  C:\Users\Lamp\AppData\Local\Temp\cc1YK7pm.s 			page 14


 457:Drivers/CMSIS/DSP/Include/arm_math.h **** 
 458:Drivers/CMSIS/DSP/Include/arm_math.h **** #elif defined ( __ICCARM__ )
 459:Drivers/CMSIS/DSP/Include/arm_math.h ****   #define __SIMD32_TYPE int32_t __packed
 460:Drivers/CMSIS/DSP/Include/arm_math.h ****   #define CMSIS_UNUSED
 461:Drivers/CMSIS/DSP/Include/arm_math.h ****   #define CMSIS_INLINE
 462:Drivers/CMSIS/DSP/Include/arm_math.h **** 
 463:Drivers/CMSIS/DSP/Include/arm_math.h **** #elif defined ( __TI_ARM__ )
 464:Drivers/CMSIS/DSP/Include/arm_math.h ****   #define __SIMD32_TYPE int32_t
 465:Drivers/CMSIS/DSP/Include/arm_math.h ****   #define CMSIS_UNUSED __attribute__((unused))
 466:Drivers/CMSIS/DSP/Include/arm_math.h ****   #define CMSIS_INLINE
 467:Drivers/CMSIS/DSP/Include/arm_math.h **** 
 468:Drivers/CMSIS/DSP/Include/arm_math.h **** #elif defined ( __CSMC__ )
 469:Drivers/CMSIS/DSP/Include/arm_math.h ****   #define __SIMD32_TYPE int32_t
 470:Drivers/CMSIS/DSP/Include/arm_math.h ****   #define CMSIS_UNUSED
 471:Drivers/CMSIS/DSP/Include/arm_math.h ****   #define CMSIS_INLINE
 472:Drivers/CMSIS/DSP/Include/arm_math.h **** 
 473:Drivers/CMSIS/DSP/Include/arm_math.h **** #elif defined ( __TASKING__ )
 474:Drivers/CMSIS/DSP/Include/arm_math.h ****   #define __SIMD32_TYPE __unaligned int32_t
 475:Drivers/CMSIS/DSP/Include/arm_math.h ****   #define CMSIS_UNUSED
 476:Drivers/CMSIS/DSP/Include/arm_math.h ****   #define CMSIS_INLINE
 477:Drivers/CMSIS/DSP/Include/arm_math.h **** 
 478:Drivers/CMSIS/DSP/Include/arm_math.h **** #else
 479:Drivers/CMSIS/DSP/Include/arm_math.h ****   #error Unknown compiler
 480:Drivers/CMSIS/DSP/Include/arm_math.h **** #endif
 481:Drivers/CMSIS/DSP/Include/arm_math.h **** 
 482:Drivers/CMSIS/DSP/Include/arm_math.h **** #define __SIMD32(addr)        (*(__SIMD32_TYPE **) & (addr))
 483:Drivers/CMSIS/DSP/Include/arm_math.h **** #define __SIMD32_CONST(addr)  ((__SIMD32_TYPE *)(addr))
 484:Drivers/CMSIS/DSP/Include/arm_math.h **** #define _SIMD32_OFFSET(addr)  (*(__SIMD32_TYPE *)  (addr))
 485:Drivers/CMSIS/DSP/Include/arm_math.h **** #define __SIMD64(addr)        (*(int64_t **) & (addr))
 486:Drivers/CMSIS/DSP/Include/arm_math.h **** 
 487:Drivers/CMSIS/DSP/Include/arm_math.h **** #if !defined (ARM_MATH_DSP)
 488:Drivers/CMSIS/DSP/Include/arm_math.h ****   /**
 489:Drivers/CMSIS/DSP/Include/arm_math.h ****    * @brief definition to pack two 16 bit values.
 490:Drivers/CMSIS/DSP/Include/arm_math.h ****    */
 491:Drivers/CMSIS/DSP/Include/arm_math.h **** #define __PKHBT(ARG1, ARG2, ARG3) ( (((int32_t)(ARG1) <<    0) & (int32_t)0x0000FFFF) | \
 492:Drivers/CMSIS/DSP/Include/arm_math.h ****                                     (((int32_t)(ARG2) << ARG3) & (int32_t)0xFFFF0000)  )
 493:Drivers/CMSIS/DSP/Include/arm_math.h **** #define __PKHTB(ARG1, ARG2, ARG3) ( (((int32_t)(ARG1) <<    0) & (int32_t)0xFFFF0000) | \
 494:Drivers/CMSIS/DSP/Include/arm_math.h ****                                     (((int32_t)(ARG2) >> ARG3) & (int32_t)0x0000FFFF)  )
 495:Drivers/CMSIS/DSP/Include/arm_math.h **** 
 496:Drivers/CMSIS/DSP/Include/arm_math.h **** #endif /* !defined (ARM_MATH_DSP) */
 497:Drivers/CMSIS/DSP/Include/arm_math.h **** 
 498:Drivers/CMSIS/DSP/Include/arm_math.h ****    /**
 499:Drivers/CMSIS/DSP/Include/arm_math.h ****    * @brief definition to pack four 8 bit values.
 500:Drivers/CMSIS/DSP/Include/arm_math.h ****    */
 501:Drivers/CMSIS/DSP/Include/arm_math.h **** #ifndef ARM_MATH_BIG_ENDIAN
 502:Drivers/CMSIS/DSP/Include/arm_math.h **** 
 503:Drivers/CMSIS/DSP/Include/arm_math.h **** #define __PACKq7(v0,v1,v2,v3) ( (((int32_t)(v0) <<  0) & (int32_t)0x000000FF) | \
 504:Drivers/CMSIS/DSP/Include/arm_math.h ****                                 (((int32_t)(v1) <<  8) & (int32_t)0x0000FF00) | \
 505:Drivers/CMSIS/DSP/Include/arm_math.h ****                                 (((int32_t)(v2) << 16) & (int32_t)0x00FF0000) | \
 506:Drivers/CMSIS/DSP/Include/arm_math.h ****                                 (((int32_t)(v3) << 24) & (int32_t)0xFF000000)  )
 507:Drivers/CMSIS/DSP/Include/arm_math.h **** #else
 508:Drivers/CMSIS/DSP/Include/arm_math.h **** 
 509:Drivers/CMSIS/DSP/Include/arm_math.h **** #define __PACKq7(v0,v1,v2,v3) ( (((int32_t)(v3) <<  0) & (int32_t)0x000000FF) | \
 510:Drivers/CMSIS/DSP/Include/arm_math.h ****                                 (((int32_t)(v2) <<  8) & (int32_t)0x0000FF00) | \
 511:Drivers/CMSIS/DSP/Include/arm_math.h ****                                 (((int32_t)(v1) << 16) & (int32_t)0x00FF0000) | \
 512:Drivers/CMSIS/DSP/Include/arm_math.h ****                                 (((int32_t)(v0) << 24) & (int32_t)0xFF000000)  )
 513:Drivers/CMSIS/DSP/Include/arm_math.h **** 
ARM GAS  C:\Users\Lamp\AppData\Local\Temp\cc1YK7pm.s 			page 15


 514:Drivers/CMSIS/DSP/Include/arm_math.h **** #endif
 515:Drivers/CMSIS/DSP/Include/arm_math.h **** 
 516:Drivers/CMSIS/DSP/Include/arm_math.h **** 
 517:Drivers/CMSIS/DSP/Include/arm_math.h ****   /**
 518:Drivers/CMSIS/DSP/Include/arm_math.h ****    * @brief Clips Q63 to Q31 values.
 519:Drivers/CMSIS/DSP/Include/arm_math.h ****    */
 520:Drivers/CMSIS/DSP/Include/arm_math.h ****   CMSIS_INLINE __STATIC_INLINE q31_t clip_q63_to_q31(
 521:Drivers/CMSIS/DSP/Include/arm_math.h ****   q63_t x)
 522:Drivers/CMSIS/DSP/Include/arm_math.h ****   {
 523:Drivers/CMSIS/DSP/Include/arm_math.h ****     return ((q31_t) (x >> 32) != ((q31_t) x >> 31)) ?
 524:Drivers/CMSIS/DSP/Include/arm_math.h ****       ((0x7FFFFFFF ^ ((q31_t) (x >> 63)))) : (q31_t) x;
 525:Drivers/CMSIS/DSP/Include/arm_math.h ****   }
 526:Drivers/CMSIS/DSP/Include/arm_math.h **** 
 527:Drivers/CMSIS/DSP/Include/arm_math.h ****   /**
 528:Drivers/CMSIS/DSP/Include/arm_math.h ****    * @brief Clips Q63 to Q15 values.
 529:Drivers/CMSIS/DSP/Include/arm_math.h ****    */
 530:Drivers/CMSIS/DSP/Include/arm_math.h ****   CMSIS_INLINE __STATIC_INLINE q15_t clip_q63_to_q15(
 531:Drivers/CMSIS/DSP/Include/arm_math.h ****   q63_t x)
 532:Drivers/CMSIS/DSP/Include/arm_math.h ****   {
 533:Drivers/CMSIS/DSP/Include/arm_math.h ****     return ((q31_t) (x >> 32) != ((q31_t) x >> 31)) ?
 534:Drivers/CMSIS/DSP/Include/arm_math.h ****       ((0x7FFF ^ ((q15_t) (x >> 63)))) : (q15_t) (x >> 15);
 535:Drivers/CMSIS/DSP/Include/arm_math.h ****   }
 536:Drivers/CMSIS/DSP/Include/arm_math.h **** 
 537:Drivers/CMSIS/DSP/Include/arm_math.h ****   /**
 538:Drivers/CMSIS/DSP/Include/arm_math.h ****    * @brief Clips Q31 to Q7 values.
 539:Drivers/CMSIS/DSP/Include/arm_math.h ****    */
 540:Drivers/CMSIS/DSP/Include/arm_math.h ****   CMSIS_INLINE __STATIC_INLINE q7_t clip_q31_to_q7(
 541:Drivers/CMSIS/DSP/Include/arm_math.h ****   q31_t x)
 542:Drivers/CMSIS/DSP/Include/arm_math.h ****   {
 543:Drivers/CMSIS/DSP/Include/arm_math.h ****     return ((q31_t) (x >> 24) != ((q31_t) x >> 23)) ?
 544:Drivers/CMSIS/DSP/Include/arm_math.h ****       ((0x7F ^ ((q7_t) (x >> 31)))) : (q7_t) x;
 545:Drivers/CMSIS/DSP/Include/arm_math.h ****   }
 546:Drivers/CMSIS/DSP/Include/arm_math.h **** 
 547:Drivers/CMSIS/DSP/Include/arm_math.h ****   /**
 548:Drivers/CMSIS/DSP/Include/arm_math.h ****    * @brief Clips Q31 to Q15 values.
 549:Drivers/CMSIS/DSP/Include/arm_math.h ****    */
 550:Drivers/CMSIS/DSP/Include/arm_math.h ****   CMSIS_INLINE __STATIC_INLINE q15_t clip_q31_to_q15(
 551:Drivers/CMSIS/DSP/Include/arm_math.h ****   q31_t x)
 552:Drivers/CMSIS/DSP/Include/arm_math.h ****   {
 553:Drivers/CMSIS/DSP/Include/arm_math.h ****     return ((q31_t) (x >> 16) != ((q31_t) x >> 15)) ?
 554:Drivers/CMSIS/DSP/Include/arm_math.h ****       ((0x7FFF ^ ((q15_t) (x >> 31)))) : (q15_t) x;
 555:Drivers/CMSIS/DSP/Include/arm_math.h ****   }
 556:Drivers/CMSIS/DSP/Include/arm_math.h **** 
 557:Drivers/CMSIS/DSP/Include/arm_math.h ****   /**
 558:Drivers/CMSIS/DSP/Include/arm_math.h ****    * @brief Multiplies 32 X 64 and returns 32 bit result in 2.30 format.
 559:Drivers/CMSIS/DSP/Include/arm_math.h ****    */
 560:Drivers/CMSIS/DSP/Include/arm_math.h **** 
 561:Drivers/CMSIS/DSP/Include/arm_math.h ****   CMSIS_INLINE __STATIC_INLINE q63_t mult32x64(
 562:Drivers/CMSIS/DSP/Include/arm_math.h ****   q63_t x,
 563:Drivers/CMSIS/DSP/Include/arm_math.h ****   q31_t y)
 564:Drivers/CMSIS/DSP/Include/arm_math.h ****   {
 565:Drivers/CMSIS/DSP/Include/arm_math.h ****     return ((((q63_t) (x & 0x00000000FFFFFFFF) * y) >> 32) +
 566:Drivers/CMSIS/DSP/Include/arm_math.h ****             (((q63_t) (x >> 32) * y)));
 567:Drivers/CMSIS/DSP/Include/arm_math.h ****   }
 568:Drivers/CMSIS/DSP/Include/arm_math.h **** 
 569:Drivers/CMSIS/DSP/Include/arm_math.h ****   /**
 570:Drivers/CMSIS/DSP/Include/arm_math.h ****    * @brief Function to Calculates 1/in (reciprocal) value of Q31 Data type.
ARM GAS  C:\Users\Lamp\AppData\Local\Temp\cc1YK7pm.s 			page 16


 571:Drivers/CMSIS/DSP/Include/arm_math.h ****    */
 572:Drivers/CMSIS/DSP/Include/arm_math.h **** 
 573:Drivers/CMSIS/DSP/Include/arm_math.h ****   CMSIS_INLINE __STATIC_INLINE uint32_t arm_recip_q31(
 574:Drivers/CMSIS/DSP/Include/arm_math.h ****   q31_t in,
 575:Drivers/CMSIS/DSP/Include/arm_math.h ****   q31_t * dst,
 576:Drivers/CMSIS/DSP/Include/arm_math.h ****   q31_t * pRecipTable)
 577:Drivers/CMSIS/DSP/Include/arm_math.h ****   {
 578:Drivers/CMSIS/DSP/Include/arm_math.h ****     q31_t out;
 579:Drivers/CMSIS/DSP/Include/arm_math.h ****     uint32_t tempVal;
 580:Drivers/CMSIS/DSP/Include/arm_math.h ****     uint32_t index, i;
 581:Drivers/CMSIS/DSP/Include/arm_math.h ****     uint32_t signBits;
 582:Drivers/CMSIS/DSP/Include/arm_math.h **** 
 583:Drivers/CMSIS/DSP/Include/arm_math.h ****     if (in > 0)
 584:Drivers/CMSIS/DSP/Include/arm_math.h ****     {
 585:Drivers/CMSIS/DSP/Include/arm_math.h ****       signBits = ((uint32_t) (__CLZ( in) - 1));
 586:Drivers/CMSIS/DSP/Include/arm_math.h ****     }
 587:Drivers/CMSIS/DSP/Include/arm_math.h ****     else
 588:Drivers/CMSIS/DSP/Include/arm_math.h ****     {
 589:Drivers/CMSIS/DSP/Include/arm_math.h ****       signBits = ((uint32_t) (__CLZ(-in) - 1));
 590:Drivers/CMSIS/DSP/Include/arm_math.h ****     }
 591:Drivers/CMSIS/DSP/Include/arm_math.h **** 
 592:Drivers/CMSIS/DSP/Include/arm_math.h ****     /* Convert input sample to 1.31 format */
 593:Drivers/CMSIS/DSP/Include/arm_math.h ****     in = (in << signBits);
 594:Drivers/CMSIS/DSP/Include/arm_math.h **** 
 595:Drivers/CMSIS/DSP/Include/arm_math.h ****     /* calculation of index for initial approximated Val */
 596:Drivers/CMSIS/DSP/Include/arm_math.h ****     index = (uint32_t)(in >> 24);
 597:Drivers/CMSIS/DSP/Include/arm_math.h ****     index = (index & INDEX_MASK);
 598:Drivers/CMSIS/DSP/Include/arm_math.h **** 
 599:Drivers/CMSIS/DSP/Include/arm_math.h ****     /* 1.31 with exp 1 */
 600:Drivers/CMSIS/DSP/Include/arm_math.h ****     out = pRecipTable[index];
 601:Drivers/CMSIS/DSP/Include/arm_math.h **** 
 602:Drivers/CMSIS/DSP/Include/arm_math.h ****     /* calculation of reciprocal value */
 603:Drivers/CMSIS/DSP/Include/arm_math.h ****     /* running approximation for two iterations */
 604:Drivers/CMSIS/DSP/Include/arm_math.h ****     for (i = 0U; i < 2U; i++)
 605:Drivers/CMSIS/DSP/Include/arm_math.h ****     {
 606:Drivers/CMSIS/DSP/Include/arm_math.h ****       tempVal = (uint32_t) (((q63_t) in * out) >> 31);
 607:Drivers/CMSIS/DSP/Include/arm_math.h ****       tempVal = 0x7FFFFFFFu - tempVal;
 608:Drivers/CMSIS/DSP/Include/arm_math.h ****       /*      1.31 with exp 1 */
 609:Drivers/CMSIS/DSP/Include/arm_math.h ****       /* out = (q31_t) (((q63_t) out * tempVal) >> 30); */
 610:Drivers/CMSIS/DSP/Include/arm_math.h ****       out = clip_q63_to_q31(((q63_t) out * tempVal) >> 30);
 611:Drivers/CMSIS/DSP/Include/arm_math.h ****     }
 612:Drivers/CMSIS/DSP/Include/arm_math.h **** 
 613:Drivers/CMSIS/DSP/Include/arm_math.h ****     /* write output */
 614:Drivers/CMSIS/DSP/Include/arm_math.h ****     *dst = out;
 615:Drivers/CMSIS/DSP/Include/arm_math.h **** 
 616:Drivers/CMSIS/DSP/Include/arm_math.h ****     /* return num of signbits of out = 1/in value */
 617:Drivers/CMSIS/DSP/Include/arm_math.h ****     return (signBits + 1U);
 618:Drivers/CMSIS/DSP/Include/arm_math.h ****   }
 619:Drivers/CMSIS/DSP/Include/arm_math.h **** 
 620:Drivers/CMSIS/DSP/Include/arm_math.h **** 
 621:Drivers/CMSIS/DSP/Include/arm_math.h ****   /**
 622:Drivers/CMSIS/DSP/Include/arm_math.h ****    * @brief Function to Calculates 1/in (reciprocal) value of Q15 Data type.
 623:Drivers/CMSIS/DSP/Include/arm_math.h ****    */
 624:Drivers/CMSIS/DSP/Include/arm_math.h ****   CMSIS_INLINE __STATIC_INLINE uint32_t arm_recip_q15(
 625:Drivers/CMSIS/DSP/Include/arm_math.h ****   q15_t in,
 626:Drivers/CMSIS/DSP/Include/arm_math.h ****   q15_t * dst,
 627:Drivers/CMSIS/DSP/Include/arm_math.h ****   q15_t * pRecipTable)
ARM GAS  C:\Users\Lamp\AppData\Local\Temp\cc1YK7pm.s 			page 17


 628:Drivers/CMSIS/DSP/Include/arm_math.h ****   {
 629:Drivers/CMSIS/DSP/Include/arm_math.h ****     q15_t out = 0;
 630:Drivers/CMSIS/DSP/Include/arm_math.h ****     uint32_t tempVal = 0;
 631:Drivers/CMSIS/DSP/Include/arm_math.h ****     uint32_t index = 0, i = 0;
 632:Drivers/CMSIS/DSP/Include/arm_math.h ****     uint32_t signBits = 0;
 633:Drivers/CMSIS/DSP/Include/arm_math.h **** 
 634:Drivers/CMSIS/DSP/Include/arm_math.h ****     if (in > 0)
 635:Drivers/CMSIS/DSP/Include/arm_math.h ****     {
 636:Drivers/CMSIS/DSP/Include/arm_math.h ****       signBits = ((uint32_t)(__CLZ( in) - 17));
 637:Drivers/CMSIS/DSP/Include/arm_math.h ****     }
 638:Drivers/CMSIS/DSP/Include/arm_math.h ****     else
 639:Drivers/CMSIS/DSP/Include/arm_math.h ****     {
 640:Drivers/CMSIS/DSP/Include/arm_math.h ****       signBits = ((uint32_t)(__CLZ(-in) - 17));
 641:Drivers/CMSIS/DSP/Include/arm_math.h ****     }
 642:Drivers/CMSIS/DSP/Include/arm_math.h **** 
 643:Drivers/CMSIS/DSP/Include/arm_math.h ****     /* Convert input sample to 1.15 format */
 644:Drivers/CMSIS/DSP/Include/arm_math.h ****     in = (in << signBits);
 645:Drivers/CMSIS/DSP/Include/arm_math.h **** 
 646:Drivers/CMSIS/DSP/Include/arm_math.h ****     /* calculation of index for initial approximated Val */
 647:Drivers/CMSIS/DSP/Include/arm_math.h ****     index = (uint32_t)(in >>  8);
 648:Drivers/CMSIS/DSP/Include/arm_math.h ****     index = (index & INDEX_MASK);
 649:Drivers/CMSIS/DSP/Include/arm_math.h **** 
 650:Drivers/CMSIS/DSP/Include/arm_math.h ****     /*      1.15 with exp 1  */
 651:Drivers/CMSIS/DSP/Include/arm_math.h ****     out = pRecipTable[index];
 652:Drivers/CMSIS/DSP/Include/arm_math.h **** 
 653:Drivers/CMSIS/DSP/Include/arm_math.h ****     /* calculation of reciprocal value */
 654:Drivers/CMSIS/DSP/Include/arm_math.h ****     /* running approximation for two iterations */
 655:Drivers/CMSIS/DSP/Include/arm_math.h ****     for (i = 0U; i < 2U; i++)
 656:Drivers/CMSIS/DSP/Include/arm_math.h ****     {
 657:Drivers/CMSIS/DSP/Include/arm_math.h ****       tempVal = (uint32_t) (((q31_t) in * out) >> 15);
 658:Drivers/CMSIS/DSP/Include/arm_math.h ****       tempVal = 0x7FFFu - tempVal;
 659:Drivers/CMSIS/DSP/Include/arm_math.h ****       /*      1.15 with exp 1 */
 660:Drivers/CMSIS/DSP/Include/arm_math.h ****       out = (q15_t) (((q31_t) out * tempVal) >> 14);
 661:Drivers/CMSIS/DSP/Include/arm_math.h ****       /* out = clip_q31_to_q15(((q31_t) out * tempVal) >> 14); */
 662:Drivers/CMSIS/DSP/Include/arm_math.h ****     }
 663:Drivers/CMSIS/DSP/Include/arm_math.h **** 
 664:Drivers/CMSIS/DSP/Include/arm_math.h ****     /* write output */
 665:Drivers/CMSIS/DSP/Include/arm_math.h ****     *dst = out;
 666:Drivers/CMSIS/DSP/Include/arm_math.h **** 
 667:Drivers/CMSIS/DSP/Include/arm_math.h ****     /* return num of signbits of out = 1/in value */
 668:Drivers/CMSIS/DSP/Include/arm_math.h ****     return (signBits + 1);
 669:Drivers/CMSIS/DSP/Include/arm_math.h ****   }
 670:Drivers/CMSIS/DSP/Include/arm_math.h **** 
 671:Drivers/CMSIS/DSP/Include/arm_math.h **** 
 672:Drivers/CMSIS/DSP/Include/arm_math.h **** /*
 673:Drivers/CMSIS/DSP/Include/arm_math.h ****  * @brief C custom defined intrinsic function for M3 and M0 processors
 674:Drivers/CMSIS/DSP/Include/arm_math.h ****  */
 675:Drivers/CMSIS/DSP/Include/arm_math.h **** #if !defined (ARM_MATH_DSP)
 676:Drivers/CMSIS/DSP/Include/arm_math.h **** 
 677:Drivers/CMSIS/DSP/Include/arm_math.h ****   /*
 678:Drivers/CMSIS/DSP/Include/arm_math.h ****    * @brief C custom defined QADD8 for M3 and M0 processors
 679:Drivers/CMSIS/DSP/Include/arm_math.h ****    */
 680:Drivers/CMSIS/DSP/Include/arm_math.h ****   CMSIS_INLINE __STATIC_INLINE uint32_t __QADD8(
 681:Drivers/CMSIS/DSP/Include/arm_math.h ****   uint32_t x,
 682:Drivers/CMSIS/DSP/Include/arm_math.h ****   uint32_t y)
 683:Drivers/CMSIS/DSP/Include/arm_math.h ****   {
 684:Drivers/CMSIS/DSP/Include/arm_math.h ****     q31_t r, s, t, u;
ARM GAS  C:\Users\Lamp\AppData\Local\Temp\cc1YK7pm.s 			page 18


 685:Drivers/CMSIS/DSP/Include/arm_math.h **** 
 686:Drivers/CMSIS/DSP/Include/arm_math.h ****     r = __SSAT(((((q31_t)x << 24) >> 24) + (((q31_t)y << 24) >> 24)), 8) & (int32_t)0x000000FF;
 687:Drivers/CMSIS/DSP/Include/arm_math.h ****     s = __SSAT(((((q31_t)x << 16) >> 24) + (((q31_t)y << 16) >> 24)), 8) & (int32_t)0x000000FF;
 688:Drivers/CMSIS/DSP/Include/arm_math.h ****     t = __SSAT(((((q31_t)x <<  8) >> 24) + (((q31_t)y <<  8) >> 24)), 8) & (int32_t)0x000000FF;
 689:Drivers/CMSIS/DSP/Include/arm_math.h ****     u = __SSAT(((((q31_t)x      ) >> 24) + (((q31_t)y      ) >> 24)), 8) & (int32_t)0x000000FF;
 690:Drivers/CMSIS/DSP/Include/arm_math.h **** 
 691:Drivers/CMSIS/DSP/Include/arm_math.h ****     return ((uint32_t)((u << 24) | (t << 16) | (s <<  8) | (r      )));
 692:Drivers/CMSIS/DSP/Include/arm_math.h ****   }
 693:Drivers/CMSIS/DSP/Include/arm_math.h **** 
 694:Drivers/CMSIS/DSP/Include/arm_math.h **** 
 695:Drivers/CMSIS/DSP/Include/arm_math.h ****   /*
 696:Drivers/CMSIS/DSP/Include/arm_math.h ****    * @brief C custom defined QSUB8 for M3 and M0 processors
 697:Drivers/CMSIS/DSP/Include/arm_math.h ****    */
 698:Drivers/CMSIS/DSP/Include/arm_math.h ****   CMSIS_INLINE __STATIC_INLINE uint32_t __QSUB8(
 699:Drivers/CMSIS/DSP/Include/arm_math.h ****   uint32_t x,
 700:Drivers/CMSIS/DSP/Include/arm_math.h ****   uint32_t y)
 701:Drivers/CMSIS/DSP/Include/arm_math.h ****   {
 702:Drivers/CMSIS/DSP/Include/arm_math.h ****     q31_t r, s, t, u;
 703:Drivers/CMSIS/DSP/Include/arm_math.h **** 
 704:Drivers/CMSIS/DSP/Include/arm_math.h ****     r = __SSAT(((((q31_t)x << 24) >> 24) - (((q31_t)y << 24) >> 24)), 8) & (int32_t)0x000000FF;
 705:Drivers/CMSIS/DSP/Include/arm_math.h ****     s = __SSAT(((((q31_t)x << 16) >> 24) - (((q31_t)y << 16) >> 24)), 8) & (int32_t)0x000000FF;
 706:Drivers/CMSIS/DSP/Include/arm_math.h ****     t = __SSAT(((((q31_t)x <<  8) >> 24) - (((q31_t)y <<  8) >> 24)), 8) & (int32_t)0x000000FF;
 707:Drivers/CMSIS/DSP/Include/arm_math.h ****     u = __SSAT(((((q31_t)x      ) >> 24) - (((q31_t)y      ) >> 24)), 8) & (int32_t)0x000000FF;
 708:Drivers/CMSIS/DSP/Include/arm_math.h **** 
 709:Drivers/CMSIS/DSP/Include/arm_math.h ****     return ((uint32_t)((u << 24) | (t << 16) | (s <<  8) | (r      )));
 710:Drivers/CMSIS/DSP/Include/arm_math.h ****   }
 711:Drivers/CMSIS/DSP/Include/arm_math.h **** 
 712:Drivers/CMSIS/DSP/Include/arm_math.h **** 
 713:Drivers/CMSIS/DSP/Include/arm_math.h ****   /*
 714:Drivers/CMSIS/DSP/Include/arm_math.h ****    * @brief C custom defined QADD16 for M3 and M0 processors
 715:Drivers/CMSIS/DSP/Include/arm_math.h ****    */
 716:Drivers/CMSIS/DSP/Include/arm_math.h ****   CMSIS_INLINE __STATIC_INLINE uint32_t __QADD16(
 717:Drivers/CMSIS/DSP/Include/arm_math.h ****   uint32_t x,
 718:Drivers/CMSIS/DSP/Include/arm_math.h ****   uint32_t y)
 719:Drivers/CMSIS/DSP/Include/arm_math.h ****   {
 720:Drivers/CMSIS/DSP/Include/arm_math.h **** /*  q31_t r,     s;  without initialisation 'arm_offset_q15 test' fails  but 'intrinsic' tests pass
 721:Drivers/CMSIS/DSP/Include/arm_math.h ****     q31_t r = 0, s = 0;
 722:Drivers/CMSIS/DSP/Include/arm_math.h **** 
 723:Drivers/CMSIS/DSP/Include/arm_math.h ****     r = __SSAT(((((q31_t)x << 16) >> 16) + (((q31_t)y << 16) >> 16)), 16) & (int32_t)0x0000FFFF;
 724:Drivers/CMSIS/DSP/Include/arm_math.h ****     s = __SSAT(((((q31_t)x      ) >> 16) + (((q31_t)y      ) >> 16)), 16) & (int32_t)0x0000FFFF;
 725:Drivers/CMSIS/DSP/Include/arm_math.h **** 
 726:Drivers/CMSIS/DSP/Include/arm_math.h ****     return ((uint32_t)((s << 16) | (r      )));
 727:Drivers/CMSIS/DSP/Include/arm_math.h ****   }
 728:Drivers/CMSIS/DSP/Include/arm_math.h **** 
 729:Drivers/CMSIS/DSP/Include/arm_math.h **** 
 730:Drivers/CMSIS/DSP/Include/arm_math.h ****   /*
 731:Drivers/CMSIS/DSP/Include/arm_math.h ****    * @brief C custom defined SHADD16 for M3 and M0 processors
 732:Drivers/CMSIS/DSP/Include/arm_math.h ****    */
 733:Drivers/CMSIS/DSP/Include/arm_math.h ****   CMSIS_INLINE __STATIC_INLINE uint32_t __SHADD16(
 734:Drivers/CMSIS/DSP/Include/arm_math.h ****   uint32_t x,
 735:Drivers/CMSIS/DSP/Include/arm_math.h ****   uint32_t y)
 736:Drivers/CMSIS/DSP/Include/arm_math.h ****   {
 737:Drivers/CMSIS/DSP/Include/arm_math.h ****     q31_t r, s;
 738:Drivers/CMSIS/DSP/Include/arm_math.h **** 
 739:Drivers/CMSIS/DSP/Include/arm_math.h ****     r = (((((q31_t)x << 16) >> 16) + (((q31_t)y << 16) >> 16)) >> 1) & (int32_t)0x0000FFFF;
 740:Drivers/CMSIS/DSP/Include/arm_math.h ****     s = (((((q31_t)x      ) >> 16) + (((q31_t)y      ) >> 16)) >> 1) & (int32_t)0x0000FFFF;
 741:Drivers/CMSIS/DSP/Include/arm_math.h **** 
ARM GAS  C:\Users\Lamp\AppData\Local\Temp\cc1YK7pm.s 			page 19


 742:Drivers/CMSIS/DSP/Include/arm_math.h ****     return ((uint32_t)((s << 16) | (r      )));
 743:Drivers/CMSIS/DSP/Include/arm_math.h ****   }
 744:Drivers/CMSIS/DSP/Include/arm_math.h **** 
 745:Drivers/CMSIS/DSP/Include/arm_math.h **** 
 746:Drivers/CMSIS/DSP/Include/arm_math.h ****   /*
 747:Drivers/CMSIS/DSP/Include/arm_math.h ****    * @brief C custom defined QSUB16 for M3 and M0 processors
 748:Drivers/CMSIS/DSP/Include/arm_math.h ****    */
 749:Drivers/CMSIS/DSP/Include/arm_math.h ****   CMSIS_INLINE __STATIC_INLINE uint32_t __QSUB16(
 750:Drivers/CMSIS/DSP/Include/arm_math.h ****   uint32_t x,
 751:Drivers/CMSIS/DSP/Include/arm_math.h ****   uint32_t y)
 752:Drivers/CMSIS/DSP/Include/arm_math.h ****   {
 753:Drivers/CMSIS/DSP/Include/arm_math.h ****     q31_t r, s;
 754:Drivers/CMSIS/DSP/Include/arm_math.h **** 
 755:Drivers/CMSIS/DSP/Include/arm_math.h ****     r = __SSAT(((((q31_t)x << 16) >> 16) - (((q31_t)y << 16) >> 16)), 16) & (int32_t)0x0000FFFF;
 756:Drivers/CMSIS/DSP/Include/arm_math.h ****     s = __SSAT(((((q31_t)x      ) >> 16) - (((q31_t)y      ) >> 16)), 16) & (int32_t)0x0000FFFF;
 757:Drivers/CMSIS/DSP/Include/arm_math.h **** 
 758:Drivers/CMSIS/DSP/Include/arm_math.h ****     return ((uint32_t)((s << 16) | (r      )));
 759:Drivers/CMSIS/DSP/Include/arm_math.h ****   }
 760:Drivers/CMSIS/DSP/Include/arm_math.h **** 
 761:Drivers/CMSIS/DSP/Include/arm_math.h **** 
 762:Drivers/CMSIS/DSP/Include/arm_math.h ****   /*
 763:Drivers/CMSIS/DSP/Include/arm_math.h ****    * @brief C custom defined SHSUB16 for M3 and M0 processors
 764:Drivers/CMSIS/DSP/Include/arm_math.h ****    */
 765:Drivers/CMSIS/DSP/Include/arm_math.h ****   CMSIS_INLINE __STATIC_INLINE uint32_t __SHSUB16(
 766:Drivers/CMSIS/DSP/Include/arm_math.h ****   uint32_t x,
 767:Drivers/CMSIS/DSP/Include/arm_math.h ****   uint32_t y)
 768:Drivers/CMSIS/DSP/Include/arm_math.h ****   {
 769:Drivers/CMSIS/DSP/Include/arm_math.h ****     q31_t r, s;
 770:Drivers/CMSIS/DSP/Include/arm_math.h **** 
 771:Drivers/CMSIS/DSP/Include/arm_math.h ****     r = (((((q31_t)x << 16) >> 16) - (((q31_t)y << 16) >> 16)) >> 1) & (int32_t)0x0000FFFF;
 772:Drivers/CMSIS/DSP/Include/arm_math.h ****     s = (((((q31_t)x      ) >> 16) - (((q31_t)y      ) >> 16)) >> 1) & (int32_t)0x0000FFFF;
 773:Drivers/CMSIS/DSP/Include/arm_math.h **** 
 774:Drivers/CMSIS/DSP/Include/arm_math.h ****     return ((uint32_t)((s << 16) | (r      )));
 775:Drivers/CMSIS/DSP/Include/arm_math.h ****   }
 776:Drivers/CMSIS/DSP/Include/arm_math.h **** 
 777:Drivers/CMSIS/DSP/Include/arm_math.h **** 
 778:Drivers/CMSIS/DSP/Include/arm_math.h ****   /*
 779:Drivers/CMSIS/DSP/Include/arm_math.h ****    * @brief C custom defined QASX for M3 and M0 processors
 780:Drivers/CMSIS/DSP/Include/arm_math.h ****    */
 781:Drivers/CMSIS/DSP/Include/arm_math.h ****   CMSIS_INLINE __STATIC_INLINE uint32_t __QASX(
 782:Drivers/CMSIS/DSP/Include/arm_math.h ****   uint32_t x,
 783:Drivers/CMSIS/DSP/Include/arm_math.h ****   uint32_t y)
 784:Drivers/CMSIS/DSP/Include/arm_math.h ****   {
 785:Drivers/CMSIS/DSP/Include/arm_math.h ****     q31_t r, s;
 786:Drivers/CMSIS/DSP/Include/arm_math.h **** 
 787:Drivers/CMSIS/DSP/Include/arm_math.h ****     r = __SSAT(((((q31_t)x << 16) >> 16) - (((q31_t)y      ) >> 16)), 16) & (int32_t)0x0000FFFF;
 788:Drivers/CMSIS/DSP/Include/arm_math.h ****     s = __SSAT(((((q31_t)x      ) >> 16) + (((q31_t)y << 16) >> 16)), 16) & (int32_t)0x0000FFFF;
 789:Drivers/CMSIS/DSP/Include/arm_math.h **** 
 790:Drivers/CMSIS/DSP/Include/arm_math.h ****     return ((uint32_t)((s << 16) | (r      )));
 791:Drivers/CMSIS/DSP/Include/arm_math.h ****   }
 792:Drivers/CMSIS/DSP/Include/arm_math.h **** 
 793:Drivers/CMSIS/DSP/Include/arm_math.h **** 
 794:Drivers/CMSIS/DSP/Include/arm_math.h ****   /*
 795:Drivers/CMSIS/DSP/Include/arm_math.h ****    * @brief C custom defined SHASX for M3 and M0 processors
 796:Drivers/CMSIS/DSP/Include/arm_math.h ****    */
 797:Drivers/CMSIS/DSP/Include/arm_math.h ****   CMSIS_INLINE __STATIC_INLINE uint32_t __SHASX(
 798:Drivers/CMSIS/DSP/Include/arm_math.h ****   uint32_t x,
ARM GAS  C:\Users\Lamp\AppData\Local\Temp\cc1YK7pm.s 			page 20


 799:Drivers/CMSIS/DSP/Include/arm_math.h ****   uint32_t y)
 800:Drivers/CMSIS/DSP/Include/arm_math.h ****   {
 801:Drivers/CMSIS/DSP/Include/arm_math.h ****     q31_t r, s;
 802:Drivers/CMSIS/DSP/Include/arm_math.h **** 
 803:Drivers/CMSIS/DSP/Include/arm_math.h ****     r = (((((q31_t)x << 16) >> 16) - (((q31_t)y      ) >> 16)) >> 1) & (int32_t)0x0000FFFF;
 804:Drivers/CMSIS/DSP/Include/arm_math.h ****     s = (((((q31_t)x      ) >> 16) + (((q31_t)y << 16) >> 16)) >> 1) & (int32_t)0x0000FFFF;
 805:Drivers/CMSIS/DSP/Include/arm_math.h **** 
 806:Drivers/CMSIS/DSP/Include/arm_math.h ****     return ((uint32_t)((s << 16) | (r      )));
 807:Drivers/CMSIS/DSP/Include/arm_math.h ****   }
 808:Drivers/CMSIS/DSP/Include/arm_math.h **** 
 809:Drivers/CMSIS/DSP/Include/arm_math.h **** 
 810:Drivers/CMSIS/DSP/Include/arm_math.h ****   /*
 811:Drivers/CMSIS/DSP/Include/arm_math.h ****    * @brief C custom defined QSAX for M3 and M0 processors
 812:Drivers/CMSIS/DSP/Include/arm_math.h ****    */
 813:Drivers/CMSIS/DSP/Include/arm_math.h ****   CMSIS_INLINE __STATIC_INLINE uint32_t __QSAX(
 814:Drivers/CMSIS/DSP/Include/arm_math.h ****   uint32_t x,
 815:Drivers/CMSIS/DSP/Include/arm_math.h ****   uint32_t y)
 816:Drivers/CMSIS/DSP/Include/arm_math.h ****   {
 817:Drivers/CMSIS/DSP/Include/arm_math.h ****     q31_t r, s;
 818:Drivers/CMSIS/DSP/Include/arm_math.h **** 
 819:Drivers/CMSIS/DSP/Include/arm_math.h ****     r = __SSAT(((((q31_t)x << 16) >> 16) + (((q31_t)y      ) >> 16)), 16) & (int32_t)0x0000FFFF;
 820:Drivers/CMSIS/DSP/Include/arm_math.h ****     s = __SSAT(((((q31_t)x      ) >> 16) - (((q31_t)y << 16) >> 16)), 16) & (int32_t)0x0000FFFF;
 821:Drivers/CMSIS/DSP/Include/arm_math.h **** 
 822:Drivers/CMSIS/DSP/Include/arm_math.h ****     return ((uint32_t)((s << 16) | (r      )));
 823:Drivers/CMSIS/DSP/Include/arm_math.h ****   }
 824:Drivers/CMSIS/DSP/Include/arm_math.h **** 
 825:Drivers/CMSIS/DSP/Include/arm_math.h **** 
 826:Drivers/CMSIS/DSP/Include/arm_math.h ****   /*
 827:Drivers/CMSIS/DSP/Include/arm_math.h ****    * @brief C custom defined SHSAX for M3 and M0 processors
 828:Drivers/CMSIS/DSP/Include/arm_math.h ****    */
 829:Drivers/CMSIS/DSP/Include/arm_math.h ****   CMSIS_INLINE __STATIC_INLINE uint32_t __SHSAX(
 830:Drivers/CMSIS/DSP/Include/arm_math.h ****   uint32_t x,
 831:Drivers/CMSIS/DSP/Include/arm_math.h ****   uint32_t y)
 832:Drivers/CMSIS/DSP/Include/arm_math.h ****   {
 833:Drivers/CMSIS/DSP/Include/arm_math.h ****     q31_t r, s;
 834:Drivers/CMSIS/DSP/Include/arm_math.h **** 
 835:Drivers/CMSIS/DSP/Include/arm_math.h ****     r = (((((q31_t)x << 16) >> 16) + (((q31_t)y      ) >> 16)) >> 1) & (int32_t)0x0000FFFF;
 836:Drivers/CMSIS/DSP/Include/arm_math.h ****     s = (((((q31_t)x      ) >> 16) - (((q31_t)y << 16) >> 16)) >> 1) & (int32_t)0x0000FFFF;
 837:Drivers/CMSIS/DSP/Include/arm_math.h **** 
 838:Drivers/CMSIS/DSP/Include/arm_math.h ****     return ((uint32_t)((s << 16) | (r      )));
 839:Drivers/CMSIS/DSP/Include/arm_math.h ****   }
 840:Drivers/CMSIS/DSP/Include/arm_math.h **** 
 841:Drivers/CMSIS/DSP/Include/arm_math.h **** 
 842:Drivers/CMSIS/DSP/Include/arm_math.h ****   /*
 843:Drivers/CMSIS/DSP/Include/arm_math.h ****    * @brief C custom defined SMUSDX for M3 and M0 processors
 844:Drivers/CMSIS/DSP/Include/arm_math.h ****    */
 845:Drivers/CMSIS/DSP/Include/arm_math.h ****   CMSIS_INLINE __STATIC_INLINE uint32_t __SMUSDX(
 846:Drivers/CMSIS/DSP/Include/arm_math.h ****   uint32_t x,
 847:Drivers/CMSIS/DSP/Include/arm_math.h ****   uint32_t y)
 848:Drivers/CMSIS/DSP/Include/arm_math.h ****   {
 849:Drivers/CMSIS/DSP/Include/arm_math.h ****     return ((uint32_t)(((((q31_t)x << 16) >> 16) * (((q31_t)y      ) >> 16)) -
 850:Drivers/CMSIS/DSP/Include/arm_math.h ****                        ((((q31_t)x      ) >> 16) * (((q31_t)y << 16) >> 16))   ));
 851:Drivers/CMSIS/DSP/Include/arm_math.h ****   }
 852:Drivers/CMSIS/DSP/Include/arm_math.h **** 
 853:Drivers/CMSIS/DSP/Include/arm_math.h ****   /*
 854:Drivers/CMSIS/DSP/Include/arm_math.h ****    * @brief C custom defined SMUADX for M3 and M0 processors
 855:Drivers/CMSIS/DSP/Include/arm_math.h ****    */
ARM GAS  C:\Users\Lamp\AppData\Local\Temp\cc1YK7pm.s 			page 21


 856:Drivers/CMSIS/DSP/Include/arm_math.h ****   CMSIS_INLINE __STATIC_INLINE uint32_t __SMUADX(
 857:Drivers/CMSIS/DSP/Include/arm_math.h ****   uint32_t x,
 858:Drivers/CMSIS/DSP/Include/arm_math.h ****   uint32_t y)
 859:Drivers/CMSIS/DSP/Include/arm_math.h ****   {
 860:Drivers/CMSIS/DSP/Include/arm_math.h ****     return ((uint32_t)(((((q31_t)x << 16) >> 16) * (((q31_t)y      ) >> 16)) +
 861:Drivers/CMSIS/DSP/Include/arm_math.h ****                        ((((q31_t)x      ) >> 16) * (((q31_t)y << 16) >> 16))   ));
 862:Drivers/CMSIS/DSP/Include/arm_math.h ****   }
 863:Drivers/CMSIS/DSP/Include/arm_math.h **** 
 864:Drivers/CMSIS/DSP/Include/arm_math.h **** 
 865:Drivers/CMSIS/DSP/Include/arm_math.h ****   /*
 866:Drivers/CMSIS/DSP/Include/arm_math.h ****    * @brief C custom defined QADD for M3 and M0 processors
 867:Drivers/CMSIS/DSP/Include/arm_math.h ****    */
 868:Drivers/CMSIS/DSP/Include/arm_math.h ****   CMSIS_INLINE __STATIC_INLINE int32_t __QADD(
 869:Drivers/CMSIS/DSP/Include/arm_math.h ****   int32_t x,
 870:Drivers/CMSIS/DSP/Include/arm_math.h ****   int32_t y)
 871:Drivers/CMSIS/DSP/Include/arm_math.h ****   {
 872:Drivers/CMSIS/DSP/Include/arm_math.h ****     return ((int32_t)(clip_q63_to_q31((q63_t)x + (q31_t)y)));
 873:Drivers/CMSIS/DSP/Include/arm_math.h ****   }
 874:Drivers/CMSIS/DSP/Include/arm_math.h **** 
 875:Drivers/CMSIS/DSP/Include/arm_math.h **** 
 876:Drivers/CMSIS/DSP/Include/arm_math.h ****   /*
 877:Drivers/CMSIS/DSP/Include/arm_math.h ****    * @brief C custom defined QSUB for M3 and M0 processors
 878:Drivers/CMSIS/DSP/Include/arm_math.h ****    */
 879:Drivers/CMSIS/DSP/Include/arm_math.h ****   CMSIS_INLINE __STATIC_INLINE int32_t __QSUB(
 880:Drivers/CMSIS/DSP/Include/arm_math.h ****   int32_t x,
 881:Drivers/CMSIS/DSP/Include/arm_math.h ****   int32_t y)
 882:Drivers/CMSIS/DSP/Include/arm_math.h ****   {
 883:Drivers/CMSIS/DSP/Include/arm_math.h ****     return ((int32_t)(clip_q63_to_q31((q63_t)x - (q31_t)y)));
 884:Drivers/CMSIS/DSP/Include/arm_math.h ****   }
 885:Drivers/CMSIS/DSP/Include/arm_math.h **** 
 886:Drivers/CMSIS/DSP/Include/arm_math.h **** 
 887:Drivers/CMSIS/DSP/Include/arm_math.h ****   /*
 888:Drivers/CMSIS/DSP/Include/arm_math.h ****    * @brief C custom defined SMLAD for M3 and M0 processors
 889:Drivers/CMSIS/DSP/Include/arm_math.h ****    */
 890:Drivers/CMSIS/DSP/Include/arm_math.h ****   CMSIS_INLINE __STATIC_INLINE uint32_t __SMLAD(
 116              		.loc 2 890 41 is_stmt 1 view .LVU35
 117              	.LBB67:
 891:Drivers/CMSIS/DSP/Include/arm_math.h ****   uint32_t x,
 892:Drivers/CMSIS/DSP/Include/arm_math.h ****   uint32_t y,
 893:Drivers/CMSIS/DSP/Include/arm_math.h ****   uint32_t sum)
 894:Drivers/CMSIS/DSP/Include/arm_math.h ****   {
 895:Drivers/CMSIS/DSP/Include/arm_math.h ****     return ((uint32_t)(((((q31_t)x << 16) >> 16) * (((q31_t)y << 16) >> 16)) +
 118              		.loc 2 895 5 view .LVU36
 896:Drivers/CMSIS/DSP/Include/arm_math.h ****                        ((((q31_t)x      ) >> 16) * (((q31_t)y      ) >> 16)) +
 119              		.loc 2 896 43 is_stmt 0 view .LVU37
 120 0034 4FEA294A 		asr	r10, r9, #16
 121              		.loc 2 896 70 view .LVU38
 122 0038 4FEA2847 		asr	r7, r8, #16
 123              		.loc 2 896 50 view .LVU39
 124 003c 0AFB07F7 		mul	r7, r10, r7
 895:Drivers/CMSIS/DSP/Include/arm_math.h ****                        ((((q31_t)x      ) >> 16) * (((q31_t)y      ) >> 16)) +
 125              		.loc 2 895 78 view .LVU40
 126 0040 09FB0877 		mla	r7, r9, r8, r7
 127              		.loc 2 896 78 view .LVU41
 128 0044 3C44     		add	r4, r4, r7
 129              	.LVL11:
 130              		.loc 2 896 78 view .LVU42
ARM GAS  C:\Users\Lamp\AppData\Local\Temp\cc1YK7pm.s 			page 22


 131              	.LBE67:
 132              	.LBE66:
 166:Drivers/CMSIS/DSP/Source/FilteringFunctions/arm_conv_fast_q15.c **** 
 167:Drivers/CMSIS/DSP/Source/FilteringFunctions/arm_conv_fast_q15.c ****       /* Decrement the loop counter */
 168:Drivers/CMSIS/DSP/Source/FilteringFunctions/arm_conv_fast_q15.c ****       k--;
 133              		.loc 1 168 7 is_stmt 1 view .LVU43
 134              		.loc 1 168 8 is_stmt 0 view .LVU44
 135 0046 0138     		subs	r0, r0, #1
 136              	.LVL12:
 137              	.L6:
 162:Drivers/CMSIS/DSP/Source/FilteringFunctions/arm_conv_fast_q15.c ****     {
 138              		.loc 1 162 14 is_stmt 1 view .LVU45
 139 0048 0028     		cmp	r0, #0
 140 004a EFD1     		bne	.L4
 169:Drivers/CMSIS/DSP/Source/FilteringFunctions/arm_conv_fast_q15.c ****     }
 170:Drivers/CMSIS/DSP/Source/FilteringFunctions/arm_conv_fast_q15.c **** 
 171:Drivers/CMSIS/DSP/Source/FilteringFunctions/arm_conv_fast_q15.c ****     /* Store the result in the accumulator in the destination buffer. */
 172:Drivers/CMSIS/DSP/Source/FilteringFunctions/arm_conv_fast_q15.c ****     *pOut++ = (q15_t) (sum >> 15);
 141              		.loc 1 172 5 view .LVU46
 142              		.loc 1 172 10 is_stmt 0 view .LVU47
 143 004c 149B     		ldr	r3, [sp, #80]
 144              	.LVL13:
 145              		.loc 1 172 15 view .LVU48
 146 004e 44F3CF34 		sbfx	r4, r4, #15, #16
 147              	.LVL14:
 148              		.loc 1 172 13 view .LVU49
 149 0052 23F8024B 		strh	r4, [r3], #2	@ movhi
 150              	.LVL15:
 173:Drivers/CMSIS/DSP/Source/FilteringFunctions/arm_conv_fast_q15.c **** 
 174:Drivers/CMSIS/DSP/Source/FilteringFunctions/arm_conv_fast_q15.c ****     /* Update the inputA and inputB pointers for next MAC calculation */
 175:Drivers/CMSIS/DSP/Source/FilteringFunctions/arm_conv_fast_q15.c ****     py = pIn2 + count;
 151              		.loc 1 175 5 is_stmt 1 view .LVU50
 152              		.loc 1 175 15 is_stmt 0 view .LVU51
 153 0056 0CEB4E01 		add	r1, ip, lr, lsl #1
 154              	.LVL16:
 176:Drivers/CMSIS/DSP/Source/FilteringFunctions/arm_conv_fast_q15.c ****     px = pIn1;
 155              		.loc 1 176 5 is_stmt 1 view .LVU52
 177:Drivers/CMSIS/DSP/Source/FilteringFunctions/arm_conv_fast_q15.c **** 
 178:Drivers/CMSIS/DSP/Source/FilteringFunctions/arm_conv_fast_q15.c ****     /* Increment the MAC count */
 179:Drivers/CMSIS/DSP/Source/FilteringFunctions/arm_conv_fast_q15.c ****     count++;
 156              		.loc 1 179 5 view .LVU53
 157              		.loc 1 179 10 is_stmt 0 view .LVU54
 158 005a 0EF1010E 		add	lr, lr, #1
 159              	.LVL17:
 180:Drivers/CMSIS/DSP/Source/FilteringFunctions/arm_conv_fast_q15.c **** 
 181:Drivers/CMSIS/DSP/Source/FilteringFunctions/arm_conv_fast_q15.c ****     /* Decrement the loop counter */
 182:Drivers/CMSIS/DSP/Source/FilteringFunctions/arm_conv_fast_q15.c ****     blockSize1--;
 160              		.loc 1 182 5 is_stmt 1 view .LVU55
 161              		.loc 1 182 15 is_stmt 0 view .LVU56
 162 005e 013A     		subs	r2, r2, #1
 163              	.LVL18:
 172:Drivers/CMSIS/DSP/Source/FilteringFunctions/arm_conv_fast_q15.c **** 
 164              		.loc 1 172 10 view .LVU57
 165 0060 1493     		str	r3, [sp, #80]
 166              	.LVL19:
 167              	.L3:
 153:Drivers/CMSIS/DSP/Source/FilteringFunctions/arm_conv_fast_q15.c ****   {
ARM GAS  C:\Users\Lamp\AppData\Local\Temp\cc1YK7pm.s 			page 23


 168              		.loc 1 153 23 is_stmt 1 view .LVU58
 169 0062 BEF1030F 		cmp	lr, #3
 170 0066 04D8     		bhi	.L5
 153:Drivers/CMSIS/DSP/Source/FilteringFunctions/arm_conv_fast_q15.c ****   {
 171              		.loc 1 153 23 is_stmt 0 discriminator 1 view .LVU59
 172 0068 1AB1     		cbz	r2, .L5
 173 006a 049B     		ldr	r3, [sp, #16]
 160:Drivers/CMSIS/DSP/Source/FilteringFunctions/arm_conv_fast_q15.c **** 
 174              		.loc 1 160 7 view .LVU60
 175 006c 7046     		mov	r0, lr
 156:Drivers/CMSIS/DSP/Source/FilteringFunctions/arm_conv_fast_q15.c **** 
 176              		.loc 1 156 9 view .LVU61
 177 006e 0024     		movs	r4, #0
 178 0070 EAE7     		b	.L6
 179              	.L5:
 183:Drivers/CMSIS/DSP/Source/FilteringFunctions/arm_conv_fast_q15.c ****   }
 184:Drivers/CMSIS/DSP/Source/FilteringFunctions/arm_conv_fast_q15.c **** 
 185:Drivers/CMSIS/DSP/Source/FilteringFunctions/arm_conv_fast_q15.c ****   /* The second part of the stage starts here */
 186:Drivers/CMSIS/DSP/Source/FilteringFunctions/arm_conv_fast_q15.c ****   /* The internal loop, over count, is unrolled by 4 */
 187:Drivers/CMSIS/DSP/Source/FilteringFunctions/arm_conv_fast_q15.c ****   /* To, read the last two inputB samples using SIMD:
 188:Drivers/CMSIS/DSP/Source/FilteringFunctions/arm_conv_fast_q15.c ****    * y[srcBLen] and y[srcBLen-1] coefficients, py is decremented by 1 */
 189:Drivers/CMSIS/DSP/Source/FilteringFunctions/arm_conv_fast_q15.c ****   py = py - 1;
 180              		.loc 1 189 3 is_stmt 1 view .LVU62
 181              		.loc 1 189 11 is_stmt 0 view .LVU63
 182 0072 0239     		subs	r1, r1, #2
 183              	.LVL20:
 190:Drivers/CMSIS/DSP/Source/FilteringFunctions/arm_conv_fast_q15.c **** 
 191:Drivers/CMSIS/DSP/Source/FilteringFunctions/arm_conv_fast_q15.c ****   while (blockSize1 > 0U)
 184              		.loc 1 191 3 is_stmt 1 view .LVU64
 185 0074 1746     		mov	r7, r2
 186 0076 2C46     		mov	r4, r5
 187 0078 B046     		mov	r8, r6
 188              		.loc 1 191 9 is_stmt 0 view .LVU65
 189 007a 44E0     		b	.L7
 190              	.LVL21:
 191              	.L9:
 192:Drivers/CMSIS/DSP/Source/FilteringFunctions/arm_conv_fast_q15.c ****   {
 193:Drivers/CMSIS/DSP/Source/FilteringFunctions/arm_conv_fast_q15.c ****     /* Accumulator is made zero for every iteration */
 194:Drivers/CMSIS/DSP/Source/FilteringFunctions/arm_conv_fast_q15.c ****     sum = 0;
 195:Drivers/CMSIS/DSP/Source/FilteringFunctions/arm_conv_fast_q15.c **** 
 196:Drivers/CMSIS/DSP/Source/FilteringFunctions/arm_conv_fast_q15.c ****     /* Apply loop unrolling and compute 4 MACs simultaneously. */
 197:Drivers/CMSIS/DSP/Source/FilteringFunctions/arm_conv_fast_q15.c ****     k = count >> 2U;
 198:Drivers/CMSIS/DSP/Source/FilteringFunctions/arm_conv_fast_q15.c **** 
 199:Drivers/CMSIS/DSP/Source/FilteringFunctions/arm_conv_fast_q15.c ****     /* First part of the processing with loop unrolling.  Compute 4 MACs at a time.
 200:Drivers/CMSIS/DSP/Source/FilteringFunctions/arm_conv_fast_q15.c ****      ** a second loop below computes MACs for the remaining 1 to 3 samples. */
 201:Drivers/CMSIS/DSP/Source/FilteringFunctions/arm_conv_fast_q15.c ****     while (k > 0U)
 202:Drivers/CMSIS/DSP/Source/FilteringFunctions/arm_conv_fast_q15.c ****     {
 203:Drivers/CMSIS/DSP/Source/FilteringFunctions/arm_conv_fast_q15.c ****       /* Perform the multiply-accumulates */
 204:Drivers/CMSIS/DSP/Source/FilteringFunctions/arm_conv_fast_q15.c ****       /* x[0], x[1] are multiplied with y[srcBLen - 1], y[srcBLen - 2] respectively */
 205:Drivers/CMSIS/DSP/Source/FilteringFunctions/arm_conv_fast_q15.c ****       sum = __SMLADX(*__SIMD32(px)++, *__SIMD32(py)--, sum);
 192              		.loc 1 205 7 is_stmt 1 view .LVU66
 193              		.loc 1 205 22 is_stmt 0 view .LVU67
 194 007c 0746     		mov	r7, r0
 195 007e 57F8082B 		ldr	r2, [r7], #8
 196              	.LVL22:
 197              		.loc 1 205 39 view .LVU68
 198 0082 8946     		mov	r9, r1
ARM GAS  C:\Users\Lamp\AppData\Local\Temp\cc1YK7pm.s 			page 24


 199 0084 59F80859 		ldr	r5, [r9], #-8
 200              	.LVL23:
 201              	.LBB68:
 202              	.LBI68:
 897:Drivers/CMSIS/DSP/Include/arm_math.h ****                        ( ((q31_t)sum    )                                  )   ));
 898:Drivers/CMSIS/DSP/Include/arm_math.h ****   }
 899:Drivers/CMSIS/DSP/Include/arm_math.h **** 
 900:Drivers/CMSIS/DSP/Include/arm_math.h **** 
 901:Drivers/CMSIS/DSP/Include/arm_math.h ****   /*
 902:Drivers/CMSIS/DSP/Include/arm_math.h ****    * @brief C custom defined SMLADX for M3 and M0 processors
 903:Drivers/CMSIS/DSP/Include/arm_math.h ****    */
 904:Drivers/CMSIS/DSP/Include/arm_math.h ****   CMSIS_INLINE __STATIC_INLINE uint32_t __SMLADX(
 203              		.loc 2 904 41 is_stmt 1 view .LVU69
 204              	.LBB69:
 905:Drivers/CMSIS/DSP/Include/arm_math.h ****   uint32_t x,
 906:Drivers/CMSIS/DSP/Include/arm_math.h ****   uint32_t y,
 907:Drivers/CMSIS/DSP/Include/arm_math.h ****   uint32_t sum)
 908:Drivers/CMSIS/DSP/Include/arm_math.h ****   {
 909:Drivers/CMSIS/DSP/Include/arm_math.h ****     return ((uint32_t)(((((q31_t)x << 16) >> 16) * (((q31_t)y      ) >> 16)) +
 205              		.loc 2 909 5 view .LVU70
 206              		.loc 2 909 43 is_stmt 0 view .LVU71
 207 0088 0FFA82FA 		sxth	r10, r2
 208              		.loc 2 909 70 view .LVU72
 209 008c 4FEA254B 		asr	fp, r5, #16
 910:Drivers/CMSIS/DSP/Include/arm_math.h ****                        ((((q31_t)x      ) >> 16) * (((q31_t)y << 16) >> 16)) +
 210              		.loc 2 910 43 view .LVU73
 211 0090 1214     		asrs	r2, r2, #16
 212              	.LVL24:
 213              		.loc 2 910 70 view .LVU74
 214 0092 2DB2     		sxth	r5, r5
 215              	.LVL25:
 216              		.loc 2 910 50 view .LVU75
 217 0094 05FB02F2 		mul	r2, r5, r2
 909:Drivers/CMSIS/DSP/Include/arm_math.h ****                        ((((q31_t)x      ) >> 16) * (((q31_t)y << 16) >> 16)) +
 218              		.loc 2 909 78 view .LVU76
 219 0098 0BFB0A22 		mla	r2, fp, r10, r2
 220              		.loc 2 910 78 view .LVU77
 221 009c 1A44     		add	r2, r2, r3
 222              	.LVL26:
 223              		.loc 2 910 78 view .LVU78
 224              	.LBE69:
 225              	.LBE68:
 206:Drivers/CMSIS/DSP/Source/FilteringFunctions/arm_conv_fast_q15.c ****       /* x[2], x[3] are multiplied with y[srcBLen - 3], y[srcBLen - 4] respectively */
 207:Drivers/CMSIS/DSP/Source/FilteringFunctions/arm_conv_fast_q15.c ****       sum = __SMLADX(*__SIMD32(px)++, *__SIMD32(py)--, sum);
 226              		.loc 1 207 7 is_stmt 1 view .LVU79
 227              		.loc 1 207 22 is_stmt 0 view .LVU80
 228 009e 4368     		ldr	r3, [r0, #4]
 229              	.LVL27:
 230              		.loc 1 207 39 view .LVU81
 231 00a0 51F8041C 		ldr	r1, [r1, #-4]
 232              	.LVL28:
 233              	.LBB70:
 234              	.LBI70:
 904:Drivers/CMSIS/DSP/Include/arm_math.h ****   uint32_t x,
 235              		.loc 2 904 41 is_stmt 1 view .LVU82
 236              	.LBB71:
 909:Drivers/CMSIS/DSP/Include/arm_math.h ****                        ((((q31_t)x      ) >> 16) * (((q31_t)y << 16) >> 16)) +
ARM GAS  C:\Users\Lamp\AppData\Local\Temp\cc1YK7pm.s 			page 25


 237              		.loc 2 909 5 view .LVU83
 909:Drivers/CMSIS/DSP/Include/arm_math.h ****                        ((((q31_t)x      ) >> 16) * (((q31_t)y << 16) >> 16)) +
 238              		.loc 2 909 43 is_stmt 0 view .LVU84
 239 00a4 1DB2     		sxth	r5, r3
 909:Drivers/CMSIS/DSP/Include/arm_math.h ****                        ((((q31_t)x      ) >> 16) * (((q31_t)y << 16) >> 16)) +
 240              		.loc 2 909 70 view .LVU85
 241 00a6 0814     		asrs	r0, r1, #16
 242              		.loc 2 910 43 view .LVU86
 243 00a8 4FEA234A 		asr	r10, r3, #16
 244              		.loc 2 910 70 view .LVU87
 245 00ac 0BB2     		sxth	r3, r1
 246              	.LVL29:
 247              		.loc 2 910 50 view .LVU88
 248 00ae 0AFB03F3 		mul	r3, r10, r3
 909:Drivers/CMSIS/DSP/Include/arm_math.h ****                        ((((q31_t)x      ) >> 16) * (((q31_t)y << 16) >> 16)) +
 249              		.loc 2 909 78 view .LVU89
 250 00b2 05FB0033 		mla	r3, r5, r0, r3
 251              		.loc 2 910 78 view .LVU90
 252 00b6 1344     		add	r3, r3, r2
 253              	.LVL30:
 254              		.loc 2 910 78 view .LVU91
 255              	.LBE71:
 256              	.LBE70:
 208:Drivers/CMSIS/DSP/Source/FilteringFunctions/arm_conv_fast_q15.c **** 
 209:Drivers/CMSIS/DSP/Source/FilteringFunctions/arm_conv_fast_q15.c ****       /* Decrement the loop counter */
 210:Drivers/CMSIS/DSP/Source/FilteringFunctions/arm_conv_fast_q15.c ****       k--;
 257              		.loc 1 210 7 is_stmt 1 view .LVU92
 258              		.loc 1 210 8 is_stmt 0 view .LVU93
 259 00b8 013E     		subs	r6, r6, #1
 260              	.LVL31:
 207:Drivers/CMSIS/DSP/Source/FilteringFunctions/arm_conv_fast_q15.c **** 
 261              		.loc 1 207 52 view .LVU94
 262 00ba 4946     		mov	r1, r9
 207:Drivers/CMSIS/DSP/Source/FilteringFunctions/arm_conv_fast_q15.c **** 
 263              		.loc 1 207 35 view .LVU95
 264 00bc 3846     		mov	r0, r7
 265              	.LVL32:
 266              	.L8:
 201:Drivers/CMSIS/DSP/Source/FilteringFunctions/arm_conv_fast_q15.c ****     {
 267              		.loc 1 201 14 is_stmt 1 view .LVU96
 268 00be 002E     		cmp	r6, #0
 269 00c0 DCD1     		bne	.L9
 211:Drivers/CMSIS/DSP/Source/FilteringFunctions/arm_conv_fast_q15.c ****     }
 212:Drivers/CMSIS/DSP/Source/FilteringFunctions/arm_conv_fast_q15.c **** 
 213:Drivers/CMSIS/DSP/Source/FilteringFunctions/arm_conv_fast_q15.c ****     /* For the next MAC operations, the pointer py is used without SIMD
 214:Drivers/CMSIS/DSP/Source/FilteringFunctions/arm_conv_fast_q15.c ****      * So, py is incremented by 1 */
 215:Drivers/CMSIS/DSP/Source/FilteringFunctions/arm_conv_fast_q15.c ****     py = py + 1U;
 270              		.loc 1 215 13 is_stmt 0 view .LVU97
 271 00c2 009F     		ldr	r7, [sp]
 272              		.loc 1 215 5 is_stmt 1 view .LVU98
 273              		.loc 1 215 13 is_stmt 0 view .LVU99
 274 00c4 0231     		adds	r1, r1, #2
 275              	.LVL33:
 216:Drivers/CMSIS/DSP/Source/FilteringFunctions/arm_conv_fast_q15.c **** 
 217:Drivers/CMSIS/DSP/Source/FilteringFunctions/arm_conv_fast_q15.c ****     /* If the count is not a multiple of 4, compute any remaining MACs here.
 218:Drivers/CMSIS/DSP/Source/FilteringFunctions/arm_conv_fast_q15.c ****      ** No loop unrolling is used. */
 219:Drivers/CMSIS/DSP/Source/FilteringFunctions/arm_conv_fast_q15.c ****     k = count % 0x4U;
ARM GAS  C:\Users\Lamp\AppData\Local\Temp\cc1YK7pm.s 			page 26


 276              		.loc 1 219 5 is_stmt 1 view .LVU100
 277              		.loc 1 219 7 is_stmt 0 view .LVU101
 278 00c6 0EF00305 		and	r5, lr, #3
 279              	.LVL34:
 220:Drivers/CMSIS/DSP/Source/FilteringFunctions/arm_conv_fast_q15.c **** 
 221:Drivers/CMSIS/DSP/Source/FilteringFunctions/arm_conv_fast_q15.c ****     while (k > 0U)
 280              		.loc 1 221 5 is_stmt 1 view .LVU102
 281              		.loc 1 221 11 is_stmt 0 view .LVU103
 282 00ca 0CE0     		b	.L10
 283              	.L11:
 222:Drivers/CMSIS/DSP/Source/FilteringFunctions/arm_conv_fast_q15.c ****     {
 223:Drivers/CMSIS/DSP/Source/FilteringFunctions/arm_conv_fast_q15.c ****       /* Perform the multiply-accumulates */
 224:Drivers/CMSIS/DSP/Source/FilteringFunctions/arm_conv_fast_q15.c ****       sum = __SMLAD(*px++, *py--, sum);
 284              		.loc 1 224 7 is_stmt 1 view .LVU104
 285              	.LVL35:
 286              		.loc 1 224 21 is_stmt 0 view .LVU105
 287 00cc 30F9026B 		ldrsh	r6, [r0], #2
 288              	.LVL36:
 289              		.loc 1 224 28 view .LVU106
 290 00d0 31F90299 		ldrsh	r9, [r1], #-2
 291              	.LVL37:
 292              	.LBB72:
 293              	.LBI72:
 890:Drivers/CMSIS/DSP/Include/arm_math.h ****   uint32_t x,
 294              		.loc 2 890 41 is_stmt 1 view .LVU107
 295              	.LBB73:
 895:Drivers/CMSIS/DSP/Include/arm_math.h ****                        ((((q31_t)x      ) >> 16) * (((q31_t)y      ) >> 16)) +
 296              		.loc 2 895 5 view .LVU108
 896:Drivers/CMSIS/DSP/Include/arm_math.h ****                        ( ((q31_t)sum    )                                  )   ));
 297              		.loc 2 896 43 is_stmt 0 view .LVU109
 298 00d4 3214     		asrs	r2, r6, #16
 896:Drivers/CMSIS/DSP/Include/arm_math.h ****                        ( ((q31_t)sum    )                                  )   ));
 299              		.loc 2 896 70 view .LVU110
 300 00d6 4FEA294A 		asr	r10, r9, #16
 896:Drivers/CMSIS/DSP/Include/arm_math.h ****                        ( ((q31_t)sum    )                                  )   ));
 301              		.loc 2 896 50 view .LVU111
 302 00da 0AFB02F2 		mul	r2, r10, r2
 895:Drivers/CMSIS/DSP/Include/arm_math.h ****                        ((((q31_t)x      ) >> 16) * (((q31_t)y      ) >> 16)) +
 303              		.loc 2 895 78 view .LVU112
 304 00de 09FB0622 		mla	r2, r9, r6, r2
 896:Drivers/CMSIS/DSP/Include/arm_math.h ****                        ( ((q31_t)sum    )                                  )   ));
 305              		.loc 2 896 78 view .LVU113
 306 00e2 1344     		add	r3, r3, r2
 307              	.LVL38:
 896:Drivers/CMSIS/DSP/Include/arm_math.h ****                        ( ((q31_t)sum    )                                  )   ));
 308              		.loc 2 896 78 view .LVU114
 309              	.LBE73:
 310              	.LBE72:
 225:Drivers/CMSIS/DSP/Source/FilteringFunctions/arm_conv_fast_q15.c **** 
 226:Drivers/CMSIS/DSP/Source/FilteringFunctions/arm_conv_fast_q15.c ****       /* Decrement the loop counter */
 227:Drivers/CMSIS/DSP/Source/FilteringFunctions/arm_conv_fast_q15.c ****       k--;
 311              		.loc 1 227 7 is_stmt 1 view .LVU115
 312              		.loc 1 227 8 is_stmt 0 view .LVU116
 313 00e4 013D     		subs	r5, r5, #1
 314              	.LVL39:
 315              	.L10:
 221:Drivers/CMSIS/DSP/Source/FilteringFunctions/arm_conv_fast_q15.c ****     {
ARM GAS  C:\Users\Lamp\AppData\Local\Temp\cc1YK7pm.s 			page 27


 316              		.loc 1 221 14 is_stmt 1 view .LVU117
 317 00e6 002D     		cmp	r5, #0
 318 00e8 F0D1     		bne	.L11
 228:Drivers/CMSIS/DSP/Source/FilteringFunctions/arm_conv_fast_q15.c ****     }
 229:Drivers/CMSIS/DSP/Source/FilteringFunctions/arm_conv_fast_q15.c **** 
 230:Drivers/CMSIS/DSP/Source/FilteringFunctions/arm_conv_fast_q15.c ****     /* Store the result in the accumulator in the destination buffer. */
 231:Drivers/CMSIS/DSP/Source/FilteringFunctions/arm_conv_fast_q15.c ****     *pOut++ = (q15_t) (sum >> 15);
 319              		.loc 1 231 5 view .LVU118
 320              		.loc 1 231 10 is_stmt 0 view .LVU119
 321 00ea 149A     		ldr	r2, [sp, #80]
 322              	.LVL40:
 323              		.loc 1 231 15 view .LVU120
 324 00ec 43F3CF33 		sbfx	r3, r3, #15, #16
 325              	.LVL41:
 326              		.loc 1 231 13 view .LVU121
 327 00f0 22F8023B 		strh	r3, [r2], #2	@ movhi
 328              	.LVL42:
 232:Drivers/CMSIS/DSP/Source/FilteringFunctions/arm_conv_fast_q15.c **** 
 233:Drivers/CMSIS/DSP/Source/FilteringFunctions/arm_conv_fast_q15.c ****     /* Update the inputA and inputB pointers for next MAC calculation */
 234:Drivers/CMSIS/DSP/Source/FilteringFunctions/arm_conv_fast_q15.c ****     py = pIn2 + (count - 1U);
 329              		.loc 1 234 5 is_stmt 1 view .LVU122
 330              		.loc 1 234 15 is_stmt 0 view .LVU123
 331 00f4 0EF10041 		add	r1, lr, #-2147483648
 332              	.LVL43:
 333              		.loc 1 234 15 view .LVU124
 334 00f8 0139     		subs	r1, r1, #1
 335 00fa 0CEB4101 		add	r1, ip, r1, lsl #1
 336              	.LVL44:
 235:Drivers/CMSIS/DSP/Source/FilteringFunctions/arm_conv_fast_q15.c ****     px = pIn1;
 337              		.loc 1 235 5 is_stmt 1 view .LVU125
 236:Drivers/CMSIS/DSP/Source/FilteringFunctions/arm_conv_fast_q15.c **** 
 237:Drivers/CMSIS/DSP/Source/FilteringFunctions/arm_conv_fast_q15.c ****     /* Increment the MAC count */
 238:Drivers/CMSIS/DSP/Source/FilteringFunctions/arm_conv_fast_q15.c ****     count++;
 338              		.loc 1 238 5 view .LVU126
 339              		.loc 1 238 10 is_stmt 0 view .LVU127
 340 00fe 0EF1010E 		add	lr, lr, #1
 341              	.LVL45:
 239:Drivers/CMSIS/DSP/Source/FilteringFunctions/arm_conv_fast_q15.c **** 
 240:Drivers/CMSIS/DSP/Source/FilteringFunctions/arm_conv_fast_q15.c ****     /* Decrement the loop counter */
 241:Drivers/CMSIS/DSP/Source/FilteringFunctions/arm_conv_fast_q15.c ****     blockSize1--;
 342              		.loc 1 241 5 is_stmt 1 view .LVU128
 343              		.loc 1 241 15 is_stmt 0 view .LVU129
 344 0102 013F     		subs	r7, r7, #1
 345              	.LVL46:
 231:Drivers/CMSIS/DSP/Source/FilteringFunctions/arm_conv_fast_q15.c **** 
 346              		.loc 1 231 10 view .LVU130
 347 0104 1492     		str	r2, [sp, #80]
 348              	.LVL47:
 349              	.L7:
 191:Drivers/CMSIS/DSP/Source/FilteringFunctions/arm_conv_fast_q15.c ****   {
 350              		.loc 1 191 21 is_stmt 1 view .LVU131
 351 0106 2FB1     		cbz	r7, .L45
 194:Drivers/CMSIS/DSP/Source/FilteringFunctions/arm_conv_fast_q15.c **** 
 352              		.loc 1 194 5 view .LVU132
 353              	.LVL48:
 197:Drivers/CMSIS/DSP/Source/FilteringFunctions/arm_conv_fast_q15.c **** 
 354              		.loc 1 197 5 view .LVU133
ARM GAS  C:\Users\Lamp\AppData\Local\Temp\cc1YK7pm.s 			page 28


 197:Drivers/CMSIS/DSP/Source/FilteringFunctions/arm_conv_fast_q15.c **** 
 355              		.loc 1 197 7 is_stmt 0 view .LVU134
 356 0108 4FEA9E06 		lsr	r6, lr, #2
 357              	.LVL49:
 201:Drivers/CMSIS/DSP/Source/FilteringFunctions/arm_conv_fast_q15.c ****     {
 358              		.loc 1 201 5 is_stmt 1 view .LVU135
 201:Drivers/CMSIS/DSP/Source/FilteringFunctions/arm_conv_fast_q15.c ****     {
 359              		.loc 1 201 11 is_stmt 0 view .LVU136
 360 010c 0498     		ldr	r0, [sp, #16]
 194:Drivers/CMSIS/DSP/Source/FilteringFunctions/arm_conv_fast_q15.c **** 
 361              		.loc 1 194 9 view .LVU137
 362 010e 0023     		movs	r3, #0
 363 0110 0097     		str	r7, [sp]
 201:Drivers/CMSIS/DSP/Source/FilteringFunctions/arm_conv_fast_q15.c ****     {
 364              		.loc 1 201 11 view .LVU138
 365 0112 D4E7     		b	.L8
 366              	.LVL50:
 367              	.L45:
 242:Drivers/CMSIS/DSP/Source/FilteringFunctions/arm_conv_fast_q15.c ****   }
 243:Drivers/CMSIS/DSP/Source/FilteringFunctions/arm_conv_fast_q15.c **** 
 244:Drivers/CMSIS/DSP/Source/FilteringFunctions/arm_conv_fast_q15.c ****   /* --------------------------
 245:Drivers/CMSIS/DSP/Source/FilteringFunctions/arm_conv_fast_q15.c ****    * Initializations of stage2
 246:Drivers/CMSIS/DSP/Source/FilteringFunctions/arm_conv_fast_q15.c ****    * ------------------------*/
 247:Drivers/CMSIS/DSP/Source/FilteringFunctions/arm_conv_fast_q15.c **** 
 248:Drivers/CMSIS/DSP/Source/FilteringFunctions/arm_conv_fast_q15.c ****   /* sum = x[0] * y[srcBLen-1] + x[1] * y[srcBLen-2] +...+ x[srcBLen-1] * y[0]
 249:Drivers/CMSIS/DSP/Source/FilteringFunctions/arm_conv_fast_q15.c ****    * sum = x[1] * y[srcBLen-1] + x[2] * y[srcBLen-2] +...+ x[srcBLen] * y[0]
 250:Drivers/CMSIS/DSP/Source/FilteringFunctions/arm_conv_fast_q15.c ****    * ....
 251:Drivers/CMSIS/DSP/Source/FilteringFunctions/arm_conv_fast_q15.c ****    * sum = x[srcALen-srcBLen-2] * y[srcBLen-1] + x[srcALen] * y[srcBLen-2] +...+ x[srcALen-1] * y[0
 252:Drivers/CMSIS/DSP/Source/FilteringFunctions/arm_conv_fast_q15.c ****    */
 253:Drivers/CMSIS/DSP/Source/FilteringFunctions/arm_conv_fast_q15.c **** 
 254:Drivers/CMSIS/DSP/Source/FilteringFunctions/arm_conv_fast_q15.c ****   /* Working pointer of inputA */
 255:Drivers/CMSIS/DSP/Source/FilteringFunctions/arm_conv_fast_q15.c ****   px = pIn1;
 256:Drivers/CMSIS/DSP/Source/FilteringFunctions/arm_conv_fast_q15.c **** 
 257:Drivers/CMSIS/DSP/Source/FilteringFunctions/arm_conv_fast_q15.c ****   /* Working pointer of inputB */
 258:Drivers/CMSIS/DSP/Source/FilteringFunctions/arm_conv_fast_q15.c ****   pSrc2 = pIn2 + (srcBLen - 1U);
 368              		.loc 1 258 16 view .LVU139
 369 0114 0797     		str	r7, [sp, #28]
 370 0116 2546     		mov	r5, r4
 371 0118 4646     		mov	r6, r8
 255:Drivers/CMSIS/DSP/Source/FilteringFunctions/arm_conv_fast_q15.c **** 
 372              		.loc 1 255 3 is_stmt 1 view .LVU140
 373              		.loc 1 258 3 view .LVU141
 374              		.loc 1 258 16 is_stmt 0 view .LVU142
 375 011a 059A     		ldr	r2, [sp, #20]
 376 011c 02F10043 		add	r3, r2, #-2147483648
 377 0120 013B     		subs	r3, r3, #1
 378              		.loc 1 258 9 view .LVU143
 379 0122 0CEB4303 		add	r3, ip, r3, lsl #1
 380 0126 0393     		str	r3, [sp, #12]
 381              	.LVL51:
 259:Drivers/CMSIS/DSP/Source/FilteringFunctions/arm_conv_fast_q15.c ****   py = pSrc2;
 382              		.loc 1 259 3 is_stmt 1 view .LVU144
 260:Drivers/CMSIS/DSP/Source/FilteringFunctions/arm_conv_fast_q15.c **** 
 261:Drivers/CMSIS/DSP/Source/FilteringFunctions/arm_conv_fast_q15.c ****   /* count is the index by which the pointer pIn1 to be incremented */
 262:Drivers/CMSIS/DSP/Source/FilteringFunctions/arm_conv_fast_q15.c ****   count = 0U;
 383              		.loc 1 262 3 view .LVU145
 263:Drivers/CMSIS/DSP/Source/FilteringFunctions/arm_conv_fast_q15.c **** 
ARM GAS  C:\Users\Lamp\AppData\Local\Temp\cc1YK7pm.s 			page 29


 264:Drivers/CMSIS/DSP/Source/FilteringFunctions/arm_conv_fast_q15.c **** 
 265:Drivers/CMSIS/DSP/Source/FilteringFunctions/arm_conv_fast_q15.c ****   /* --------------------
 266:Drivers/CMSIS/DSP/Source/FilteringFunctions/arm_conv_fast_q15.c ****    * Stage2 process
 267:Drivers/CMSIS/DSP/Source/FilteringFunctions/arm_conv_fast_q15.c ****    * -------------------*/
 268:Drivers/CMSIS/DSP/Source/FilteringFunctions/arm_conv_fast_q15.c **** 
 269:Drivers/CMSIS/DSP/Source/FilteringFunctions/arm_conv_fast_q15.c ****   /* Stage2 depends on srcBLen as in this stage srcBLen number of MACS are performed.
 270:Drivers/CMSIS/DSP/Source/FilteringFunctions/arm_conv_fast_q15.c ****    * So, to loop unroll over blockSize2,
 271:Drivers/CMSIS/DSP/Source/FilteringFunctions/arm_conv_fast_q15.c ****    * srcBLen should be greater than or equal to 4 */
 272:Drivers/CMSIS/DSP/Source/FilteringFunctions/arm_conv_fast_q15.c ****   if (srcBLen >= 4U)
 384              		.loc 1 272 3 view .LVU146
 385              		.loc 1 272 6 is_stmt 0 view .LVU147
 386 0128 032A     		cmp	r2, #3
 387 012a 40F26981 		bls	.L40
 388              	.LVL52:
 273:Drivers/CMSIS/DSP/Source/FilteringFunctions/arm_conv_fast_q15.c ****   {
 274:Drivers/CMSIS/DSP/Source/FilteringFunctions/arm_conv_fast_q15.c ****     /* Loop unroll over blockSize2, by 4 */
 275:Drivers/CMSIS/DSP/Source/FilteringFunctions/arm_conv_fast_q15.c ****     blkCnt = blockSize2 >> 2U;
 389              		.loc 1 275 5 is_stmt 1 view .LVU148
 390              		.loc 1 275 12 is_stmt 0 view .LVU149
 391 012e B308     		lsrs	r3, r6, #2
 392              	.LVL53:
 393              		.loc 1 275 12 view .LVU150
 394 0130 0693     		str	r3, [sp, #24]
 395              	.LVL54:
 276:Drivers/CMSIS/DSP/Source/FilteringFunctions/arm_conv_fast_q15.c **** 
 277:Drivers/CMSIS/DSP/Source/FilteringFunctions/arm_conv_fast_q15.c ****     while (blkCnt > 0U)
 396              		.loc 1 277 5 is_stmt 1 view .LVU151
 255:Drivers/CMSIS/DSP/Source/FilteringFunctions/arm_conv_fast_q15.c **** 
 397              		.loc 1 255 6 is_stmt 0 view .LVU152
 398 0132 049B     		ldr	r3, [sp, #16]
 399              	.LVL55:
 255:Drivers/CMSIS/DSP/Source/FilteringFunctions/arm_conv_fast_q15.c **** 
 400              		.loc 1 255 6 view .LVU153
 401 0134 0894     		str	r4, [sp, #32]
 402 0136 CDF82480 		str	r8, [sp, #36]
 403              		.loc 1 277 11 view .LVU154
 404 013a 54E0     		b	.L14
 405              	.LVL56:
 406              	.L47:
 278:Drivers/CMSIS/DSP/Source/FilteringFunctions/arm_conv_fast_q15.c ****     {
 279:Drivers/CMSIS/DSP/Source/FilteringFunctions/arm_conv_fast_q15.c ****       py = py - 1U;
 280:Drivers/CMSIS/DSP/Source/FilteringFunctions/arm_conv_fast_q15.c **** 
 281:Drivers/CMSIS/DSP/Source/FilteringFunctions/arm_conv_fast_q15.c ****       /* Set all accumulators to zero */
 282:Drivers/CMSIS/DSP/Source/FilteringFunctions/arm_conv_fast_q15.c ****       acc0 = 0;
 283:Drivers/CMSIS/DSP/Source/FilteringFunctions/arm_conv_fast_q15.c ****       acc1 = 0;
 284:Drivers/CMSIS/DSP/Source/FilteringFunctions/arm_conv_fast_q15.c ****       acc2 = 0;
 285:Drivers/CMSIS/DSP/Source/FilteringFunctions/arm_conv_fast_q15.c ****       acc3 = 0;
 286:Drivers/CMSIS/DSP/Source/FilteringFunctions/arm_conv_fast_q15.c **** 
 287:Drivers/CMSIS/DSP/Source/FilteringFunctions/arm_conv_fast_q15.c **** 
 288:Drivers/CMSIS/DSP/Source/FilteringFunctions/arm_conv_fast_q15.c ****       /* read x[0], x[1] samples */
 289:Drivers/CMSIS/DSP/Source/FilteringFunctions/arm_conv_fast_q15.c ****       x0 = *__SIMD32(px);
 290:Drivers/CMSIS/DSP/Source/FilteringFunctions/arm_conv_fast_q15.c ****       /* read x[1], x[2] samples */
 291:Drivers/CMSIS/DSP/Source/FilteringFunctions/arm_conv_fast_q15.c ****       x1 = _SIMD32_OFFSET(px+1);
 292:Drivers/CMSIS/DSP/Source/FilteringFunctions/arm_conv_fast_q15.c **** 	  px+= 2U;
 293:Drivers/CMSIS/DSP/Source/FilteringFunctions/arm_conv_fast_q15.c **** 
 294:Drivers/CMSIS/DSP/Source/FilteringFunctions/arm_conv_fast_q15.c **** 
 295:Drivers/CMSIS/DSP/Source/FilteringFunctions/arm_conv_fast_q15.c ****       /* Apply loop unrolling and compute 4 MACs simultaneously. */
ARM GAS  C:\Users\Lamp\AppData\Local\Temp\cc1YK7pm.s 			page 30


 296:Drivers/CMSIS/DSP/Source/FilteringFunctions/arm_conv_fast_q15.c ****       k = srcBLen >> 2U;
 297:Drivers/CMSIS/DSP/Source/FilteringFunctions/arm_conv_fast_q15.c **** 
 298:Drivers/CMSIS/DSP/Source/FilteringFunctions/arm_conv_fast_q15.c ****       /* First part of the processing with loop unrolling.  Compute 4 MACs at a time.
 299:Drivers/CMSIS/DSP/Source/FilteringFunctions/arm_conv_fast_q15.c ****        ** a second loop below computes MACs for the remaining 1 to 3 samples. */
 300:Drivers/CMSIS/DSP/Source/FilteringFunctions/arm_conv_fast_q15.c ****       do
 301:Drivers/CMSIS/DSP/Source/FilteringFunctions/arm_conv_fast_q15.c ****       {
 302:Drivers/CMSIS/DSP/Source/FilteringFunctions/arm_conv_fast_q15.c ****         /* Read the last two inputB samples using SIMD:
 303:Drivers/CMSIS/DSP/Source/FilteringFunctions/arm_conv_fast_q15.c ****          * y[srcBLen - 1] and y[srcBLen - 2] */
 304:Drivers/CMSIS/DSP/Source/FilteringFunctions/arm_conv_fast_q15.c ****         c0 = *__SIMD32(py)--;
 305:Drivers/CMSIS/DSP/Source/FilteringFunctions/arm_conv_fast_q15.c **** 
 306:Drivers/CMSIS/DSP/Source/FilteringFunctions/arm_conv_fast_q15.c ****         /* acc0 +=  x[0] * y[srcBLen - 1] + x[1] * y[srcBLen - 2] */
 307:Drivers/CMSIS/DSP/Source/FilteringFunctions/arm_conv_fast_q15.c ****         acc0 = __SMLADX(x0, c0, acc0);
 308:Drivers/CMSIS/DSP/Source/FilteringFunctions/arm_conv_fast_q15.c **** 
 309:Drivers/CMSIS/DSP/Source/FilteringFunctions/arm_conv_fast_q15.c ****         /* acc1 +=  x[1] * y[srcBLen - 1] + x[2] * y[srcBLen - 2] */
 310:Drivers/CMSIS/DSP/Source/FilteringFunctions/arm_conv_fast_q15.c ****         acc1 = __SMLADX(x1, c0, acc1);
 311:Drivers/CMSIS/DSP/Source/FilteringFunctions/arm_conv_fast_q15.c **** 
 312:Drivers/CMSIS/DSP/Source/FilteringFunctions/arm_conv_fast_q15.c ****         /* Read x[2], x[3] */
 313:Drivers/CMSIS/DSP/Source/FilteringFunctions/arm_conv_fast_q15.c ****         x2 = *__SIMD32(px);
 314:Drivers/CMSIS/DSP/Source/FilteringFunctions/arm_conv_fast_q15.c **** 
 315:Drivers/CMSIS/DSP/Source/FilteringFunctions/arm_conv_fast_q15.c ****         /* Read x[3], x[4] */
 316:Drivers/CMSIS/DSP/Source/FilteringFunctions/arm_conv_fast_q15.c ****         x3 = _SIMD32_OFFSET(px+1);
 317:Drivers/CMSIS/DSP/Source/FilteringFunctions/arm_conv_fast_q15.c **** 
 318:Drivers/CMSIS/DSP/Source/FilteringFunctions/arm_conv_fast_q15.c ****         /* acc2 +=  x[2] * y[srcBLen - 1] + x[3] * y[srcBLen - 2] */
 319:Drivers/CMSIS/DSP/Source/FilteringFunctions/arm_conv_fast_q15.c ****         acc2 = __SMLADX(x2, c0, acc2);
 320:Drivers/CMSIS/DSP/Source/FilteringFunctions/arm_conv_fast_q15.c **** 
 321:Drivers/CMSIS/DSP/Source/FilteringFunctions/arm_conv_fast_q15.c ****         /* acc3 +=  x[3] * y[srcBLen - 1] + x[4] * y[srcBLen - 2] */
 322:Drivers/CMSIS/DSP/Source/FilteringFunctions/arm_conv_fast_q15.c ****         acc3 = __SMLADX(x3, c0, acc3);
 323:Drivers/CMSIS/DSP/Source/FilteringFunctions/arm_conv_fast_q15.c **** 
 324:Drivers/CMSIS/DSP/Source/FilteringFunctions/arm_conv_fast_q15.c ****         /* Read y[srcBLen - 3] and y[srcBLen - 4] */
 325:Drivers/CMSIS/DSP/Source/FilteringFunctions/arm_conv_fast_q15.c ****         c0 = *__SIMD32(py)--;
 326:Drivers/CMSIS/DSP/Source/FilteringFunctions/arm_conv_fast_q15.c **** 
 327:Drivers/CMSIS/DSP/Source/FilteringFunctions/arm_conv_fast_q15.c ****         /* acc0 +=  x[2] * y[srcBLen - 3] + x[3] * y[srcBLen - 4] */
 328:Drivers/CMSIS/DSP/Source/FilteringFunctions/arm_conv_fast_q15.c ****         acc0 = __SMLADX(x2, c0, acc0);
 329:Drivers/CMSIS/DSP/Source/FilteringFunctions/arm_conv_fast_q15.c **** 
 330:Drivers/CMSIS/DSP/Source/FilteringFunctions/arm_conv_fast_q15.c ****         /* acc1 +=  x[3] * y[srcBLen - 3] + x[4] * y[srcBLen - 4] */
 331:Drivers/CMSIS/DSP/Source/FilteringFunctions/arm_conv_fast_q15.c ****         acc1 = __SMLADX(x3, c0, acc1);
 332:Drivers/CMSIS/DSP/Source/FilteringFunctions/arm_conv_fast_q15.c **** 
 333:Drivers/CMSIS/DSP/Source/FilteringFunctions/arm_conv_fast_q15.c ****         /* Read x[4], x[5] */
 334:Drivers/CMSIS/DSP/Source/FilteringFunctions/arm_conv_fast_q15.c ****         x0 = _SIMD32_OFFSET(px+2);
 335:Drivers/CMSIS/DSP/Source/FilteringFunctions/arm_conv_fast_q15.c **** 
 336:Drivers/CMSIS/DSP/Source/FilteringFunctions/arm_conv_fast_q15.c ****         /* Read x[5], x[6] */
 337:Drivers/CMSIS/DSP/Source/FilteringFunctions/arm_conv_fast_q15.c ****         x1 = _SIMD32_OFFSET(px+3);
 338:Drivers/CMSIS/DSP/Source/FilteringFunctions/arm_conv_fast_q15.c **** 		px += 4U;
 339:Drivers/CMSIS/DSP/Source/FilteringFunctions/arm_conv_fast_q15.c **** 
 340:Drivers/CMSIS/DSP/Source/FilteringFunctions/arm_conv_fast_q15.c ****         /* acc2 +=  x[4] * y[srcBLen - 3] + x[5] * y[srcBLen - 4] */
 341:Drivers/CMSIS/DSP/Source/FilteringFunctions/arm_conv_fast_q15.c ****         acc2 = __SMLADX(x0, c0, acc2);
 342:Drivers/CMSIS/DSP/Source/FilteringFunctions/arm_conv_fast_q15.c **** 
 343:Drivers/CMSIS/DSP/Source/FilteringFunctions/arm_conv_fast_q15.c ****         /* acc3 +=  x[5] * y[srcBLen - 3] + x[6] * y[srcBLen - 4] */
 344:Drivers/CMSIS/DSP/Source/FilteringFunctions/arm_conv_fast_q15.c ****         acc3 = __SMLADX(x1, c0, acc3);
 345:Drivers/CMSIS/DSP/Source/FilteringFunctions/arm_conv_fast_q15.c **** 
 346:Drivers/CMSIS/DSP/Source/FilteringFunctions/arm_conv_fast_q15.c ****       } while (--k);
 347:Drivers/CMSIS/DSP/Source/FilteringFunctions/arm_conv_fast_q15.c **** 
 348:Drivers/CMSIS/DSP/Source/FilteringFunctions/arm_conv_fast_q15.c ****       /* For the next MAC operations, SIMD is not used
 349:Drivers/CMSIS/DSP/Source/FilteringFunctions/arm_conv_fast_q15.c ****        * So, the 16 bit pointer if inputB, py is updated */
 350:Drivers/CMSIS/DSP/Source/FilteringFunctions/arm_conv_fast_q15.c **** 
 351:Drivers/CMSIS/DSP/Source/FilteringFunctions/arm_conv_fast_q15.c ****       /* If the srcBLen is not a multiple of 4, compute any remaining MACs here.
 352:Drivers/CMSIS/DSP/Source/FilteringFunctions/arm_conv_fast_q15.c ****        ** No loop unrolling is used. */
ARM GAS  C:\Users\Lamp\AppData\Local\Temp\cc1YK7pm.s 			page 31


 353:Drivers/CMSIS/DSP/Source/FilteringFunctions/arm_conv_fast_q15.c ****       k = srcBLen % 0x4U;
 354:Drivers/CMSIS/DSP/Source/FilteringFunctions/arm_conv_fast_q15.c **** 
 355:Drivers/CMSIS/DSP/Source/FilteringFunctions/arm_conv_fast_q15.c ****       if (k == 1U)
 356:Drivers/CMSIS/DSP/Source/FilteringFunctions/arm_conv_fast_q15.c ****       {
 357:Drivers/CMSIS/DSP/Source/FilteringFunctions/arm_conv_fast_q15.c ****         /* Read y[srcBLen - 5] */
 358:Drivers/CMSIS/DSP/Source/FilteringFunctions/arm_conv_fast_q15.c ****         c0 = *(py+1);
 407              		.loc 1 358 9 is_stmt 1 view .LVU155
 359:Drivers/CMSIS/DSP/Source/FilteringFunctions/arm_conv_fast_q15.c **** 
 360:Drivers/CMSIS/DSP/Source/FilteringFunctions/arm_conv_fast_q15.c **** #ifdef  ARM_MATH_BIG_ENDIAN
 361:Drivers/CMSIS/DSP/Source/FilteringFunctions/arm_conv_fast_q15.c **** 
 362:Drivers/CMSIS/DSP/Source/FilteringFunctions/arm_conv_fast_q15.c ****         c0 = c0 << 16U;
 363:Drivers/CMSIS/DSP/Source/FilteringFunctions/arm_conv_fast_q15.c **** 
 364:Drivers/CMSIS/DSP/Source/FilteringFunctions/arm_conv_fast_q15.c **** #else
 365:Drivers/CMSIS/DSP/Source/FilteringFunctions/arm_conv_fast_q15.c **** 
 366:Drivers/CMSIS/DSP/Source/FilteringFunctions/arm_conv_fast_q15.c ****         c0 = c0 & 0x0000FFFF;
 408              		.loc 1 366 9 view .LVU156
 367:Drivers/CMSIS/DSP/Source/FilteringFunctions/arm_conv_fast_q15.c **** 
 368:Drivers/CMSIS/DSP/Source/FilteringFunctions/arm_conv_fast_q15.c **** #endif /*      #ifdef  ARM_MATH_BIG_ENDIAN     */
 369:Drivers/CMSIS/DSP/Source/FilteringFunctions/arm_conv_fast_q15.c **** 
 370:Drivers/CMSIS/DSP/Source/FilteringFunctions/arm_conv_fast_q15.c ****         /* Read x[7] */
 371:Drivers/CMSIS/DSP/Source/FilteringFunctions/arm_conv_fast_q15.c ****         x3 = *__SIMD32(px);
 409              		.loc 1 371 9 view .LVU157
 372:Drivers/CMSIS/DSP/Source/FilteringFunctions/arm_conv_fast_q15.c **** 		px++;
 410              		.loc 1 372 3 view .LVU158
 411              		.loc 1 372 5 is_stmt 0 view .LVU159
 412 013c 0299     		ldr	r1, [sp, #8]
 413 013e 01F10A05 		add	r5, r1, #10
 414              	.LVL57:
 373:Drivers/CMSIS/DSP/Source/FilteringFunctions/arm_conv_fast_q15.c **** 
 374:Drivers/CMSIS/DSP/Source/FilteringFunctions/arm_conv_fast_q15.c ****         /* Perform the multiply-accumulates */
 375:Drivers/CMSIS/DSP/Source/FilteringFunctions/arm_conv_fast_q15.c ****         acc0 = __SMLAD(x0, c0, acc0);
 415              		.loc 1 375 9 is_stmt 1 view .LVU160
 416              	.LBB74:
 417              	.LBI74:
 890:Drivers/CMSIS/DSP/Include/arm_math.h ****   uint32_t x,
 418              		.loc 2 890 41 view .LVU161
 419              	.LBB75:
 895:Drivers/CMSIS/DSP/Include/arm_math.h ****                        ((((q31_t)x      ) >> 16) * (((q31_t)y      ) >> 16)) +
 420              		.loc 2 895 5 view .LVU162
 895:Drivers/CMSIS/DSP/Include/arm_math.h ****                        ((((q31_t)x      ) >> 16) * (((q31_t)y      ) >> 16)) +
 421              		.loc 2 895 70 is_stmt 0 view .LVU163
 422 0142 019B     		ldr	r3, [sp, #4]
 423 0144 33F9063C 		ldrsh	r3, [r3, #-6]
 896:Drivers/CMSIS/DSP/Include/arm_math.h ****                        ( ((q31_t)sum    )                                  )   ));
 424              		.loc 2 896 78 view .LVU164
 425 0148 03FB0CEE 		mla	lr, r3, ip, lr
 426              	.LVL58:
 896:Drivers/CMSIS/DSP/Include/arm_math.h ****                        ( ((q31_t)sum    )                                  )   ));
 427              		.loc 2 896 78 view .LVU165
 428              	.LBE75:
 429              	.LBE74:
 376:Drivers/CMSIS/DSP/Source/FilteringFunctions/arm_conv_fast_q15.c ****         acc1 = __SMLAD(x1, c0, acc1);
 430              		.loc 1 376 9 is_stmt 1 view .LVU166
 431              	.LBB76:
 432              	.LBI76:
 890:Drivers/CMSIS/DSP/Include/arm_math.h ****   uint32_t x,
 433              		.loc 2 890 41 view .LVU167
ARM GAS  C:\Users\Lamp\AppData\Local\Temp\cc1YK7pm.s 			page 32


 434              	.LBB77:
 895:Drivers/CMSIS/DSP/Include/arm_math.h ****                        ((((q31_t)x      ) >> 16) * (((q31_t)y      ) >> 16)) +
 435              		.loc 2 895 5 view .LVU168
 896:Drivers/CMSIS/DSP/Include/arm_math.h ****                        ( ((q31_t)sum    )                                  )   ));
 436              		.loc 2 896 78 is_stmt 0 view .LVU169
 437 014c 0098     		ldr	r0, [sp]
 438 014e 03FB0088 		mla	r8, r3, r0, r8
 439              	.LVL59:
 896:Drivers/CMSIS/DSP/Include/arm_math.h ****                        ( ((q31_t)sum    )                                  )   ));
 440              		.loc 2 896 78 view .LVU170
 441              	.LBE77:
 442              	.LBE76:
 377:Drivers/CMSIS/DSP/Source/FilteringFunctions/arm_conv_fast_q15.c ****         acc2 = __SMLADX(x1, c0, acc2);
 443              		.loc 1 377 9 is_stmt 1 view .LVU171
 444              	.LBB78:
 445              	.LBI78:
 904:Drivers/CMSIS/DSP/Include/arm_math.h ****   uint32_t x,
 446              		.loc 2 904 41 view .LVU172
 447              	.LBB79:
 909:Drivers/CMSIS/DSP/Include/arm_math.h ****                        ((((q31_t)x      ) >> 16) * (((q31_t)y << 16) >> 16)) +
 448              		.loc 2 909 5 view .LVU173
 449              		.loc 2 910 78 is_stmt 0 view .LVU174
 450 0152 03FB06AA 		mla	r10, r3, r6, r10
 451              	.LVL60:
 452              		.loc 2 910 78 view .LVU175
 453              	.LBE79:
 454              	.LBE78:
 378:Drivers/CMSIS/DSP/Source/FilteringFunctions/arm_conv_fast_q15.c ****         acc3 = __SMLADX(x3, c0, acc3);
 455              		.loc 1 378 9 is_stmt 1 view .LVU176
 456              	.LBB80:
 457              	.LBI80:
 904:Drivers/CMSIS/DSP/Include/arm_math.h ****   uint32_t x,
 458              		.loc 2 904 41 view .LVU177
 459              	.LBB81:
 909:Drivers/CMSIS/DSP/Include/arm_math.h ****                        ((((q31_t)x      ) >> 16) * (((q31_t)y << 16) >> 16)) +
 460              		.loc 2 909 5 view .LVU178
 461              		.loc 2 910 43 is_stmt 0 view .LVU179
 462 0156 B1F90A10 		ldrsh	r1, [r1, #10]
 463              		.loc 2 910 78 view .LVU180
 464 015a 03FB01BB 		mla	fp, r3, r1, fp
 465              	.LVL61:
 466              		.loc 2 910 78 view .LVU181
 467 015e B0E0     		b	.L16
 468              	.LVL62:
 469              	.L48:
 470              		.loc 2 910 78 view .LVU182
 471              	.LBE81:
 472              	.LBE80:
 379:Drivers/CMSIS/DSP/Source/FilteringFunctions/arm_conv_fast_q15.c ****       }
 380:Drivers/CMSIS/DSP/Source/FilteringFunctions/arm_conv_fast_q15.c **** 
 381:Drivers/CMSIS/DSP/Source/FilteringFunctions/arm_conv_fast_q15.c ****       if (k == 2U)
 382:Drivers/CMSIS/DSP/Source/FilteringFunctions/arm_conv_fast_q15.c ****       {
 383:Drivers/CMSIS/DSP/Source/FilteringFunctions/arm_conv_fast_q15.c ****         /* Read y[srcBLen - 5], y[srcBLen - 6] */
 384:Drivers/CMSIS/DSP/Source/FilteringFunctions/arm_conv_fast_q15.c ****         c0 = _SIMD32_OFFSET(py);
 473              		.loc 1 384 9 is_stmt 1 view .LVU183
 474              		.loc 1 384 12 is_stmt 0 view .LVU184
 475 0160 019B     		ldr	r3, [sp, #4]
ARM GAS  C:\Users\Lamp\AppData\Local\Temp\cc1YK7pm.s 			page 33


 476 0162 53F8083C 		ldr	r3, [r3, #-8]
 477              	.LVL63:
 385:Drivers/CMSIS/DSP/Source/FilteringFunctions/arm_conv_fast_q15.c **** 
 386:Drivers/CMSIS/DSP/Source/FilteringFunctions/arm_conv_fast_q15.c ****         /* Read x[7], x[8] */
 387:Drivers/CMSIS/DSP/Source/FilteringFunctions/arm_conv_fast_q15.c ****         x3 = *__SIMD32(px);
 478              		.loc 1 387 9 is_stmt 1 view .LVU185
 479              		.loc 1 387 12 is_stmt 0 view .LVU186
 480 0166 D5F800C0 		ldr	ip, [r5]
 481              	.LVL64:
 388:Drivers/CMSIS/DSP/Source/FilteringFunctions/arm_conv_fast_q15.c **** 
 389:Drivers/CMSIS/DSP/Source/FilteringFunctions/arm_conv_fast_q15.c ****         /* Read x[9] */
 390:Drivers/CMSIS/DSP/Source/FilteringFunctions/arm_conv_fast_q15.c ****         x2 = _SIMD32_OFFSET(px+1);
 482              		.loc 1 390 9 is_stmt 1 view .LVU187
 483              		.loc 1 390 12 is_stmt 0 view .LVU188
 484 016a D5F80210 		ldr	r1, [r5, #2]
 485 016e 0291     		str	r1, [sp, #8]
 486              	.LVL65:
 391:Drivers/CMSIS/DSP/Source/FilteringFunctions/arm_conv_fast_q15.c **** 		px += 2U;
 487              		.loc 1 391 3 is_stmt 1 view .LVU189
 488              		.loc 1 391 6 is_stmt 0 view .LVU190
 489 0170 0435     		adds	r5, r5, #4
 490              	.LVL66:
 392:Drivers/CMSIS/DSP/Source/FilteringFunctions/arm_conv_fast_q15.c **** 
 393:Drivers/CMSIS/DSP/Source/FilteringFunctions/arm_conv_fast_q15.c ****         /* Perform the multiply-accumulates */
 394:Drivers/CMSIS/DSP/Source/FilteringFunctions/arm_conv_fast_q15.c ****         acc0 = __SMLADX(x0, c0, acc0);
 491              		.loc 1 394 9 is_stmt 1 view .LVU191
 492              	.LBB82:
 493              	.LBI82:
 904:Drivers/CMSIS/DSP/Include/arm_math.h ****   uint32_t x,
 494              		.loc 2 904 41 view .LVU192
 495              	.LBB83:
 909:Drivers/CMSIS/DSP/Include/arm_math.h ****                        ((((q31_t)x      ) >> 16) * (((q31_t)y << 16) >> 16)) +
 496              		.loc 2 909 5 view .LVU193
 909:Drivers/CMSIS/DSP/Include/arm_math.h ****                        ((((q31_t)x      ) >> 16) * (((q31_t)y << 16) >> 16)) +
 497              		.loc 2 909 70 is_stmt 0 view .LVU194
 498 0172 1F14     		asrs	r7, r3, #16
 499              		.loc 2 910 70 view .LVU195
 500 0174 1BB2     		sxth	r3, r3
 501              	.LVL67:
 502              		.loc 2 910 50 view .LVU196
 503 0176 03FB04F1 		mul	r1, r3, r4
 504              	.LVL68:
 909:Drivers/CMSIS/DSP/Include/arm_math.h ****                        ((((q31_t)x      ) >> 16) * (((q31_t)y << 16) >> 16)) +
 505              		.loc 2 909 78 view .LVU197
 506 017a 07FB0911 		mla	r1, r7, r9, r1
 507              		.loc 2 910 78 view .LVU198
 508 017e 8E44     		add	lr, lr, r1
 509              	.LVL69:
 510              		.loc 2 910 78 view .LVU199
 511              	.LBE83:
 512              	.LBE82:
 395:Drivers/CMSIS/DSP/Source/FilteringFunctions/arm_conv_fast_q15.c ****         acc1 = __SMLADX(x1, c0, acc1);
 513              		.loc 1 395 9 is_stmt 1 view .LVU200
 514              	.LBB84:
 515              	.LBI84:
 904:Drivers/CMSIS/DSP/Include/arm_math.h ****   uint32_t x,
 516              		.loc 2 904 41 view .LVU201
ARM GAS  C:\Users\Lamp\AppData\Local\Temp\cc1YK7pm.s 			page 34


 517              	.LBB85:
 909:Drivers/CMSIS/DSP/Include/arm_math.h ****                        ((((q31_t)x      ) >> 16) * (((q31_t)y << 16) >> 16)) +
 518              		.loc 2 909 5 view .LVU202
 519              		.loc 2 910 50 is_stmt 0 view .LVU203
 520 0180 03FB06F1 		mul	r1, r3, r6
 909:Drivers/CMSIS/DSP/Include/arm_math.h ****                        ((((q31_t)x      ) >> 16) * (((q31_t)y << 16) >> 16)) +
 521              		.loc 2 909 78 view .LVU204
 522 0184 0098     		ldr	r0, [sp]
 523 0186 07FB0011 		mla	r1, r7, r0, r1
 524              		.loc 2 910 78 view .LVU205
 525 018a 8844     		add	r8, r8, r1
 526              	.LVL70:
 527              		.loc 2 910 78 view .LVU206
 528              	.LBE85:
 529              	.LBE84:
 396:Drivers/CMSIS/DSP/Source/FilteringFunctions/arm_conv_fast_q15.c ****         acc2 = __SMLADX(x3, c0, acc2);
 530              		.loc 1 396 9 is_stmt 1 view .LVU207
 531              	.LBB86:
 532              	.LBI86:
 904:Drivers/CMSIS/DSP/Include/arm_math.h ****   uint32_t x,
 533              		.loc 2 904 41 view .LVU208
 534              	.LBB87:
 909:Drivers/CMSIS/DSP/Include/arm_math.h ****                        ((((q31_t)x      ) >> 16) * (((q31_t)y << 16) >> 16)) +
 535              		.loc 2 909 5 view .LVU209
 909:Drivers/CMSIS/DSP/Include/arm_math.h ****                        ((((q31_t)x      ) >> 16) * (((q31_t)y << 16) >> 16)) +
 536              		.loc 2 909 43 is_stmt 0 view .LVU210
 537 018c 0FFA8CF0 		sxth	r0, ip
 538              		.loc 2 910 43 view .LVU211
 539 0190 4FEA2C41 		asr	r1, ip, #16
 540              		.loc 2 910 50 view .LVU212
 541 0194 03FB01F1 		mul	r1, r3, r1
 909:Drivers/CMSIS/DSP/Include/arm_math.h ****                        ((((q31_t)x      ) >> 16) * (((q31_t)y << 16) >> 16)) +
 542              		.loc 2 909 78 view .LVU213
 543 0198 07FB0011 		mla	r1, r7, r0, r1
 544              		.loc 2 910 78 view .LVU214
 545 019c 8A44     		add	r10, r10, r1
 546              	.LVL71:
 547              		.loc 2 910 78 view .LVU215
 548              	.LBE87:
 549              	.LBE86:
 397:Drivers/CMSIS/DSP/Source/FilteringFunctions/arm_conv_fast_q15.c ****         acc3 = __SMLADX(x2, c0, acc3);
 550              		.loc 1 397 9 is_stmt 1 view .LVU216
 551              	.LBB88:
 552              	.LBI88:
 904:Drivers/CMSIS/DSP/Include/arm_math.h ****   uint32_t x,
 553              		.loc 2 904 41 view .LVU217
 554              	.LBB89:
 909:Drivers/CMSIS/DSP/Include/arm_math.h ****                        ((((q31_t)x      ) >> 16) * (((q31_t)y << 16) >> 16)) +
 555              		.loc 2 909 5 view .LVU218
 909:Drivers/CMSIS/DSP/Include/arm_math.h ****                        ((((q31_t)x      ) >> 16) * (((q31_t)y << 16) >> 16)) +
 556              		.loc 2 909 43 is_stmt 0 view .LVU219
 557 019e 0299     		ldr	r1, [sp, #8]
 558 01a0 08B2     		sxth	r0, r1
 559              		.loc 2 910 43 view .LVU220
 560 01a2 0914     		asrs	r1, r1, #16
 561              		.loc 2 910 50 view .LVU221
 562 01a4 03FB01F1 		mul	r1, r3, r1
ARM GAS  C:\Users\Lamp\AppData\Local\Temp\cc1YK7pm.s 			page 35


 909:Drivers/CMSIS/DSP/Include/arm_math.h ****                        ((((q31_t)x      ) >> 16) * (((q31_t)y << 16) >> 16)) +
 563              		.loc 2 909 78 view .LVU222
 564 01a8 07FB0011 		mla	r1, r7, r0, r1
 565              		.loc 2 910 78 view .LVU223
 566 01ac 8B44     		add	fp, fp, r1
 567              	.LVL72:
 568              		.loc 2 910 78 view .LVU224
 569 01ae 8BE0     		b	.L17
 570              	.LVL73:
 571              	.L18:
 572              		.loc 2 910 78 view .LVU225
 573              	.LBE89:
 574              	.LBE88:
 398:Drivers/CMSIS/DSP/Source/FilteringFunctions/arm_conv_fast_q15.c ****       }
 399:Drivers/CMSIS/DSP/Source/FilteringFunctions/arm_conv_fast_q15.c **** 
 400:Drivers/CMSIS/DSP/Source/FilteringFunctions/arm_conv_fast_q15.c ****       if (k == 3U)
 401:Drivers/CMSIS/DSP/Source/FilteringFunctions/arm_conv_fast_q15.c ****       {
 402:Drivers/CMSIS/DSP/Source/FilteringFunctions/arm_conv_fast_q15.c ****         /* Read y[srcBLen - 5], y[srcBLen - 6] */
 403:Drivers/CMSIS/DSP/Source/FilteringFunctions/arm_conv_fast_q15.c ****         c0 = _SIMD32_OFFSET(py);
 404:Drivers/CMSIS/DSP/Source/FilteringFunctions/arm_conv_fast_q15.c **** 
 405:Drivers/CMSIS/DSP/Source/FilteringFunctions/arm_conv_fast_q15.c ****         /* Read x[7], x[8] */
 406:Drivers/CMSIS/DSP/Source/FilteringFunctions/arm_conv_fast_q15.c ****         x3 = *__SIMD32(px);
 407:Drivers/CMSIS/DSP/Source/FilteringFunctions/arm_conv_fast_q15.c **** 
 408:Drivers/CMSIS/DSP/Source/FilteringFunctions/arm_conv_fast_q15.c ****         /* Read x[9] */
 409:Drivers/CMSIS/DSP/Source/FilteringFunctions/arm_conv_fast_q15.c ****         x2 = _SIMD32_OFFSET(px+1);
 410:Drivers/CMSIS/DSP/Source/FilteringFunctions/arm_conv_fast_q15.c **** 
 411:Drivers/CMSIS/DSP/Source/FilteringFunctions/arm_conv_fast_q15.c ****         /* Perform the multiply-accumulates */
 412:Drivers/CMSIS/DSP/Source/FilteringFunctions/arm_conv_fast_q15.c ****         acc0 = __SMLADX(x0, c0, acc0);
 413:Drivers/CMSIS/DSP/Source/FilteringFunctions/arm_conv_fast_q15.c ****         acc1 = __SMLADX(x1, c0, acc1);
 414:Drivers/CMSIS/DSP/Source/FilteringFunctions/arm_conv_fast_q15.c ****         acc2 = __SMLADX(x3, c0, acc2);
 415:Drivers/CMSIS/DSP/Source/FilteringFunctions/arm_conv_fast_q15.c ****         acc3 = __SMLADX(x2, c0, acc3);
 416:Drivers/CMSIS/DSP/Source/FilteringFunctions/arm_conv_fast_q15.c **** 
 417:Drivers/CMSIS/DSP/Source/FilteringFunctions/arm_conv_fast_q15.c ****         /* Read y[srcBLen - 7] */
 418:Drivers/CMSIS/DSP/Source/FilteringFunctions/arm_conv_fast_q15.c **** 		c0 = *(py-1);
 419:Drivers/CMSIS/DSP/Source/FilteringFunctions/arm_conv_fast_q15.c **** #ifdef  ARM_MATH_BIG_ENDIAN
 420:Drivers/CMSIS/DSP/Source/FilteringFunctions/arm_conv_fast_q15.c **** 
 421:Drivers/CMSIS/DSP/Source/FilteringFunctions/arm_conv_fast_q15.c ****         c0 = c0 << 16U;
 422:Drivers/CMSIS/DSP/Source/FilteringFunctions/arm_conv_fast_q15.c **** #else
 423:Drivers/CMSIS/DSP/Source/FilteringFunctions/arm_conv_fast_q15.c **** 
 424:Drivers/CMSIS/DSP/Source/FilteringFunctions/arm_conv_fast_q15.c ****         c0 = c0 & 0x0000FFFF;
 425:Drivers/CMSIS/DSP/Source/FilteringFunctions/arm_conv_fast_q15.c **** #endif /*      #ifdef  ARM_MATH_BIG_ENDIAN     */
 426:Drivers/CMSIS/DSP/Source/FilteringFunctions/arm_conv_fast_q15.c **** 
 427:Drivers/CMSIS/DSP/Source/FilteringFunctions/arm_conv_fast_q15.c ****         /* Read x[10] */
 428:Drivers/CMSIS/DSP/Source/FilteringFunctions/arm_conv_fast_q15.c ****         x3 =  _SIMD32_OFFSET(px+2);
 429:Drivers/CMSIS/DSP/Source/FilteringFunctions/arm_conv_fast_q15.c **** 		px += 3U;
 430:Drivers/CMSIS/DSP/Source/FilteringFunctions/arm_conv_fast_q15.c **** 
 431:Drivers/CMSIS/DSP/Source/FilteringFunctions/arm_conv_fast_q15.c ****         /* Perform the multiply-accumulates */
 432:Drivers/CMSIS/DSP/Source/FilteringFunctions/arm_conv_fast_q15.c ****         acc0 = __SMLADX(x1, c0, acc0);
 433:Drivers/CMSIS/DSP/Source/FilteringFunctions/arm_conv_fast_q15.c ****         acc1 = __SMLAD(x2, c0, acc1);
 434:Drivers/CMSIS/DSP/Source/FilteringFunctions/arm_conv_fast_q15.c ****         acc2 = __SMLADX(x2, c0, acc2);
 435:Drivers/CMSIS/DSP/Source/FilteringFunctions/arm_conv_fast_q15.c ****         acc3 = __SMLADX(x3, c0, acc3);
 436:Drivers/CMSIS/DSP/Source/FilteringFunctions/arm_conv_fast_q15.c ****       }
 437:Drivers/CMSIS/DSP/Source/FilteringFunctions/arm_conv_fast_q15.c **** 
 438:Drivers/CMSIS/DSP/Source/FilteringFunctions/arm_conv_fast_q15.c ****       /* Store the results in the accumulators in the destination buffer. */
 439:Drivers/CMSIS/DSP/Source/FilteringFunctions/arm_conv_fast_q15.c **** #ifndef ARM_MATH_BIG_ENDIAN
 440:Drivers/CMSIS/DSP/Source/FilteringFunctions/arm_conv_fast_q15.c **** 
 441:Drivers/CMSIS/DSP/Source/FilteringFunctions/arm_conv_fast_q15.c ****       *__SIMD32(pOut)++ = __PKHBT((acc0 >> 15), (acc1 >> 15), 16);
ARM GAS  C:\Users\Lamp\AppData\Local\Temp\cc1YK7pm.s 			page 36


 575              		.loc 1 441 7 is_stmt 1 view .LVU226
 576              		.loc 1 441 27 is_stmt 0 view .LVU227
 577 01b0 CEF3CF33 		ubfx	r3, lr, #15, #16
 578 01b4 4FEAE832 		asr	r2, r8, #15
 579              	.LVL74:
 580              		.loc 1 441 27 view .LVU228
 581 01b8 43EA0243 		orr	r3, r3, r2, lsl #16
 582              		.loc 1 441 25 view .LVU229
 583 01bc 149A     		ldr	r2, [sp, #80]
 584 01be 42F8083B 		str	r3, [r2], #8
 585              	.LVL75:
 442:Drivers/CMSIS/DSP/Source/FilteringFunctions/arm_conv_fast_q15.c ****       *__SIMD32(pOut)++ = __PKHBT((acc2 >> 15), (acc3 >> 15), 16);
 586              		.loc 1 442 7 is_stmt 1 view .LVU230
 587              		.loc 1 442 27 is_stmt 0 view .LVU231
 588 01c2 CAF3CF3A 		ubfx	r10, r10, #15, #16
 589              	.LVL76:
 590              		.loc 1 442 27 view .LVU232
 591 01c6 4FEAEB3B 		asr	fp, fp, #15
 592              	.LVL77:
 593              		.loc 1 442 27 view .LVU233
 594 01ca 4AEA0B43 		orr	r3, r10, fp, lsl #16
 595              		.loc 1 442 25 view .LVU234
 596 01ce 1499     		ldr	r1, [sp, #80]
 597 01d0 4B60     		str	r3, [r1, #4]
 443:Drivers/CMSIS/DSP/Source/FilteringFunctions/arm_conv_fast_q15.c **** 
 444:Drivers/CMSIS/DSP/Source/FilteringFunctions/arm_conv_fast_q15.c **** #else
 445:Drivers/CMSIS/DSP/Source/FilteringFunctions/arm_conv_fast_q15.c **** 
 446:Drivers/CMSIS/DSP/Source/FilteringFunctions/arm_conv_fast_q15.c ****       *__SIMD32(pOut)++ = __PKHBT((acc1 >> 15), (acc0 >> 15), 16);
 447:Drivers/CMSIS/DSP/Source/FilteringFunctions/arm_conv_fast_q15.c ****       *__SIMD32(pOut)++ = __PKHBT((acc3 >> 15), (acc2 >> 15), 16);
 448:Drivers/CMSIS/DSP/Source/FilteringFunctions/arm_conv_fast_q15.c **** 
 449:Drivers/CMSIS/DSP/Source/FilteringFunctions/arm_conv_fast_q15.c **** #endif /*      #ifndef  ARM_MATH_BIG_ENDIAN    */
 450:Drivers/CMSIS/DSP/Source/FilteringFunctions/arm_conv_fast_q15.c **** 
 451:Drivers/CMSIS/DSP/Source/FilteringFunctions/arm_conv_fast_q15.c ****       /* Increment the pointer pIn1 index, count by 4 */
 452:Drivers/CMSIS/DSP/Source/FilteringFunctions/arm_conv_fast_q15.c ****       count += 4U;
 598              		.loc 1 452 7 is_stmt 1 view .LVU235
 599              		.loc 1 452 13 is_stmt 0 view .LVU236
 600 01d2 079B     		ldr	r3, [sp, #28]
 601 01d4 0433     		adds	r3, r3, #4
 602 01d6 0793     		str	r3, [sp, #28]
 603              	.LVL78:
 453:Drivers/CMSIS/DSP/Source/FilteringFunctions/arm_conv_fast_q15.c **** 
 454:Drivers/CMSIS/DSP/Source/FilteringFunctions/arm_conv_fast_q15.c ****       /* Update the inputA and inputB pointers for next MAC calculation */
 455:Drivers/CMSIS/DSP/Source/FilteringFunctions/arm_conv_fast_q15.c ****       px = pIn1 + count;
 604              		.loc 1 455 7 is_stmt 1 view .LVU237
 605              		.loc 1 455 17 is_stmt 0 view .LVU238
 606 01d8 0499     		ldr	r1, [sp, #16]
 607 01da 01EB4303 		add	r3, r1, r3, lsl #1
 608              	.LVL79:
 456:Drivers/CMSIS/DSP/Source/FilteringFunctions/arm_conv_fast_q15.c ****       py = pSrc2;
 609              		.loc 1 456 7 is_stmt 1 view .LVU239
 457:Drivers/CMSIS/DSP/Source/FilteringFunctions/arm_conv_fast_q15.c **** 
 458:Drivers/CMSIS/DSP/Source/FilteringFunctions/arm_conv_fast_q15.c ****       /* Decrement the loop counter */
 459:Drivers/CMSIS/DSP/Source/FilteringFunctions/arm_conv_fast_q15.c ****       blkCnt--;
 610              		.loc 1 459 7 view .LVU240
 611              		.loc 1 459 13 is_stmt 0 view .LVU241
 612 01de 0699     		ldr	r1, [sp, #24]
 613 01e0 0139     		subs	r1, r1, #1
ARM GAS  C:\Users\Lamp\AppData\Local\Temp\cc1YK7pm.s 			page 37


 614 01e2 0691     		str	r1, [sp, #24]
 615              	.LVL80:
 442:Drivers/CMSIS/DSP/Source/FilteringFunctions/arm_conv_fast_q15.c **** 
 616              		.loc 1 442 22 view .LVU242
 617 01e4 1492     		str	r2, [sp, #80]
 618              	.LVL81:
 619              	.L14:
 277:Drivers/CMSIS/DSP/Source/FilteringFunctions/arm_conv_fast_q15.c ****     {
 620              		.loc 1 277 19 is_stmt 1 view .LVU243
 621 01e6 069A     		ldr	r2, [sp, #24]
 622 01e8 002A     		cmp	r2, #0
 623 01ea 00F0A280 		beq	.L46
 279:Drivers/CMSIS/DSP/Source/FilteringFunctions/arm_conv_fast_q15.c **** 
 624              		.loc 1 279 7 view .LVU244
 279:Drivers/CMSIS/DSP/Source/FilteringFunctions/arm_conv_fast_q15.c **** 
 625              		.loc 1 279 15 is_stmt 0 view .LVU245
 626 01ee 039A     		ldr	r2, [sp, #12]
 627 01f0 A2F1020C 		sub	ip, r2, #2
 628              	.LVL82:
 282:Drivers/CMSIS/DSP/Source/FilteringFunctions/arm_conv_fast_q15.c ****       acc1 = 0;
 629              		.loc 1 282 7 is_stmt 1 view .LVU246
 283:Drivers/CMSIS/DSP/Source/FilteringFunctions/arm_conv_fast_q15.c ****       acc2 = 0;
 630              		.loc 1 283 7 view .LVU247
 284:Drivers/CMSIS/DSP/Source/FilteringFunctions/arm_conv_fast_q15.c ****       acc3 = 0;
 631              		.loc 1 284 7 view .LVU248
 285:Drivers/CMSIS/DSP/Source/FilteringFunctions/arm_conv_fast_q15.c **** 
 632              		.loc 1 285 7 view .LVU249
 289:Drivers/CMSIS/DSP/Source/FilteringFunctions/arm_conv_fast_q15.c ****       /* read x[1], x[2] samples */
 633              		.loc 1 289 7 view .LVU250
 289:Drivers/CMSIS/DSP/Source/FilteringFunctions/arm_conv_fast_q15.c ****       /* read x[1], x[2] samples */
 634              		.loc 1 289 10 is_stmt 0 view .LVU251
 635 01f4 1968     		ldr	r1, [r3]
 636              	.LVL83:
 291:Drivers/CMSIS/DSP/Source/FilteringFunctions/arm_conv_fast_q15.c **** 	  px+= 2U;
 637              		.loc 1 291 7 is_stmt 1 view .LVU252
 291:Drivers/CMSIS/DSP/Source/FilteringFunctions/arm_conv_fast_q15.c **** 	  px+= 2U;
 638              		.loc 1 291 10 is_stmt 0 view .LVU253
 639 01f6 D3F80220 		ldr	r2, [r3, #2]
 640              	.LVL84:
 292:Drivers/CMSIS/DSP/Source/FilteringFunctions/arm_conv_fast_q15.c **** 
 641              		.loc 1 292 4 is_stmt 1 view .LVU254
 292:Drivers/CMSIS/DSP/Source/FilteringFunctions/arm_conv_fast_q15.c **** 
 642              		.loc 1 292 6 is_stmt 0 view .LVU255
 643 01fa 1D1D     		adds	r5, r3, #4
 644              	.LVL85:
 296:Drivers/CMSIS/DSP/Source/FilteringFunctions/arm_conv_fast_q15.c **** 
 645              		.loc 1 296 7 is_stmt 1 view .LVU256
 296:Drivers/CMSIS/DSP/Source/FilteringFunctions/arm_conv_fast_q15.c **** 
 646              		.loc 1 296 9 is_stmt 0 view .LVU257
 647 01fc 059B     		ldr	r3, [sp, #20]
 648 01fe 9B08     		lsrs	r3, r3, #2
 649 0200 0093     		str	r3, [sp]
 650              	.LVL86:
 285:Drivers/CMSIS/DSP/Source/FilteringFunctions/arm_conv_fast_q15.c **** 
 651              		.loc 1 285 12 view .LVU258
 652 0202 4FF0000B 		mov	fp, #0
 284:Drivers/CMSIS/DSP/Source/FilteringFunctions/arm_conv_fast_q15.c ****       acc3 = 0;
ARM GAS  C:\Users\Lamp\AppData\Local\Temp\cc1YK7pm.s 			page 38


 653              		.loc 1 284 12 view .LVU259
 654 0206 DA46     		mov	r10, fp
 283:Drivers/CMSIS/DSP/Source/FilteringFunctions/arm_conv_fast_q15.c ****       acc2 = 0;
 655              		.loc 1 283 12 view .LVU260
 656 0208 D846     		mov	r8, fp
 282:Drivers/CMSIS/DSP/Source/FilteringFunctions/arm_conv_fast_q15.c ****       acc1 = 0;
 657              		.loc 1 282 12 view .LVU261
 658 020a DE46     		mov	lr, fp
 659 020c E146     		mov	r9, ip
 660 020e 0F46     		mov	r7, r1
 661              	.LVL87:
 662              	.L15:
 300:Drivers/CMSIS/DSP/Source/FilteringFunctions/arm_conv_fast_q15.c ****       {
 663              		.loc 1 300 7 is_stmt 1 view .LVU262
 304:Drivers/CMSIS/DSP/Source/FilteringFunctions/arm_conv_fast_q15.c **** 
 664              		.loc 1 304 9 view .LVU263
 304:Drivers/CMSIS/DSP/Source/FilteringFunctions/arm_conv_fast_q15.c **** 
 665              		.loc 1 304 12 is_stmt 0 view .LVU264
 666 0210 D9F80010 		ldr	r1, [r9]
 667              	.LVL88:
 307:Drivers/CMSIS/DSP/Source/FilteringFunctions/arm_conv_fast_q15.c **** 
 668              		.loc 1 307 9 is_stmt 1 view .LVU265
 669              	.LBB90:
 670              	.LBI90:
 904:Drivers/CMSIS/DSP/Include/arm_math.h ****   uint32_t x,
 671              		.loc 2 904 41 view .LVU266
 672              	.LBB91:
 909:Drivers/CMSIS/DSP/Include/arm_math.h ****                        ((((q31_t)x      ) >> 16) * (((q31_t)y << 16) >> 16)) +
 673              		.loc 2 909 5 view .LVU267
 909:Drivers/CMSIS/DSP/Include/arm_math.h ****                        ((((q31_t)x      ) >> 16) * (((q31_t)y << 16) >> 16)) +
 674              		.loc 2 909 43 is_stmt 0 view .LVU268
 675 0214 3BB2     		sxth	r3, r7
 909:Drivers/CMSIS/DSP/Include/arm_math.h ****                        ((((q31_t)x      ) >> 16) * (((q31_t)y << 16) >> 16)) +
 676              		.loc 2 909 70 view .LVU269
 677 0216 0E14     		asrs	r6, r1, #16
 678              		.loc 2 910 43 view .LVU270
 679 0218 3F14     		asrs	r7, r7, #16
 680              		.loc 2 910 70 view .LVU271
 681 021a 09B2     		sxth	r1, r1
 682              	.LVL89:
 683              		.loc 2 910 50 view .LVU272
 684 021c 01FB07F7 		mul	r7, r1, r7
 909:Drivers/CMSIS/DSP/Include/arm_math.h ****                        ((((q31_t)x      ) >> 16) * (((q31_t)y << 16) >> 16)) +
 685              		.loc 2 909 78 view .LVU273
 686 0220 06FB0377 		mla	r7, r6, r3, r7
 687              		.loc 2 910 78 view .LVU274
 688 0224 BE44     		add	lr, lr, r7
 689              	.LVL90:
 690              		.loc 2 910 78 view .LVU275
 691              	.LBE91:
 692              	.LBE90:
 310:Drivers/CMSIS/DSP/Source/FilteringFunctions/arm_conv_fast_q15.c **** 
 693              		.loc 1 310 9 is_stmt 1 view .LVU276
 694              	.LBB92:
 695              	.LBI92:
 904:Drivers/CMSIS/DSP/Include/arm_math.h ****   uint32_t x,
 696              		.loc 2 904 41 view .LVU277
ARM GAS  C:\Users\Lamp\AppData\Local\Temp\cc1YK7pm.s 			page 39


 697              	.LBB93:
 909:Drivers/CMSIS/DSP/Include/arm_math.h ****                        ((((q31_t)x      ) >> 16) * (((q31_t)y << 16) >> 16)) +
 698              		.loc 2 909 5 view .LVU278
 909:Drivers/CMSIS/DSP/Include/arm_math.h ****                        ((((q31_t)x      ) >> 16) * (((q31_t)y << 16) >> 16)) +
 699              		.loc 2 909 43 is_stmt 0 view .LVU279
 700 0226 13B2     		sxth	r3, r2
 701              		.loc 2 910 43 view .LVU280
 702 0228 1214     		asrs	r2, r2, #16
 703              		.loc 2 910 50 view .LVU281
 704 022a 01FB02F2 		mul	r2, r1, r2
 909:Drivers/CMSIS/DSP/Include/arm_math.h ****                        ((((q31_t)x      ) >> 16) * (((q31_t)y << 16) >> 16)) +
 705              		.loc 2 909 78 view .LVU282
 706 022e 06FB0322 		mla	r2, r6, r3, r2
 707              		.loc 2 910 78 view .LVU283
 708 0232 9044     		add	r8, r8, r2
 709              	.LVL91:
 710              		.loc 2 910 78 view .LVU284
 711              	.LBE93:
 712              	.LBE92:
 313:Drivers/CMSIS/DSP/Source/FilteringFunctions/arm_conv_fast_q15.c **** 
 713              		.loc 1 313 9 is_stmt 1 view .LVU285
 313:Drivers/CMSIS/DSP/Source/FilteringFunctions/arm_conv_fast_q15.c **** 
 714              		.loc 1 313 12 is_stmt 0 view .LVU286
 715 0234 2B68     		ldr	r3, [r5]
 716              	.LVL92:
 316:Drivers/CMSIS/DSP/Source/FilteringFunctions/arm_conv_fast_q15.c **** 
 717              		.loc 1 316 9 is_stmt 1 view .LVU287
 316:Drivers/CMSIS/DSP/Source/FilteringFunctions/arm_conv_fast_q15.c **** 
 718              		.loc 1 316 12 is_stmt 0 view .LVU288
 719 0236 D5F80240 		ldr	r4, [r5, #2]
 720              	.LVL93:
 319:Drivers/CMSIS/DSP/Source/FilteringFunctions/arm_conv_fast_q15.c **** 
 721              		.loc 1 319 9 is_stmt 1 view .LVU289
 722              	.LBB94:
 723              	.LBI94:
 904:Drivers/CMSIS/DSP/Include/arm_math.h ****   uint32_t x,
 724              		.loc 2 904 41 view .LVU290
 725              	.LBB95:
 909:Drivers/CMSIS/DSP/Include/arm_math.h ****                        ((((q31_t)x      ) >> 16) * (((q31_t)y << 16) >> 16)) +
 726              		.loc 2 909 5 view .LVU291
 909:Drivers/CMSIS/DSP/Include/arm_math.h ****                        ((((q31_t)x      ) >> 16) * (((q31_t)y << 16) >> 16)) +
 727              		.loc 2 909 43 is_stmt 0 view .LVU292
 728 023a 0FFA83FC 		sxth	ip, r3
 729              		.loc 2 910 43 view .LVU293
 730 023e 1A14     		asrs	r2, r3, #16
 731              		.loc 2 910 50 view .LVU294
 732 0240 01FB02F3 		mul	r3, r1, r2
 733              	.LVL94:
 909:Drivers/CMSIS/DSP/Include/arm_math.h ****                        ((((q31_t)x      ) >> 16) * (((q31_t)y << 16) >> 16)) +
 734              		.loc 2 909 78 view .LVU295
 735 0244 06FB0C33 		mla	r3, r6, ip, r3
 736              		.loc 2 910 78 view .LVU296
 737 0248 9A44     		add	r10, r10, r3
 738              	.LVL95:
 739              		.loc 2 910 78 view .LVU297
 740              	.LBE95:
 741              	.LBE94:
ARM GAS  C:\Users\Lamp\AppData\Local\Temp\cc1YK7pm.s 			page 40


 322:Drivers/CMSIS/DSP/Source/FilteringFunctions/arm_conv_fast_q15.c **** 
 742              		.loc 1 322 9 is_stmt 1 view .LVU298
 743              	.LBB96:
 744              	.LBI96:
 904:Drivers/CMSIS/DSP/Include/arm_math.h ****   uint32_t x,
 745              		.loc 2 904 41 view .LVU299
 746              	.LBB97:
 909:Drivers/CMSIS/DSP/Include/arm_math.h ****                        ((((q31_t)x      ) >> 16) * (((q31_t)y << 16) >> 16)) +
 747              		.loc 2 909 5 view .LVU300
 909:Drivers/CMSIS/DSP/Include/arm_math.h ****                        ((((q31_t)x      ) >> 16) * (((q31_t)y << 16) >> 16)) +
 748              		.loc 2 909 43 is_stmt 0 view .LVU301
 749 024a 27B2     		sxth	r7, r4
 750              		.loc 2 910 43 view .LVU302
 751 024c 2414     		asrs	r4, r4, #16
 752              	.LVL96:
 753              		.loc 2 910 50 view .LVU303
 754 024e 01FB04F0 		mul	r0, r1, r4
 909:Drivers/CMSIS/DSP/Include/arm_math.h ****                        ((((q31_t)x      ) >> 16) * (((q31_t)y << 16) >> 16)) +
 755              		.loc 2 909 78 view .LVU304
 756 0252 06FB0700 		mla	r0, r6, r7, r0
 757              		.loc 2 910 78 view .LVU305
 758 0256 5844     		add	r0, r0, fp
 759              	.LVL97:
 760              		.loc 2 910 78 view .LVU306
 761              	.LBE97:
 762              	.LBE96:
 325:Drivers/CMSIS/DSP/Source/FilteringFunctions/arm_conv_fast_q15.c **** 
 763              		.loc 1 325 9 is_stmt 1 view .LVU307
 764 0258 4B46     		mov	r3, r9
 765 025a CDF80490 		str	r9, [sp, #4]
 325:Drivers/CMSIS/DSP/Source/FilteringFunctions/arm_conv_fast_q15.c **** 
 766              		.loc 1 325 27 is_stmt 0 view .LVU308
 767 025e A9F10809 		sub	r9, r9, #8
 768              	.LVL98:
 325:Drivers/CMSIS/DSP/Source/FilteringFunctions/arm_conv_fast_q15.c **** 
 769              		.loc 1 325 12 view .LVU309
 770 0262 53F8043C 		ldr	r3, [r3, #-4]
 771              	.LVL99:
 328:Drivers/CMSIS/DSP/Source/FilteringFunctions/arm_conv_fast_q15.c **** 
 772              		.loc 1 328 9 is_stmt 1 view .LVU310
 773              	.LBB98:
 774              	.LBI98:
 904:Drivers/CMSIS/DSP/Include/arm_math.h ****   uint32_t x,
 775              		.loc 2 904 41 view .LVU311
 776              	.LBB99:
 909:Drivers/CMSIS/DSP/Include/arm_math.h ****                        ((((q31_t)x      ) >> 16) * (((q31_t)y << 16) >> 16)) +
 777              		.loc 2 909 5 view .LVU312
 909:Drivers/CMSIS/DSP/Include/arm_math.h ****                        ((((q31_t)x      ) >> 16) * (((q31_t)y << 16) >> 16)) +
 778              		.loc 2 909 70 is_stmt 0 view .LVU313
 779 0266 4FEA234B 		asr	fp, r3, #16
 780              		.loc 2 910 70 view .LVU314
 781 026a 1BB2     		sxth	r3, r3
 782              	.LVL100:
 783              		.loc 2 910 50 view .LVU315
 784 026c 03FB02F2 		mul	r2, r3, r2
 909:Drivers/CMSIS/DSP/Include/arm_math.h ****                        ((((q31_t)x      ) >> 16) * (((q31_t)y << 16) >> 16)) +
 785              		.loc 2 909 78 view .LVU316
ARM GAS  C:\Users\Lamp\AppData\Local\Temp\cc1YK7pm.s 			page 41


 786 0270 0CFB0B22 		mla	r2, ip, fp, r2
 787              		.loc 2 910 78 view .LVU317
 788 0274 9644     		add	lr, lr, r2
 789              	.LVL101:
 790              		.loc 2 910 78 view .LVU318
 791              	.LBE99:
 792              	.LBE98:
 331:Drivers/CMSIS/DSP/Source/FilteringFunctions/arm_conv_fast_q15.c **** 
 793              		.loc 1 331 9 is_stmt 1 view .LVU319
 794              	.LBB100:
 795              	.LBI100:
 904:Drivers/CMSIS/DSP/Include/arm_math.h ****   uint32_t x,
 796              		.loc 2 904 41 view .LVU320
 797              	.LBB101:
 909:Drivers/CMSIS/DSP/Include/arm_math.h ****                        ((((q31_t)x      ) >> 16) * (((q31_t)y << 16) >> 16)) +
 798              		.loc 2 909 5 view .LVU321
 799              		.loc 2 910 50 is_stmt 0 view .LVU322
 800 0276 03FB04F4 		mul	r4, r3, r4
 909:Drivers/CMSIS/DSP/Include/arm_math.h ****                        ((((q31_t)x      ) >> 16) * (((q31_t)y << 16) >> 16)) +
 801              		.loc 2 909 78 view .LVU323
 802 027a 07FB0B44 		mla	r4, r7, fp, r4
 803              		.loc 2 910 78 view .LVU324
 804 027e A044     		add	r8, r8, r4
 805              	.LVL102:
 806              		.loc 2 910 78 view .LVU325
 807              	.LBE101:
 808              	.LBE100:
 334:Drivers/CMSIS/DSP/Source/FilteringFunctions/arm_conv_fast_q15.c **** 
 809              		.loc 1 334 9 is_stmt 1 view .LVU326
 334:Drivers/CMSIS/DSP/Source/FilteringFunctions/arm_conv_fast_q15.c **** 
 810              		.loc 1 334 12 is_stmt 0 view .LVU327
 811 0280 6F68     		ldr	r7, [r5, #4]
 337:Drivers/CMSIS/DSP/Source/FilteringFunctions/arm_conv_fast_q15.c **** 		px += 4U;
 812              		.loc 1 337 9 is_stmt 1 view .LVU328
 813              	.LVL103:
 337:Drivers/CMSIS/DSP/Source/FilteringFunctions/arm_conv_fast_q15.c **** 		px += 4U;
 814              		.loc 1 337 12 is_stmt 0 view .LVU329
 815 0282 D5F80620 		ldr	r2, [r5, #6]
 338:Drivers/CMSIS/DSP/Source/FilteringFunctions/arm_conv_fast_q15.c **** 
 816              		.loc 1 338 3 is_stmt 1 view .LVU330
 817 0286 0295     		str	r5, [sp, #8]
 818              	.LVL104:
 338:Drivers/CMSIS/DSP/Source/FilteringFunctions/arm_conv_fast_q15.c **** 
 819              		.loc 1 338 6 is_stmt 0 view .LVU331
 820 0288 0835     		adds	r5, r5, #8
 821              	.LVL105:
 341:Drivers/CMSIS/DSP/Source/FilteringFunctions/arm_conv_fast_q15.c **** 
 822              		.loc 1 341 9 is_stmt 1 view .LVU332
 823              	.LBB102:
 824              	.LBI102:
 904:Drivers/CMSIS/DSP/Include/arm_math.h ****   uint32_t x,
 825              		.loc 2 904 41 view .LVU333
 826              	.LBB103:
 909:Drivers/CMSIS/DSP/Include/arm_math.h ****                        ((((q31_t)x      ) >> 16) * (((q31_t)y << 16) >> 16)) +
 827              		.loc 2 909 5 view .LVU334
 909:Drivers/CMSIS/DSP/Include/arm_math.h ****                        ((((q31_t)x      ) >> 16) * (((q31_t)y << 16) >> 16)) +
 828              		.loc 2 909 43 is_stmt 0 view .LVU335
ARM GAS  C:\Users\Lamp\AppData\Local\Temp\cc1YK7pm.s 			page 42


 829 028a 0FFA87FC 		sxth	ip, r7
 830              		.loc 2 910 43 view .LVU336
 831 028e 3C14     		asrs	r4, r7, #16
 832              		.loc 2 910 50 view .LVU337
 833 0290 03FB04F1 		mul	r1, r3, r4
 909:Drivers/CMSIS/DSP/Include/arm_math.h ****                        ((((q31_t)x      ) >> 16) * (((q31_t)y << 16) >> 16)) +
 834              		.loc 2 909 78 view .LVU338
 835 0294 0BFB0C11 		mla	r1, fp, ip, r1
 836              		.loc 2 910 78 view .LVU339
 837 0298 8A44     		add	r10, r10, r1
 838              	.LVL106:
 839              		.loc 2 910 78 view .LVU340
 840              	.LBE103:
 841              	.LBE102:
 344:Drivers/CMSIS/DSP/Source/FilteringFunctions/arm_conv_fast_q15.c **** 
 842              		.loc 1 344 9 is_stmt 1 view .LVU341
 843              	.LBB104:
 844              	.LBI104:
 904:Drivers/CMSIS/DSP/Include/arm_math.h ****   uint32_t x,
 845              		.loc 2 904 41 view .LVU342
 846              	.LBB105:
 909:Drivers/CMSIS/DSP/Include/arm_math.h ****                        ((((q31_t)x      ) >> 16) * (((q31_t)y << 16) >> 16)) +
 847              		.loc 2 909 5 view .LVU343
 909:Drivers/CMSIS/DSP/Include/arm_math.h ****                        ((((q31_t)x      ) >> 16) * (((q31_t)y << 16) >> 16)) +
 848              		.loc 2 909 43 is_stmt 0 view .LVU344
 849 029a 11B2     		sxth	r1, r2
 850              		.loc 2 910 43 view .LVU345
 851 029c 1614     		asrs	r6, r2, #16
 852              		.loc 2 910 50 view .LVU346
 853 029e 06FB03F3 		mul	r3, r6, r3
 909:Drivers/CMSIS/DSP/Include/arm_math.h ****                        ((((q31_t)x      ) >> 16) * (((q31_t)y << 16) >> 16)) +
 854              		.loc 2 909 78 view .LVU347
 855 02a2 0BFB0133 		mla	r3, fp, r1, r3
 856              		.loc 2 910 78 view .LVU348
 857 02a6 03EB000B 		add	fp, r3, r0
 858              	.LVL107:
 859              		.loc 2 910 78 view .LVU349
 860              	.LBE105:
 861              	.LBE104:
 346:Drivers/CMSIS/DSP/Source/FilteringFunctions/arm_conv_fast_q15.c **** 
 862              		.loc 1 346 16 is_stmt 1 discriminator 1 view .LVU350
 346:Drivers/CMSIS/DSP/Source/FilteringFunctions/arm_conv_fast_q15.c **** 
 863              		.loc 1 346 16 is_stmt 0 discriminator 1 view .LVU351
 864 02aa 009B     		ldr	r3, [sp]
 865 02ac 013B     		subs	r3, r3, #1
 866              	.LVL108:
 346:Drivers/CMSIS/DSP/Source/FilteringFunctions/arm_conv_fast_q15.c **** 
 867              		.loc 1 346 16 discriminator 1 view .LVU352
 868 02ae 0093     		str	r3, [sp]
 869 02b0 AED1     		bne	.L15
 353:Drivers/CMSIS/DSP/Source/FilteringFunctions/arm_conv_fast_q15.c **** 
 870              		.loc 1 353 9 view .LVU353
 871 02b2 0091     		str	r1, [sp]
 872 02b4 E146     		mov	r9, ip
 873              	.LVL109:
 353:Drivers/CMSIS/DSP/Source/FilteringFunctions/arm_conv_fast_q15.c **** 
 874              		.loc 1 353 7 is_stmt 1 view .LVU354
ARM GAS  C:\Users\Lamp\AppData\Local\Temp\cc1YK7pm.s 			page 43


 353:Drivers/CMSIS/DSP/Source/FilteringFunctions/arm_conv_fast_q15.c **** 
 875              		.loc 1 353 9 is_stmt 0 view .LVU355
 876 02b6 059B     		ldr	r3, [sp, #20]
 877              	.LVL110:
 353:Drivers/CMSIS/DSP/Source/FilteringFunctions/arm_conv_fast_q15.c **** 
 878              		.loc 1 353 9 view .LVU356
 879 02b8 03F00302 		and	r2, r3, #3
 880              	.LVL111:
 355:Drivers/CMSIS/DSP/Source/FilteringFunctions/arm_conv_fast_q15.c ****       {
 881              		.loc 1 355 7 is_stmt 1 view .LVU357
 355:Drivers/CMSIS/DSP/Source/FilteringFunctions/arm_conv_fast_q15.c ****       {
 882              		.loc 1 355 10 is_stmt 0 view .LVU358
 883 02bc 012A     		cmp	r2, #1
 884 02be 3FF43DAF 		beq	.L47
 885              	.LVL112:
 886              	.L16:
 381:Drivers/CMSIS/DSP/Source/FilteringFunctions/arm_conv_fast_q15.c ****       {
 887              		.loc 1 381 7 is_stmt 1 view .LVU359
 381:Drivers/CMSIS/DSP/Source/FilteringFunctions/arm_conv_fast_q15.c ****       {
 888              		.loc 1 381 10 is_stmt 0 view .LVU360
 889 02c2 022A     		cmp	r2, #2
 890 02c4 3FF44CAF 		beq	.L48
 891              	.LVL113:
 892              	.L17:
 400:Drivers/CMSIS/DSP/Source/FilteringFunctions/arm_conv_fast_q15.c ****       {
 893              		.loc 1 400 7 is_stmt 1 view .LVU361
 400:Drivers/CMSIS/DSP/Source/FilteringFunctions/arm_conv_fast_q15.c ****       {
 894              		.loc 1 400 10 is_stmt 0 view .LVU362
 895 02c8 032A     		cmp	r2, #3
 896 02ca 7FF471AF 		bne	.L18
 403:Drivers/CMSIS/DSP/Source/FilteringFunctions/arm_conv_fast_q15.c **** 
 897              		.loc 1 403 9 is_stmt 1 view .LVU363
 403:Drivers/CMSIS/DSP/Source/FilteringFunctions/arm_conv_fast_q15.c **** 
 898              		.loc 1 403 12 is_stmt 0 view .LVU364
 899 02ce 019B     		ldr	r3, [sp, #4]
 900 02d0 53F8083C 		ldr	r3, [r3, #-8]
 901              	.LVL114:
 406:Drivers/CMSIS/DSP/Source/FilteringFunctions/arm_conv_fast_q15.c **** 
 902              		.loc 1 406 9 is_stmt 1 view .LVU365
 406:Drivers/CMSIS/DSP/Source/FilteringFunctions/arm_conv_fast_q15.c **** 
 903              		.loc 1 406 12 is_stmt 0 view .LVU366
 904 02d4 2A68     		ldr	r2, [r5]
 905              	.LVL115:
 409:Drivers/CMSIS/DSP/Source/FilteringFunctions/arm_conv_fast_q15.c **** 
 906              		.loc 1 409 9 is_stmt 1 view .LVU367
 409:Drivers/CMSIS/DSP/Source/FilteringFunctions/arm_conv_fast_q15.c **** 
 907              		.loc 1 409 12 is_stmt 0 view .LVU368
 908 02d6 D5F80210 		ldr	r1, [r5, #2]
 909              	.LVL116:
 412:Drivers/CMSIS/DSP/Source/FilteringFunctions/arm_conv_fast_q15.c ****         acc1 = __SMLADX(x1, c0, acc1);
 910              		.loc 1 412 9 is_stmt 1 view .LVU369
 911              	.LBB106:
 912              	.LBI106:
 904:Drivers/CMSIS/DSP/Include/arm_math.h ****   uint32_t x,
 913              		.loc 2 904 41 view .LVU370
 914              	.LBB107:
 909:Drivers/CMSIS/DSP/Include/arm_math.h ****                        ((((q31_t)x      ) >> 16) * (((q31_t)y << 16) >> 16)) +
ARM GAS  C:\Users\Lamp\AppData\Local\Temp\cc1YK7pm.s 			page 44


 915              		.loc 2 909 5 view .LVU371
 909:Drivers/CMSIS/DSP/Include/arm_math.h ****                        ((((q31_t)x      ) >> 16) * (((q31_t)y << 16) >> 16)) +
 916              		.loc 2 909 70 is_stmt 0 view .LVU372
 917 02da 1814     		asrs	r0, r3, #16
 918              		.loc 2 910 70 view .LVU373
 919 02dc 1BB2     		sxth	r3, r3
 920              	.LVL117:
 921              		.loc 2 910 50 view .LVU374
 922 02de 03FB04F4 		mul	r4, r3, r4
 909:Drivers/CMSIS/DSP/Include/arm_math.h ****                        ((((q31_t)x      ) >> 16) * (((q31_t)y << 16) >> 16)) +
 923              		.loc 2 909 78 view .LVU375
 924 02e2 00FB0944 		mla	r4, r0, r9, r4
 925              		.loc 2 910 78 view .LVU376
 926 02e6 7444     		add	r4, r4, lr
 927              	.LVL118:
 928              		.loc 2 910 78 view .LVU377
 929              	.LBE107:
 930              	.LBE106:
 413:Drivers/CMSIS/DSP/Source/FilteringFunctions/arm_conv_fast_q15.c ****         acc2 = __SMLADX(x3, c0, acc2);
 931              		.loc 1 413 9 is_stmt 1 view .LVU378
 932              	.LBB108:
 933              	.LBI108:
 904:Drivers/CMSIS/DSP/Include/arm_math.h ****   uint32_t x,
 934              		.loc 2 904 41 view .LVU379
 935              	.LBB109:
 909:Drivers/CMSIS/DSP/Include/arm_math.h ****                        ((((q31_t)x      ) >> 16) * (((q31_t)y << 16) >> 16)) +
 936              		.loc 2 909 5 view .LVU380
 937              		.loc 2 910 50 is_stmt 0 view .LVU381
 938 02e8 03FB06F7 		mul	r7, r3, r6
 909:Drivers/CMSIS/DSP/Include/arm_math.h ****                        ((((q31_t)x      ) >> 16) * (((q31_t)y << 16) >> 16)) +
 939              		.loc 2 909 78 view .LVU382
 940 02ec DDF800C0 		ldr	ip, [sp]
 941 02f0 00FB0C77 		mla	r7, r0, ip, r7
 942              		.loc 2 910 78 view .LVU383
 943 02f4 4744     		add	r7, r7, r8
 944              	.LVL119:
 945              		.loc 2 910 78 view .LVU384
 946              	.LBE109:
 947              	.LBE108:
 414:Drivers/CMSIS/DSP/Source/FilteringFunctions/arm_conv_fast_q15.c ****         acc3 = __SMLADX(x2, c0, acc3);
 948              		.loc 1 414 9 is_stmt 1 view .LVU385
 949              	.LBB110:
 950              	.LBI110:
 904:Drivers/CMSIS/DSP/Include/arm_math.h ****   uint32_t x,
 951              		.loc 2 904 41 view .LVU386
 952              	.LBB111:
 909:Drivers/CMSIS/DSP/Include/arm_math.h ****                        ((((q31_t)x      ) >> 16) * (((q31_t)y << 16) >> 16)) +
 953              		.loc 2 909 5 view .LVU387
 909:Drivers/CMSIS/DSP/Include/arm_math.h ****                        ((((q31_t)x      ) >> 16) * (((q31_t)y << 16) >> 16)) +
 954              		.loc 2 909 43 is_stmt 0 view .LVU388
 955 02f6 0FFA82FC 		sxth	ip, r2
 956              		.loc 2 910 43 view .LVU389
 957 02fa 1214     		asrs	r2, r2, #16
 958              	.LVL120:
 959              		.loc 2 910 50 view .LVU390
 960 02fc 03FB02F2 		mul	r2, r3, r2
 909:Drivers/CMSIS/DSP/Include/arm_math.h ****                        ((((q31_t)x      ) >> 16) * (((q31_t)y << 16) >> 16)) +
ARM GAS  C:\Users\Lamp\AppData\Local\Temp\cc1YK7pm.s 			page 45


 961              		.loc 2 909 78 view .LVU391
 962 0300 00FB0C22 		mla	r2, r0, ip, r2
 963              		.loc 2 910 78 view .LVU392
 964 0304 5244     		add	r2, r2, r10
 965              	.LVL121:
 966              		.loc 2 910 78 view .LVU393
 967              	.LBE111:
 968              	.LBE110:
 415:Drivers/CMSIS/DSP/Source/FilteringFunctions/arm_conv_fast_q15.c **** 
 969              		.loc 1 415 9 is_stmt 1 view .LVU394
 970              	.LBB112:
 971              	.LBI112:
 904:Drivers/CMSIS/DSP/Include/arm_math.h ****   uint32_t x,
 972              		.loc 2 904 41 view .LVU395
 973              	.LBB113:
 909:Drivers/CMSIS/DSP/Include/arm_math.h ****                        ((((q31_t)x      ) >> 16) * (((q31_t)y << 16) >> 16)) +
 974              		.loc 2 909 5 view .LVU396
 909:Drivers/CMSIS/DSP/Include/arm_math.h ****                        ((((q31_t)x      ) >> 16) * (((q31_t)y << 16) >> 16)) +
 975              		.loc 2 909 43 is_stmt 0 view .LVU397
 976 0306 0FFA81FC 		sxth	ip, r1
 977              		.loc 2 910 43 view .LVU398
 978 030a 0914     		asrs	r1, r1, #16
 979              	.LVL122:
 980              		.loc 2 910 50 view .LVU399
 981 030c 01FB03F3 		mul	r3, r1, r3
 909:Drivers/CMSIS/DSP/Include/arm_math.h ****                        ((((q31_t)x      ) >> 16) * (((q31_t)y << 16) >> 16)) +
 982              		.loc 2 909 78 view .LVU400
 983 0310 00FB0C33 		mla	r3, r0, ip, r3
 984              		.loc 2 910 78 view .LVU401
 985 0314 5B44     		add	r3, r3, fp
 986              	.LVL123:
 987              		.loc 2 910 78 view .LVU402
 988              	.LBE113:
 989              	.LBE112:
 418:Drivers/CMSIS/DSP/Source/FilteringFunctions/arm_conv_fast_q15.c **** #ifdef  ARM_MATH_BIG_ENDIAN
 990              		.loc 1 418 3 is_stmt 1 view .LVU403
 424:Drivers/CMSIS/DSP/Source/FilteringFunctions/arm_conv_fast_q15.c **** #endif /*      #ifdef  ARM_MATH_BIG_ENDIAN     */
 991              		.loc 1 424 9 view .LVU404
 428:Drivers/CMSIS/DSP/Source/FilteringFunctions/arm_conv_fast_q15.c **** 		px += 3U;
 992              		.loc 1 428 9 view .LVU405
 429:Drivers/CMSIS/DSP/Source/FilteringFunctions/arm_conv_fast_q15.c **** 
 993              		.loc 1 429 3 view .LVU406
 432:Drivers/CMSIS/DSP/Source/FilteringFunctions/arm_conv_fast_q15.c ****         acc1 = __SMLAD(x2, c0, acc1);
 994              		.loc 1 432 9 view .LVU407
 995              	.LBB114:
 996              	.LBI114:
 904:Drivers/CMSIS/DSP/Include/arm_math.h ****   uint32_t x,
 997              		.loc 2 904 41 view .LVU408
 998              	.LBB115:
 909:Drivers/CMSIS/DSP/Include/arm_math.h ****                        ((((q31_t)x      ) >> 16) * (((q31_t)y << 16) >> 16)) +
 999              		.loc 2 909 5 view .LVU409
 1000              		.loc 2 910 70 is_stmt 0 view .LVU410
 1001 0316 0198     		ldr	r0, [sp, #4]
 1002 0318 30F90A0C 		ldrsh	r0, [r0, #-10]
 1003              		.loc 2 910 78 view .LVU411
 1004 031c 00FB064E 		mla	lr, r0, r6, r4
 1005              	.LVL124:
ARM GAS  C:\Users\Lamp\AppData\Local\Temp\cc1YK7pm.s 			page 46


 1006              		.loc 2 910 78 view .LVU412
 1007              	.LBE115:
 1008              	.LBE114:
 433:Drivers/CMSIS/DSP/Source/FilteringFunctions/arm_conv_fast_q15.c ****         acc2 = __SMLADX(x2, c0, acc2);
 1009              		.loc 1 433 9 is_stmt 1 view .LVU413
 1010              	.LBB116:
 1011              	.LBI116:
 890:Drivers/CMSIS/DSP/Include/arm_math.h ****   uint32_t x,
 1012              		.loc 2 890 41 view .LVU414
 1013              	.LBB117:
 895:Drivers/CMSIS/DSP/Include/arm_math.h ****                        ((((q31_t)x      ) >> 16) * (((q31_t)y      ) >> 16)) +
 1014              		.loc 2 895 5 view .LVU415
 896:Drivers/CMSIS/DSP/Include/arm_math.h ****                        ( ((q31_t)sum    )                                  )   ));
 1015              		.loc 2 896 78 is_stmt 0 view .LVU416
 1016 0320 0CFB0078 		mla	r8, ip, r0, r7
 1017              	.LVL125:
 896:Drivers/CMSIS/DSP/Include/arm_math.h ****                        ( ((q31_t)sum    )                                  )   ));
 1018              		.loc 2 896 78 view .LVU417
 1019              	.LBE117:
 1020              	.LBE116:
 434:Drivers/CMSIS/DSP/Source/FilteringFunctions/arm_conv_fast_q15.c ****         acc3 = __SMLADX(x3, c0, acc3);
 1021              		.loc 1 434 9 is_stmt 1 view .LVU418
 1022              	.LBB118:
 1023              	.LBI118:
 904:Drivers/CMSIS/DSP/Include/arm_math.h ****   uint32_t x,
 1024              		.loc 2 904 41 view .LVU419
 1025              	.LBB119:
 909:Drivers/CMSIS/DSP/Include/arm_math.h ****                        ((((q31_t)x      ) >> 16) * (((q31_t)y << 16) >> 16)) +
 1026              		.loc 2 909 5 view .LVU420
 1027              		.loc 2 910 78 is_stmt 0 view .LVU421
 1028 0324 01FB002A 		mla	r10, r1, r0, r2
 1029              	.LVL126:
 1030              		.loc 2 910 78 view .LVU422
 1031              	.LBE119:
 1032              	.LBE118:
 435:Drivers/CMSIS/DSP/Source/FilteringFunctions/arm_conv_fast_q15.c ****       }
 1033              		.loc 1 435 9 is_stmt 1 view .LVU423
 1034              	.LBB120:
 1035              	.LBI120:
 904:Drivers/CMSIS/DSP/Include/arm_math.h ****   uint32_t x,
 1036              		.loc 2 904 41 view .LVU424
 1037              	.LBB121:
 909:Drivers/CMSIS/DSP/Include/arm_math.h ****                        ((((q31_t)x      ) >> 16) * (((q31_t)y << 16) >> 16)) +
 1038              		.loc 2 909 5 view .LVU425
 1039              		.loc 2 910 43 is_stmt 0 view .LVU426
 1040 0328 B5F90620 		ldrsh	r2, [r5, #6]
 1041              		.loc 2 910 78 view .LVU427
 1042 032c 00FB023B 		mla	fp, r0, r2, r3
 1043              	.LVL127:
 1044              		.loc 2 910 78 view .LVU428
 1045 0330 3EE7     		b	.L18
 1046              	.LVL128:
 1047              	.L46:
 1048              		.loc 2 910 78 view .LVU429
 1049              	.LBE121:
 1050              	.LBE120:
 460:Drivers/CMSIS/DSP/Source/FilteringFunctions/arm_conv_fast_q15.c ****     }
ARM GAS  C:\Users\Lamp\AppData\Local\Temp\cc1YK7pm.s 			page 47


 461:Drivers/CMSIS/DSP/Source/FilteringFunctions/arm_conv_fast_q15.c **** 
 462:Drivers/CMSIS/DSP/Source/FilteringFunctions/arm_conv_fast_q15.c ****     /* If the blockSize2 is not a multiple of 4, compute any remaining output samples here.
 463:Drivers/CMSIS/DSP/Source/FilteringFunctions/arm_conv_fast_q15.c ****      ** No loop unrolling is used. */
 464:Drivers/CMSIS/DSP/Source/FilteringFunctions/arm_conv_fast_q15.c ****     blkCnt = blockSize2 % 0x4U;
 1051              		.loc 1 464 12 view .LVU430
 1052 0332 089D     		ldr	r5, [sp, #32]
 1053 0334 099E     		ldr	r6, [sp, #36]
 1054              		.loc 1 464 5 is_stmt 1 view .LVU431
 1055              		.loc 1 464 12 is_stmt 0 view .LVU432
 1056 0336 06F00304 		and	r4, r6, #3
 1057              	.LVL129:
 465:Drivers/CMSIS/DSP/Source/FilteringFunctions/arm_conv_fast_q15.c **** 
 466:Drivers/CMSIS/DSP/Source/FilteringFunctions/arm_conv_fast_q15.c ****     while (blkCnt > 0U)
 1058              		.loc 1 466 5 is_stmt 1 view .LVU433
 1059 033a 0798     		ldr	r0, [sp, #28]
 1060 033c AA46     		mov	r10, r5
 1061 033e 059F     		ldr	r7, [sp, #20]
 1062 0340 DDF810C0 		ldr	ip, [sp, #16]
 1063              		.loc 1 466 11 is_stmt 0 view .LVU434
 1064 0344 33E0     		b	.L20
 1065              	.LVL130:
 1066              	.L22:
 467:Drivers/CMSIS/DSP/Source/FilteringFunctions/arm_conv_fast_q15.c ****     {
 468:Drivers/CMSIS/DSP/Source/FilteringFunctions/arm_conv_fast_q15.c ****       /* Accumulator is made zero for every iteration */
 469:Drivers/CMSIS/DSP/Source/FilteringFunctions/arm_conv_fast_q15.c ****       sum = 0;
 470:Drivers/CMSIS/DSP/Source/FilteringFunctions/arm_conv_fast_q15.c **** 
 471:Drivers/CMSIS/DSP/Source/FilteringFunctions/arm_conv_fast_q15.c ****       /* Apply loop unrolling and compute 4 MACs simultaneously. */
 472:Drivers/CMSIS/DSP/Source/FilteringFunctions/arm_conv_fast_q15.c ****       k = srcBLen >> 2U;
 473:Drivers/CMSIS/DSP/Source/FilteringFunctions/arm_conv_fast_q15.c **** 
 474:Drivers/CMSIS/DSP/Source/FilteringFunctions/arm_conv_fast_q15.c ****       /* First part of the processing with loop unrolling.  Compute 4 MACs at a time.
 475:Drivers/CMSIS/DSP/Source/FilteringFunctions/arm_conv_fast_q15.c ****        ** a second loop below computes MACs for the remaining 1 to 3 samples. */
 476:Drivers/CMSIS/DSP/Source/FilteringFunctions/arm_conv_fast_q15.c ****       while (k > 0U)
 477:Drivers/CMSIS/DSP/Source/FilteringFunctions/arm_conv_fast_q15.c ****       {
 478:Drivers/CMSIS/DSP/Source/FilteringFunctions/arm_conv_fast_q15.c ****         /* Perform the multiply-accumulates */
 479:Drivers/CMSIS/DSP/Source/FilteringFunctions/arm_conv_fast_q15.c ****         sum += ((q31_t) * px++ * *py--);
 1067              		.loc 1 479 9 is_stmt 1 view .LVU435
 1068              		.loc 1 479 25 is_stmt 0 view .LVU436
 1069 0346 B3F90020 		ldrsh	r2, [r3]
 1070              	.LVL131:
 1071              		.loc 1 479 34 view .LVU437
 1072 034a BEF90090 		ldrsh	r9, [lr]
 1073              		.loc 1 479 13 view .LVU438
 1074 034e 09FB0212 		mla	r2, r9, r2, r1
 1075              	.LVL132:
 480:Drivers/CMSIS/DSP/Source/FilteringFunctions/arm_conv_fast_q15.c ****         sum += ((q31_t) * px++ * *py--);
 1076              		.loc 1 480 9 is_stmt 1 view .LVU439
 1077              		.loc 1 480 25 is_stmt 0 view .LVU440
 1078 0352 B3F90210 		ldrsh	r1, [r3, #2]
 1079              	.LVL133:
 1080              		.loc 1 480 34 view .LVU441
 1081 0356 3EF9029C 		ldrsh	r9, [lr, #-2]
 1082              		.loc 1 480 13 view .LVU442
 1083 035a 09FB0122 		mla	r2, r9, r1, r2
 1084              	.LVL134:
 481:Drivers/CMSIS/DSP/Source/FilteringFunctions/arm_conv_fast_q15.c ****         sum += ((q31_t) * px++ * *py--);
 1085              		.loc 1 481 9 is_stmt 1 view .LVU443
 1086              		.loc 1 481 25 is_stmt 0 view .LVU444
ARM GAS  C:\Users\Lamp\AppData\Local\Temp\cc1YK7pm.s 			page 48


 1087 035e B3F90410 		ldrsh	r1, [r3, #4]
 1088              	.LVL135:
 1089              		.loc 1 481 34 view .LVU445
 1090 0362 3EF9049C 		ldrsh	r9, [lr, #-4]
 1091              		.loc 1 481 13 view .LVU446
 1092 0366 09FB0122 		mla	r2, r9, r1, r2
 1093              	.LVL136:
 482:Drivers/CMSIS/DSP/Source/FilteringFunctions/arm_conv_fast_q15.c ****         sum += ((q31_t) * px++ * *py--);
 1094              		.loc 1 482 9 is_stmt 1 view .LVU447
 1095              		.loc 1 482 25 is_stmt 0 view .LVU448
 1096 036a B3F90610 		ldrsh	r1, [r3, #6]
 1097              	.LVL137:
 1098              		.loc 1 482 34 view .LVU449
 1099 036e 3EF9069C 		ldrsh	r9, [lr, #-6]
 1100              		.loc 1 482 13 view .LVU450
 1101 0372 09FB0121 		mla	r1, r9, r1, r2
 1102              	.LVL138:
 483:Drivers/CMSIS/DSP/Source/FilteringFunctions/arm_conv_fast_q15.c **** 
 484:Drivers/CMSIS/DSP/Source/FilteringFunctions/arm_conv_fast_q15.c ****         /* Decrement the loop counter */
 485:Drivers/CMSIS/DSP/Source/FilteringFunctions/arm_conv_fast_q15.c ****         k--;
 1103              		.loc 1 485 9 is_stmt 1 view .LVU451
 1104              		.loc 1 485 10 is_stmt 0 view .LVU452
 1105 0376 013D     		subs	r5, r5, #1
 1106              	.LVL139:
 482:Drivers/CMSIS/DSP/Source/FilteringFunctions/arm_conv_fast_q15.c ****         sum += ((q31_t) * px++ * *py--);
 1107              		.loc 1 482 37 view .LVU453
 1108 0378 AEF1080E 		sub	lr, lr, #8
 1109              	.LVL140:
 482:Drivers/CMSIS/DSP/Source/FilteringFunctions/arm_conv_fast_q15.c ****         sum += ((q31_t) * px++ * *py--);
 1110              		.loc 1 482 29 view .LVU454
 1111 037c 0833     		adds	r3, r3, #8
 1112              	.LVL141:
 1113              	.L21:
 476:Drivers/CMSIS/DSP/Source/FilteringFunctions/arm_conv_fast_q15.c ****       {
 1114              		.loc 1 476 16 is_stmt 1 view .LVU455
 1115 037e 002D     		cmp	r5, #0
 1116 0380 E1D1     		bne	.L22
 486:Drivers/CMSIS/DSP/Source/FilteringFunctions/arm_conv_fast_q15.c ****       }
 487:Drivers/CMSIS/DSP/Source/FilteringFunctions/arm_conv_fast_q15.c **** 
 488:Drivers/CMSIS/DSP/Source/FilteringFunctions/arm_conv_fast_q15.c ****       /* If the srcBLen is not a multiple of 4, compute any remaining MACs here.
 489:Drivers/CMSIS/DSP/Source/FilteringFunctions/arm_conv_fast_q15.c ****        ** No loop unrolling is used. */
 490:Drivers/CMSIS/DSP/Source/FilteringFunctions/arm_conv_fast_q15.c ****       k = srcBLen % 0x4U;
 1117              		.loc 1 490 7 view .LVU456
 1118              		.loc 1 490 9 is_stmt 0 view .LVU457
 1119 0382 07F00302 		and	r2, r7, #3
 1120              	.LVL142:
 491:Drivers/CMSIS/DSP/Source/FilteringFunctions/arm_conv_fast_q15.c **** 
 492:Drivers/CMSIS/DSP/Source/FilteringFunctions/arm_conv_fast_q15.c ****       while (k > 0U)
 1121              		.loc 1 492 7 is_stmt 1 view .LVU458
 1122              		.loc 1 492 13 is_stmt 0 view .LVU459
 1123 0386 06E0     		b	.L23
 1124              	.L24:
 493:Drivers/CMSIS/DSP/Source/FilteringFunctions/arm_conv_fast_q15.c ****       {
 494:Drivers/CMSIS/DSP/Source/FilteringFunctions/arm_conv_fast_q15.c ****         /* Perform the multiply-accumulates */
 495:Drivers/CMSIS/DSP/Source/FilteringFunctions/arm_conv_fast_q15.c ****         sum += ((q31_t) * px++ * *py--);
 1125              		.loc 1 495 9 is_stmt 1 view .LVU460
 1126              	.LVL143:
ARM GAS  C:\Users\Lamp\AppData\Local\Temp\cc1YK7pm.s 			page 49


 1127              		.loc 1 495 25 is_stmt 0 view .LVU461
 1128 0388 33F9028B 		ldrsh	r8, [r3], #2
 1129              	.LVL144:
 1130              		.loc 1 495 34 view .LVU462
 1131 038c 3EF90299 		ldrsh	r9, [lr], #-2
 1132              	.LVL145:
 1133              		.loc 1 495 13 view .LVU463
 1134 0390 09FB0811 		mla	r1, r9, r8, r1
 1135              	.LVL146:
 496:Drivers/CMSIS/DSP/Source/FilteringFunctions/arm_conv_fast_q15.c **** 
 497:Drivers/CMSIS/DSP/Source/FilteringFunctions/arm_conv_fast_q15.c ****         /* Decrement the loop counter */
 498:Drivers/CMSIS/DSP/Source/FilteringFunctions/arm_conv_fast_q15.c ****         k--;
 1136              		.loc 1 498 9 is_stmt 1 view .LVU464
 1137              		.loc 1 498 10 is_stmt 0 view .LVU465
 1138 0394 013A     		subs	r2, r2, #1
 1139              	.LVL147:
 1140              	.L23:
 492:Drivers/CMSIS/DSP/Source/FilteringFunctions/arm_conv_fast_q15.c ****       {
 1141              		.loc 1 492 16 is_stmt 1 view .LVU466
 1142 0396 002A     		cmp	r2, #0
 1143 0398 F6D1     		bne	.L24
 499:Drivers/CMSIS/DSP/Source/FilteringFunctions/arm_conv_fast_q15.c ****       }
 500:Drivers/CMSIS/DSP/Source/FilteringFunctions/arm_conv_fast_q15.c **** 
 501:Drivers/CMSIS/DSP/Source/FilteringFunctions/arm_conv_fast_q15.c ****       /* Store the result in the accumulator in the destination buffer. */
 502:Drivers/CMSIS/DSP/Source/FilteringFunctions/arm_conv_fast_q15.c ****       *pOut++ = (q15_t) (sum >> 15);
 1144              		.loc 1 502 7 view .LVU467
 1145              		.loc 1 502 12 is_stmt 0 view .LVU468
 1146 039a 149A     		ldr	r2, [sp, #80]
 1147              	.LVL148:
 1148              		.loc 1 502 17 view .LVU469
 1149 039c 41F3CF31 		sbfx	r1, r1, #15, #16
 1150              	.LVL149:
 1151              		.loc 1 502 15 view .LVU470
 1152 03a0 22F8021B 		strh	r1, [r2], #2	@ movhi
 1153              	.LVL150:
 503:Drivers/CMSIS/DSP/Source/FilteringFunctions/arm_conv_fast_q15.c **** 
 504:Drivers/CMSIS/DSP/Source/FilteringFunctions/arm_conv_fast_q15.c ****       /* Increment the pointer pIn1 index, count by 1 */
 505:Drivers/CMSIS/DSP/Source/FilteringFunctions/arm_conv_fast_q15.c ****       count++;
 1154              		.loc 1 505 7 is_stmt 1 view .LVU471
 1155              		.loc 1 505 12 is_stmt 0 view .LVU472
 1156 03a4 0130     		adds	r0, r0, #1
 1157              	.LVL151:
 506:Drivers/CMSIS/DSP/Source/FilteringFunctions/arm_conv_fast_q15.c **** 
 507:Drivers/CMSIS/DSP/Source/FilteringFunctions/arm_conv_fast_q15.c ****       /* Update the inputA and inputB pointers for next MAC calculation */
 508:Drivers/CMSIS/DSP/Source/FilteringFunctions/arm_conv_fast_q15.c ****       px = pIn1 + count;
 1158              		.loc 1 508 7 is_stmt 1 view .LVU473
 1159              		.loc 1 508 17 is_stmt 0 view .LVU474
 1160 03a6 0CEB4003 		add	r3, ip, r0, lsl #1
 1161              	.LVL152:
 509:Drivers/CMSIS/DSP/Source/FilteringFunctions/arm_conv_fast_q15.c ****       py = pSrc2;
 1162              		.loc 1 509 7 is_stmt 1 view .LVU475
 510:Drivers/CMSIS/DSP/Source/FilteringFunctions/arm_conv_fast_q15.c **** 
 511:Drivers/CMSIS/DSP/Source/FilteringFunctions/arm_conv_fast_q15.c ****       /* Decrement the loop counter */
 512:Drivers/CMSIS/DSP/Source/FilteringFunctions/arm_conv_fast_q15.c ****       blkCnt--;
 1163              		.loc 1 512 7 view .LVU476
 1164              		.loc 1 512 13 is_stmt 0 view .LVU477
 1165 03aa 013C     		subs	r4, r4, #1
ARM GAS  C:\Users\Lamp\AppData\Local\Temp\cc1YK7pm.s 			page 50


 1166              	.LVL153:
 502:Drivers/CMSIS/DSP/Source/FilteringFunctions/arm_conv_fast_q15.c **** 
 1167              		.loc 1 502 12 view .LVU478
 1168 03ac 1492     		str	r2, [sp, #80]
 1169              	.LVL154:
 1170              	.L20:
 466:Drivers/CMSIS/DSP/Source/FilteringFunctions/arm_conv_fast_q15.c ****     {
 1171              		.loc 1 466 19 is_stmt 1 view .LVU479
 1172 03ae 24B1     		cbz	r4, .L49
 469:Drivers/CMSIS/DSP/Source/FilteringFunctions/arm_conv_fast_q15.c **** 
 1173              		.loc 1 469 7 view .LVU480
 1174              	.LVL155:
 472:Drivers/CMSIS/DSP/Source/FilteringFunctions/arm_conv_fast_q15.c **** 
 1175              		.loc 1 472 7 view .LVU481
 472:Drivers/CMSIS/DSP/Source/FilteringFunctions/arm_conv_fast_q15.c **** 
 1176              		.loc 1 472 9 is_stmt 0 view .LVU482
 1177 03b0 BD08     		lsrs	r5, r7, #2
 1178              	.LVL156:
 476:Drivers/CMSIS/DSP/Source/FilteringFunctions/arm_conv_fast_q15.c ****       {
 1179              		.loc 1 476 7 is_stmt 1 view .LVU483
 476:Drivers/CMSIS/DSP/Source/FilteringFunctions/arm_conv_fast_q15.c ****       {
 1180              		.loc 1 476 13 is_stmt 0 view .LVU484
 1181 03b2 DDF80CE0 		ldr	lr, [sp, #12]
 469:Drivers/CMSIS/DSP/Source/FilteringFunctions/arm_conv_fast_q15.c **** 
 1182              		.loc 1 469 11 view .LVU485
 1183 03b6 0021     		movs	r1, #0
 476:Drivers/CMSIS/DSP/Source/FilteringFunctions/arm_conv_fast_q15.c ****       {
 1184              		.loc 1 476 13 view .LVU486
 1185 03b8 E1E7     		b	.L21
 1186              	.LVL157:
 1187              	.L49:
 476:Drivers/CMSIS/DSP/Source/FilteringFunctions/arm_conv_fast_q15.c ****       {
 1188              		.loc 1 476 13 view .LVU487
 1189 03ba 5546     		mov	r5, r10
 1190              	.LVL158:
 1191              	.L26:
 513:Drivers/CMSIS/DSP/Source/FilteringFunctions/arm_conv_fast_q15.c ****     }
 514:Drivers/CMSIS/DSP/Source/FilteringFunctions/arm_conv_fast_q15.c ****   }
 515:Drivers/CMSIS/DSP/Source/FilteringFunctions/arm_conv_fast_q15.c ****   else
 516:Drivers/CMSIS/DSP/Source/FilteringFunctions/arm_conv_fast_q15.c ****   {
 517:Drivers/CMSIS/DSP/Source/FilteringFunctions/arm_conv_fast_q15.c ****     /* If the srcBLen is not a multiple of 4,
 518:Drivers/CMSIS/DSP/Source/FilteringFunctions/arm_conv_fast_q15.c ****      * the blockSize2 loop cannot be unrolled by 4 */
 519:Drivers/CMSIS/DSP/Source/FilteringFunctions/arm_conv_fast_q15.c ****     blkCnt = blockSize2;
 520:Drivers/CMSIS/DSP/Source/FilteringFunctions/arm_conv_fast_q15.c **** 
 521:Drivers/CMSIS/DSP/Source/FilteringFunctions/arm_conv_fast_q15.c ****     while (blkCnt > 0U)
 522:Drivers/CMSIS/DSP/Source/FilteringFunctions/arm_conv_fast_q15.c ****     {
 523:Drivers/CMSIS/DSP/Source/FilteringFunctions/arm_conv_fast_q15.c ****       /* Accumulator is made zero for every iteration */
 524:Drivers/CMSIS/DSP/Source/FilteringFunctions/arm_conv_fast_q15.c ****       sum = 0;
 525:Drivers/CMSIS/DSP/Source/FilteringFunctions/arm_conv_fast_q15.c **** 
 526:Drivers/CMSIS/DSP/Source/FilteringFunctions/arm_conv_fast_q15.c ****       /* srcBLen number of MACS should be performed */
 527:Drivers/CMSIS/DSP/Source/FilteringFunctions/arm_conv_fast_q15.c ****       k = srcBLen;
 528:Drivers/CMSIS/DSP/Source/FilteringFunctions/arm_conv_fast_q15.c **** 
 529:Drivers/CMSIS/DSP/Source/FilteringFunctions/arm_conv_fast_q15.c ****       while (k > 0U)
 530:Drivers/CMSIS/DSP/Source/FilteringFunctions/arm_conv_fast_q15.c ****       {
 531:Drivers/CMSIS/DSP/Source/FilteringFunctions/arm_conv_fast_q15.c ****         /* Perform the multiply-accumulate */
 532:Drivers/CMSIS/DSP/Source/FilteringFunctions/arm_conv_fast_q15.c ****         sum += ((q31_t) * px++ * *py--);
 533:Drivers/CMSIS/DSP/Source/FilteringFunctions/arm_conv_fast_q15.c **** 
ARM GAS  C:\Users\Lamp\AppData\Local\Temp\cc1YK7pm.s 			page 51


 534:Drivers/CMSIS/DSP/Source/FilteringFunctions/arm_conv_fast_q15.c ****         /* Decrement the loop counter */
 535:Drivers/CMSIS/DSP/Source/FilteringFunctions/arm_conv_fast_q15.c ****         k--;
 536:Drivers/CMSIS/DSP/Source/FilteringFunctions/arm_conv_fast_q15.c ****       }
 537:Drivers/CMSIS/DSP/Source/FilteringFunctions/arm_conv_fast_q15.c **** 
 538:Drivers/CMSIS/DSP/Source/FilteringFunctions/arm_conv_fast_q15.c ****       /* Store the result in the accumulator in the destination buffer. */
 539:Drivers/CMSIS/DSP/Source/FilteringFunctions/arm_conv_fast_q15.c ****       *pOut++ = (q15_t) (sum >> 15);
 540:Drivers/CMSIS/DSP/Source/FilteringFunctions/arm_conv_fast_q15.c **** 
 541:Drivers/CMSIS/DSP/Source/FilteringFunctions/arm_conv_fast_q15.c ****       /* Increment the MAC count */
 542:Drivers/CMSIS/DSP/Source/FilteringFunctions/arm_conv_fast_q15.c ****       count++;
 543:Drivers/CMSIS/DSP/Source/FilteringFunctions/arm_conv_fast_q15.c **** 
 544:Drivers/CMSIS/DSP/Source/FilteringFunctions/arm_conv_fast_q15.c ****       /* Update the inputA and inputB pointers for next MAC calculation */
 545:Drivers/CMSIS/DSP/Source/FilteringFunctions/arm_conv_fast_q15.c ****       px = pIn1 + count;
 546:Drivers/CMSIS/DSP/Source/FilteringFunctions/arm_conv_fast_q15.c ****       py = pSrc2;
 547:Drivers/CMSIS/DSP/Source/FilteringFunctions/arm_conv_fast_q15.c **** 
 548:Drivers/CMSIS/DSP/Source/FilteringFunctions/arm_conv_fast_q15.c ****       /* Decrement the loop counter */
 549:Drivers/CMSIS/DSP/Source/FilteringFunctions/arm_conv_fast_q15.c ****       blkCnt--;
 550:Drivers/CMSIS/DSP/Source/FilteringFunctions/arm_conv_fast_q15.c ****     }
 551:Drivers/CMSIS/DSP/Source/FilteringFunctions/arm_conv_fast_q15.c ****   }
 552:Drivers/CMSIS/DSP/Source/FilteringFunctions/arm_conv_fast_q15.c **** 
 553:Drivers/CMSIS/DSP/Source/FilteringFunctions/arm_conv_fast_q15.c **** 
 554:Drivers/CMSIS/DSP/Source/FilteringFunctions/arm_conv_fast_q15.c ****   /* --------------------------
 555:Drivers/CMSIS/DSP/Source/FilteringFunctions/arm_conv_fast_q15.c ****    * Initializations of stage3
 556:Drivers/CMSIS/DSP/Source/FilteringFunctions/arm_conv_fast_q15.c ****    * -------------------------*/
 557:Drivers/CMSIS/DSP/Source/FilteringFunctions/arm_conv_fast_q15.c **** 
 558:Drivers/CMSIS/DSP/Source/FilteringFunctions/arm_conv_fast_q15.c ****   /* sum += x[srcALen-srcBLen+1] * y[srcBLen-1] + x[srcALen-srcBLen+2] * y[srcBLen-2] +...+ x[srcAL
 559:Drivers/CMSIS/DSP/Source/FilteringFunctions/arm_conv_fast_q15.c ****    * sum += x[srcALen-srcBLen+2] * y[srcBLen-1] + x[srcALen-srcBLen+3] * y[srcBLen-2] +...+ x[srcAL
 560:Drivers/CMSIS/DSP/Source/FilteringFunctions/arm_conv_fast_q15.c ****    * ....
 561:Drivers/CMSIS/DSP/Source/FilteringFunctions/arm_conv_fast_q15.c ****    * sum +=  x[srcALen-2] * y[srcBLen-1] + x[srcALen-1] * y[srcBLen-2]
 562:Drivers/CMSIS/DSP/Source/FilteringFunctions/arm_conv_fast_q15.c ****    * sum +=  x[srcALen-1] * y[srcBLen-1]
 563:Drivers/CMSIS/DSP/Source/FilteringFunctions/arm_conv_fast_q15.c ****    */
 564:Drivers/CMSIS/DSP/Source/FilteringFunctions/arm_conv_fast_q15.c **** 
 565:Drivers/CMSIS/DSP/Source/FilteringFunctions/arm_conv_fast_q15.c ****   /* In this stage the MAC operations are decreased by 1 for every iteration.
 566:Drivers/CMSIS/DSP/Source/FilteringFunctions/arm_conv_fast_q15.c ****      The blockSize3 variable holds the number of MAC operations performed */
 567:Drivers/CMSIS/DSP/Source/FilteringFunctions/arm_conv_fast_q15.c **** 
 568:Drivers/CMSIS/DSP/Source/FilteringFunctions/arm_conv_fast_q15.c ****   /* Working pointer of inputA */
 569:Drivers/CMSIS/DSP/Source/FilteringFunctions/arm_conv_fast_q15.c ****   pSrc1 = (pIn1 + srcALen) - (srcBLen - 1U);
 1192              		.loc 1 569 3 is_stmt 1 view .LVU488
 1193              		.loc 1 569 9 is_stmt 0 view .LVU489
 1194 03bc 049B     		ldr	r3, [sp, #16]
 1195              	.LVL159:
 1196              		.loc 1 569 9 view .LVU490
 1197 03be 03EB4607 		add	r7, r3, r6, lsl #1
 1198              	.LVL160:
 570:Drivers/CMSIS/DSP/Source/FilteringFunctions/arm_conv_fast_q15.c ****   px = pSrc1;
 1199              		.loc 1 570 3 is_stmt 1 view .LVU491
 571:Drivers/CMSIS/DSP/Source/FilteringFunctions/arm_conv_fast_q15.c **** 
 572:Drivers/CMSIS/DSP/Source/FilteringFunctions/arm_conv_fast_q15.c ****   /* Working pointer of inputB */
 573:Drivers/CMSIS/DSP/Source/FilteringFunctions/arm_conv_fast_q15.c ****   pSrc2 = pIn2 + (srcBLen - 1U);
 1200              		.loc 1 573 3 view .LVU492
 574:Drivers/CMSIS/DSP/Source/FilteringFunctions/arm_conv_fast_q15.c ****   pIn2 = pSrc2 - 1U;
 1201              		.loc 1 574 3 view .LVU493
 1202              		.loc 1 574 8 is_stmt 0 view .LVU494
 1203 03c2 039B     		ldr	r3, [sp, #12]
 1204 03c4 A3F1020E 		sub	lr, r3, #2
 1205              	.LVL161:
 575:Drivers/CMSIS/DSP/Source/FilteringFunctions/arm_conv_fast_q15.c ****   py = pIn2;
 1206              		.loc 1 575 3 is_stmt 1 view .LVU495
ARM GAS  C:\Users\Lamp\AppData\Local\Temp\cc1YK7pm.s 			page 52


 576:Drivers/CMSIS/DSP/Source/FilteringFunctions/arm_conv_fast_q15.c **** 
 577:Drivers/CMSIS/DSP/Source/FilteringFunctions/arm_conv_fast_q15.c ****   /* -------------------
 578:Drivers/CMSIS/DSP/Source/FilteringFunctions/arm_conv_fast_q15.c ****    * Stage3 process
 579:Drivers/CMSIS/DSP/Source/FilteringFunctions/arm_conv_fast_q15.c ****    * ------------------*/
 580:Drivers/CMSIS/DSP/Source/FilteringFunctions/arm_conv_fast_q15.c **** 
 581:Drivers/CMSIS/DSP/Source/FilteringFunctions/arm_conv_fast_q15.c ****   /* For loop unrolling by 4, this stage is divided into two. */
 582:Drivers/CMSIS/DSP/Source/FilteringFunctions/arm_conv_fast_q15.c ****   /* First part of this stage computes the MAC operations greater than 4 */
 583:Drivers/CMSIS/DSP/Source/FilteringFunctions/arm_conv_fast_q15.c ****   /* Second part of this stage computes the MAC operations less than or equal to 4 */
 584:Drivers/CMSIS/DSP/Source/FilteringFunctions/arm_conv_fast_q15.c **** 
 585:Drivers/CMSIS/DSP/Source/FilteringFunctions/arm_conv_fast_q15.c ****   /* The first part of the stage starts here */
 586:Drivers/CMSIS/DSP/Source/FilteringFunctions/arm_conv_fast_q15.c ****   j = blockSize3 >> 2U;
 1207              		.loc 1 586 3 view .LVU496
 1208              		.loc 1 586 5 is_stmt 0 view .LVU497
 1209 03c8 AC08     		lsrs	r4, r5, #2
 1210              	.LVL162:
 587:Drivers/CMSIS/DSP/Source/FilteringFunctions/arm_conv_fast_q15.c **** 
 588:Drivers/CMSIS/DSP/Source/FilteringFunctions/arm_conv_fast_q15.c ****   while ((j > 0U) && (blockSize3 > 0U))
 1211              		.loc 1 588 3 is_stmt 1 view .LVU498
 1212              		.loc 1 588 9 is_stmt 0 view .LVU499
 1213 03ca 63E0     		b	.L29
 1214              	.LVL163:
 1215              	.L27:
 532:Drivers/CMSIS/DSP/Source/FilteringFunctions/arm_conv_fast_q15.c **** 
 1216              		.loc 1 532 9 is_stmt 1 view .LVU500
 532:Drivers/CMSIS/DSP/Source/FilteringFunctions/arm_conv_fast_q15.c **** 
 1217              		.loc 1 532 25 is_stmt 0 view .LVU501
 1218 03cc 33F9027B 		ldrsh	r7, [r3], #2
 1219              	.LVL164:
 532:Drivers/CMSIS/DSP/Source/FilteringFunctions/arm_conv_fast_q15.c **** 
 1220              		.loc 1 532 34 view .LVU502
 1221 03d0 32F902C9 		ldrsh	ip, [r2], #-2
 1222              	.LVL165:
 532:Drivers/CMSIS/DSP/Source/FilteringFunctions/arm_conv_fast_q15.c **** 
 1223              		.loc 1 532 13 view .LVU503
 1224 03d4 0CFB0700 		mla	r0, ip, r7, r0
 1225              	.LVL166:
 535:Drivers/CMSIS/DSP/Source/FilteringFunctions/arm_conv_fast_q15.c ****       }
 1226              		.loc 1 535 9 is_stmt 1 view .LVU504
 535:Drivers/CMSIS/DSP/Source/FilteringFunctions/arm_conv_fast_q15.c ****       }
 1227              		.loc 1 535 10 is_stmt 0 view .LVU505
 1228 03d8 0139     		subs	r1, r1, #1
 1229              	.LVL167:
 1230              	.L28:
 529:Drivers/CMSIS/DSP/Source/FilteringFunctions/arm_conv_fast_q15.c ****       {
 1231              		.loc 1 529 16 is_stmt 1 view .LVU506
 1232 03da 0029     		cmp	r1, #0
 1233 03dc F6D1     		bne	.L27
 539:Drivers/CMSIS/DSP/Source/FilteringFunctions/arm_conv_fast_q15.c **** 
 1234              		.loc 1 539 7 view .LVU507
 539:Drivers/CMSIS/DSP/Source/FilteringFunctions/arm_conv_fast_q15.c **** 
 1235              		.loc 1 539 12 is_stmt 0 view .LVU508
 1236 03de 149A     		ldr	r2, [sp, #80]
 1237              	.LVL168:
 539:Drivers/CMSIS/DSP/Source/FilteringFunctions/arm_conv_fast_q15.c **** 
 1238              		.loc 1 539 17 view .LVU509
 1239 03e0 40F3CF30 		sbfx	r0, r0, #15, #16
 1240              	.LVL169:
ARM GAS  C:\Users\Lamp\AppData\Local\Temp\cc1YK7pm.s 			page 53


 539:Drivers/CMSIS/DSP/Source/FilteringFunctions/arm_conv_fast_q15.c **** 
 1241              		.loc 1 539 15 view .LVU510
 1242 03e4 22F8020B 		strh	r0, [r2], #2	@ movhi
 1243              	.LVL170:
 542:Drivers/CMSIS/DSP/Source/FilteringFunctions/arm_conv_fast_q15.c **** 
 1244              		.loc 1 542 7 is_stmt 1 view .LVU511
 542:Drivers/CMSIS/DSP/Source/FilteringFunctions/arm_conv_fast_q15.c **** 
 1245              		.loc 1 542 12 is_stmt 0 view .LVU512
 1246 03e8 0EF1010E 		add	lr, lr, #1
 1247              	.LVL171:
 545:Drivers/CMSIS/DSP/Source/FilteringFunctions/arm_conv_fast_q15.c ****       py = pSrc2;
 1248              		.loc 1 545 7 is_stmt 1 view .LVU513
 545:Drivers/CMSIS/DSP/Source/FilteringFunctions/arm_conv_fast_q15.c ****       py = pSrc2;
 1249              		.loc 1 545 17 is_stmt 0 view .LVU514
 1250 03ec 08EB4E03 		add	r3, r8, lr, lsl #1
 1251              	.LVL172:
 546:Drivers/CMSIS/DSP/Source/FilteringFunctions/arm_conv_fast_q15.c **** 
 1252              		.loc 1 546 7 is_stmt 1 view .LVU515
 549:Drivers/CMSIS/DSP/Source/FilteringFunctions/arm_conv_fast_q15.c ****     }
 1253              		.loc 1 549 7 view .LVU516
 549:Drivers/CMSIS/DSP/Source/FilteringFunctions/arm_conv_fast_q15.c ****     }
 1254              		.loc 1 549 13 is_stmt 0 view .LVU517
 1255 03f0 013C     		subs	r4, r4, #1
 1256              	.LVL173:
 539:Drivers/CMSIS/DSP/Source/FilteringFunctions/arm_conv_fast_q15.c **** 
 1257              		.loc 1 539 12 view .LVU518
 1258 03f2 1492     		str	r2, [sp, #80]
 1259              	.LVL174:
 1260              	.L13:
 521:Drivers/CMSIS/DSP/Source/FilteringFunctions/arm_conv_fast_q15.c ****     {
 1261              		.loc 1 521 19 is_stmt 1 view .LVU519
 1262 03f4 002C     		cmp	r4, #0
 1263 03f6 E1D0     		beq	.L26
 1264 03f8 039A     		ldr	r2, [sp, #12]
 527:Drivers/CMSIS/DSP/Source/FilteringFunctions/arm_conv_fast_q15.c **** 
 1265              		.loc 1 527 9 is_stmt 0 view .LVU520
 1266 03fa 0599     		ldr	r1, [sp, #20]
 524:Drivers/CMSIS/DSP/Source/FilteringFunctions/arm_conv_fast_q15.c **** 
 1267              		.loc 1 524 11 view .LVU521
 1268 03fc 0020     		movs	r0, #0
 1269 03fe ECE7     		b	.L28
 1270              	.LVL175:
 1271              	.L40:
 255:Drivers/CMSIS/DSP/Source/FilteringFunctions/arm_conv_fast_q15.c **** 
 1272              		.loc 1 255 6 view .LVU522
 1273 0400 DDF81080 		ldr	r8, [sp, #16]
 1274 0404 4346     		mov	r3, r8
 1275              	.LVL176:
 519:Drivers/CMSIS/DSP/Source/FilteringFunctions/arm_conv_fast_q15.c **** 
 1276              		.loc 1 519 12 view .LVU523
 1277 0406 3446     		mov	r4, r6
 1278              	.LVL177:
 519:Drivers/CMSIS/DSP/Source/FilteringFunctions/arm_conv_fast_q15.c **** 
 1279              		.loc 1 519 12 view .LVU524
 1280 0408 DDF81CE0 		ldr	lr, [sp, #28]
 1281 040c F2E7     		b	.L13
 1282              	.LVL178:
ARM GAS  C:\Users\Lamp\AppData\Local\Temp\cc1YK7pm.s 			page 54


 1283              	.L31:
 589:Drivers/CMSIS/DSP/Source/FilteringFunctions/arm_conv_fast_q15.c ****   {
 590:Drivers/CMSIS/DSP/Source/FilteringFunctions/arm_conv_fast_q15.c ****     /* Accumulator is made zero for every iteration */
 591:Drivers/CMSIS/DSP/Source/FilteringFunctions/arm_conv_fast_q15.c ****     sum = 0;
 592:Drivers/CMSIS/DSP/Source/FilteringFunctions/arm_conv_fast_q15.c **** 
 593:Drivers/CMSIS/DSP/Source/FilteringFunctions/arm_conv_fast_q15.c ****     /* Apply loop unrolling and compute 4 MACs simultaneously. */
 594:Drivers/CMSIS/DSP/Source/FilteringFunctions/arm_conv_fast_q15.c ****     k = blockSize3 >> 2U;
 595:Drivers/CMSIS/DSP/Source/FilteringFunctions/arm_conv_fast_q15.c **** 
 596:Drivers/CMSIS/DSP/Source/FilteringFunctions/arm_conv_fast_q15.c ****     /* First part of the processing with loop unrolling.  Compute 4 MACs at a time.
 597:Drivers/CMSIS/DSP/Source/FilteringFunctions/arm_conv_fast_q15.c ****      ** a second loop below computes MACs for the remaining 1 to 3 samples. */
 598:Drivers/CMSIS/DSP/Source/FilteringFunctions/arm_conv_fast_q15.c ****     while (k > 0U)
 599:Drivers/CMSIS/DSP/Source/FilteringFunctions/arm_conv_fast_q15.c ****     {
 600:Drivers/CMSIS/DSP/Source/FilteringFunctions/arm_conv_fast_q15.c ****       /* x[srcALen - srcBLen + 1], x[srcALen - srcBLen + 2] are multiplied
 601:Drivers/CMSIS/DSP/Source/FilteringFunctions/arm_conv_fast_q15.c ****        * with y[srcBLen - 1], y[srcBLen - 2] respectively */
 602:Drivers/CMSIS/DSP/Source/FilteringFunctions/arm_conv_fast_q15.c ****       sum = __SMLADX(*__SIMD32(px)++, *__SIMD32(py)--, sum);
 1284              		.loc 1 602 7 is_stmt 1 view .LVU525
 1285              		.loc 1 602 22 is_stmt 0 view .LVU526
 1286 040e 4646     		mov	r6, r8
 1287 0410 56F8080B 		ldr	r0, [r6], #8
 1288              	.LVL179:
 1289              		.loc 1 602 39 view .LVU527
 1290 0414 E146     		mov	r9, ip
 1291 0416 59F808B9 		ldr	fp, [r9], #-8
 1292              	.LVL180:
 1293              	.LBB122:
 1294              	.LBI122:
 904:Drivers/CMSIS/DSP/Include/arm_math.h ****   uint32_t x,
 1295              		.loc 2 904 41 is_stmt 1 view .LVU528
 1296              	.LBB123:
 909:Drivers/CMSIS/DSP/Include/arm_math.h ****                        ((((q31_t)x      ) >> 16) * (((q31_t)y << 16) >> 16)) +
 1297              		.loc 2 909 5 view .LVU529
 909:Drivers/CMSIS/DSP/Include/arm_math.h ****                        ((((q31_t)x      ) >> 16) * (((q31_t)y << 16) >> 16)) +
 1298              		.loc 2 909 43 is_stmt 0 view .LVU530
 1299 041a 01B2     		sxth	r1, r0
 909:Drivers/CMSIS/DSP/Include/arm_math.h ****                        ((((q31_t)x      ) >> 16) * (((q31_t)y << 16) >> 16)) +
 1300              		.loc 2 909 70 view .LVU531
 1301 041c 4FEA2B4A 		asr	r10, fp, #16
 1302              		.loc 2 910 43 view .LVU532
 1303 0420 0014     		asrs	r0, r0, #16
 1304              	.LVL181:
 1305              		.loc 2 910 70 view .LVU533
 1306 0422 0FFA8BFB 		sxth	fp, fp
 1307              	.LVL182:
 1308              		.loc 2 910 50 view .LVU534
 1309 0426 0BFB00F0 		mul	r0, fp, r0
 909:Drivers/CMSIS/DSP/Include/arm_math.h ****                        ((((q31_t)x      ) >> 16) * (((q31_t)y << 16) >> 16)) +
 1310              		.loc 2 909 78 view .LVU535
 1311 042a 0AFB0100 		mla	r0, r10, r1, r0
 1312              		.loc 2 910 78 view .LVU536
 1313 042e 1844     		add	r0, r0, r3
 1314              	.LVL183:
 1315              		.loc 2 910 78 view .LVU537
 1316              	.LBE123:
 1317              	.LBE122:
 603:Drivers/CMSIS/DSP/Source/FilteringFunctions/arm_conv_fast_q15.c ****       /* x[srcALen - srcBLen + 3], x[srcALen - srcBLen + 4] are multiplied
 604:Drivers/CMSIS/DSP/Source/FilteringFunctions/arm_conv_fast_q15.c ****        * with y[srcBLen - 3], y[srcBLen - 4] respectively */
 605:Drivers/CMSIS/DSP/Source/FilteringFunctions/arm_conv_fast_q15.c ****       sum = __SMLADX(*__SIMD32(px)++, *__SIMD32(py)--, sum);
ARM GAS  C:\Users\Lamp\AppData\Local\Temp\cc1YK7pm.s 			page 55


 1318              		.loc 1 605 7 is_stmt 1 view .LVU538
 1319              		.loc 1 605 22 is_stmt 0 view .LVU539
 1320 0430 D8F80430 		ldr	r3, [r8, #4]
 1321              	.LVL184:
 1322              		.loc 1 605 39 view .LVU540
 1323 0434 5CF804CC 		ldr	ip, [ip, #-4]
 1324              	.LVL185:
 1325              	.LBB124:
 1326              	.LBI124:
 904:Drivers/CMSIS/DSP/Include/arm_math.h ****   uint32_t x,
 1327              		.loc 2 904 41 is_stmt 1 view .LVU541
 1328              	.LBB125:
 909:Drivers/CMSIS/DSP/Include/arm_math.h ****                        ((((q31_t)x      ) >> 16) * (((q31_t)y << 16) >> 16)) +
 1329              		.loc 2 909 5 view .LVU542
 909:Drivers/CMSIS/DSP/Include/arm_math.h ****                        ((((q31_t)x      ) >> 16) * (((q31_t)y << 16) >> 16)) +
 1330              		.loc 2 909 43 is_stmt 0 view .LVU543
 1331 0438 0FFA83F8 		sxth	r8, r3
 909:Drivers/CMSIS/DSP/Include/arm_math.h ****                        ((((q31_t)x      ) >> 16) * (((q31_t)y << 16) >> 16)) +
 1332              		.loc 2 909 70 view .LVU544
 1333 043c 4FEA2C4A 		asr	r10, ip, #16
 1334              		.loc 2 910 43 view .LVU545
 1335 0440 1B14     		asrs	r3, r3, #16
 1336              	.LVL186:
 1337              		.loc 2 910 70 view .LVU546
 1338 0442 0FFA8CFC 		sxth	ip, ip
 1339              	.LVL187:
 1340              		.loc 2 910 50 view .LVU547
 1341 0446 0CFB03F3 		mul	r3, ip, r3
 909:Drivers/CMSIS/DSP/Include/arm_math.h ****                        ((((q31_t)x      ) >> 16) * (((q31_t)y << 16) >> 16)) +
 1342              		.loc 2 909 78 view .LVU548
 1343 044a 0AFB0833 		mla	r3, r10, r8, r3
 1344              		.loc 2 910 78 view .LVU549
 1345 044e 0344     		add	r3, r3, r0
 1346              	.LVL188:
 1347              		.loc 2 910 78 view .LVU550
 1348              	.LBE125:
 1349              	.LBE124:
 606:Drivers/CMSIS/DSP/Source/FilteringFunctions/arm_conv_fast_q15.c **** 
 607:Drivers/CMSIS/DSP/Source/FilteringFunctions/arm_conv_fast_q15.c ****       /* Decrement the loop counter */
 608:Drivers/CMSIS/DSP/Source/FilteringFunctions/arm_conv_fast_q15.c ****       k--;
 1350              		.loc 1 608 7 is_stmt 1 view .LVU551
 1351              		.loc 1 608 8 is_stmt 0 view .LVU552
 1352 0450 013A     		subs	r2, r2, #1
 1353              	.LVL189:
 605:Drivers/CMSIS/DSP/Source/FilteringFunctions/arm_conv_fast_q15.c **** 
 1354              		.loc 1 605 52 view .LVU553
 1355 0452 CC46     		mov	ip, r9
 605:Drivers/CMSIS/DSP/Source/FilteringFunctions/arm_conv_fast_q15.c **** 
 1356              		.loc 1 605 35 view .LVU554
 1357 0454 B046     		mov	r8, r6
 1358              	.LVL190:
 1359              	.L30:
 598:Drivers/CMSIS/DSP/Source/FilteringFunctions/arm_conv_fast_q15.c ****     {
 1360              		.loc 1 598 14 is_stmt 1 view .LVU555
 1361 0456 002A     		cmp	r2, #0
 1362 0458 D9D1     		bne	.L31
 609:Drivers/CMSIS/DSP/Source/FilteringFunctions/arm_conv_fast_q15.c ****     }
ARM GAS  C:\Users\Lamp\AppData\Local\Temp\cc1YK7pm.s 			page 56


 610:Drivers/CMSIS/DSP/Source/FilteringFunctions/arm_conv_fast_q15.c **** 
 611:Drivers/CMSIS/DSP/Source/FilteringFunctions/arm_conv_fast_q15.c ****     /* For the next MAC operations, the pointer py is used without SIMD
 612:Drivers/CMSIS/DSP/Source/FilteringFunctions/arm_conv_fast_q15.c ****      * So, py is incremented by 1 */
 613:Drivers/CMSIS/DSP/Source/FilteringFunctions/arm_conv_fast_q15.c ****     py = py + 1U;
 1363              		.loc 1 613 5 view .LVU556
 1364              		.loc 1 613 13 is_stmt 0 view .LVU557
 1365 045a 0CF10202 		add	r2, ip, #2
 1366              	.LVL191:
 614:Drivers/CMSIS/DSP/Source/FilteringFunctions/arm_conv_fast_q15.c **** 
 615:Drivers/CMSIS/DSP/Source/FilteringFunctions/arm_conv_fast_q15.c ****     /* If the blockSize3 is not a multiple of 4, compute any remaining MACs here.
 616:Drivers/CMSIS/DSP/Source/FilteringFunctions/arm_conv_fast_q15.c ****      ** No loop unrolling is used. */
 617:Drivers/CMSIS/DSP/Source/FilteringFunctions/arm_conv_fast_q15.c ****     k = blockSize3 % 0x4U;
 1367              		.loc 1 617 5 is_stmt 1 view .LVU558
 1368              		.loc 1 617 7 is_stmt 0 view .LVU559
 1369 045e 05F00300 		and	r0, r5, #3
 1370              	.LVL192:
 618:Drivers/CMSIS/DSP/Source/FilteringFunctions/arm_conv_fast_q15.c **** 
 619:Drivers/CMSIS/DSP/Source/FilteringFunctions/arm_conv_fast_q15.c ****     while (k > 0U)
 1371              		.loc 1 619 5 is_stmt 1 view .LVU560
 1372              		.loc 1 619 11 is_stmt 0 view .LVU561
 1373 0462 0CE0     		b	.L32
 1374              	.L33:
 620:Drivers/CMSIS/DSP/Source/FilteringFunctions/arm_conv_fast_q15.c ****     {
 621:Drivers/CMSIS/DSP/Source/FilteringFunctions/arm_conv_fast_q15.c ****       /* sum += x[srcALen - srcBLen + 5] * y[srcBLen - 5] */
 622:Drivers/CMSIS/DSP/Source/FilteringFunctions/arm_conv_fast_q15.c ****       sum = __SMLAD(*px++, *py--, sum);
 1375              		.loc 1 622 7 is_stmt 1 view .LVU562
 1376              	.LVL193:
 1377              		.loc 1 622 21 is_stmt 0 view .LVU563
 1378 0464 38F9026B 		ldrsh	r6, [r8], #2
 1379              	.LVL194:
 1380              		.loc 1 622 28 view .LVU564
 1381 0468 32F902C9 		ldrsh	ip, [r2], #-2
 1382              	.LVL195:
 1383              	.LBB126:
 1384              	.LBI126:
 890:Drivers/CMSIS/DSP/Include/arm_math.h ****   uint32_t x,
 1385              		.loc 2 890 41 is_stmt 1 view .LVU565
 1386              	.LBB127:
 895:Drivers/CMSIS/DSP/Include/arm_math.h ****                        ((((q31_t)x      ) >> 16) * (((q31_t)y      ) >> 16)) +
 1387              		.loc 2 895 5 view .LVU566
 896:Drivers/CMSIS/DSP/Include/arm_math.h ****                        ( ((q31_t)sum    )                                  )   ));
 1388              		.loc 2 896 43 is_stmt 0 view .LVU567
 1389 046c 3114     		asrs	r1, r6, #16
 896:Drivers/CMSIS/DSP/Include/arm_math.h ****                        ( ((q31_t)sum    )                                  )   ));
 1390              		.loc 2 896 70 view .LVU568
 1391 046e 4FEA2C49 		asr	r9, ip, #16
 896:Drivers/CMSIS/DSP/Include/arm_math.h ****                        ( ((q31_t)sum    )                                  )   ));
 1392              		.loc 2 896 50 view .LVU569
 1393 0472 09FB01F1 		mul	r1, r9, r1
 895:Drivers/CMSIS/DSP/Include/arm_math.h ****                        ((((q31_t)x      ) >> 16) * (((q31_t)y      ) >> 16)) +
 1394              		.loc 2 895 78 view .LVU570
 1395 0476 0CFB0611 		mla	r1, ip, r6, r1
 896:Drivers/CMSIS/DSP/Include/arm_math.h ****                        ( ((q31_t)sum    )                                  )   ));
 1396              		.loc 2 896 78 view .LVU571
 1397 047a 0B44     		add	r3, r3, r1
 1398              	.LVL196:
 896:Drivers/CMSIS/DSP/Include/arm_math.h ****                        ( ((q31_t)sum    )                                  )   ));
ARM GAS  C:\Users\Lamp\AppData\Local\Temp\cc1YK7pm.s 			page 57


 1399              		.loc 2 896 78 view .LVU572
 1400              	.LBE127:
 1401              	.LBE126:
 623:Drivers/CMSIS/DSP/Source/FilteringFunctions/arm_conv_fast_q15.c **** 
 624:Drivers/CMSIS/DSP/Source/FilteringFunctions/arm_conv_fast_q15.c ****       /* Decrement the loop counter */
 625:Drivers/CMSIS/DSP/Source/FilteringFunctions/arm_conv_fast_q15.c ****       k--;
 1402              		.loc 1 625 7 is_stmt 1 view .LVU573
 1403              		.loc 1 625 8 is_stmt 0 view .LVU574
 1404 047c 0138     		subs	r0, r0, #1
 1405              	.LVL197:
 1406              	.L32:
 619:Drivers/CMSIS/DSP/Source/FilteringFunctions/arm_conv_fast_q15.c ****     {
 1407              		.loc 1 619 14 is_stmt 1 view .LVU575
 1408 047e 0028     		cmp	r0, #0
 1409 0480 F0D1     		bne	.L33
 626:Drivers/CMSIS/DSP/Source/FilteringFunctions/arm_conv_fast_q15.c ****     }
 627:Drivers/CMSIS/DSP/Source/FilteringFunctions/arm_conv_fast_q15.c **** 
 628:Drivers/CMSIS/DSP/Source/FilteringFunctions/arm_conv_fast_q15.c ****     /* Store the result in the accumulator in the destination buffer. */
 629:Drivers/CMSIS/DSP/Source/FilteringFunctions/arm_conv_fast_q15.c ****     *pOut++ = (q15_t) (sum >> 15);
 1410              		.loc 1 629 5 view .LVU576
 1411              		.loc 1 629 10 is_stmt 0 view .LVU577
 1412 0482 149A     		ldr	r2, [sp, #80]
 1413              	.LVL198:
 1414              		.loc 1 629 15 view .LVU578
 1415 0484 43F3CF33 		sbfx	r3, r3, #15, #16
 1416              	.LVL199:
 1417              		.loc 1 629 13 view .LVU579
 1418 0488 22F8023B 		strh	r3, [r2], #2	@ movhi
 1419              	.LVL200:
 630:Drivers/CMSIS/DSP/Source/FilteringFunctions/arm_conv_fast_q15.c **** 
 631:Drivers/CMSIS/DSP/Source/FilteringFunctions/arm_conv_fast_q15.c ****     /* Update the inputA and inputB pointers for next MAC calculation */
 632:Drivers/CMSIS/DSP/Source/FilteringFunctions/arm_conv_fast_q15.c ****     px = ++pSrc1;
 1420              		.loc 1 632 5 is_stmt 1 view .LVU580
 1421              		.loc 1 632 8 is_stmt 0 view .LVU581
 1422 048c 0237     		adds	r7, r7, #2
 1423              	.LVL201:
 633:Drivers/CMSIS/DSP/Source/FilteringFunctions/arm_conv_fast_q15.c ****     py = pIn2;
 1424              		.loc 1 633 5 is_stmt 1 view .LVU582
 634:Drivers/CMSIS/DSP/Source/FilteringFunctions/arm_conv_fast_q15.c **** 
 635:Drivers/CMSIS/DSP/Source/FilteringFunctions/arm_conv_fast_q15.c ****     /* Decrement the loop counter */
 636:Drivers/CMSIS/DSP/Source/FilteringFunctions/arm_conv_fast_q15.c ****     blockSize3--;
 1425              		.loc 1 636 5 view .LVU583
 1426              		.loc 1 636 15 is_stmt 0 view .LVU584
 1427 048e 013D     		subs	r5, r5, #1
 1428              	.LVL202:
 637:Drivers/CMSIS/DSP/Source/FilteringFunctions/arm_conv_fast_q15.c **** 
 638:Drivers/CMSIS/DSP/Source/FilteringFunctions/arm_conv_fast_q15.c ****     j--;
 1429              		.loc 1 638 5 is_stmt 1 view .LVU585
 1430              		.loc 1 638 6 is_stmt 0 view .LVU586
 1431 0490 013C     		subs	r4, r4, #1
 1432              	.LVL203:
 629:Drivers/CMSIS/DSP/Source/FilteringFunctions/arm_conv_fast_q15.c **** 
 1433              		.loc 1 629 10 view .LVU587
 1434 0492 1492     		str	r2, [sp, #80]
 1435              	.LVL204:
 1436              	.L29:
 588:Drivers/CMSIS/DSP/Source/FilteringFunctions/arm_conv_fast_q15.c ****   {
ARM GAS  C:\Users\Lamp\AppData\Local\Temp\cc1YK7pm.s 			page 58


 1437              		.loc 1 588 19 is_stmt 1 view .LVU588
 1438 0494 24B3     		cbz	r4, .L43
 588:Drivers/CMSIS/DSP/Source/FilteringFunctions/arm_conv_fast_q15.c ****   {
 1439              		.loc 1 588 19 is_stmt 0 discriminator 1 view .LVU589
 1440 0496 25B1     		cbz	r5, .L50
 591:Drivers/CMSIS/DSP/Source/FilteringFunctions/arm_conv_fast_q15.c **** 
 1441              		.loc 1 591 5 is_stmt 1 view .LVU590
 1442              	.LVL205:
 594:Drivers/CMSIS/DSP/Source/FilteringFunctions/arm_conv_fast_q15.c **** 
 1443              		.loc 1 594 5 view .LVU591
 594:Drivers/CMSIS/DSP/Source/FilteringFunctions/arm_conv_fast_q15.c **** 
 1444              		.loc 1 594 7 is_stmt 0 view .LVU592
 1445 0498 AA08     		lsrs	r2, r5, #2
 1446              	.LVL206:
 598:Drivers/CMSIS/DSP/Source/FilteringFunctions/arm_conv_fast_q15.c ****     {
 1447              		.loc 1 598 5 is_stmt 1 view .LVU593
 598:Drivers/CMSIS/DSP/Source/FilteringFunctions/arm_conv_fast_q15.c ****     {
 1448              		.loc 1 598 11 is_stmt 0 view .LVU594
 1449 049a F446     		mov	ip, lr
 1450 049c B846     		mov	r8, r7
 591:Drivers/CMSIS/DSP/Source/FilteringFunctions/arm_conv_fast_q15.c **** 
 1451              		.loc 1 591 9 view .LVU595
 1452 049e 0023     		movs	r3, #0
 598:Drivers/CMSIS/DSP/Source/FilteringFunctions/arm_conv_fast_q15.c ****     {
 1453              		.loc 1 598 11 view .LVU596
 1454 04a0 D9E7     		b	.L30
 1455              	.LVL207:
 1456              	.L50:
 598:Drivers/CMSIS/DSP/Source/FilteringFunctions/arm_conv_fast_q15.c ****     {
 1457              		.loc 1 598 11 view .LVU597
 1458 04a2 DDF850E0 		ldr	lr, [sp, #80]
 1459              	.LVL208:
 598:Drivers/CMSIS/DSP/Source/FilteringFunctions/arm_conv_fast_q15.c ****     {
 1460              		.loc 1 598 11 view .LVU598
 1461 04a6 14E0     		b	.L37
 1462              	.LVL209:
 1463              	.L36:
 639:Drivers/CMSIS/DSP/Source/FilteringFunctions/arm_conv_fast_q15.c ****   }
 640:Drivers/CMSIS/DSP/Source/FilteringFunctions/arm_conv_fast_q15.c **** 
 641:Drivers/CMSIS/DSP/Source/FilteringFunctions/arm_conv_fast_q15.c ****   /* The second part of the stage starts here */
 642:Drivers/CMSIS/DSP/Source/FilteringFunctions/arm_conv_fast_q15.c ****   /* SIMD is not used for the next MAC operations,
 643:Drivers/CMSIS/DSP/Source/FilteringFunctions/arm_conv_fast_q15.c ****    * so pointer py is updated to read only one sample at a time */
 644:Drivers/CMSIS/DSP/Source/FilteringFunctions/arm_conv_fast_q15.c ****   py = py + 1U;
 645:Drivers/CMSIS/DSP/Source/FilteringFunctions/arm_conv_fast_q15.c **** 
 646:Drivers/CMSIS/DSP/Source/FilteringFunctions/arm_conv_fast_q15.c ****   while (blockSize3 > 0U)
 647:Drivers/CMSIS/DSP/Source/FilteringFunctions/arm_conv_fast_q15.c ****   {
 648:Drivers/CMSIS/DSP/Source/FilteringFunctions/arm_conv_fast_q15.c ****     /* Accumulator is made zero for every iteration */
 649:Drivers/CMSIS/DSP/Source/FilteringFunctions/arm_conv_fast_q15.c ****     sum = 0;
 650:Drivers/CMSIS/DSP/Source/FilteringFunctions/arm_conv_fast_q15.c **** 
 651:Drivers/CMSIS/DSP/Source/FilteringFunctions/arm_conv_fast_q15.c ****     /* Apply loop unrolling and compute 4 MACs simultaneously. */
 652:Drivers/CMSIS/DSP/Source/FilteringFunctions/arm_conv_fast_q15.c ****     k = blockSize3;
 653:Drivers/CMSIS/DSP/Source/FilteringFunctions/arm_conv_fast_q15.c **** 
 654:Drivers/CMSIS/DSP/Source/FilteringFunctions/arm_conv_fast_q15.c ****     while (k > 0U)
 655:Drivers/CMSIS/DSP/Source/FilteringFunctions/arm_conv_fast_q15.c ****     {
 656:Drivers/CMSIS/DSP/Source/FilteringFunctions/arm_conv_fast_q15.c ****       /* Perform the multiply-accumulates */
 657:Drivers/CMSIS/DSP/Source/FilteringFunctions/arm_conv_fast_q15.c ****       /* sum +=  x[srcALen-1] * y[srcBLen-1] */
 658:Drivers/CMSIS/DSP/Source/FilteringFunctions/arm_conv_fast_q15.c ****       sum = __SMLAD(*px++, *py--, sum);
ARM GAS  C:\Users\Lamp\AppData\Local\Temp\cc1YK7pm.s 			page 59


 1464              		.loc 1 658 7 is_stmt 1 view .LVU599
 1465              		.loc 1 658 21 is_stmt 0 view .LVU600
 1466 04a8 33F9024B 		ldrsh	r4, [r3], #2
 1467              	.LVL210:
 1468              		.loc 1 658 28 view .LVU601
 1469 04ac 32F90269 		ldrsh	r6, [r2], #-2
 1470              	.LVL211:
 1471              	.LBB128:
 1472              	.LBI128:
 890:Drivers/CMSIS/DSP/Include/arm_math.h ****   uint32_t x,
 1473              		.loc 2 890 41 is_stmt 1 view .LVU602
 1474              	.LBB129:
 895:Drivers/CMSIS/DSP/Include/arm_math.h ****                        ((((q31_t)x      ) >> 16) * (((q31_t)y      ) >> 16)) +
 1475              		.loc 2 895 5 view .LVU603
 896:Drivers/CMSIS/DSP/Include/arm_math.h ****                        ( ((q31_t)sum    )                                  )   ));
 1476              		.loc 2 896 43 is_stmt 0 view .LVU604
 1477 04b0 2114     		asrs	r1, r4, #16
 896:Drivers/CMSIS/DSP/Include/arm_math.h ****                        ( ((q31_t)sum    )                                  )   ));
 1478              		.loc 2 896 70 view .LVU605
 1479 04b2 4FEA2648 		asr	r8, r6, #16
 896:Drivers/CMSIS/DSP/Include/arm_math.h ****                        ( ((q31_t)sum    )                                  )   ));
 1480              		.loc 2 896 50 view .LVU606
 1481 04b6 08FB01F1 		mul	r1, r8, r1
 895:Drivers/CMSIS/DSP/Include/arm_math.h ****                        ((((q31_t)x      ) >> 16) * (((q31_t)y      ) >> 16)) +
 1482              		.loc 2 895 78 view .LVU607
 1483 04ba 06FB0411 		mla	r1, r6, r4, r1
 896:Drivers/CMSIS/DSP/Include/arm_math.h ****                        ( ((q31_t)sum    )                                  )   ));
 1484              		.loc 2 896 78 view .LVU608
 1485 04be 8C44     		add	ip, ip, r1
 1486              	.LVL212:
 896:Drivers/CMSIS/DSP/Include/arm_math.h ****                        ( ((q31_t)sum    )                                  )   ));
 1487              		.loc 2 896 78 view .LVU609
 1488              	.LBE129:
 1489              	.LBE128:
 659:Drivers/CMSIS/DSP/Source/FilteringFunctions/arm_conv_fast_q15.c **** 
 660:Drivers/CMSIS/DSP/Source/FilteringFunctions/arm_conv_fast_q15.c ****       /* Decrement the loop counter */
 661:Drivers/CMSIS/DSP/Source/FilteringFunctions/arm_conv_fast_q15.c ****       k--;
 1490              		.loc 1 661 7 is_stmt 1 view .LVU610
 1491              		.loc 1 661 8 is_stmt 0 view .LVU611
 1492 04c0 0138     		subs	r0, r0, #1
 1493              	.LVL213:
 1494              	.L38:
 654:Drivers/CMSIS/DSP/Source/FilteringFunctions/arm_conv_fast_q15.c ****     {
 1495              		.loc 1 654 14 is_stmt 1 view .LVU612
 1496 04c2 0028     		cmp	r0, #0
 1497 04c4 F0D1     		bne	.L36
 662:Drivers/CMSIS/DSP/Source/FilteringFunctions/arm_conv_fast_q15.c ****     }
 663:Drivers/CMSIS/DSP/Source/FilteringFunctions/arm_conv_fast_q15.c **** 
 664:Drivers/CMSIS/DSP/Source/FilteringFunctions/arm_conv_fast_q15.c ****     /* Store the result in the accumulator in the destination buffer. */
 665:Drivers/CMSIS/DSP/Source/FilteringFunctions/arm_conv_fast_q15.c ****     *pOut++ = (q15_t) (sum >> 15);
 1498              		.loc 1 665 5 view .LVU613
 1499              	.LVL214:
 1500              		.loc 1 665 15 is_stmt 0 view .LVU614
 1501 04c6 4CF3CF3C 		sbfx	ip, ip, #15, #16
 1502              	.LVL215:
 1503              		.loc 1 665 13 view .LVU615
 1504 04ca 2EF802CB 		strh	ip, [lr], #2	@ movhi
ARM GAS  C:\Users\Lamp\AppData\Local\Temp\cc1YK7pm.s 			page 60


 1505              	.LVL216:
 666:Drivers/CMSIS/DSP/Source/FilteringFunctions/arm_conv_fast_q15.c **** 
 667:Drivers/CMSIS/DSP/Source/FilteringFunctions/arm_conv_fast_q15.c ****     /* Update the inputA and inputB pointers for next MAC calculation */
 668:Drivers/CMSIS/DSP/Source/FilteringFunctions/arm_conv_fast_q15.c ****     px = ++pSrc1;
 1506              		.loc 1 668 5 is_stmt 1 view .LVU616
 1507              		.loc 1 668 8 is_stmt 0 view .LVU617
 1508 04ce 0237     		adds	r7, r7, #2
 1509              	.LVL217:
 669:Drivers/CMSIS/DSP/Source/FilteringFunctions/arm_conv_fast_q15.c ****     py = pSrc2;
 1510              		.loc 1 669 5 is_stmt 1 view .LVU618
 670:Drivers/CMSIS/DSP/Source/FilteringFunctions/arm_conv_fast_q15.c **** 
 671:Drivers/CMSIS/DSP/Source/FilteringFunctions/arm_conv_fast_q15.c ****     /* Decrement the loop counter */
 672:Drivers/CMSIS/DSP/Source/FilteringFunctions/arm_conv_fast_q15.c ****     blockSize3--;
 1511              		.loc 1 672 5 view .LVU619
 1512              		.loc 1 672 15 is_stmt 0 view .LVU620
 1513 04d0 013D     		subs	r5, r5, #1
 1514              	.LVL218:
 1515              	.L37:
 646:Drivers/CMSIS/DSP/Source/FilteringFunctions/arm_conv_fast_q15.c ****   {
 1516              		.loc 1 646 21 is_stmt 1 view .LVU621
 1517 04d2 45B1     		cbz	r5, .L51
 646:Drivers/CMSIS/DSP/Source/FilteringFunctions/arm_conv_fast_q15.c ****   {
 1518              		.loc 1 646 21 is_stmt 0 view .LVU622
 1519 04d4 039A     		ldr	r2, [sp, #12]
 1520 04d6 3B46     		mov	r3, r7
 652:Drivers/CMSIS/DSP/Source/FilteringFunctions/arm_conv_fast_q15.c **** 
 1521              		.loc 1 652 7 view .LVU623
 1522 04d8 2846     		mov	r0, r5
 649:Drivers/CMSIS/DSP/Source/FilteringFunctions/arm_conv_fast_q15.c **** 
 1523              		.loc 1 649 9 view .LVU624
 1524 04da 4FF0000C 		mov	ip, #0
 1525 04de F0E7     		b	.L38
 1526              	.LVL219:
 1527              	.L43:
 649:Drivers/CMSIS/DSP/Source/FilteringFunctions/arm_conv_fast_q15.c **** 
 1528              		.loc 1 649 9 view .LVU625
 1529 04e0 DDF850E0 		ldr	lr, [sp, #80]
 1530              	.LVL220:
 649:Drivers/CMSIS/DSP/Source/FilteringFunctions/arm_conv_fast_q15.c **** 
 1531              		.loc 1 649 9 view .LVU626
 1532 04e4 F5E7     		b	.L37
 1533              	.LVL221:
 1534              	.L51:
 673:Drivers/CMSIS/DSP/Source/FilteringFunctions/arm_conv_fast_q15.c ****   }
 674:Drivers/CMSIS/DSP/Source/FilteringFunctions/arm_conv_fast_q15.c **** 
 675:Drivers/CMSIS/DSP/Source/FilteringFunctions/arm_conv_fast_q15.c **** #else
 676:Drivers/CMSIS/DSP/Source/FilteringFunctions/arm_conv_fast_q15.c ****   q15_t *pIn1;                                   /* inputA pointer */
 677:Drivers/CMSIS/DSP/Source/FilteringFunctions/arm_conv_fast_q15.c ****   q15_t *pIn2;                                   /* inputB pointer */
 678:Drivers/CMSIS/DSP/Source/FilteringFunctions/arm_conv_fast_q15.c ****   q15_t *pOut = pDst;                            /* output pointer */
 679:Drivers/CMSIS/DSP/Source/FilteringFunctions/arm_conv_fast_q15.c ****   q31_t sum, acc0, acc1, acc2, acc3;             /* Accumulator */
 680:Drivers/CMSIS/DSP/Source/FilteringFunctions/arm_conv_fast_q15.c ****   q15_t *px;                                     /* Intermediate inputA pointer  */
 681:Drivers/CMSIS/DSP/Source/FilteringFunctions/arm_conv_fast_q15.c ****   q15_t *py;                                     /* Intermediate inputB pointer  */
 682:Drivers/CMSIS/DSP/Source/FilteringFunctions/arm_conv_fast_q15.c ****   q15_t *pSrc1, *pSrc2;                          /* Intermediate pointers */
 683:Drivers/CMSIS/DSP/Source/FilteringFunctions/arm_conv_fast_q15.c ****   q31_t x0, x1, x2, x3, c0;                      /* Temporary variables to hold state and coefficie
 684:Drivers/CMSIS/DSP/Source/FilteringFunctions/arm_conv_fast_q15.c ****   uint32_t blockSize1, blockSize2, blockSize3, j, k, count, blkCnt;     /* loop counter */
 685:Drivers/CMSIS/DSP/Source/FilteringFunctions/arm_conv_fast_q15.c ****   q15_t a, b;
 686:Drivers/CMSIS/DSP/Source/FilteringFunctions/arm_conv_fast_q15.c **** 
ARM GAS  C:\Users\Lamp\AppData\Local\Temp\cc1YK7pm.s 			page 61


 687:Drivers/CMSIS/DSP/Source/FilteringFunctions/arm_conv_fast_q15.c ****   /* The algorithm implementation is based on the lengths of the inputs. */
 688:Drivers/CMSIS/DSP/Source/FilteringFunctions/arm_conv_fast_q15.c ****   /* srcB is always made to slide across srcA. */
 689:Drivers/CMSIS/DSP/Source/FilteringFunctions/arm_conv_fast_q15.c ****   /* So srcBLen is always considered as shorter or equal to srcALen */
 690:Drivers/CMSIS/DSP/Source/FilteringFunctions/arm_conv_fast_q15.c ****   if (srcALen >= srcBLen)
 691:Drivers/CMSIS/DSP/Source/FilteringFunctions/arm_conv_fast_q15.c ****   {
 692:Drivers/CMSIS/DSP/Source/FilteringFunctions/arm_conv_fast_q15.c ****     /* Initialization of inputA pointer */
 693:Drivers/CMSIS/DSP/Source/FilteringFunctions/arm_conv_fast_q15.c ****     pIn1 = pSrcA;
 694:Drivers/CMSIS/DSP/Source/FilteringFunctions/arm_conv_fast_q15.c **** 
 695:Drivers/CMSIS/DSP/Source/FilteringFunctions/arm_conv_fast_q15.c ****     /* Initialization of inputB pointer */
 696:Drivers/CMSIS/DSP/Source/FilteringFunctions/arm_conv_fast_q15.c ****     pIn2 = pSrcB;
 697:Drivers/CMSIS/DSP/Source/FilteringFunctions/arm_conv_fast_q15.c ****   }
 698:Drivers/CMSIS/DSP/Source/FilteringFunctions/arm_conv_fast_q15.c ****   else
 699:Drivers/CMSIS/DSP/Source/FilteringFunctions/arm_conv_fast_q15.c ****   {
 700:Drivers/CMSIS/DSP/Source/FilteringFunctions/arm_conv_fast_q15.c ****     /* Initialization of inputA pointer */
 701:Drivers/CMSIS/DSP/Source/FilteringFunctions/arm_conv_fast_q15.c ****     pIn1 = pSrcB;
 702:Drivers/CMSIS/DSP/Source/FilteringFunctions/arm_conv_fast_q15.c **** 
 703:Drivers/CMSIS/DSP/Source/FilteringFunctions/arm_conv_fast_q15.c ****     /* Initialization of inputB pointer */
 704:Drivers/CMSIS/DSP/Source/FilteringFunctions/arm_conv_fast_q15.c ****     pIn2 = pSrcA;
 705:Drivers/CMSIS/DSP/Source/FilteringFunctions/arm_conv_fast_q15.c **** 
 706:Drivers/CMSIS/DSP/Source/FilteringFunctions/arm_conv_fast_q15.c ****     /* srcBLen is always considered as shorter or equal to srcALen */
 707:Drivers/CMSIS/DSP/Source/FilteringFunctions/arm_conv_fast_q15.c ****     j = srcBLen;
 708:Drivers/CMSIS/DSP/Source/FilteringFunctions/arm_conv_fast_q15.c ****     srcBLen = srcALen;
 709:Drivers/CMSIS/DSP/Source/FilteringFunctions/arm_conv_fast_q15.c ****     srcALen = j;
 710:Drivers/CMSIS/DSP/Source/FilteringFunctions/arm_conv_fast_q15.c ****   }
 711:Drivers/CMSIS/DSP/Source/FilteringFunctions/arm_conv_fast_q15.c **** 
 712:Drivers/CMSIS/DSP/Source/FilteringFunctions/arm_conv_fast_q15.c ****   /* conv(x,y) at n = x[n] * y[0] + x[n-1] * y[1] + x[n-2] * y[2] + ...+ x[n-N+1] * y[N -1] */
 713:Drivers/CMSIS/DSP/Source/FilteringFunctions/arm_conv_fast_q15.c ****   /* The function is internally
 714:Drivers/CMSIS/DSP/Source/FilteringFunctions/arm_conv_fast_q15.c ****    * divided into three stages according to the number of multiplications that has to be
 715:Drivers/CMSIS/DSP/Source/FilteringFunctions/arm_conv_fast_q15.c ****    * taken place between inputA samples and inputB samples. In the first stage of the
 716:Drivers/CMSIS/DSP/Source/FilteringFunctions/arm_conv_fast_q15.c ****    * algorithm, the multiplications increase by one for every iteration.
 717:Drivers/CMSIS/DSP/Source/FilteringFunctions/arm_conv_fast_q15.c ****    * In the second stage of the algorithm, srcBLen number of multiplications are done.
 718:Drivers/CMSIS/DSP/Source/FilteringFunctions/arm_conv_fast_q15.c ****    * In the third stage of the algorithm, the multiplications decrease by one
 719:Drivers/CMSIS/DSP/Source/FilteringFunctions/arm_conv_fast_q15.c ****    * for every iteration. */
 720:Drivers/CMSIS/DSP/Source/FilteringFunctions/arm_conv_fast_q15.c **** 
 721:Drivers/CMSIS/DSP/Source/FilteringFunctions/arm_conv_fast_q15.c ****   /* The algorithm is implemented in three stages.
 722:Drivers/CMSIS/DSP/Source/FilteringFunctions/arm_conv_fast_q15.c ****      The loop counters of each stage is initiated here. */
 723:Drivers/CMSIS/DSP/Source/FilteringFunctions/arm_conv_fast_q15.c ****   blockSize1 = srcBLen - 1U;
 724:Drivers/CMSIS/DSP/Source/FilteringFunctions/arm_conv_fast_q15.c ****   blockSize2 = srcALen - (srcBLen - 1U);
 725:Drivers/CMSIS/DSP/Source/FilteringFunctions/arm_conv_fast_q15.c ****   blockSize3 = blockSize1;
 726:Drivers/CMSIS/DSP/Source/FilteringFunctions/arm_conv_fast_q15.c **** 
 727:Drivers/CMSIS/DSP/Source/FilteringFunctions/arm_conv_fast_q15.c ****   /* --------------------------
 728:Drivers/CMSIS/DSP/Source/FilteringFunctions/arm_conv_fast_q15.c ****    * Initializations of stage1
 729:Drivers/CMSIS/DSP/Source/FilteringFunctions/arm_conv_fast_q15.c ****    * -------------------------*/
 730:Drivers/CMSIS/DSP/Source/FilteringFunctions/arm_conv_fast_q15.c **** 
 731:Drivers/CMSIS/DSP/Source/FilteringFunctions/arm_conv_fast_q15.c ****   /* sum = x[0] * y[0]
 732:Drivers/CMSIS/DSP/Source/FilteringFunctions/arm_conv_fast_q15.c ****    * sum = x[0] * y[1] + x[1] * y[0]
 733:Drivers/CMSIS/DSP/Source/FilteringFunctions/arm_conv_fast_q15.c ****    * ....
 734:Drivers/CMSIS/DSP/Source/FilteringFunctions/arm_conv_fast_q15.c ****    * sum = x[0] * y[srcBlen - 1] + x[1] * y[srcBlen - 2] +...+ x[srcBLen - 1] * y[0]
 735:Drivers/CMSIS/DSP/Source/FilteringFunctions/arm_conv_fast_q15.c ****    */
 736:Drivers/CMSIS/DSP/Source/FilteringFunctions/arm_conv_fast_q15.c **** 
 737:Drivers/CMSIS/DSP/Source/FilteringFunctions/arm_conv_fast_q15.c ****   /* In this stage the MAC operations are increased by 1 for every iteration.
 738:Drivers/CMSIS/DSP/Source/FilteringFunctions/arm_conv_fast_q15.c ****      The count variable holds the number of MAC operations performed */
 739:Drivers/CMSIS/DSP/Source/FilteringFunctions/arm_conv_fast_q15.c ****   count = 1U;
 740:Drivers/CMSIS/DSP/Source/FilteringFunctions/arm_conv_fast_q15.c **** 
 741:Drivers/CMSIS/DSP/Source/FilteringFunctions/arm_conv_fast_q15.c ****   /* Working pointer of inputA */
 742:Drivers/CMSIS/DSP/Source/FilteringFunctions/arm_conv_fast_q15.c ****   px = pIn1;
 743:Drivers/CMSIS/DSP/Source/FilteringFunctions/arm_conv_fast_q15.c **** 
ARM GAS  C:\Users\Lamp\AppData\Local\Temp\cc1YK7pm.s 			page 62


 744:Drivers/CMSIS/DSP/Source/FilteringFunctions/arm_conv_fast_q15.c ****   /* Working pointer of inputB */
 745:Drivers/CMSIS/DSP/Source/FilteringFunctions/arm_conv_fast_q15.c ****   py = pIn2;
 746:Drivers/CMSIS/DSP/Source/FilteringFunctions/arm_conv_fast_q15.c **** 
 747:Drivers/CMSIS/DSP/Source/FilteringFunctions/arm_conv_fast_q15.c **** 
 748:Drivers/CMSIS/DSP/Source/FilteringFunctions/arm_conv_fast_q15.c ****   /* ------------------------
 749:Drivers/CMSIS/DSP/Source/FilteringFunctions/arm_conv_fast_q15.c ****    * Stage1 process
 750:Drivers/CMSIS/DSP/Source/FilteringFunctions/arm_conv_fast_q15.c ****    * ----------------------*/
 751:Drivers/CMSIS/DSP/Source/FilteringFunctions/arm_conv_fast_q15.c **** 
 752:Drivers/CMSIS/DSP/Source/FilteringFunctions/arm_conv_fast_q15.c ****   /* For loop unrolling by 4, this stage is divided into two. */
 753:Drivers/CMSIS/DSP/Source/FilteringFunctions/arm_conv_fast_q15.c ****   /* First part of this stage computes the MAC operations less than 4 */
 754:Drivers/CMSIS/DSP/Source/FilteringFunctions/arm_conv_fast_q15.c ****   /* Second part of this stage computes the MAC operations greater than or equal to 4 */
 755:Drivers/CMSIS/DSP/Source/FilteringFunctions/arm_conv_fast_q15.c **** 
 756:Drivers/CMSIS/DSP/Source/FilteringFunctions/arm_conv_fast_q15.c ****   /* The first part of the stage starts here */
 757:Drivers/CMSIS/DSP/Source/FilteringFunctions/arm_conv_fast_q15.c ****   while ((count < 4U) && (blockSize1 > 0U))
 758:Drivers/CMSIS/DSP/Source/FilteringFunctions/arm_conv_fast_q15.c ****   {
 759:Drivers/CMSIS/DSP/Source/FilteringFunctions/arm_conv_fast_q15.c ****     /* Accumulator is made zero for every iteration */
 760:Drivers/CMSIS/DSP/Source/FilteringFunctions/arm_conv_fast_q15.c ****     sum = 0;
 761:Drivers/CMSIS/DSP/Source/FilteringFunctions/arm_conv_fast_q15.c **** 
 762:Drivers/CMSIS/DSP/Source/FilteringFunctions/arm_conv_fast_q15.c ****     /* Loop over number of MAC operations between
 763:Drivers/CMSIS/DSP/Source/FilteringFunctions/arm_conv_fast_q15.c ****      * inputA samples and inputB samples */
 764:Drivers/CMSIS/DSP/Source/FilteringFunctions/arm_conv_fast_q15.c ****     k = count;
 765:Drivers/CMSIS/DSP/Source/FilteringFunctions/arm_conv_fast_q15.c **** 
 766:Drivers/CMSIS/DSP/Source/FilteringFunctions/arm_conv_fast_q15.c ****     while (k > 0U)
 767:Drivers/CMSIS/DSP/Source/FilteringFunctions/arm_conv_fast_q15.c ****     {
 768:Drivers/CMSIS/DSP/Source/FilteringFunctions/arm_conv_fast_q15.c ****       /* Perform the multiply-accumulates */
 769:Drivers/CMSIS/DSP/Source/FilteringFunctions/arm_conv_fast_q15.c ****       sum += ((q31_t) * px++ * *py--);
 770:Drivers/CMSIS/DSP/Source/FilteringFunctions/arm_conv_fast_q15.c **** 
 771:Drivers/CMSIS/DSP/Source/FilteringFunctions/arm_conv_fast_q15.c ****       /* Decrement the loop counter */
 772:Drivers/CMSIS/DSP/Source/FilteringFunctions/arm_conv_fast_q15.c ****       k--;
 773:Drivers/CMSIS/DSP/Source/FilteringFunctions/arm_conv_fast_q15.c ****     }
 774:Drivers/CMSIS/DSP/Source/FilteringFunctions/arm_conv_fast_q15.c **** 
 775:Drivers/CMSIS/DSP/Source/FilteringFunctions/arm_conv_fast_q15.c ****     /* Store the result in the accumulator in the destination buffer. */
 776:Drivers/CMSIS/DSP/Source/FilteringFunctions/arm_conv_fast_q15.c ****     *pOut++ = (q15_t) (sum >> 15);
 777:Drivers/CMSIS/DSP/Source/FilteringFunctions/arm_conv_fast_q15.c **** 
 778:Drivers/CMSIS/DSP/Source/FilteringFunctions/arm_conv_fast_q15.c ****     /* Update the inputA and inputB pointers for next MAC calculation */
 779:Drivers/CMSIS/DSP/Source/FilteringFunctions/arm_conv_fast_q15.c ****     py = pIn2 + count;
 780:Drivers/CMSIS/DSP/Source/FilteringFunctions/arm_conv_fast_q15.c ****     px = pIn1;
 781:Drivers/CMSIS/DSP/Source/FilteringFunctions/arm_conv_fast_q15.c **** 
 782:Drivers/CMSIS/DSP/Source/FilteringFunctions/arm_conv_fast_q15.c ****     /* Increment the MAC count */
 783:Drivers/CMSIS/DSP/Source/FilteringFunctions/arm_conv_fast_q15.c ****     count++;
 784:Drivers/CMSIS/DSP/Source/FilteringFunctions/arm_conv_fast_q15.c **** 
 785:Drivers/CMSIS/DSP/Source/FilteringFunctions/arm_conv_fast_q15.c ****     /* Decrement the loop counter */
 786:Drivers/CMSIS/DSP/Source/FilteringFunctions/arm_conv_fast_q15.c ****     blockSize1--;
 787:Drivers/CMSIS/DSP/Source/FilteringFunctions/arm_conv_fast_q15.c ****   }
 788:Drivers/CMSIS/DSP/Source/FilteringFunctions/arm_conv_fast_q15.c **** 
 789:Drivers/CMSIS/DSP/Source/FilteringFunctions/arm_conv_fast_q15.c ****   /* The second part of the stage starts here */
 790:Drivers/CMSIS/DSP/Source/FilteringFunctions/arm_conv_fast_q15.c ****   /* The internal loop, over count, is unrolled by 4 */
 791:Drivers/CMSIS/DSP/Source/FilteringFunctions/arm_conv_fast_q15.c ****   /* To, read the last two inputB samples using SIMD:
 792:Drivers/CMSIS/DSP/Source/FilteringFunctions/arm_conv_fast_q15.c ****    * y[srcBLen] and y[srcBLen-1] coefficients, py is decremented by 1 */
 793:Drivers/CMSIS/DSP/Source/FilteringFunctions/arm_conv_fast_q15.c ****   py = py - 1;
 794:Drivers/CMSIS/DSP/Source/FilteringFunctions/arm_conv_fast_q15.c **** 
 795:Drivers/CMSIS/DSP/Source/FilteringFunctions/arm_conv_fast_q15.c ****   while (blockSize1 > 0U)
 796:Drivers/CMSIS/DSP/Source/FilteringFunctions/arm_conv_fast_q15.c ****   {
 797:Drivers/CMSIS/DSP/Source/FilteringFunctions/arm_conv_fast_q15.c ****     /* Accumulator is made zero for every iteration */
 798:Drivers/CMSIS/DSP/Source/FilteringFunctions/arm_conv_fast_q15.c ****     sum = 0;
 799:Drivers/CMSIS/DSP/Source/FilteringFunctions/arm_conv_fast_q15.c **** 
 800:Drivers/CMSIS/DSP/Source/FilteringFunctions/arm_conv_fast_q15.c ****     /* Apply loop unrolling and compute 4 MACs simultaneously. */
ARM GAS  C:\Users\Lamp\AppData\Local\Temp\cc1YK7pm.s 			page 63


 801:Drivers/CMSIS/DSP/Source/FilteringFunctions/arm_conv_fast_q15.c ****     k = count >> 2U;
 802:Drivers/CMSIS/DSP/Source/FilteringFunctions/arm_conv_fast_q15.c **** 
 803:Drivers/CMSIS/DSP/Source/FilteringFunctions/arm_conv_fast_q15.c ****     /* First part of the processing with loop unrolling.  Compute 4 MACs at a time.
 804:Drivers/CMSIS/DSP/Source/FilteringFunctions/arm_conv_fast_q15.c ****      ** a second loop below computes MACs for the remaining 1 to 3 samples. */
 805:Drivers/CMSIS/DSP/Source/FilteringFunctions/arm_conv_fast_q15.c **** 	py++;
 806:Drivers/CMSIS/DSP/Source/FilteringFunctions/arm_conv_fast_q15.c **** 
 807:Drivers/CMSIS/DSP/Source/FilteringFunctions/arm_conv_fast_q15.c ****     while (k > 0U)
 808:Drivers/CMSIS/DSP/Source/FilteringFunctions/arm_conv_fast_q15.c ****     {
 809:Drivers/CMSIS/DSP/Source/FilteringFunctions/arm_conv_fast_q15.c ****       /* Perform the multiply-accumulates */
 810:Drivers/CMSIS/DSP/Source/FilteringFunctions/arm_conv_fast_q15.c ****         sum += ((q31_t) * px++ * *py--);
 811:Drivers/CMSIS/DSP/Source/FilteringFunctions/arm_conv_fast_q15.c ****         sum += ((q31_t) * px++ * *py--);
 812:Drivers/CMSIS/DSP/Source/FilteringFunctions/arm_conv_fast_q15.c ****         sum += ((q31_t) * px++ * *py--);
 813:Drivers/CMSIS/DSP/Source/FilteringFunctions/arm_conv_fast_q15.c ****         sum += ((q31_t) * px++ * *py--);
 814:Drivers/CMSIS/DSP/Source/FilteringFunctions/arm_conv_fast_q15.c **** 
 815:Drivers/CMSIS/DSP/Source/FilteringFunctions/arm_conv_fast_q15.c ****       /* Decrement the loop counter */
 816:Drivers/CMSIS/DSP/Source/FilteringFunctions/arm_conv_fast_q15.c ****       k--;
 817:Drivers/CMSIS/DSP/Source/FilteringFunctions/arm_conv_fast_q15.c ****     }
 818:Drivers/CMSIS/DSP/Source/FilteringFunctions/arm_conv_fast_q15.c **** 
 819:Drivers/CMSIS/DSP/Source/FilteringFunctions/arm_conv_fast_q15.c ****     /* If the count is not a multiple of 4, compute any remaining MACs here.
 820:Drivers/CMSIS/DSP/Source/FilteringFunctions/arm_conv_fast_q15.c ****      ** No loop unrolling is used. */
 821:Drivers/CMSIS/DSP/Source/FilteringFunctions/arm_conv_fast_q15.c ****     k = count % 0x4U;
 822:Drivers/CMSIS/DSP/Source/FilteringFunctions/arm_conv_fast_q15.c **** 
 823:Drivers/CMSIS/DSP/Source/FilteringFunctions/arm_conv_fast_q15.c ****     while (k > 0U)
 824:Drivers/CMSIS/DSP/Source/FilteringFunctions/arm_conv_fast_q15.c ****     {
 825:Drivers/CMSIS/DSP/Source/FilteringFunctions/arm_conv_fast_q15.c ****       /* Perform the multiply-accumulates */
 826:Drivers/CMSIS/DSP/Source/FilteringFunctions/arm_conv_fast_q15.c ****       sum += ((q31_t) * px++ * *py--);
 827:Drivers/CMSIS/DSP/Source/FilteringFunctions/arm_conv_fast_q15.c **** 
 828:Drivers/CMSIS/DSP/Source/FilteringFunctions/arm_conv_fast_q15.c ****       /* Decrement the loop counter */
 829:Drivers/CMSIS/DSP/Source/FilteringFunctions/arm_conv_fast_q15.c ****       k--;
 830:Drivers/CMSIS/DSP/Source/FilteringFunctions/arm_conv_fast_q15.c ****     }
 831:Drivers/CMSIS/DSP/Source/FilteringFunctions/arm_conv_fast_q15.c **** 
 832:Drivers/CMSIS/DSP/Source/FilteringFunctions/arm_conv_fast_q15.c ****     /* Store the result in the accumulator in the destination buffer. */
 833:Drivers/CMSIS/DSP/Source/FilteringFunctions/arm_conv_fast_q15.c ****     *pOut++ = (q15_t) (sum >> 15);
 834:Drivers/CMSIS/DSP/Source/FilteringFunctions/arm_conv_fast_q15.c **** 
 835:Drivers/CMSIS/DSP/Source/FilteringFunctions/arm_conv_fast_q15.c ****     /* Update the inputA and inputB pointers for next MAC calculation */
 836:Drivers/CMSIS/DSP/Source/FilteringFunctions/arm_conv_fast_q15.c ****     py = pIn2 + (count - 1U);
 837:Drivers/CMSIS/DSP/Source/FilteringFunctions/arm_conv_fast_q15.c ****     px = pIn1;
 838:Drivers/CMSIS/DSP/Source/FilteringFunctions/arm_conv_fast_q15.c **** 
 839:Drivers/CMSIS/DSP/Source/FilteringFunctions/arm_conv_fast_q15.c ****     /* Increment the MAC count */
 840:Drivers/CMSIS/DSP/Source/FilteringFunctions/arm_conv_fast_q15.c ****     count++;
 841:Drivers/CMSIS/DSP/Source/FilteringFunctions/arm_conv_fast_q15.c **** 
 842:Drivers/CMSIS/DSP/Source/FilteringFunctions/arm_conv_fast_q15.c ****     /* Decrement the loop counter */
 843:Drivers/CMSIS/DSP/Source/FilteringFunctions/arm_conv_fast_q15.c ****     blockSize1--;
 844:Drivers/CMSIS/DSP/Source/FilteringFunctions/arm_conv_fast_q15.c ****   }
 845:Drivers/CMSIS/DSP/Source/FilteringFunctions/arm_conv_fast_q15.c **** 
 846:Drivers/CMSIS/DSP/Source/FilteringFunctions/arm_conv_fast_q15.c ****   /* --------------------------
 847:Drivers/CMSIS/DSP/Source/FilteringFunctions/arm_conv_fast_q15.c ****    * Initializations of stage2
 848:Drivers/CMSIS/DSP/Source/FilteringFunctions/arm_conv_fast_q15.c ****    * ------------------------*/
 849:Drivers/CMSIS/DSP/Source/FilteringFunctions/arm_conv_fast_q15.c **** 
 850:Drivers/CMSIS/DSP/Source/FilteringFunctions/arm_conv_fast_q15.c ****   /* sum = x[0] * y[srcBLen-1] + x[1] * y[srcBLen-2] +...+ x[srcBLen-1] * y[0]
 851:Drivers/CMSIS/DSP/Source/FilteringFunctions/arm_conv_fast_q15.c ****    * sum = x[1] * y[srcBLen-1] + x[2] * y[srcBLen-2] +...+ x[srcBLen] * y[0]
 852:Drivers/CMSIS/DSP/Source/FilteringFunctions/arm_conv_fast_q15.c ****    * ....
 853:Drivers/CMSIS/DSP/Source/FilteringFunctions/arm_conv_fast_q15.c ****    * sum = x[srcALen-srcBLen-2] * y[srcBLen-1] + x[srcALen] * y[srcBLen-2] +...+ x[srcALen-1] * y[0
 854:Drivers/CMSIS/DSP/Source/FilteringFunctions/arm_conv_fast_q15.c ****    */
 855:Drivers/CMSIS/DSP/Source/FilteringFunctions/arm_conv_fast_q15.c **** 
 856:Drivers/CMSIS/DSP/Source/FilteringFunctions/arm_conv_fast_q15.c ****   /* Working pointer of inputA */
 857:Drivers/CMSIS/DSP/Source/FilteringFunctions/arm_conv_fast_q15.c ****   px = pIn1;
ARM GAS  C:\Users\Lamp\AppData\Local\Temp\cc1YK7pm.s 			page 64


 858:Drivers/CMSIS/DSP/Source/FilteringFunctions/arm_conv_fast_q15.c **** 
 859:Drivers/CMSIS/DSP/Source/FilteringFunctions/arm_conv_fast_q15.c ****   /* Working pointer of inputB */
 860:Drivers/CMSIS/DSP/Source/FilteringFunctions/arm_conv_fast_q15.c ****   pSrc2 = pIn2 + (srcBLen - 1U);
 861:Drivers/CMSIS/DSP/Source/FilteringFunctions/arm_conv_fast_q15.c ****   py = pSrc2;
 862:Drivers/CMSIS/DSP/Source/FilteringFunctions/arm_conv_fast_q15.c **** 
 863:Drivers/CMSIS/DSP/Source/FilteringFunctions/arm_conv_fast_q15.c ****   /* count is the index by which the pointer pIn1 to be incremented */
 864:Drivers/CMSIS/DSP/Source/FilteringFunctions/arm_conv_fast_q15.c ****   count = 0U;
 865:Drivers/CMSIS/DSP/Source/FilteringFunctions/arm_conv_fast_q15.c **** 
 866:Drivers/CMSIS/DSP/Source/FilteringFunctions/arm_conv_fast_q15.c **** 
 867:Drivers/CMSIS/DSP/Source/FilteringFunctions/arm_conv_fast_q15.c ****   /* --------------------
 868:Drivers/CMSIS/DSP/Source/FilteringFunctions/arm_conv_fast_q15.c ****    * Stage2 process
 869:Drivers/CMSIS/DSP/Source/FilteringFunctions/arm_conv_fast_q15.c ****    * -------------------*/
 870:Drivers/CMSIS/DSP/Source/FilteringFunctions/arm_conv_fast_q15.c **** 
 871:Drivers/CMSIS/DSP/Source/FilteringFunctions/arm_conv_fast_q15.c ****   /* Stage2 depends on srcBLen as in this stage srcBLen number of MACS are performed.
 872:Drivers/CMSIS/DSP/Source/FilteringFunctions/arm_conv_fast_q15.c ****    * So, to loop unroll over blockSize2,
 873:Drivers/CMSIS/DSP/Source/FilteringFunctions/arm_conv_fast_q15.c ****    * srcBLen should be greater than or equal to 4 */
 874:Drivers/CMSIS/DSP/Source/FilteringFunctions/arm_conv_fast_q15.c ****   if (srcBLen >= 4U)
 875:Drivers/CMSIS/DSP/Source/FilteringFunctions/arm_conv_fast_q15.c ****   {
 876:Drivers/CMSIS/DSP/Source/FilteringFunctions/arm_conv_fast_q15.c ****     /* Loop unroll over blockSize2, by 4 */
 877:Drivers/CMSIS/DSP/Source/FilteringFunctions/arm_conv_fast_q15.c ****     blkCnt = blockSize2 >> 2U;
 878:Drivers/CMSIS/DSP/Source/FilteringFunctions/arm_conv_fast_q15.c **** 
 879:Drivers/CMSIS/DSP/Source/FilteringFunctions/arm_conv_fast_q15.c ****     while (blkCnt > 0U)
 880:Drivers/CMSIS/DSP/Source/FilteringFunctions/arm_conv_fast_q15.c ****     {
 881:Drivers/CMSIS/DSP/Source/FilteringFunctions/arm_conv_fast_q15.c ****       py = py - 1U;
 882:Drivers/CMSIS/DSP/Source/FilteringFunctions/arm_conv_fast_q15.c **** 
 883:Drivers/CMSIS/DSP/Source/FilteringFunctions/arm_conv_fast_q15.c ****       /* Set all accumulators to zero */
 884:Drivers/CMSIS/DSP/Source/FilteringFunctions/arm_conv_fast_q15.c ****       acc0 = 0;
 885:Drivers/CMSIS/DSP/Source/FilteringFunctions/arm_conv_fast_q15.c ****       acc1 = 0;
 886:Drivers/CMSIS/DSP/Source/FilteringFunctions/arm_conv_fast_q15.c ****       acc2 = 0;
 887:Drivers/CMSIS/DSP/Source/FilteringFunctions/arm_conv_fast_q15.c ****       acc3 = 0;
 888:Drivers/CMSIS/DSP/Source/FilteringFunctions/arm_conv_fast_q15.c **** 
 889:Drivers/CMSIS/DSP/Source/FilteringFunctions/arm_conv_fast_q15.c ****       /* read x[0], x[1] samples */
 890:Drivers/CMSIS/DSP/Source/FilteringFunctions/arm_conv_fast_q15.c **** 	  a = *px++;
 891:Drivers/CMSIS/DSP/Source/FilteringFunctions/arm_conv_fast_q15.c **** 	  b = *px++;
 892:Drivers/CMSIS/DSP/Source/FilteringFunctions/arm_conv_fast_q15.c **** 
 893:Drivers/CMSIS/DSP/Source/FilteringFunctions/arm_conv_fast_q15.c **** #ifndef ARM_MATH_BIG_ENDIAN
 894:Drivers/CMSIS/DSP/Source/FilteringFunctions/arm_conv_fast_q15.c **** 
 895:Drivers/CMSIS/DSP/Source/FilteringFunctions/arm_conv_fast_q15.c **** 	  x0 = __PKHBT(a, b, 16);
 896:Drivers/CMSIS/DSP/Source/FilteringFunctions/arm_conv_fast_q15.c **** 	  a = *px;
 897:Drivers/CMSIS/DSP/Source/FilteringFunctions/arm_conv_fast_q15.c **** 	  x1 = __PKHBT(b, a, 16);
 898:Drivers/CMSIS/DSP/Source/FilteringFunctions/arm_conv_fast_q15.c **** 
 899:Drivers/CMSIS/DSP/Source/FilteringFunctions/arm_conv_fast_q15.c **** #else
 900:Drivers/CMSIS/DSP/Source/FilteringFunctions/arm_conv_fast_q15.c **** 
 901:Drivers/CMSIS/DSP/Source/FilteringFunctions/arm_conv_fast_q15.c **** 	  x0 = __PKHBT(b, a, 16);
 902:Drivers/CMSIS/DSP/Source/FilteringFunctions/arm_conv_fast_q15.c **** 	  a = *px;
 903:Drivers/CMSIS/DSP/Source/FilteringFunctions/arm_conv_fast_q15.c **** 	  x1 = __PKHBT(a, b, 16);
 904:Drivers/CMSIS/DSP/Source/FilteringFunctions/arm_conv_fast_q15.c **** 
 905:Drivers/CMSIS/DSP/Source/FilteringFunctions/arm_conv_fast_q15.c **** #endif	/*	#ifndef ARM_MATH_BIG_ENDIAN	   */
 906:Drivers/CMSIS/DSP/Source/FilteringFunctions/arm_conv_fast_q15.c **** 
 907:Drivers/CMSIS/DSP/Source/FilteringFunctions/arm_conv_fast_q15.c ****       /* Apply loop unrolling and compute 4 MACs simultaneously. */
 908:Drivers/CMSIS/DSP/Source/FilteringFunctions/arm_conv_fast_q15.c ****       k = srcBLen >> 2U;
 909:Drivers/CMSIS/DSP/Source/FilteringFunctions/arm_conv_fast_q15.c **** 
 910:Drivers/CMSIS/DSP/Source/FilteringFunctions/arm_conv_fast_q15.c ****       /* First part of the processing with loop unrolling.  Compute 4 MACs at a time.
 911:Drivers/CMSIS/DSP/Source/FilteringFunctions/arm_conv_fast_q15.c ****        ** a second loop below computes MACs for the remaining 1 to 3 samples. */
 912:Drivers/CMSIS/DSP/Source/FilteringFunctions/arm_conv_fast_q15.c ****       do
 913:Drivers/CMSIS/DSP/Source/FilteringFunctions/arm_conv_fast_q15.c ****       {
 914:Drivers/CMSIS/DSP/Source/FilteringFunctions/arm_conv_fast_q15.c ****         /* Read the last two inputB samples using SIMD:
ARM GAS  C:\Users\Lamp\AppData\Local\Temp\cc1YK7pm.s 			page 65


 915:Drivers/CMSIS/DSP/Source/FilteringFunctions/arm_conv_fast_q15.c ****          * y[srcBLen - 1] and y[srcBLen - 2] */
 916:Drivers/CMSIS/DSP/Source/FilteringFunctions/arm_conv_fast_q15.c **** 		a = *py;
 917:Drivers/CMSIS/DSP/Source/FilteringFunctions/arm_conv_fast_q15.c **** 		b = *(py+1);
 918:Drivers/CMSIS/DSP/Source/FilteringFunctions/arm_conv_fast_q15.c **** 		py -= 2;
 919:Drivers/CMSIS/DSP/Source/FilteringFunctions/arm_conv_fast_q15.c **** 
 920:Drivers/CMSIS/DSP/Source/FilteringFunctions/arm_conv_fast_q15.c **** #ifndef ARM_MATH_BIG_ENDIAN
 921:Drivers/CMSIS/DSP/Source/FilteringFunctions/arm_conv_fast_q15.c **** 
 922:Drivers/CMSIS/DSP/Source/FilteringFunctions/arm_conv_fast_q15.c **** 		c0 = __PKHBT(a, b, 16);
 923:Drivers/CMSIS/DSP/Source/FilteringFunctions/arm_conv_fast_q15.c **** 
 924:Drivers/CMSIS/DSP/Source/FilteringFunctions/arm_conv_fast_q15.c **** #else
 925:Drivers/CMSIS/DSP/Source/FilteringFunctions/arm_conv_fast_q15.c **** 
 926:Drivers/CMSIS/DSP/Source/FilteringFunctions/arm_conv_fast_q15.c ****  		c0 = __PKHBT(b, a, 16);;
 927:Drivers/CMSIS/DSP/Source/FilteringFunctions/arm_conv_fast_q15.c **** 
 928:Drivers/CMSIS/DSP/Source/FilteringFunctions/arm_conv_fast_q15.c **** #endif	/*	#ifndef ARM_MATH_BIG_ENDIAN	*/
 929:Drivers/CMSIS/DSP/Source/FilteringFunctions/arm_conv_fast_q15.c **** 
 930:Drivers/CMSIS/DSP/Source/FilteringFunctions/arm_conv_fast_q15.c ****         /* acc0 +=  x[0] * y[srcBLen - 1] + x[1] * y[srcBLen - 2] */
 931:Drivers/CMSIS/DSP/Source/FilteringFunctions/arm_conv_fast_q15.c ****         acc0 = __SMLADX(x0, c0, acc0);
 932:Drivers/CMSIS/DSP/Source/FilteringFunctions/arm_conv_fast_q15.c **** 
 933:Drivers/CMSIS/DSP/Source/FilteringFunctions/arm_conv_fast_q15.c ****         /* acc1 +=  x[1] * y[srcBLen - 1] + x[2] * y[srcBLen - 2] */
 934:Drivers/CMSIS/DSP/Source/FilteringFunctions/arm_conv_fast_q15.c ****         acc1 = __SMLADX(x1, c0, acc1);
 935:Drivers/CMSIS/DSP/Source/FilteringFunctions/arm_conv_fast_q15.c **** 
 936:Drivers/CMSIS/DSP/Source/FilteringFunctions/arm_conv_fast_q15.c **** 	  a = *px;
 937:Drivers/CMSIS/DSP/Source/FilteringFunctions/arm_conv_fast_q15.c **** 	  b = *(px + 1);
 938:Drivers/CMSIS/DSP/Source/FilteringFunctions/arm_conv_fast_q15.c **** 
 939:Drivers/CMSIS/DSP/Source/FilteringFunctions/arm_conv_fast_q15.c **** #ifndef ARM_MATH_BIG_ENDIAN
 940:Drivers/CMSIS/DSP/Source/FilteringFunctions/arm_conv_fast_q15.c **** 
 941:Drivers/CMSIS/DSP/Source/FilteringFunctions/arm_conv_fast_q15.c **** 	  x2 = __PKHBT(a, b, 16);
 942:Drivers/CMSIS/DSP/Source/FilteringFunctions/arm_conv_fast_q15.c **** 	  a = *(px + 2);
 943:Drivers/CMSIS/DSP/Source/FilteringFunctions/arm_conv_fast_q15.c **** 	  x3 = __PKHBT(b, a, 16);
 944:Drivers/CMSIS/DSP/Source/FilteringFunctions/arm_conv_fast_q15.c **** 
 945:Drivers/CMSIS/DSP/Source/FilteringFunctions/arm_conv_fast_q15.c **** #else
 946:Drivers/CMSIS/DSP/Source/FilteringFunctions/arm_conv_fast_q15.c **** 
 947:Drivers/CMSIS/DSP/Source/FilteringFunctions/arm_conv_fast_q15.c **** 	  x2 = __PKHBT(b, a, 16);
 948:Drivers/CMSIS/DSP/Source/FilteringFunctions/arm_conv_fast_q15.c **** 	  a = *(px + 2);
 949:Drivers/CMSIS/DSP/Source/FilteringFunctions/arm_conv_fast_q15.c **** 	  x3 = __PKHBT(a, b, 16);
 950:Drivers/CMSIS/DSP/Source/FilteringFunctions/arm_conv_fast_q15.c **** 
 951:Drivers/CMSIS/DSP/Source/FilteringFunctions/arm_conv_fast_q15.c **** #endif	/*	#ifndef ARM_MATH_BIG_ENDIAN	   */
 952:Drivers/CMSIS/DSP/Source/FilteringFunctions/arm_conv_fast_q15.c **** 
 953:Drivers/CMSIS/DSP/Source/FilteringFunctions/arm_conv_fast_q15.c ****         /* acc2 +=  x[2] * y[srcBLen - 1] + x[3] * y[srcBLen - 2] */
 954:Drivers/CMSIS/DSP/Source/FilteringFunctions/arm_conv_fast_q15.c ****         acc2 = __SMLADX(x2, c0, acc2);
 955:Drivers/CMSIS/DSP/Source/FilteringFunctions/arm_conv_fast_q15.c **** 
 956:Drivers/CMSIS/DSP/Source/FilteringFunctions/arm_conv_fast_q15.c ****         /* acc3 +=  x[3] * y[srcBLen - 1] + x[4] * y[srcBLen - 2] */
 957:Drivers/CMSIS/DSP/Source/FilteringFunctions/arm_conv_fast_q15.c ****         acc3 = __SMLADX(x3, c0, acc3);
 958:Drivers/CMSIS/DSP/Source/FilteringFunctions/arm_conv_fast_q15.c **** 
 959:Drivers/CMSIS/DSP/Source/FilteringFunctions/arm_conv_fast_q15.c ****         /* Read y[srcBLen - 3] and y[srcBLen - 4] */
 960:Drivers/CMSIS/DSP/Source/FilteringFunctions/arm_conv_fast_q15.c **** 		a = *py;
 961:Drivers/CMSIS/DSP/Source/FilteringFunctions/arm_conv_fast_q15.c **** 		b = *(py+1);
 962:Drivers/CMSIS/DSP/Source/FilteringFunctions/arm_conv_fast_q15.c **** 		py -= 2;
 963:Drivers/CMSIS/DSP/Source/FilteringFunctions/arm_conv_fast_q15.c **** 
 964:Drivers/CMSIS/DSP/Source/FilteringFunctions/arm_conv_fast_q15.c **** #ifndef ARM_MATH_BIG_ENDIAN
 965:Drivers/CMSIS/DSP/Source/FilteringFunctions/arm_conv_fast_q15.c **** 
 966:Drivers/CMSIS/DSP/Source/FilteringFunctions/arm_conv_fast_q15.c **** 		c0 = __PKHBT(a, b, 16);
 967:Drivers/CMSIS/DSP/Source/FilteringFunctions/arm_conv_fast_q15.c **** 
 968:Drivers/CMSIS/DSP/Source/FilteringFunctions/arm_conv_fast_q15.c **** #else
 969:Drivers/CMSIS/DSP/Source/FilteringFunctions/arm_conv_fast_q15.c **** 
 970:Drivers/CMSIS/DSP/Source/FilteringFunctions/arm_conv_fast_q15.c ****  		c0 = __PKHBT(b, a, 16);;
 971:Drivers/CMSIS/DSP/Source/FilteringFunctions/arm_conv_fast_q15.c **** 
ARM GAS  C:\Users\Lamp\AppData\Local\Temp\cc1YK7pm.s 			page 66


 972:Drivers/CMSIS/DSP/Source/FilteringFunctions/arm_conv_fast_q15.c **** #endif	/*	#ifndef ARM_MATH_BIG_ENDIAN	*/
 973:Drivers/CMSIS/DSP/Source/FilteringFunctions/arm_conv_fast_q15.c **** 
 974:Drivers/CMSIS/DSP/Source/FilteringFunctions/arm_conv_fast_q15.c ****         /* acc0 +=  x[2] * y[srcBLen - 3] + x[3] * y[srcBLen - 4] */
 975:Drivers/CMSIS/DSP/Source/FilteringFunctions/arm_conv_fast_q15.c ****         acc0 = __SMLADX(x2, c0, acc0);
 976:Drivers/CMSIS/DSP/Source/FilteringFunctions/arm_conv_fast_q15.c **** 
 977:Drivers/CMSIS/DSP/Source/FilteringFunctions/arm_conv_fast_q15.c ****         /* acc1 +=  x[3] * y[srcBLen - 3] + x[4] * y[srcBLen - 4] */
 978:Drivers/CMSIS/DSP/Source/FilteringFunctions/arm_conv_fast_q15.c ****         acc1 = __SMLADX(x3, c0, acc1);
 979:Drivers/CMSIS/DSP/Source/FilteringFunctions/arm_conv_fast_q15.c **** 
 980:Drivers/CMSIS/DSP/Source/FilteringFunctions/arm_conv_fast_q15.c ****         /* Read x[4], x[5], x[6] */
 981:Drivers/CMSIS/DSP/Source/FilteringFunctions/arm_conv_fast_q15.c **** 	  a = *(px + 2);
 982:Drivers/CMSIS/DSP/Source/FilteringFunctions/arm_conv_fast_q15.c **** 	  b = *(px + 3);
 983:Drivers/CMSIS/DSP/Source/FilteringFunctions/arm_conv_fast_q15.c **** 
 984:Drivers/CMSIS/DSP/Source/FilteringFunctions/arm_conv_fast_q15.c **** #ifndef ARM_MATH_BIG_ENDIAN
 985:Drivers/CMSIS/DSP/Source/FilteringFunctions/arm_conv_fast_q15.c **** 
 986:Drivers/CMSIS/DSP/Source/FilteringFunctions/arm_conv_fast_q15.c **** 	  x0 = __PKHBT(a, b, 16);
 987:Drivers/CMSIS/DSP/Source/FilteringFunctions/arm_conv_fast_q15.c **** 	  a = *(px + 4);
 988:Drivers/CMSIS/DSP/Source/FilteringFunctions/arm_conv_fast_q15.c **** 	  x1 = __PKHBT(b, a, 16);
 989:Drivers/CMSIS/DSP/Source/FilteringFunctions/arm_conv_fast_q15.c **** 
 990:Drivers/CMSIS/DSP/Source/FilteringFunctions/arm_conv_fast_q15.c **** #else
 991:Drivers/CMSIS/DSP/Source/FilteringFunctions/arm_conv_fast_q15.c **** 
 992:Drivers/CMSIS/DSP/Source/FilteringFunctions/arm_conv_fast_q15.c **** 	  x0 = __PKHBT(b, a, 16);
 993:Drivers/CMSIS/DSP/Source/FilteringFunctions/arm_conv_fast_q15.c **** 	  a = *(px + 4);
 994:Drivers/CMSIS/DSP/Source/FilteringFunctions/arm_conv_fast_q15.c **** 	  x1 = __PKHBT(a, b, 16);
 995:Drivers/CMSIS/DSP/Source/FilteringFunctions/arm_conv_fast_q15.c **** 
 996:Drivers/CMSIS/DSP/Source/FilteringFunctions/arm_conv_fast_q15.c **** #endif	/*	#ifndef ARM_MATH_BIG_ENDIAN	   */
 997:Drivers/CMSIS/DSP/Source/FilteringFunctions/arm_conv_fast_q15.c **** 
 998:Drivers/CMSIS/DSP/Source/FilteringFunctions/arm_conv_fast_q15.c **** 		px += 4U;
 999:Drivers/CMSIS/DSP/Source/FilteringFunctions/arm_conv_fast_q15.c **** 
1000:Drivers/CMSIS/DSP/Source/FilteringFunctions/arm_conv_fast_q15.c ****         /* acc2 +=  x[4] * y[srcBLen - 3] + x[5] * y[srcBLen - 4] */
1001:Drivers/CMSIS/DSP/Source/FilteringFunctions/arm_conv_fast_q15.c ****         acc2 = __SMLADX(x0, c0, acc2);
1002:Drivers/CMSIS/DSP/Source/FilteringFunctions/arm_conv_fast_q15.c **** 
1003:Drivers/CMSIS/DSP/Source/FilteringFunctions/arm_conv_fast_q15.c ****         /* acc3 +=  x[5] * y[srcBLen - 3] + x[6] * y[srcBLen - 4] */
1004:Drivers/CMSIS/DSP/Source/FilteringFunctions/arm_conv_fast_q15.c ****         acc3 = __SMLADX(x1, c0, acc3);
1005:Drivers/CMSIS/DSP/Source/FilteringFunctions/arm_conv_fast_q15.c **** 
1006:Drivers/CMSIS/DSP/Source/FilteringFunctions/arm_conv_fast_q15.c ****       } while (--k);
1007:Drivers/CMSIS/DSP/Source/FilteringFunctions/arm_conv_fast_q15.c **** 
1008:Drivers/CMSIS/DSP/Source/FilteringFunctions/arm_conv_fast_q15.c ****       /* For the next MAC operations, SIMD is not used
1009:Drivers/CMSIS/DSP/Source/FilteringFunctions/arm_conv_fast_q15.c ****        * So, the 16 bit pointer if inputB, py is updated */
1010:Drivers/CMSIS/DSP/Source/FilteringFunctions/arm_conv_fast_q15.c **** 
1011:Drivers/CMSIS/DSP/Source/FilteringFunctions/arm_conv_fast_q15.c ****       /* If the srcBLen is not a multiple of 4, compute any remaining MACs here.
1012:Drivers/CMSIS/DSP/Source/FilteringFunctions/arm_conv_fast_q15.c ****        ** No loop unrolling is used. */
1013:Drivers/CMSIS/DSP/Source/FilteringFunctions/arm_conv_fast_q15.c ****       k = srcBLen % 0x4U;
1014:Drivers/CMSIS/DSP/Source/FilteringFunctions/arm_conv_fast_q15.c **** 
1015:Drivers/CMSIS/DSP/Source/FilteringFunctions/arm_conv_fast_q15.c ****       if (k == 1U)
1016:Drivers/CMSIS/DSP/Source/FilteringFunctions/arm_conv_fast_q15.c ****       {
1017:Drivers/CMSIS/DSP/Source/FilteringFunctions/arm_conv_fast_q15.c ****         /* Read y[srcBLen - 5] */
1018:Drivers/CMSIS/DSP/Source/FilteringFunctions/arm_conv_fast_q15.c ****         c0 = *(py+1);
1019:Drivers/CMSIS/DSP/Source/FilteringFunctions/arm_conv_fast_q15.c **** 
1020:Drivers/CMSIS/DSP/Source/FilteringFunctions/arm_conv_fast_q15.c **** #ifdef  ARM_MATH_BIG_ENDIAN
1021:Drivers/CMSIS/DSP/Source/FilteringFunctions/arm_conv_fast_q15.c **** 
1022:Drivers/CMSIS/DSP/Source/FilteringFunctions/arm_conv_fast_q15.c ****         c0 = c0 << 16U;
1023:Drivers/CMSIS/DSP/Source/FilteringFunctions/arm_conv_fast_q15.c **** 
1024:Drivers/CMSIS/DSP/Source/FilteringFunctions/arm_conv_fast_q15.c **** #else
1025:Drivers/CMSIS/DSP/Source/FilteringFunctions/arm_conv_fast_q15.c **** 
1026:Drivers/CMSIS/DSP/Source/FilteringFunctions/arm_conv_fast_q15.c ****         c0 = c0 & 0x0000FFFF;
1027:Drivers/CMSIS/DSP/Source/FilteringFunctions/arm_conv_fast_q15.c **** 
1028:Drivers/CMSIS/DSP/Source/FilteringFunctions/arm_conv_fast_q15.c **** #endif /*      #ifdef  ARM_MATH_BIG_ENDIAN     */
ARM GAS  C:\Users\Lamp\AppData\Local\Temp\cc1YK7pm.s 			page 67


1029:Drivers/CMSIS/DSP/Source/FilteringFunctions/arm_conv_fast_q15.c **** 
1030:Drivers/CMSIS/DSP/Source/FilteringFunctions/arm_conv_fast_q15.c ****         /* Read x[7] */
1031:Drivers/CMSIS/DSP/Source/FilteringFunctions/arm_conv_fast_q15.c **** 		a = *px;
1032:Drivers/CMSIS/DSP/Source/FilteringFunctions/arm_conv_fast_q15.c **** 		b = *(px+1);
1033:Drivers/CMSIS/DSP/Source/FilteringFunctions/arm_conv_fast_q15.c **** 		px++;
1034:Drivers/CMSIS/DSP/Source/FilteringFunctions/arm_conv_fast_q15.c **** 
1035:Drivers/CMSIS/DSP/Source/FilteringFunctions/arm_conv_fast_q15.c **** #ifndef ARM_MATH_BIG_ENDIAN
1036:Drivers/CMSIS/DSP/Source/FilteringFunctions/arm_conv_fast_q15.c **** 
1037:Drivers/CMSIS/DSP/Source/FilteringFunctions/arm_conv_fast_q15.c **** 		x3 = __PKHBT(a, b, 16);
1038:Drivers/CMSIS/DSP/Source/FilteringFunctions/arm_conv_fast_q15.c **** 
1039:Drivers/CMSIS/DSP/Source/FilteringFunctions/arm_conv_fast_q15.c **** #else
1040:Drivers/CMSIS/DSP/Source/FilteringFunctions/arm_conv_fast_q15.c **** 
1041:Drivers/CMSIS/DSP/Source/FilteringFunctions/arm_conv_fast_q15.c ****  		x3 = __PKHBT(b, a, 16);;
1042:Drivers/CMSIS/DSP/Source/FilteringFunctions/arm_conv_fast_q15.c **** 
1043:Drivers/CMSIS/DSP/Source/FilteringFunctions/arm_conv_fast_q15.c **** #endif	/*	#ifndef ARM_MATH_BIG_ENDIAN	*/
1044:Drivers/CMSIS/DSP/Source/FilteringFunctions/arm_conv_fast_q15.c **** 
1045:Drivers/CMSIS/DSP/Source/FilteringFunctions/arm_conv_fast_q15.c **** 
1046:Drivers/CMSIS/DSP/Source/FilteringFunctions/arm_conv_fast_q15.c ****         /* Perform the multiply-accumulates */
1047:Drivers/CMSIS/DSP/Source/FilteringFunctions/arm_conv_fast_q15.c ****         acc0 = __SMLAD(x0, c0, acc0);
1048:Drivers/CMSIS/DSP/Source/FilteringFunctions/arm_conv_fast_q15.c ****         acc1 = __SMLAD(x1, c0, acc1);
1049:Drivers/CMSIS/DSP/Source/FilteringFunctions/arm_conv_fast_q15.c ****         acc2 = __SMLADX(x1, c0, acc2);
1050:Drivers/CMSIS/DSP/Source/FilteringFunctions/arm_conv_fast_q15.c ****         acc3 = __SMLADX(x3, c0, acc3);
1051:Drivers/CMSIS/DSP/Source/FilteringFunctions/arm_conv_fast_q15.c ****       }
1052:Drivers/CMSIS/DSP/Source/FilteringFunctions/arm_conv_fast_q15.c **** 
1053:Drivers/CMSIS/DSP/Source/FilteringFunctions/arm_conv_fast_q15.c ****       if (k == 2U)
1054:Drivers/CMSIS/DSP/Source/FilteringFunctions/arm_conv_fast_q15.c ****       {
1055:Drivers/CMSIS/DSP/Source/FilteringFunctions/arm_conv_fast_q15.c ****         /* Read y[srcBLen - 5], y[srcBLen - 6] */
1056:Drivers/CMSIS/DSP/Source/FilteringFunctions/arm_conv_fast_q15.c **** 		a = *py;
1057:Drivers/CMSIS/DSP/Source/FilteringFunctions/arm_conv_fast_q15.c **** 		b = *(py+1);
1058:Drivers/CMSIS/DSP/Source/FilteringFunctions/arm_conv_fast_q15.c **** 
1059:Drivers/CMSIS/DSP/Source/FilteringFunctions/arm_conv_fast_q15.c **** #ifndef ARM_MATH_BIG_ENDIAN
1060:Drivers/CMSIS/DSP/Source/FilteringFunctions/arm_conv_fast_q15.c **** 
1061:Drivers/CMSIS/DSP/Source/FilteringFunctions/arm_conv_fast_q15.c **** 		c0 = __PKHBT(a, b, 16);
1062:Drivers/CMSIS/DSP/Source/FilteringFunctions/arm_conv_fast_q15.c **** 
1063:Drivers/CMSIS/DSP/Source/FilteringFunctions/arm_conv_fast_q15.c **** #else
1064:Drivers/CMSIS/DSP/Source/FilteringFunctions/arm_conv_fast_q15.c **** 
1065:Drivers/CMSIS/DSP/Source/FilteringFunctions/arm_conv_fast_q15.c ****  		c0 = __PKHBT(b, a, 16);;
1066:Drivers/CMSIS/DSP/Source/FilteringFunctions/arm_conv_fast_q15.c **** 
1067:Drivers/CMSIS/DSP/Source/FilteringFunctions/arm_conv_fast_q15.c **** #endif	/*	#ifndef ARM_MATH_BIG_ENDIAN	*/
1068:Drivers/CMSIS/DSP/Source/FilteringFunctions/arm_conv_fast_q15.c **** 
1069:Drivers/CMSIS/DSP/Source/FilteringFunctions/arm_conv_fast_q15.c ****         /* Read x[7], x[8], x[9] */
1070:Drivers/CMSIS/DSP/Source/FilteringFunctions/arm_conv_fast_q15.c **** 	  a = *px;
1071:Drivers/CMSIS/DSP/Source/FilteringFunctions/arm_conv_fast_q15.c **** 	  b = *(px + 1);
1072:Drivers/CMSIS/DSP/Source/FilteringFunctions/arm_conv_fast_q15.c **** 
1073:Drivers/CMSIS/DSP/Source/FilteringFunctions/arm_conv_fast_q15.c **** #ifndef ARM_MATH_BIG_ENDIAN
1074:Drivers/CMSIS/DSP/Source/FilteringFunctions/arm_conv_fast_q15.c **** 
1075:Drivers/CMSIS/DSP/Source/FilteringFunctions/arm_conv_fast_q15.c **** 	  x3 = __PKHBT(a, b, 16);
1076:Drivers/CMSIS/DSP/Source/FilteringFunctions/arm_conv_fast_q15.c **** 	  a = *(px + 2);
1077:Drivers/CMSIS/DSP/Source/FilteringFunctions/arm_conv_fast_q15.c **** 	  x2 = __PKHBT(b, a, 16);
1078:Drivers/CMSIS/DSP/Source/FilteringFunctions/arm_conv_fast_q15.c **** 
1079:Drivers/CMSIS/DSP/Source/FilteringFunctions/arm_conv_fast_q15.c **** #else
1080:Drivers/CMSIS/DSP/Source/FilteringFunctions/arm_conv_fast_q15.c **** 
1081:Drivers/CMSIS/DSP/Source/FilteringFunctions/arm_conv_fast_q15.c **** 	  x3 = __PKHBT(b, a, 16);
1082:Drivers/CMSIS/DSP/Source/FilteringFunctions/arm_conv_fast_q15.c **** 	  a = *(px + 2);
1083:Drivers/CMSIS/DSP/Source/FilteringFunctions/arm_conv_fast_q15.c **** 	  x2 = __PKHBT(a, b, 16);
1084:Drivers/CMSIS/DSP/Source/FilteringFunctions/arm_conv_fast_q15.c **** 
1085:Drivers/CMSIS/DSP/Source/FilteringFunctions/arm_conv_fast_q15.c **** #endif	/*	#ifndef ARM_MATH_BIG_ENDIAN	   */
ARM GAS  C:\Users\Lamp\AppData\Local\Temp\cc1YK7pm.s 			page 68


1086:Drivers/CMSIS/DSP/Source/FilteringFunctions/arm_conv_fast_q15.c **** 		px += 2U;
1087:Drivers/CMSIS/DSP/Source/FilteringFunctions/arm_conv_fast_q15.c **** 
1088:Drivers/CMSIS/DSP/Source/FilteringFunctions/arm_conv_fast_q15.c ****         /* Perform the multiply-accumulates */
1089:Drivers/CMSIS/DSP/Source/FilteringFunctions/arm_conv_fast_q15.c ****         acc0 = __SMLADX(x0, c0, acc0);
1090:Drivers/CMSIS/DSP/Source/FilteringFunctions/arm_conv_fast_q15.c ****         acc1 = __SMLADX(x1, c0, acc1);
1091:Drivers/CMSIS/DSP/Source/FilteringFunctions/arm_conv_fast_q15.c ****         acc2 = __SMLADX(x3, c0, acc2);
1092:Drivers/CMSIS/DSP/Source/FilteringFunctions/arm_conv_fast_q15.c ****         acc3 = __SMLADX(x2, c0, acc3);
1093:Drivers/CMSIS/DSP/Source/FilteringFunctions/arm_conv_fast_q15.c ****       }
1094:Drivers/CMSIS/DSP/Source/FilteringFunctions/arm_conv_fast_q15.c **** 
1095:Drivers/CMSIS/DSP/Source/FilteringFunctions/arm_conv_fast_q15.c ****       if (k == 3U)
1096:Drivers/CMSIS/DSP/Source/FilteringFunctions/arm_conv_fast_q15.c ****       {
1097:Drivers/CMSIS/DSP/Source/FilteringFunctions/arm_conv_fast_q15.c ****         /* Read y[srcBLen - 5], y[srcBLen - 6] */
1098:Drivers/CMSIS/DSP/Source/FilteringFunctions/arm_conv_fast_q15.c **** 		a = *py;
1099:Drivers/CMSIS/DSP/Source/FilteringFunctions/arm_conv_fast_q15.c **** 		b = *(py+1);
1100:Drivers/CMSIS/DSP/Source/FilteringFunctions/arm_conv_fast_q15.c **** 
1101:Drivers/CMSIS/DSP/Source/FilteringFunctions/arm_conv_fast_q15.c **** #ifndef ARM_MATH_BIG_ENDIAN
1102:Drivers/CMSIS/DSP/Source/FilteringFunctions/arm_conv_fast_q15.c **** 
1103:Drivers/CMSIS/DSP/Source/FilteringFunctions/arm_conv_fast_q15.c **** 		c0 = __PKHBT(a, b, 16);
1104:Drivers/CMSIS/DSP/Source/FilteringFunctions/arm_conv_fast_q15.c **** 
1105:Drivers/CMSIS/DSP/Source/FilteringFunctions/arm_conv_fast_q15.c **** #else
1106:Drivers/CMSIS/DSP/Source/FilteringFunctions/arm_conv_fast_q15.c **** 
1107:Drivers/CMSIS/DSP/Source/FilteringFunctions/arm_conv_fast_q15.c ****  		c0 = __PKHBT(b, a, 16);;
1108:Drivers/CMSIS/DSP/Source/FilteringFunctions/arm_conv_fast_q15.c **** 
1109:Drivers/CMSIS/DSP/Source/FilteringFunctions/arm_conv_fast_q15.c **** #endif	/*	#ifndef ARM_MATH_BIG_ENDIAN	*/
1110:Drivers/CMSIS/DSP/Source/FilteringFunctions/arm_conv_fast_q15.c **** 
1111:Drivers/CMSIS/DSP/Source/FilteringFunctions/arm_conv_fast_q15.c ****         /* Read x[7], x[8], x[9] */
1112:Drivers/CMSIS/DSP/Source/FilteringFunctions/arm_conv_fast_q15.c **** 	  a = *px;
1113:Drivers/CMSIS/DSP/Source/FilteringFunctions/arm_conv_fast_q15.c **** 	  b = *(px + 1);
1114:Drivers/CMSIS/DSP/Source/FilteringFunctions/arm_conv_fast_q15.c **** 
1115:Drivers/CMSIS/DSP/Source/FilteringFunctions/arm_conv_fast_q15.c **** #ifndef ARM_MATH_BIG_ENDIAN
1116:Drivers/CMSIS/DSP/Source/FilteringFunctions/arm_conv_fast_q15.c **** 
1117:Drivers/CMSIS/DSP/Source/FilteringFunctions/arm_conv_fast_q15.c **** 	  x3 = __PKHBT(a, b, 16);
1118:Drivers/CMSIS/DSP/Source/FilteringFunctions/arm_conv_fast_q15.c **** 	  a = *(px + 2);
1119:Drivers/CMSIS/DSP/Source/FilteringFunctions/arm_conv_fast_q15.c **** 	  x2 = __PKHBT(b, a, 16);
1120:Drivers/CMSIS/DSP/Source/FilteringFunctions/arm_conv_fast_q15.c **** 
1121:Drivers/CMSIS/DSP/Source/FilteringFunctions/arm_conv_fast_q15.c **** #else
1122:Drivers/CMSIS/DSP/Source/FilteringFunctions/arm_conv_fast_q15.c **** 
1123:Drivers/CMSIS/DSP/Source/FilteringFunctions/arm_conv_fast_q15.c **** 	  x3 = __PKHBT(b, a, 16);
1124:Drivers/CMSIS/DSP/Source/FilteringFunctions/arm_conv_fast_q15.c **** 	  a = *(px + 2);
1125:Drivers/CMSIS/DSP/Source/FilteringFunctions/arm_conv_fast_q15.c **** 	  x2 = __PKHBT(a, b, 16);
1126:Drivers/CMSIS/DSP/Source/FilteringFunctions/arm_conv_fast_q15.c **** 
1127:Drivers/CMSIS/DSP/Source/FilteringFunctions/arm_conv_fast_q15.c **** #endif	/*	#ifndef ARM_MATH_BIG_ENDIAN	   */
1128:Drivers/CMSIS/DSP/Source/FilteringFunctions/arm_conv_fast_q15.c **** 
1129:Drivers/CMSIS/DSP/Source/FilteringFunctions/arm_conv_fast_q15.c ****         /* Perform the multiply-accumulates */
1130:Drivers/CMSIS/DSP/Source/FilteringFunctions/arm_conv_fast_q15.c ****         acc0 = __SMLADX(x0, c0, acc0);
1131:Drivers/CMSIS/DSP/Source/FilteringFunctions/arm_conv_fast_q15.c ****         acc1 = __SMLADX(x1, c0, acc1);
1132:Drivers/CMSIS/DSP/Source/FilteringFunctions/arm_conv_fast_q15.c ****         acc2 = __SMLADX(x3, c0, acc2);
1133:Drivers/CMSIS/DSP/Source/FilteringFunctions/arm_conv_fast_q15.c ****         acc3 = __SMLADX(x2, c0, acc3);
1134:Drivers/CMSIS/DSP/Source/FilteringFunctions/arm_conv_fast_q15.c **** 
1135:Drivers/CMSIS/DSP/Source/FilteringFunctions/arm_conv_fast_q15.c ****         /* Read y[srcBLen - 7] */
1136:Drivers/CMSIS/DSP/Source/FilteringFunctions/arm_conv_fast_q15.c **** 		c0 = *(py-1);
1137:Drivers/CMSIS/DSP/Source/FilteringFunctions/arm_conv_fast_q15.c **** #ifdef  ARM_MATH_BIG_ENDIAN
1138:Drivers/CMSIS/DSP/Source/FilteringFunctions/arm_conv_fast_q15.c **** 
1139:Drivers/CMSIS/DSP/Source/FilteringFunctions/arm_conv_fast_q15.c ****         c0 = c0 << 16U;
1140:Drivers/CMSIS/DSP/Source/FilteringFunctions/arm_conv_fast_q15.c **** #else
1141:Drivers/CMSIS/DSP/Source/FilteringFunctions/arm_conv_fast_q15.c **** 
1142:Drivers/CMSIS/DSP/Source/FilteringFunctions/arm_conv_fast_q15.c ****         c0 = c0 & 0x0000FFFF;
ARM GAS  C:\Users\Lamp\AppData\Local\Temp\cc1YK7pm.s 			page 69


1143:Drivers/CMSIS/DSP/Source/FilteringFunctions/arm_conv_fast_q15.c **** #endif /*      #ifdef  ARM_MATH_BIG_ENDIAN     */
1144:Drivers/CMSIS/DSP/Source/FilteringFunctions/arm_conv_fast_q15.c **** 
1145:Drivers/CMSIS/DSP/Source/FilteringFunctions/arm_conv_fast_q15.c ****         /* Read x[10] */
1146:Drivers/CMSIS/DSP/Source/FilteringFunctions/arm_conv_fast_q15.c **** 		a = *(px+2);
1147:Drivers/CMSIS/DSP/Source/FilteringFunctions/arm_conv_fast_q15.c **** 		b = *(px+3);
1148:Drivers/CMSIS/DSP/Source/FilteringFunctions/arm_conv_fast_q15.c **** 
1149:Drivers/CMSIS/DSP/Source/FilteringFunctions/arm_conv_fast_q15.c **** #ifndef ARM_MATH_BIG_ENDIAN
1150:Drivers/CMSIS/DSP/Source/FilteringFunctions/arm_conv_fast_q15.c **** 
1151:Drivers/CMSIS/DSP/Source/FilteringFunctions/arm_conv_fast_q15.c **** 		x3 = __PKHBT(a, b, 16);
1152:Drivers/CMSIS/DSP/Source/FilteringFunctions/arm_conv_fast_q15.c **** 
1153:Drivers/CMSIS/DSP/Source/FilteringFunctions/arm_conv_fast_q15.c **** #else
1154:Drivers/CMSIS/DSP/Source/FilteringFunctions/arm_conv_fast_q15.c **** 
1155:Drivers/CMSIS/DSP/Source/FilteringFunctions/arm_conv_fast_q15.c ****  		x3 = __PKHBT(b, a, 16);;
1156:Drivers/CMSIS/DSP/Source/FilteringFunctions/arm_conv_fast_q15.c **** 
1157:Drivers/CMSIS/DSP/Source/FilteringFunctions/arm_conv_fast_q15.c **** #endif	/*	#ifndef ARM_MATH_BIG_ENDIAN	*/
1158:Drivers/CMSIS/DSP/Source/FilteringFunctions/arm_conv_fast_q15.c **** 
1159:Drivers/CMSIS/DSP/Source/FilteringFunctions/arm_conv_fast_q15.c **** 		px += 3U;
1160:Drivers/CMSIS/DSP/Source/FilteringFunctions/arm_conv_fast_q15.c **** 
1161:Drivers/CMSIS/DSP/Source/FilteringFunctions/arm_conv_fast_q15.c ****         /* Perform the multiply-accumulates */
1162:Drivers/CMSIS/DSP/Source/FilteringFunctions/arm_conv_fast_q15.c ****         acc0 = __SMLADX(x1, c0, acc0);
1163:Drivers/CMSIS/DSP/Source/FilteringFunctions/arm_conv_fast_q15.c ****         acc1 = __SMLAD(x2, c0, acc1);
1164:Drivers/CMSIS/DSP/Source/FilteringFunctions/arm_conv_fast_q15.c ****         acc2 = __SMLADX(x2, c0, acc2);
1165:Drivers/CMSIS/DSP/Source/FilteringFunctions/arm_conv_fast_q15.c ****         acc3 = __SMLADX(x3, c0, acc3);
1166:Drivers/CMSIS/DSP/Source/FilteringFunctions/arm_conv_fast_q15.c ****       }
1167:Drivers/CMSIS/DSP/Source/FilteringFunctions/arm_conv_fast_q15.c **** 
1168:Drivers/CMSIS/DSP/Source/FilteringFunctions/arm_conv_fast_q15.c ****       /* Store the results in the accumulators in the destination buffer. */
1169:Drivers/CMSIS/DSP/Source/FilteringFunctions/arm_conv_fast_q15.c **** 	  *pOut++ = (q15_t)(acc0 >> 15);
1170:Drivers/CMSIS/DSP/Source/FilteringFunctions/arm_conv_fast_q15.c **** 	  *pOut++ = (q15_t)(acc1 >> 15);
1171:Drivers/CMSIS/DSP/Source/FilteringFunctions/arm_conv_fast_q15.c **** 	  *pOut++ = (q15_t)(acc2 >> 15);
1172:Drivers/CMSIS/DSP/Source/FilteringFunctions/arm_conv_fast_q15.c **** 	  *pOut++ = (q15_t)(acc3 >> 15);
1173:Drivers/CMSIS/DSP/Source/FilteringFunctions/arm_conv_fast_q15.c **** 
1174:Drivers/CMSIS/DSP/Source/FilteringFunctions/arm_conv_fast_q15.c ****       /* Increment the pointer pIn1 index, count by 4 */
1175:Drivers/CMSIS/DSP/Source/FilteringFunctions/arm_conv_fast_q15.c ****       count += 4U;
1176:Drivers/CMSIS/DSP/Source/FilteringFunctions/arm_conv_fast_q15.c **** 
1177:Drivers/CMSIS/DSP/Source/FilteringFunctions/arm_conv_fast_q15.c ****       /* Update the inputA and inputB pointers for next MAC calculation */
1178:Drivers/CMSIS/DSP/Source/FilteringFunctions/arm_conv_fast_q15.c ****       px = pIn1 + count;
1179:Drivers/CMSIS/DSP/Source/FilteringFunctions/arm_conv_fast_q15.c ****       py = pSrc2;
1180:Drivers/CMSIS/DSP/Source/FilteringFunctions/arm_conv_fast_q15.c **** 
1181:Drivers/CMSIS/DSP/Source/FilteringFunctions/arm_conv_fast_q15.c ****       /* Decrement the loop counter */
1182:Drivers/CMSIS/DSP/Source/FilteringFunctions/arm_conv_fast_q15.c ****       blkCnt--;
1183:Drivers/CMSIS/DSP/Source/FilteringFunctions/arm_conv_fast_q15.c ****     }
1184:Drivers/CMSIS/DSP/Source/FilteringFunctions/arm_conv_fast_q15.c **** 
1185:Drivers/CMSIS/DSP/Source/FilteringFunctions/arm_conv_fast_q15.c ****     /* If the blockSize2 is not a multiple of 4, compute any remaining output samples here.
1186:Drivers/CMSIS/DSP/Source/FilteringFunctions/arm_conv_fast_q15.c ****      ** No loop unrolling is used. */
1187:Drivers/CMSIS/DSP/Source/FilteringFunctions/arm_conv_fast_q15.c ****     blkCnt = blockSize2 % 0x4U;
1188:Drivers/CMSIS/DSP/Source/FilteringFunctions/arm_conv_fast_q15.c **** 
1189:Drivers/CMSIS/DSP/Source/FilteringFunctions/arm_conv_fast_q15.c ****     while (blkCnt > 0U)
1190:Drivers/CMSIS/DSP/Source/FilteringFunctions/arm_conv_fast_q15.c ****     {
1191:Drivers/CMSIS/DSP/Source/FilteringFunctions/arm_conv_fast_q15.c ****       /* Accumulator is made zero for every iteration */
1192:Drivers/CMSIS/DSP/Source/FilteringFunctions/arm_conv_fast_q15.c ****       sum = 0;
1193:Drivers/CMSIS/DSP/Source/FilteringFunctions/arm_conv_fast_q15.c **** 
1194:Drivers/CMSIS/DSP/Source/FilteringFunctions/arm_conv_fast_q15.c ****       /* Apply loop unrolling and compute 4 MACs simultaneously. */
1195:Drivers/CMSIS/DSP/Source/FilteringFunctions/arm_conv_fast_q15.c ****       k = srcBLen >> 2U;
1196:Drivers/CMSIS/DSP/Source/FilteringFunctions/arm_conv_fast_q15.c **** 
1197:Drivers/CMSIS/DSP/Source/FilteringFunctions/arm_conv_fast_q15.c ****       /* First part of the processing with loop unrolling.  Compute 4 MACs at a time.
1198:Drivers/CMSIS/DSP/Source/FilteringFunctions/arm_conv_fast_q15.c ****        ** a second loop below computes MACs for the remaining 1 to 3 samples. */
1199:Drivers/CMSIS/DSP/Source/FilteringFunctions/arm_conv_fast_q15.c ****       while (k > 0U)
ARM GAS  C:\Users\Lamp\AppData\Local\Temp\cc1YK7pm.s 			page 70


1200:Drivers/CMSIS/DSP/Source/FilteringFunctions/arm_conv_fast_q15.c ****       {
1201:Drivers/CMSIS/DSP/Source/FilteringFunctions/arm_conv_fast_q15.c ****         /* Perform the multiply-accumulates */
1202:Drivers/CMSIS/DSP/Source/FilteringFunctions/arm_conv_fast_q15.c ****         sum += ((q31_t) * px++ * *py--);
1203:Drivers/CMSIS/DSP/Source/FilteringFunctions/arm_conv_fast_q15.c ****         sum += ((q31_t) * px++ * *py--);
1204:Drivers/CMSIS/DSP/Source/FilteringFunctions/arm_conv_fast_q15.c ****         sum += ((q31_t) * px++ * *py--);
1205:Drivers/CMSIS/DSP/Source/FilteringFunctions/arm_conv_fast_q15.c ****         sum += ((q31_t) * px++ * *py--);
1206:Drivers/CMSIS/DSP/Source/FilteringFunctions/arm_conv_fast_q15.c **** 
1207:Drivers/CMSIS/DSP/Source/FilteringFunctions/arm_conv_fast_q15.c ****         /* Decrement the loop counter */
1208:Drivers/CMSIS/DSP/Source/FilteringFunctions/arm_conv_fast_q15.c ****         k--;
1209:Drivers/CMSIS/DSP/Source/FilteringFunctions/arm_conv_fast_q15.c ****       }
1210:Drivers/CMSIS/DSP/Source/FilteringFunctions/arm_conv_fast_q15.c **** 
1211:Drivers/CMSIS/DSP/Source/FilteringFunctions/arm_conv_fast_q15.c ****       /* If the srcBLen is not a multiple of 4, compute any remaining MACs here.
1212:Drivers/CMSIS/DSP/Source/FilteringFunctions/arm_conv_fast_q15.c ****        ** No loop unrolling is used. */
1213:Drivers/CMSIS/DSP/Source/FilteringFunctions/arm_conv_fast_q15.c ****       k = srcBLen % 0x4U;
1214:Drivers/CMSIS/DSP/Source/FilteringFunctions/arm_conv_fast_q15.c **** 
1215:Drivers/CMSIS/DSP/Source/FilteringFunctions/arm_conv_fast_q15.c ****       while (k > 0U)
1216:Drivers/CMSIS/DSP/Source/FilteringFunctions/arm_conv_fast_q15.c ****       {
1217:Drivers/CMSIS/DSP/Source/FilteringFunctions/arm_conv_fast_q15.c ****         /* Perform the multiply-accumulates */
1218:Drivers/CMSIS/DSP/Source/FilteringFunctions/arm_conv_fast_q15.c ****         sum += ((q31_t) * px++ * *py--);
1219:Drivers/CMSIS/DSP/Source/FilteringFunctions/arm_conv_fast_q15.c **** 
1220:Drivers/CMSIS/DSP/Source/FilteringFunctions/arm_conv_fast_q15.c ****         /* Decrement the loop counter */
1221:Drivers/CMSIS/DSP/Source/FilteringFunctions/arm_conv_fast_q15.c ****         k--;
1222:Drivers/CMSIS/DSP/Source/FilteringFunctions/arm_conv_fast_q15.c ****       }
1223:Drivers/CMSIS/DSP/Source/FilteringFunctions/arm_conv_fast_q15.c **** 
1224:Drivers/CMSIS/DSP/Source/FilteringFunctions/arm_conv_fast_q15.c ****       /* Store the result in the accumulator in the destination buffer. */
1225:Drivers/CMSIS/DSP/Source/FilteringFunctions/arm_conv_fast_q15.c ****       *pOut++ = (q15_t) (sum >> 15);
1226:Drivers/CMSIS/DSP/Source/FilteringFunctions/arm_conv_fast_q15.c **** 
1227:Drivers/CMSIS/DSP/Source/FilteringFunctions/arm_conv_fast_q15.c ****       /* Increment the pointer pIn1 index, count by 1 */
1228:Drivers/CMSIS/DSP/Source/FilteringFunctions/arm_conv_fast_q15.c ****       count++;
1229:Drivers/CMSIS/DSP/Source/FilteringFunctions/arm_conv_fast_q15.c **** 
1230:Drivers/CMSIS/DSP/Source/FilteringFunctions/arm_conv_fast_q15.c ****       /* Update the inputA and inputB pointers for next MAC calculation */
1231:Drivers/CMSIS/DSP/Source/FilteringFunctions/arm_conv_fast_q15.c ****       px = pIn1 + count;
1232:Drivers/CMSIS/DSP/Source/FilteringFunctions/arm_conv_fast_q15.c ****       py = pSrc2;
1233:Drivers/CMSIS/DSP/Source/FilteringFunctions/arm_conv_fast_q15.c **** 
1234:Drivers/CMSIS/DSP/Source/FilteringFunctions/arm_conv_fast_q15.c ****       /* Decrement the loop counter */
1235:Drivers/CMSIS/DSP/Source/FilteringFunctions/arm_conv_fast_q15.c ****       blkCnt--;
1236:Drivers/CMSIS/DSP/Source/FilteringFunctions/arm_conv_fast_q15.c ****     }
1237:Drivers/CMSIS/DSP/Source/FilteringFunctions/arm_conv_fast_q15.c ****   }
1238:Drivers/CMSIS/DSP/Source/FilteringFunctions/arm_conv_fast_q15.c ****   else
1239:Drivers/CMSIS/DSP/Source/FilteringFunctions/arm_conv_fast_q15.c ****   {
1240:Drivers/CMSIS/DSP/Source/FilteringFunctions/arm_conv_fast_q15.c ****     /* If the srcBLen is not a multiple of 4,
1241:Drivers/CMSIS/DSP/Source/FilteringFunctions/arm_conv_fast_q15.c ****      * the blockSize2 loop cannot be unrolled by 4 */
1242:Drivers/CMSIS/DSP/Source/FilteringFunctions/arm_conv_fast_q15.c ****     blkCnt = blockSize2;
1243:Drivers/CMSIS/DSP/Source/FilteringFunctions/arm_conv_fast_q15.c **** 
1244:Drivers/CMSIS/DSP/Source/FilteringFunctions/arm_conv_fast_q15.c ****     while (blkCnt > 0U)
1245:Drivers/CMSIS/DSP/Source/FilteringFunctions/arm_conv_fast_q15.c ****     {
1246:Drivers/CMSIS/DSP/Source/FilteringFunctions/arm_conv_fast_q15.c ****       /* Accumulator is made zero for every iteration */
1247:Drivers/CMSIS/DSP/Source/FilteringFunctions/arm_conv_fast_q15.c ****       sum = 0;
1248:Drivers/CMSIS/DSP/Source/FilteringFunctions/arm_conv_fast_q15.c **** 
1249:Drivers/CMSIS/DSP/Source/FilteringFunctions/arm_conv_fast_q15.c ****       /* srcBLen number of MACS should be performed */
1250:Drivers/CMSIS/DSP/Source/FilteringFunctions/arm_conv_fast_q15.c ****       k = srcBLen;
1251:Drivers/CMSIS/DSP/Source/FilteringFunctions/arm_conv_fast_q15.c **** 
1252:Drivers/CMSIS/DSP/Source/FilteringFunctions/arm_conv_fast_q15.c ****       while (k > 0U)
1253:Drivers/CMSIS/DSP/Source/FilteringFunctions/arm_conv_fast_q15.c ****       {
1254:Drivers/CMSIS/DSP/Source/FilteringFunctions/arm_conv_fast_q15.c ****         /* Perform the multiply-accumulate */
1255:Drivers/CMSIS/DSP/Source/FilteringFunctions/arm_conv_fast_q15.c ****         sum += ((q31_t) * px++ * *py--);
1256:Drivers/CMSIS/DSP/Source/FilteringFunctions/arm_conv_fast_q15.c **** 
ARM GAS  C:\Users\Lamp\AppData\Local\Temp\cc1YK7pm.s 			page 71


1257:Drivers/CMSIS/DSP/Source/FilteringFunctions/arm_conv_fast_q15.c ****         /* Decrement the loop counter */
1258:Drivers/CMSIS/DSP/Source/FilteringFunctions/arm_conv_fast_q15.c ****         k--;
1259:Drivers/CMSIS/DSP/Source/FilteringFunctions/arm_conv_fast_q15.c ****       }
1260:Drivers/CMSIS/DSP/Source/FilteringFunctions/arm_conv_fast_q15.c **** 
1261:Drivers/CMSIS/DSP/Source/FilteringFunctions/arm_conv_fast_q15.c ****       /* Store the result in the accumulator in the destination buffer. */
1262:Drivers/CMSIS/DSP/Source/FilteringFunctions/arm_conv_fast_q15.c ****       *pOut++ = (q15_t) (sum >> 15);
1263:Drivers/CMSIS/DSP/Source/FilteringFunctions/arm_conv_fast_q15.c **** 
1264:Drivers/CMSIS/DSP/Source/FilteringFunctions/arm_conv_fast_q15.c ****       /* Increment the MAC count */
1265:Drivers/CMSIS/DSP/Source/FilteringFunctions/arm_conv_fast_q15.c ****       count++;
1266:Drivers/CMSIS/DSP/Source/FilteringFunctions/arm_conv_fast_q15.c **** 
1267:Drivers/CMSIS/DSP/Source/FilteringFunctions/arm_conv_fast_q15.c ****       /* Update the inputA and inputB pointers for next MAC calculation */
1268:Drivers/CMSIS/DSP/Source/FilteringFunctions/arm_conv_fast_q15.c ****       px = pIn1 + count;
1269:Drivers/CMSIS/DSP/Source/FilteringFunctions/arm_conv_fast_q15.c ****       py = pSrc2;
1270:Drivers/CMSIS/DSP/Source/FilteringFunctions/arm_conv_fast_q15.c **** 
1271:Drivers/CMSIS/DSP/Source/FilteringFunctions/arm_conv_fast_q15.c ****       /* Decrement the loop counter */
1272:Drivers/CMSIS/DSP/Source/FilteringFunctions/arm_conv_fast_q15.c ****       blkCnt--;
1273:Drivers/CMSIS/DSP/Source/FilteringFunctions/arm_conv_fast_q15.c ****     }
1274:Drivers/CMSIS/DSP/Source/FilteringFunctions/arm_conv_fast_q15.c ****   }
1275:Drivers/CMSIS/DSP/Source/FilteringFunctions/arm_conv_fast_q15.c **** 
1276:Drivers/CMSIS/DSP/Source/FilteringFunctions/arm_conv_fast_q15.c **** 
1277:Drivers/CMSIS/DSP/Source/FilteringFunctions/arm_conv_fast_q15.c ****   /* --------------------------
1278:Drivers/CMSIS/DSP/Source/FilteringFunctions/arm_conv_fast_q15.c ****    * Initializations of stage3
1279:Drivers/CMSIS/DSP/Source/FilteringFunctions/arm_conv_fast_q15.c ****    * -------------------------*/
1280:Drivers/CMSIS/DSP/Source/FilteringFunctions/arm_conv_fast_q15.c **** 
1281:Drivers/CMSIS/DSP/Source/FilteringFunctions/arm_conv_fast_q15.c ****   /* sum += x[srcALen-srcBLen+1] * y[srcBLen-1] + x[srcALen-srcBLen+2] * y[srcBLen-2] +...+ x[srcAL
1282:Drivers/CMSIS/DSP/Source/FilteringFunctions/arm_conv_fast_q15.c ****    * sum += x[srcALen-srcBLen+2] * y[srcBLen-1] + x[srcALen-srcBLen+3] * y[srcBLen-2] +...+ x[srcAL
1283:Drivers/CMSIS/DSP/Source/FilteringFunctions/arm_conv_fast_q15.c ****    * ....
1284:Drivers/CMSIS/DSP/Source/FilteringFunctions/arm_conv_fast_q15.c ****    * sum +=  x[srcALen-2] * y[srcBLen-1] + x[srcALen-1] * y[srcBLen-2]
1285:Drivers/CMSIS/DSP/Source/FilteringFunctions/arm_conv_fast_q15.c ****    * sum +=  x[srcALen-1] * y[srcBLen-1]
1286:Drivers/CMSIS/DSP/Source/FilteringFunctions/arm_conv_fast_q15.c ****    */
1287:Drivers/CMSIS/DSP/Source/FilteringFunctions/arm_conv_fast_q15.c **** 
1288:Drivers/CMSIS/DSP/Source/FilteringFunctions/arm_conv_fast_q15.c ****   /* In this stage the MAC operations are decreased by 1 for every iteration.
1289:Drivers/CMSIS/DSP/Source/FilteringFunctions/arm_conv_fast_q15.c ****      The blockSize3 variable holds the number of MAC operations performed */
1290:Drivers/CMSIS/DSP/Source/FilteringFunctions/arm_conv_fast_q15.c **** 
1291:Drivers/CMSIS/DSP/Source/FilteringFunctions/arm_conv_fast_q15.c ****   /* Working pointer of inputA */
1292:Drivers/CMSIS/DSP/Source/FilteringFunctions/arm_conv_fast_q15.c ****   pSrc1 = (pIn1 + srcALen) - (srcBLen - 1U);
1293:Drivers/CMSIS/DSP/Source/FilteringFunctions/arm_conv_fast_q15.c ****   px = pSrc1;
1294:Drivers/CMSIS/DSP/Source/FilteringFunctions/arm_conv_fast_q15.c **** 
1295:Drivers/CMSIS/DSP/Source/FilteringFunctions/arm_conv_fast_q15.c ****   /* Working pointer of inputB */
1296:Drivers/CMSIS/DSP/Source/FilteringFunctions/arm_conv_fast_q15.c ****   pSrc2 = pIn2 + (srcBLen - 1U);
1297:Drivers/CMSIS/DSP/Source/FilteringFunctions/arm_conv_fast_q15.c ****   pIn2 = pSrc2 - 1U;
1298:Drivers/CMSIS/DSP/Source/FilteringFunctions/arm_conv_fast_q15.c ****   py = pIn2;
1299:Drivers/CMSIS/DSP/Source/FilteringFunctions/arm_conv_fast_q15.c **** 
1300:Drivers/CMSIS/DSP/Source/FilteringFunctions/arm_conv_fast_q15.c ****   /* -------------------
1301:Drivers/CMSIS/DSP/Source/FilteringFunctions/arm_conv_fast_q15.c ****    * Stage3 process
1302:Drivers/CMSIS/DSP/Source/FilteringFunctions/arm_conv_fast_q15.c ****    * ------------------*/
1303:Drivers/CMSIS/DSP/Source/FilteringFunctions/arm_conv_fast_q15.c **** 
1304:Drivers/CMSIS/DSP/Source/FilteringFunctions/arm_conv_fast_q15.c ****   /* For loop unrolling by 4, this stage is divided into two. */
1305:Drivers/CMSIS/DSP/Source/FilteringFunctions/arm_conv_fast_q15.c ****   /* First part of this stage computes the MAC operations greater than 4 */
1306:Drivers/CMSIS/DSP/Source/FilteringFunctions/arm_conv_fast_q15.c ****   /* Second part of this stage computes the MAC operations less than or equal to 4 */
1307:Drivers/CMSIS/DSP/Source/FilteringFunctions/arm_conv_fast_q15.c **** 
1308:Drivers/CMSIS/DSP/Source/FilteringFunctions/arm_conv_fast_q15.c ****   /* The first part of the stage starts here */
1309:Drivers/CMSIS/DSP/Source/FilteringFunctions/arm_conv_fast_q15.c ****   j = blockSize3 >> 2U;
1310:Drivers/CMSIS/DSP/Source/FilteringFunctions/arm_conv_fast_q15.c **** 
1311:Drivers/CMSIS/DSP/Source/FilteringFunctions/arm_conv_fast_q15.c ****   while ((j > 0U) && (blockSize3 > 0U))
1312:Drivers/CMSIS/DSP/Source/FilteringFunctions/arm_conv_fast_q15.c ****   {
1313:Drivers/CMSIS/DSP/Source/FilteringFunctions/arm_conv_fast_q15.c ****     /* Accumulator is made zero for every iteration */
ARM GAS  C:\Users\Lamp\AppData\Local\Temp\cc1YK7pm.s 			page 72


1314:Drivers/CMSIS/DSP/Source/FilteringFunctions/arm_conv_fast_q15.c ****     sum = 0;
1315:Drivers/CMSIS/DSP/Source/FilteringFunctions/arm_conv_fast_q15.c **** 
1316:Drivers/CMSIS/DSP/Source/FilteringFunctions/arm_conv_fast_q15.c ****     /* Apply loop unrolling and compute 4 MACs simultaneously. */
1317:Drivers/CMSIS/DSP/Source/FilteringFunctions/arm_conv_fast_q15.c ****     k = blockSize3 >> 2U;
1318:Drivers/CMSIS/DSP/Source/FilteringFunctions/arm_conv_fast_q15.c **** 
1319:Drivers/CMSIS/DSP/Source/FilteringFunctions/arm_conv_fast_q15.c ****     /* First part of the processing with loop unrolling.  Compute 4 MACs at a time.
1320:Drivers/CMSIS/DSP/Source/FilteringFunctions/arm_conv_fast_q15.c ****      ** a second loop below computes MACs for the remaining 1 to 3 samples. */
1321:Drivers/CMSIS/DSP/Source/FilteringFunctions/arm_conv_fast_q15.c **** 	py++;
1322:Drivers/CMSIS/DSP/Source/FilteringFunctions/arm_conv_fast_q15.c **** 
1323:Drivers/CMSIS/DSP/Source/FilteringFunctions/arm_conv_fast_q15.c ****     while (k > 0U)
1324:Drivers/CMSIS/DSP/Source/FilteringFunctions/arm_conv_fast_q15.c ****     {
1325:Drivers/CMSIS/DSP/Source/FilteringFunctions/arm_conv_fast_q15.c ****         sum += ((q31_t) * px++ * *py--);
1326:Drivers/CMSIS/DSP/Source/FilteringFunctions/arm_conv_fast_q15.c ****         sum += ((q31_t) * px++ * *py--);
1327:Drivers/CMSIS/DSP/Source/FilteringFunctions/arm_conv_fast_q15.c ****         sum += ((q31_t) * px++ * *py--);
1328:Drivers/CMSIS/DSP/Source/FilteringFunctions/arm_conv_fast_q15.c ****         sum += ((q31_t) * px++ * *py--);
1329:Drivers/CMSIS/DSP/Source/FilteringFunctions/arm_conv_fast_q15.c ****       /* Decrement the loop counter */
1330:Drivers/CMSIS/DSP/Source/FilteringFunctions/arm_conv_fast_q15.c ****       k--;
1331:Drivers/CMSIS/DSP/Source/FilteringFunctions/arm_conv_fast_q15.c ****     }
1332:Drivers/CMSIS/DSP/Source/FilteringFunctions/arm_conv_fast_q15.c **** 
1333:Drivers/CMSIS/DSP/Source/FilteringFunctions/arm_conv_fast_q15.c ****     /* If the blockSize3 is not a multiple of 4, compute any remaining MACs here.
1334:Drivers/CMSIS/DSP/Source/FilteringFunctions/arm_conv_fast_q15.c ****      ** No loop unrolling is used. */
1335:Drivers/CMSIS/DSP/Source/FilteringFunctions/arm_conv_fast_q15.c ****     k = blockSize3 % 0x4U;
1336:Drivers/CMSIS/DSP/Source/FilteringFunctions/arm_conv_fast_q15.c **** 
1337:Drivers/CMSIS/DSP/Source/FilteringFunctions/arm_conv_fast_q15.c ****     while (k > 0U)
1338:Drivers/CMSIS/DSP/Source/FilteringFunctions/arm_conv_fast_q15.c ****     {
1339:Drivers/CMSIS/DSP/Source/FilteringFunctions/arm_conv_fast_q15.c ****       /* sum += x[srcALen - srcBLen + 5] * y[srcBLen - 5] */
1340:Drivers/CMSIS/DSP/Source/FilteringFunctions/arm_conv_fast_q15.c ****         sum += ((q31_t) * px++ * *py--);
1341:Drivers/CMSIS/DSP/Source/FilteringFunctions/arm_conv_fast_q15.c **** 
1342:Drivers/CMSIS/DSP/Source/FilteringFunctions/arm_conv_fast_q15.c ****       /* Decrement the loop counter */
1343:Drivers/CMSIS/DSP/Source/FilteringFunctions/arm_conv_fast_q15.c ****       k--;
1344:Drivers/CMSIS/DSP/Source/FilteringFunctions/arm_conv_fast_q15.c ****     }
1345:Drivers/CMSIS/DSP/Source/FilteringFunctions/arm_conv_fast_q15.c **** 
1346:Drivers/CMSIS/DSP/Source/FilteringFunctions/arm_conv_fast_q15.c ****     /* Store the result in the accumulator in the destination buffer. */
1347:Drivers/CMSIS/DSP/Source/FilteringFunctions/arm_conv_fast_q15.c ****     *pOut++ = (q15_t) (sum >> 15);
1348:Drivers/CMSIS/DSP/Source/FilteringFunctions/arm_conv_fast_q15.c **** 
1349:Drivers/CMSIS/DSP/Source/FilteringFunctions/arm_conv_fast_q15.c ****     /* Update the inputA and inputB pointers for next MAC calculation */
1350:Drivers/CMSIS/DSP/Source/FilteringFunctions/arm_conv_fast_q15.c ****     px = ++pSrc1;
1351:Drivers/CMSIS/DSP/Source/FilteringFunctions/arm_conv_fast_q15.c ****     py = pIn2;
1352:Drivers/CMSIS/DSP/Source/FilteringFunctions/arm_conv_fast_q15.c **** 
1353:Drivers/CMSIS/DSP/Source/FilteringFunctions/arm_conv_fast_q15.c ****     /* Decrement the loop counter */
1354:Drivers/CMSIS/DSP/Source/FilteringFunctions/arm_conv_fast_q15.c ****     blockSize3--;
1355:Drivers/CMSIS/DSP/Source/FilteringFunctions/arm_conv_fast_q15.c **** 
1356:Drivers/CMSIS/DSP/Source/FilteringFunctions/arm_conv_fast_q15.c ****     j--;
1357:Drivers/CMSIS/DSP/Source/FilteringFunctions/arm_conv_fast_q15.c ****   }
1358:Drivers/CMSIS/DSP/Source/FilteringFunctions/arm_conv_fast_q15.c **** 
1359:Drivers/CMSIS/DSP/Source/FilteringFunctions/arm_conv_fast_q15.c ****   /* The second part of the stage starts here */
1360:Drivers/CMSIS/DSP/Source/FilteringFunctions/arm_conv_fast_q15.c ****   /* SIMD is not used for the next MAC operations,
1361:Drivers/CMSIS/DSP/Source/FilteringFunctions/arm_conv_fast_q15.c ****    * so pointer py is updated to read only one sample at a time */
1362:Drivers/CMSIS/DSP/Source/FilteringFunctions/arm_conv_fast_q15.c ****   py = py + 1U;
1363:Drivers/CMSIS/DSP/Source/FilteringFunctions/arm_conv_fast_q15.c **** 
1364:Drivers/CMSIS/DSP/Source/FilteringFunctions/arm_conv_fast_q15.c ****   while (blockSize3 > 0U)
1365:Drivers/CMSIS/DSP/Source/FilteringFunctions/arm_conv_fast_q15.c ****   {
1366:Drivers/CMSIS/DSP/Source/FilteringFunctions/arm_conv_fast_q15.c ****     /* Accumulator is made zero for every iteration */
1367:Drivers/CMSIS/DSP/Source/FilteringFunctions/arm_conv_fast_q15.c ****     sum = 0;
1368:Drivers/CMSIS/DSP/Source/FilteringFunctions/arm_conv_fast_q15.c **** 
1369:Drivers/CMSIS/DSP/Source/FilteringFunctions/arm_conv_fast_q15.c ****     /* Apply loop unrolling and compute 4 MACs simultaneously. */
1370:Drivers/CMSIS/DSP/Source/FilteringFunctions/arm_conv_fast_q15.c ****     k = blockSize3;
ARM GAS  C:\Users\Lamp\AppData\Local\Temp\cc1YK7pm.s 			page 73


1371:Drivers/CMSIS/DSP/Source/FilteringFunctions/arm_conv_fast_q15.c **** 
1372:Drivers/CMSIS/DSP/Source/FilteringFunctions/arm_conv_fast_q15.c ****     while (k > 0U)
1373:Drivers/CMSIS/DSP/Source/FilteringFunctions/arm_conv_fast_q15.c ****     {
1374:Drivers/CMSIS/DSP/Source/FilteringFunctions/arm_conv_fast_q15.c ****       /* Perform the multiply-accumulates */
1375:Drivers/CMSIS/DSP/Source/FilteringFunctions/arm_conv_fast_q15.c ****       /* sum +=  x[srcALen-1] * y[srcBLen-1] */
1376:Drivers/CMSIS/DSP/Source/FilteringFunctions/arm_conv_fast_q15.c ****         sum += ((q31_t) * px++ * *py--);
1377:Drivers/CMSIS/DSP/Source/FilteringFunctions/arm_conv_fast_q15.c **** 
1378:Drivers/CMSIS/DSP/Source/FilteringFunctions/arm_conv_fast_q15.c ****       /* Decrement the loop counter */
1379:Drivers/CMSIS/DSP/Source/FilteringFunctions/arm_conv_fast_q15.c ****       k--;
1380:Drivers/CMSIS/DSP/Source/FilteringFunctions/arm_conv_fast_q15.c ****     }
1381:Drivers/CMSIS/DSP/Source/FilteringFunctions/arm_conv_fast_q15.c **** 
1382:Drivers/CMSIS/DSP/Source/FilteringFunctions/arm_conv_fast_q15.c ****     /* Store the result in the accumulator in the destination buffer. */
1383:Drivers/CMSIS/DSP/Source/FilteringFunctions/arm_conv_fast_q15.c ****     *pOut++ = (q15_t) (sum >> 15);
1384:Drivers/CMSIS/DSP/Source/FilteringFunctions/arm_conv_fast_q15.c **** 
1385:Drivers/CMSIS/DSP/Source/FilteringFunctions/arm_conv_fast_q15.c ****     /* Update the inputA and inputB pointers for next MAC calculation */
1386:Drivers/CMSIS/DSP/Source/FilteringFunctions/arm_conv_fast_q15.c ****     px = ++pSrc1;
1387:Drivers/CMSIS/DSP/Source/FilteringFunctions/arm_conv_fast_q15.c ****     py = pSrc2;
1388:Drivers/CMSIS/DSP/Source/FilteringFunctions/arm_conv_fast_q15.c **** 
1389:Drivers/CMSIS/DSP/Source/FilteringFunctions/arm_conv_fast_q15.c ****     /* Decrement the loop counter */
1390:Drivers/CMSIS/DSP/Source/FilteringFunctions/arm_conv_fast_q15.c ****     blockSize3--;
1391:Drivers/CMSIS/DSP/Source/FilteringFunctions/arm_conv_fast_q15.c ****   }
1392:Drivers/CMSIS/DSP/Source/FilteringFunctions/arm_conv_fast_q15.c **** 
1393:Drivers/CMSIS/DSP/Source/FilteringFunctions/arm_conv_fast_q15.c **** #endif	/*	#ifndef UNALIGNED_SUPPORT_DISABLE	*/
1394:Drivers/CMSIS/DSP/Source/FilteringFunctions/arm_conv_fast_q15.c **** }
 1535              		.loc 1 1394 1 view .LVU627
 1536 04e6 0BB0     		add	sp, sp, #44
 1537              	.LCFI2:
 1538              		.cfi_def_cfa_offset 36
 1539              		@ sp needed
 1540 04e8 BDE8F08F 		pop	{r4, r5, r6, r7, r8, r9, r10, fp, pc}
 1541              		.loc 1 1394 1 view .LVU628
 1542              		.cfi_endproc
 1543              	.LFE100:
 1545              		.text
 1546              	.Letext0:
 1547              		.file 3 "C:/ARM GNU Toolchain/arm-none-eabi/include/machine/_default_types.h"
 1548              		.file 4 "C:/ARM GNU Toolchain/arm-none-eabi/include/sys/_stdint.h"
ARM GAS  C:\Users\Lamp\AppData\Local\Temp\cc1YK7pm.s 			page 74


DEFINED SYMBOLS
                            *ABS*:00000000 arm_conv_fast_q15.c
C:\Users\Lamp\AppData\Local\Temp\cc1YK7pm.s:19     .text.arm_conv_fast_q15:00000000 $t
C:\Users\Lamp\AppData\Local\Temp\cc1YK7pm.s:25     .text.arm_conv_fast_q15:00000000 arm_conv_fast_q15

NO UNDEFINED SYMBOLS
