ARM GAS  C:\Users\Lamp\AppData\Local\Temp\ccvUe3eg.s 			page 1


   1              		.cpu cortex-m3
   2              		.arch armv7-m
   3              		.fpu softvfp
   4              		.eabi_attribute 20, 1
   5              		.eabi_attribute 21, 1
   6              		.eabi_attribute 23, 3
   7              		.eabi_attribute 24, 1
   8              		.eabi_attribute 25, 1
   9              		.eabi_attribute 26, 1
  10              		.eabi_attribute 30, 1
  11              		.eabi_attribute 34, 1
  12              		.eabi_attribute 18, 4
  13              		.file	"timer.c"
  14              		.text
  15              	.Ltext0:
  16              		.cfi_sections	.debug_frame
  17              		.file 1 "Core/Src/Drivers/Src/timer.c"
  18              		.section	.text.TIM4_IRQHandler,"ax",%progbits
  19              		.align	1
  20              		.global	TIM4_IRQHandler
  21              		.syntax unified
  22              		.thumb
  23              		.thumb_func
  25              	TIM4_IRQHandler:
  26              	.LFB65:
   1:Core/Src/Drivers/Src/timer.c **** #include "timer.h"
   2:Core/Src/Drivers/Src/timer.c **** 
   3:Core/Src/Drivers/Src/timer.c **** /**
   4:Core/Src/Drivers/Src/timer.c ****  * Input Capture to read Encoder
   5:Core/Src/Drivers/Src/timer.c ****  */
   6:Core/Src/Drivers/Src/timer.c **** int16_t encoder;
   7:Core/Src/Drivers/Src/timer.c **** int16_t pre_encoder;
   8:Core/Src/Drivers/Src/timer.c **** int16_t delta_encoder;
   9:Core/Src/Drivers/Src/timer.c **** void TIM4_IRQHandler(void)
  10:Core/Src/Drivers/Src/timer.c **** {
  27              		.loc 1 10 1 view -0
  28              		.cfi_startproc
  29              		@ args = 0, pretend = 0, frame = 0
  30              		@ frame_needed = 0, uses_anonymous_args = 0
  31              		@ link register save eliminated.
  11:Core/Src/Drivers/Src/timer.c ****     if ((TIM4->SR & TIM_SR_CC1IF) || (TIM4->SR & TIM_SR_CC2IF))
  32              		.loc 1 11 5 view .LVU1
  33              		.loc 1 11 14 is_stmt 0 view .LVU2
  34 0000 0B4B     		ldr	r3, .L4
  35 0002 1B69     		ldr	r3, [r3, #16]
  36              		.loc 1 11 8 view .LVU3
  37 0004 13F0020F 		tst	r3, #2
  38 0008 04D1     		bne	.L2
  39              		.loc 1 11 43 discriminator 1 view .LVU4
  40 000a 094B     		ldr	r3, .L4
  41 000c 1B69     		ldr	r3, [r3, #16]
  42              		.loc 1 11 35 discriminator 1 view .LVU5
  43 000e 13F0040F 		tst	r3, #4
  44 0012 0CD0     		beq	.L1
  45              	.L2:
  12:Core/Src/Drivers/Src/timer.c ****     {
  13:Core/Src/Drivers/Src/timer.c ****         TIM4->SR &= ~(TIM_SR_CC1IF | TIM_SR_CC2IF);
ARM GAS  C:\Users\Lamp\AppData\Local\Temp\ccvUe3eg.s 			page 2


  46              		.loc 1 13 9 is_stmt 1 view .LVU6
  47              		.loc 1 13 13 is_stmt 0 view .LVU7
  48 0014 064B     		ldr	r3, .L4
  49 0016 1A69     		ldr	r2, [r3, #16]
  50              		.loc 1 13 18 view .LVU8
  51 0018 22F00602 		bic	r2, r2, #6
  52 001c 1A61     		str	r2, [r3, #16]
  14:Core/Src/Drivers/Src/timer.c **** 		
  15:Core/Src/Drivers/Src/timer.c **** 		encoder = (int16_t)((uint32_t) TIM4->CNT);
  53              		.loc 1 15 3 is_stmt 1 view .LVU9
  54              		.loc 1 15 38 is_stmt 0 view .LVU10
  55 001e 5B6A     		ldr	r3, [r3, #36]
  56              		.loc 1 15 11 view .LVU11
  57 0020 044A     		ldr	r2, .L4+4
  58 0022 1380     		strh	r3, [r2]	@ movhi
  16:Core/Src/Drivers/Src/timer.c **** 
  17:Core/Src/Drivers/Src/timer.c ****         delta_encoder = encoder - pre_encoder;
  59              		.loc 1 17 9 is_stmt 1 view .LVU12
  60              		.loc 1 17 33 is_stmt 0 view .LVU13
  61 0024 044A     		ldr	r2, .L4+8
  62 0026 1288     		ldrh	r2, [r2]
  63 0028 9B1A     		subs	r3, r3, r2
  64              		.loc 1 17 23 view .LVU14
  65 002a 044A     		ldr	r2, .L4+12
  66 002c 1380     		strh	r3, [r2]	@ movhi
  18:Core/Src/Drivers/Src/timer.c ****         
  19:Core/Src/Drivers/Src/timer.c ****         if (delta_encoder > 32767) delta_encoder -= 65536;
  67              		.loc 1 19 9 is_stmt 1 view .LVU15
  20:Core/Src/Drivers/Src/timer.c ****         if (delta_encoder < -32768) delta_encoder += 65536;
  68              		.loc 1 20 9 view .LVU16
  69              	.L1:
  21:Core/Src/Drivers/Src/timer.c ****     }
  22:Core/Src/Drivers/Src/timer.c **** }
  70              		.loc 1 22 1 is_stmt 0 view .LVU17
  71 002e 7047     		bx	lr
  72              	.L5:
  73              		.align	2
  74              	.L4:
  75 0030 00080040 		.word	1073743872
  76 0034 00000000 		.word	encoder
  77 0038 00000000 		.word	pre_encoder
  78 003c 00000000 		.word	delta_encoder
  79              		.cfi_endproc
  80              	.LFE65:
  82              		.section	.text.Encoder_Init,"ax",%progbits
  83              		.align	1
  84              		.global	Encoder_Init
  85              		.syntax unified
  86              		.thumb
  87              		.thumb_func
  89              	Encoder_Init:
  90              	.LFB66:
  23:Core/Src/Drivers/Src/timer.c **** 
  24:Core/Src/Drivers/Src/timer.c **** void Encoder_Init(void)
  25:Core/Src/Drivers/Src/timer.c **** {
  91              		.loc 1 25 1 is_stmt 1 view -0
  92              		.cfi_startproc
ARM GAS  C:\Users\Lamp\AppData\Local\Temp\ccvUe3eg.s 			page 3


  93              		@ args = 0, pretend = 0, frame = 0
  94              		@ frame_needed = 0, uses_anonymous_args = 0
  95              		@ link register save eliminated.
  26:Core/Src/Drivers/Src/timer.c **** 	RCC->APB1ENR |= RCC_APB1ENR_TIM4EN;					
  96              		.loc 1 26 2 view .LVU19
  97              		.loc 1 26 5 is_stmt 0 view .LVU20
  98 0000 284B     		ldr	r3, .L7
  99 0002 DA69     		ldr	r2, [r3, #28]
 100              		.loc 1 26 15 view .LVU21
 101 0004 42F00402 		orr	r2, r2, #4
 102 0008 DA61     		str	r2, [r3, #28]
  27:Core/Src/Drivers/Src/timer.c **** 	RCC->APB2ENR |= RCC_APB2ENR_IOPBEN;
 103              		.loc 1 27 2 is_stmt 1 view .LVU22
 104              		.loc 1 27 5 is_stmt 0 view .LVU23
 105 000a 9A69     		ldr	r2, [r3, #24]
 106              		.loc 1 27 15 view .LVU24
 107 000c 42F00802 		orr	r2, r2, #8
 108 0010 9A61     		str	r2, [r3, #24]
  28:Core/Src/Drivers/Src/timer.c **** 
  29:Core/Src/Drivers/Src/timer.c **** 	GPIOB->CRL &= ~(GPIO_CRL_MODE6 | GPIO_CRL_MODE7);		// Input mode Pin PB6, PB7
 109              		.loc 1 29 2 is_stmt 1 view .LVU25
 110              		.loc 1 29 7 is_stmt 0 view .LVU26
 111 0012 A3F58233 		sub	r3, r3, #66560
 112 0016 1A68     		ldr	r2, [r3]
 113              		.loc 1 29 13 view .LVU27
 114 0018 22F04C52 		bic	r2, r2, #855638016
 115 001c 1A60     		str	r2, [r3]
  30:Core/Src/Drivers/Src/timer.c **** 	GPIOB->CRL &= ~((3 << 26) | (3 << 30));					// Reset CNF
 116              		.loc 1 30 2 is_stmt 1 view .LVU28
 117              		.loc 1 30 7 is_stmt 0 view .LVU29
 118 001e 1A68     		ldr	r2, [r3]
 119              		.loc 1 30 13 view .LVU30
 120 0020 22F04C42 		bic	r2, r2, #-872415232
 121 0024 1A60     		str	r2, [r3]
  31:Core/Src/Drivers/Src/timer.c ****     GPIOB->CRL |= (GPIO_CRL_CNF6_1 | GPIO_CRL_CNF7_1);		// Input floating
 122              		.loc 1 31 5 is_stmt 1 view .LVU31
 123              		.loc 1 31 10 is_stmt 0 view .LVU32
 124 0026 1A68     		ldr	r2, [r3]
 125              		.loc 1 31 16 view .LVU33
 126 0028 42F00842 		orr	r2, r2, #-2013265920
 127 002c 1A60     		str	r2, [r3]
  32:Core/Src/Drivers/Src/timer.c ****     GPIOB->ODR |= (GPIO_ODR_ODR6 | GPIO_ODR_ODR7);			// Pull-up for PB6 và PB7
 128              		.loc 1 32 5 is_stmt 1 view .LVU34
 129              		.loc 1 32 10 is_stmt 0 view .LVU35
 130 002e DA68     		ldr	r2, [r3, #12]
 131              		.loc 1 32 16 view .LVU36
 132 0030 42F0C002 		orr	r2, r2, #192
 133 0034 DA60     		str	r2, [r3, #12]
  33:Core/Src/Drivers/Src/timer.c **** 
  34:Core/Src/Drivers/Src/timer.c **** 	TIM4->PSC = 0;
 134              		.loc 1 34 2 is_stmt 1 view .LVU37
 135              		.loc 1 34 12 is_stmt 0 view .LVU38
 136 0036 A3F58233 		sub	r3, r3, #66560
 137 003a 0021     		movs	r1, #0
 138 003c 9962     		str	r1, [r3, #40]
  35:Core/Src/Drivers/Src/timer.c ****     TIM4->ARR = 0xFFFF;										// Max range 65535
 139              		.loc 1 35 5 is_stmt 1 view .LVU39
ARM GAS  C:\Users\Lamp\AppData\Local\Temp\ccvUe3eg.s 			page 4


 140              		.loc 1 35 15 is_stmt 0 view .LVU40
 141 003e 4FF6FF72 		movw	r2, #65535
 142 0042 DA62     		str	r2, [r3, #44]
  36:Core/Src/Drivers/Src/timer.c **** 
  37:Core/Src/Drivers/Src/timer.c ****     TIM4->SMCR	|= 0x03;									// Encoder Mode 3 (Chanel 1&2)
 143              		.loc 1 37 5 is_stmt 1 view .LVU41
 144              		.loc 1 37 9 is_stmt 0 view .LVU42
 145 0044 9A68     		ldr	r2, [r3, #8]
 146              		.loc 1 37 16 view .LVU43
 147 0046 42F00302 		orr	r2, r2, #3
 148 004a 9A60     		str	r2, [r3, #8]
  38:Core/Src/Drivers/Src/timer.c ****     TIM4->CCMR1	|= TIM_CCMR1_CC1S_0 | TIM_CCMR1_CC2S_0;		// Config Input IC1 on TI1, IC2 on TI2
 149              		.loc 1 38 5 is_stmt 1 view .LVU44
 150              		.loc 1 38 9 is_stmt 0 view .LVU45
 151 004c 9A69     		ldr	r2, [r3, #24]
 152              		.loc 1 38 17 view .LVU46
 153 004e 42F48072 		orr	r2, r2, #256
 154 0052 42F00102 		orr	r2, r2, #1
 155 0056 9A61     		str	r2, [r3, #24]
  39:Core/Src/Drivers/Src/timer.c **** 	TIM4->CCMR1	&= ~(TIM_CCMR1_IC1PSC | TIM_CCMR1_IC2PSC);	// Preload and fast Unable
 156              		.loc 1 39 2 is_stmt 1 view .LVU47
 157              		.loc 1 39 6 is_stmt 0 view .LVU48
 158 0058 9A69     		ldr	r2, [r3, #24]
 159              		.loc 1 39 14 view .LVU49
 160 005a 22F44062 		bic	r2, r2, #3072
 161 005e 22F00C02 		bic	r2, r2, #12
 162 0062 9A61     		str	r2, [r3, #24]
  40:Core/Src/Drivers/Src/timer.c ****     TIM4->CCMR1	&= ~(TIM_CCMR1_IC1F | TIM_CCMR1_IC2F);    	// No Filter
 163              		.loc 1 40 5 is_stmt 1 view .LVU50
 164              		.loc 1 40 9 is_stmt 0 view .LVU51
 165 0064 9A69     		ldr	r2, [r3, #24]
 166              		.loc 1 40 17 view .LVU52
 167 0066 22F47042 		bic	r2, r2, #61440
 168 006a 22F0F002 		bic	r2, r2, #240
 169 006e 9A61     		str	r2, [r3, #24]
  41:Core/Src/Drivers/Src/timer.c ****     TIM4->CCER |= (TIM_CCER_CC1P | TIM_CCER_CC2P);			// Failing edge cho TI1 & TI2
 170              		.loc 1 41 5 is_stmt 1 view .LVU53
 171              		.loc 1 41 9 is_stmt 0 view .LVU54
 172 0070 1A6A     		ldr	r2, [r3, #32]
 173              		.loc 1 41 16 view .LVU55
 174 0072 42F02202 		orr	r2, r2, #34
 175 0076 1A62     		str	r2, [r3, #32]
  42:Core/Src/Drivers/Src/timer.c ****     TIM4->CCER |= (TIM_CCER_CC1E | TIM_CCER_CC2E);			// Enable Capture Compare
 176              		.loc 1 42 5 is_stmt 1 view .LVU56
 177              		.loc 1 42 9 is_stmt 0 view .LVU57
 178 0078 1A6A     		ldr	r2, [r3, #32]
 179              		.loc 1 42 16 view .LVU58
 180 007a 42F01102 		orr	r2, r2, #17
 181 007e 1A62     		str	r2, [r3, #32]
  43:Core/Src/Drivers/Src/timer.c ****     TIM4->CNT = 0x0000;    									// Reset counter
 182              		.loc 1 43 5 is_stmt 1 view .LVU59
 183              		.loc 1 43 15 is_stmt 0 view .LVU60
 184 0080 5962     		str	r1, [r3, #36]
  44:Core/Src/Drivers/Src/timer.c ****     
  45:Core/Src/Drivers/Src/timer.c **** 	TIM4->DIER |= TIM_DIER_CC1IE | TIM_DIER_CC2IE;			// Enable Input Capture
 185              		.loc 1 45 2 is_stmt 1 view .LVU61
 186              		.loc 1 45 6 is_stmt 0 view .LVU62
ARM GAS  C:\Users\Lamp\AppData\Local\Temp\ccvUe3eg.s 			page 5


 187 0082 DA68     		ldr	r2, [r3, #12]
 188              		.loc 1 45 13 view .LVU63
 189 0084 42F00602 		orr	r2, r2, #6
 190 0088 DA60     		str	r2, [r3, #12]
  46:Core/Src/Drivers/Src/timer.c **** 	NVIC_SetPriority(TIM4_IRQn, 7); 						// Set priority for TIM4
 191              		.loc 1 46 2 is_stmt 1 view .LVU64
 192              	.LVL0:
 193              	.LBB6:
 194              	.LBI6:
 195              		.file 2 "Drivers/CMSIS/Include/core_cm3.h"
   1:Drivers/CMSIS/Include/core_cm3.h **** /**************************************************************************//**
   2:Drivers/CMSIS/Include/core_cm3.h ****  * @file     core_cm3.h
   3:Drivers/CMSIS/Include/core_cm3.h ****  * @brief    CMSIS Cortex-M3 Core Peripheral Access Layer Header File
   4:Drivers/CMSIS/Include/core_cm3.h ****  * @version  V5.0.8
   5:Drivers/CMSIS/Include/core_cm3.h ****  * @date     04. June 2018
   6:Drivers/CMSIS/Include/core_cm3.h ****  ******************************************************************************/
   7:Drivers/CMSIS/Include/core_cm3.h **** /*
   8:Drivers/CMSIS/Include/core_cm3.h ****  * Copyright (c) 2009-2018 Arm Limited. All rights reserved.
   9:Drivers/CMSIS/Include/core_cm3.h ****  *
  10:Drivers/CMSIS/Include/core_cm3.h ****  * SPDX-License-Identifier: Apache-2.0
  11:Drivers/CMSIS/Include/core_cm3.h ****  *
  12:Drivers/CMSIS/Include/core_cm3.h ****  * Licensed under the Apache License, Version 2.0 (the License); you may
  13:Drivers/CMSIS/Include/core_cm3.h ****  * not use this file except in compliance with the License.
  14:Drivers/CMSIS/Include/core_cm3.h ****  * You may obtain a copy of the License at
  15:Drivers/CMSIS/Include/core_cm3.h ****  *
  16:Drivers/CMSIS/Include/core_cm3.h ****  * www.apache.org/licenses/LICENSE-2.0
  17:Drivers/CMSIS/Include/core_cm3.h ****  *
  18:Drivers/CMSIS/Include/core_cm3.h ****  * Unless required by applicable law or agreed to in writing, software
  19:Drivers/CMSIS/Include/core_cm3.h ****  * distributed under the License is distributed on an AS IS BASIS, WITHOUT
  20:Drivers/CMSIS/Include/core_cm3.h ****  * WARRANTIES OR CONDITIONS OF ANY KIND, either express or implied.
  21:Drivers/CMSIS/Include/core_cm3.h ****  * See the License for the specific language governing permissions and
  22:Drivers/CMSIS/Include/core_cm3.h ****  * limitations under the License.
  23:Drivers/CMSIS/Include/core_cm3.h ****  */
  24:Drivers/CMSIS/Include/core_cm3.h **** 
  25:Drivers/CMSIS/Include/core_cm3.h **** #if   defined ( __ICCARM__ )
  26:Drivers/CMSIS/Include/core_cm3.h ****   #pragma system_include         /* treat file as system include file for MISRA check */
  27:Drivers/CMSIS/Include/core_cm3.h **** #elif defined (__clang__)
  28:Drivers/CMSIS/Include/core_cm3.h ****   #pragma clang system_header   /* treat file as system include file */
  29:Drivers/CMSIS/Include/core_cm3.h **** #endif
  30:Drivers/CMSIS/Include/core_cm3.h **** 
  31:Drivers/CMSIS/Include/core_cm3.h **** #ifndef __CORE_CM3_H_GENERIC
  32:Drivers/CMSIS/Include/core_cm3.h **** #define __CORE_CM3_H_GENERIC
  33:Drivers/CMSIS/Include/core_cm3.h **** 
  34:Drivers/CMSIS/Include/core_cm3.h **** #include <stdint.h>
  35:Drivers/CMSIS/Include/core_cm3.h **** 
  36:Drivers/CMSIS/Include/core_cm3.h **** #ifdef __cplusplus
  37:Drivers/CMSIS/Include/core_cm3.h ****  extern "C" {
  38:Drivers/CMSIS/Include/core_cm3.h **** #endif
  39:Drivers/CMSIS/Include/core_cm3.h **** 
  40:Drivers/CMSIS/Include/core_cm3.h **** /**
  41:Drivers/CMSIS/Include/core_cm3.h ****   \page CMSIS_MISRA_Exceptions  MISRA-C:2004 Compliance Exceptions
  42:Drivers/CMSIS/Include/core_cm3.h ****   CMSIS violates the following MISRA-C:2004 rules:
  43:Drivers/CMSIS/Include/core_cm3.h **** 
  44:Drivers/CMSIS/Include/core_cm3.h ****    \li Required Rule 8.5, object/function definition in header file.<br>
  45:Drivers/CMSIS/Include/core_cm3.h ****      Function definitions in header files are used to allow 'inlining'.
  46:Drivers/CMSIS/Include/core_cm3.h **** 
  47:Drivers/CMSIS/Include/core_cm3.h ****    \li Required Rule 18.4, declaration of union type or object of union type: '{...}'.<br>
ARM GAS  C:\Users\Lamp\AppData\Local\Temp\ccvUe3eg.s 			page 6


  48:Drivers/CMSIS/Include/core_cm3.h ****      Unions are used for effective representation of core registers.
  49:Drivers/CMSIS/Include/core_cm3.h **** 
  50:Drivers/CMSIS/Include/core_cm3.h ****    \li Advisory Rule 19.7, Function-like macro defined.<br>
  51:Drivers/CMSIS/Include/core_cm3.h ****      Function-like macros are used to allow more efficient code.
  52:Drivers/CMSIS/Include/core_cm3.h ****  */
  53:Drivers/CMSIS/Include/core_cm3.h **** 
  54:Drivers/CMSIS/Include/core_cm3.h **** 
  55:Drivers/CMSIS/Include/core_cm3.h **** /*******************************************************************************
  56:Drivers/CMSIS/Include/core_cm3.h ****  *                 CMSIS definitions
  57:Drivers/CMSIS/Include/core_cm3.h ****  ******************************************************************************/
  58:Drivers/CMSIS/Include/core_cm3.h **** /**
  59:Drivers/CMSIS/Include/core_cm3.h ****   \ingroup Cortex_M3
  60:Drivers/CMSIS/Include/core_cm3.h ****   @{
  61:Drivers/CMSIS/Include/core_cm3.h ****  */
  62:Drivers/CMSIS/Include/core_cm3.h **** 
  63:Drivers/CMSIS/Include/core_cm3.h **** #include "cmsis_version.h"
  64:Drivers/CMSIS/Include/core_cm3.h **** 
  65:Drivers/CMSIS/Include/core_cm3.h **** /*  CMSIS CM3 definitions */
  66:Drivers/CMSIS/Include/core_cm3.h **** #define __CM3_CMSIS_VERSION_MAIN  (__CM_CMSIS_VERSION_MAIN)              /*!< \deprecated [31:16] C
  67:Drivers/CMSIS/Include/core_cm3.h **** #define __CM3_CMSIS_VERSION_SUB   (__CM_CMSIS_VERSION_SUB)               /*!< \deprecated [15:0]  C
  68:Drivers/CMSIS/Include/core_cm3.h **** #define __CM3_CMSIS_VERSION       ((__CM3_CMSIS_VERSION_MAIN << 16U) | \
  69:Drivers/CMSIS/Include/core_cm3.h ****                                     __CM3_CMSIS_VERSION_SUB           )  /*!< \deprecated CMSIS HAL
  70:Drivers/CMSIS/Include/core_cm3.h **** 
  71:Drivers/CMSIS/Include/core_cm3.h **** #define __CORTEX_M                (3U)                                   /*!< Cortex-M Core */
  72:Drivers/CMSIS/Include/core_cm3.h **** 
  73:Drivers/CMSIS/Include/core_cm3.h **** /** __FPU_USED indicates whether an FPU is used or not.
  74:Drivers/CMSIS/Include/core_cm3.h ****     This core does not support an FPU at all
  75:Drivers/CMSIS/Include/core_cm3.h **** */
  76:Drivers/CMSIS/Include/core_cm3.h **** #define __FPU_USED       0U
  77:Drivers/CMSIS/Include/core_cm3.h **** 
  78:Drivers/CMSIS/Include/core_cm3.h **** #if defined ( __CC_ARM )
  79:Drivers/CMSIS/Include/core_cm3.h ****   #if defined __TARGET_FPU_VFP
  80:Drivers/CMSIS/Include/core_cm3.h ****     #error "Compiler generates FPU instructions for a device without an FPU (check __FPU_PRESENT)"
  81:Drivers/CMSIS/Include/core_cm3.h ****   #endif
  82:Drivers/CMSIS/Include/core_cm3.h **** 
  83:Drivers/CMSIS/Include/core_cm3.h **** #elif defined (__ARMCC_VERSION) && (__ARMCC_VERSION >= 6010050)
  84:Drivers/CMSIS/Include/core_cm3.h ****   #if defined __ARM_PCS_VFP
  85:Drivers/CMSIS/Include/core_cm3.h ****     #error "Compiler generates FPU instructions for a device without an FPU (check __FPU_PRESENT)"
  86:Drivers/CMSIS/Include/core_cm3.h ****   #endif
  87:Drivers/CMSIS/Include/core_cm3.h **** 
  88:Drivers/CMSIS/Include/core_cm3.h **** #elif defined ( __GNUC__ )
  89:Drivers/CMSIS/Include/core_cm3.h ****   #if defined (__VFP_FP__) && !defined(__SOFTFP__)
  90:Drivers/CMSIS/Include/core_cm3.h ****     #error "Compiler generates FPU instructions for a device without an FPU (check __FPU_PRESENT)"
  91:Drivers/CMSIS/Include/core_cm3.h ****   #endif
  92:Drivers/CMSIS/Include/core_cm3.h **** 
  93:Drivers/CMSIS/Include/core_cm3.h **** #elif defined ( __ICCARM__ )
  94:Drivers/CMSIS/Include/core_cm3.h ****   #if defined __ARMVFP__
  95:Drivers/CMSIS/Include/core_cm3.h ****     #error "Compiler generates FPU instructions for a device without an FPU (check __FPU_PRESENT)"
  96:Drivers/CMSIS/Include/core_cm3.h ****   #endif
  97:Drivers/CMSIS/Include/core_cm3.h **** 
  98:Drivers/CMSIS/Include/core_cm3.h **** #elif defined ( __TI_ARM__ )
  99:Drivers/CMSIS/Include/core_cm3.h ****   #if defined __TI_VFP_SUPPORT__
 100:Drivers/CMSIS/Include/core_cm3.h ****     #error "Compiler generates FPU instructions for a device without an FPU (check __FPU_PRESENT)"
 101:Drivers/CMSIS/Include/core_cm3.h ****   #endif
 102:Drivers/CMSIS/Include/core_cm3.h **** 
 103:Drivers/CMSIS/Include/core_cm3.h **** #elif defined ( __TASKING__ )
 104:Drivers/CMSIS/Include/core_cm3.h ****   #if defined __FPU_VFP__
ARM GAS  C:\Users\Lamp\AppData\Local\Temp\ccvUe3eg.s 			page 7


 105:Drivers/CMSIS/Include/core_cm3.h ****     #error "Compiler generates FPU instructions for a device without an FPU (check __FPU_PRESENT)"
 106:Drivers/CMSIS/Include/core_cm3.h ****   #endif
 107:Drivers/CMSIS/Include/core_cm3.h **** 
 108:Drivers/CMSIS/Include/core_cm3.h **** #elif defined ( __CSMC__ )
 109:Drivers/CMSIS/Include/core_cm3.h ****   #if ( __CSMC__ & 0x400U)
 110:Drivers/CMSIS/Include/core_cm3.h ****     #error "Compiler generates FPU instructions for a device without an FPU (check __FPU_PRESENT)"
 111:Drivers/CMSIS/Include/core_cm3.h ****   #endif
 112:Drivers/CMSIS/Include/core_cm3.h **** 
 113:Drivers/CMSIS/Include/core_cm3.h **** #endif
 114:Drivers/CMSIS/Include/core_cm3.h **** 
 115:Drivers/CMSIS/Include/core_cm3.h **** #include "cmsis_compiler.h"               /* CMSIS compiler specific defines */
 116:Drivers/CMSIS/Include/core_cm3.h **** 
 117:Drivers/CMSIS/Include/core_cm3.h **** 
 118:Drivers/CMSIS/Include/core_cm3.h **** #ifdef __cplusplus
 119:Drivers/CMSIS/Include/core_cm3.h **** }
 120:Drivers/CMSIS/Include/core_cm3.h **** #endif
 121:Drivers/CMSIS/Include/core_cm3.h **** 
 122:Drivers/CMSIS/Include/core_cm3.h **** #endif /* __CORE_CM3_H_GENERIC */
 123:Drivers/CMSIS/Include/core_cm3.h **** 
 124:Drivers/CMSIS/Include/core_cm3.h **** #ifndef __CMSIS_GENERIC
 125:Drivers/CMSIS/Include/core_cm3.h **** 
 126:Drivers/CMSIS/Include/core_cm3.h **** #ifndef __CORE_CM3_H_DEPENDANT
 127:Drivers/CMSIS/Include/core_cm3.h **** #define __CORE_CM3_H_DEPENDANT
 128:Drivers/CMSIS/Include/core_cm3.h **** 
 129:Drivers/CMSIS/Include/core_cm3.h **** #ifdef __cplusplus
 130:Drivers/CMSIS/Include/core_cm3.h ****  extern "C" {
 131:Drivers/CMSIS/Include/core_cm3.h **** #endif
 132:Drivers/CMSIS/Include/core_cm3.h **** 
 133:Drivers/CMSIS/Include/core_cm3.h **** /* check device defines and use defaults */
 134:Drivers/CMSIS/Include/core_cm3.h **** #if defined __CHECK_DEVICE_DEFINES
 135:Drivers/CMSIS/Include/core_cm3.h ****   #ifndef __CM3_REV
 136:Drivers/CMSIS/Include/core_cm3.h ****     #define __CM3_REV               0x0200U
 137:Drivers/CMSIS/Include/core_cm3.h ****     #warning "__CM3_REV not defined in device header file; using default!"
 138:Drivers/CMSIS/Include/core_cm3.h ****   #endif
 139:Drivers/CMSIS/Include/core_cm3.h **** 
 140:Drivers/CMSIS/Include/core_cm3.h ****   #ifndef __MPU_PRESENT
 141:Drivers/CMSIS/Include/core_cm3.h ****     #define __MPU_PRESENT             0U
 142:Drivers/CMSIS/Include/core_cm3.h ****     #warning "__MPU_PRESENT not defined in device header file; using default!"
 143:Drivers/CMSIS/Include/core_cm3.h ****   #endif
 144:Drivers/CMSIS/Include/core_cm3.h **** 
 145:Drivers/CMSIS/Include/core_cm3.h ****   #ifndef __NVIC_PRIO_BITS
 146:Drivers/CMSIS/Include/core_cm3.h ****     #define __NVIC_PRIO_BITS          3U
 147:Drivers/CMSIS/Include/core_cm3.h ****     #warning "__NVIC_PRIO_BITS not defined in device header file; using default!"
 148:Drivers/CMSIS/Include/core_cm3.h ****   #endif
 149:Drivers/CMSIS/Include/core_cm3.h **** 
 150:Drivers/CMSIS/Include/core_cm3.h ****   #ifndef __Vendor_SysTickConfig
 151:Drivers/CMSIS/Include/core_cm3.h ****     #define __Vendor_SysTickConfig    0U
 152:Drivers/CMSIS/Include/core_cm3.h ****     #warning "__Vendor_SysTickConfig not defined in device header file; using default!"
 153:Drivers/CMSIS/Include/core_cm3.h ****   #endif
 154:Drivers/CMSIS/Include/core_cm3.h **** #endif
 155:Drivers/CMSIS/Include/core_cm3.h **** 
 156:Drivers/CMSIS/Include/core_cm3.h **** /* IO definitions (access restrictions to peripheral registers) */
 157:Drivers/CMSIS/Include/core_cm3.h **** /**
 158:Drivers/CMSIS/Include/core_cm3.h ****     \defgroup CMSIS_glob_defs CMSIS Global Defines
 159:Drivers/CMSIS/Include/core_cm3.h **** 
 160:Drivers/CMSIS/Include/core_cm3.h ****     <strong>IO Type Qualifiers</strong> are used
 161:Drivers/CMSIS/Include/core_cm3.h ****     \li to specify the access to peripheral variables.
ARM GAS  C:\Users\Lamp\AppData\Local\Temp\ccvUe3eg.s 			page 8


 162:Drivers/CMSIS/Include/core_cm3.h ****     \li for automatic generation of peripheral register debug information.
 163:Drivers/CMSIS/Include/core_cm3.h **** */
 164:Drivers/CMSIS/Include/core_cm3.h **** #ifdef __cplusplus
 165:Drivers/CMSIS/Include/core_cm3.h ****   #define   __I     volatile             /*!< Defines 'read only' permissions */
 166:Drivers/CMSIS/Include/core_cm3.h **** #else
 167:Drivers/CMSIS/Include/core_cm3.h ****   #define   __I     volatile const       /*!< Defines 'read only' permissions */
 168:Drivers/CMSIS/Include/core_cm3.h **** #endif
 169:Drivers/CMSIS/Include/core_cm3.h **** #define     __O     volatile             /*!< Defines 'write only' permissions */
 170:Drivers/CMSIS/Include/core_cm3.h **** #define     __IO    volatile             /*!< Defines 'read / write' permissions */
 171:Drivers/CMSIS/Include/core_cm3.h **** 
 172:Drivers/CMSIS/Include/core_cm3.h **** /* following defines should be used for structure members */
 173:Drivers/CMSIS/Include/core_cm3.h **** #define     __IM     volatile const      /*! Defines 'read only' structure member permissions */
 174:Drivers/CMSIS/Include/core_cm3.h **** #define     __OM     volatile            /*! Defines 'write only' structure member permissions */
 175:Drivers/CMSIS/Include/core_cm3.h **** #define     __IOM    volatile            /*! Defines 'read / write' structure member permissions */
 176:Drivers/CMSIS/Include/core_cm3.h **** 
 177:Drivers/CMSIS/Include/core_cm3.h **** /*@} end of group Cortex_M3 */
 178:Drivers/CMSIS/Include/core_cm3.h **** 
 179:Drivers/CMSIS/Include/core_cm3.h **** 
 180:Drivers/CMSIS/Include/core_cm3.h **** 
 181:Drivers/CMSIS/Include/core_cm3.h **** /*******************************************************************************
 182:Drivers/CMSIS/Include/core_cm3.h ****  *                 Register Abstraction
 183:Drivers/CMSIS/Include/core_cm3.h ****   Core Register contain:
 184:Drivers/CMSIS/Include/core_cm3.h ****   - Core Register
 185:Drivers/CMSIS/Include/core_cm3.h ****   - Core NVIC Register
 186:Drivers/CMSIS/Include/core_cm3.h ****   - Core SCB Register
 187:Drivers/CMSIS/Include/core_cm3.h ****   - Core SysTick Register
 188:Drivers/CMSIS/Include/core_cm3.h ****   - Core Debug Register
 189:Drivers/CMSIS/Include/core_cm3.h ****   - Core MPU Register
 190:Drivers/CMSIS/Include/core_cm3.h ****  ******************************************************************************/
 191:Drivers/CMSIS/Include/core_cm3.h **** /**
 192:Drivers/CMSIS/Include/core_cm3.h ****   \defgroup CMSIS_core_register Defines and Type Definitions
 193:Drivers/CMSIS/Include/core_cm3.h ****   \brief Type definitions and defines for Cortex-M processor based devices.
 194:Drivers/CMSIS/Include/core_cm3.h **** */
 195:Drivers/CMSIS/Include/core_cm3.h **** 
 196:Drivers/CMSIS/Include/core_cm3.h **** /**
 197:Drivers/CMSIS/Include/core_cm3.h ****   \ingroup    CMSIS_core_register
 198:Drivers/CMSIS/Include/core_cm3.h ****   \defgroup   CMSIS_CORE  Status and Control Registers
 199:Drivers/CMSIS/Include/core_cm3.h ****   \brief      Core Register type definitions.
 200:Drivers/CMSIS/Include/core_cm3.h ****   @{
 201:Drivers/CMSIS/Include/core_cm3.h ****  */
 202:Drivers/CMSIS/Include/core_cm3.h **** 
 203:Drivers/CMSIS/Include/core_cm3.h **** /**
 204:Drivers/CMSIS/Include/core_cm3.h ****   \brief  Union type to access the Application Program Status Register (APSR).
 205:Drivers/CMSIS/Include/core_cm3.h ****  */
 206:Drivers/CMSIS/Include/core_cm3.h **** typedef union
 207:Drivers/CMSIS/Include/core_cm3.h **** {
 208:Drivers/CMSIS/Include/core_cm3.h ****   struct
 209:Drivers/CMSIS/Include/core_cm3.h ****   {
 210:Drivers/CMSIS/Include/core_cm3.h ****     uint32_t _reserved0:27;              /*!< bit:  0..26  Reserved */
 211:Drivers/CMSIS/Include/core_cm3.h ****     uint32_t Q:1;                        /*!< bit:     27  Saturation condition flag */
 212:Drivers/CMSIS/Include/core_cm3.h ****     uint32_t V:1;                        /*!< bit:     28  Overflow condition code flag */
 213:Drivers/CMSIS/Include/core_cm3.h ****     uint32_t C:1;                        /*!< bit:     29  Carry condition code flag */
 214:Drivers/CMSIS/Include/core_cm3.h ****     uint32_t Z:1;                        /*!< bit:     30  Zero condition code flag */
 215:Drivers/CMSIS/Include/core_cm3.h ****     uint32_t N:1;                        /*!< bit:     31  Negative condition code flag */
 216:Drivers/CMSIS/Include/core_cm3.h ****   } b;                                   /*!< Structure used for bit  access */
 217:Drivers/CMSIS/Include/core_cm3.h ****   uint32_t w;                            /*!< Type      used for word access */
 218:Drivers/CMSIS/Include/core_cm3.h **** } APSR_Type;
ARM GAS  C:\Users\Lamp\AppData\Local\Temp\ccvUe3eg.s 			page 9


 219:Drivers/CMSIS/Include/core_cm3.h **** 
 220:Drivers/CMSIS/Include/core_cm3.h **** /* APSR Register Definitions */
 221:Drivers/CMSIS/Include/core_cm3.h **** #define APSR_N_Pos                         31U                                            /*!< APSR
 222:Drivers/CMSIS/Include/core_cm3.h **** #define APSR_N_Msk                         (1UL << APSR_N_Pos)                            /*!< APSR
 223:Drivers/CMSIS/Include/core_cm3.h **** 
 224:Drivers/CMSIS/Include/core_cm3.h **** #define APSR_Z_Pos                         30U                                            /*!< APSR
 225:Drivers/CMSIS/Include/core_cm3.h **** #define APSR_Z_Msk                         (1UL << APSR_Z_Pos)                            /*!< APSR
 226:Drivers/CMSIS/Include/core_cm3.h **** 
 227:Drivers/CMSIS/Include/core_cm3.h **** #define APSR_C_Pos                         29U                                            /*!< APSR
 228:Drivers/CMSIS/Include/core_cm3.h **** #define APSR_C_Msk                         (1UL << APSR_C_Pos)                            /*!< APSR
 229:Drivers/CMSIS/Include/core_cm3.h **** 
 230:Drivers/CMSIS/Include/core_cm3.h **** #define APSR_V_Pos                         28U                                            /*!< APSR
 231:Drivers/CMSIS/Include/core_cm3.h **** #define APSR_V_Msk                         (1UL << APSR_V_Pos)                            /*!< APSR
 232:Drivers/CMSIS/Include/core_cm3.h **** 
 233:Drivers/CMSIS/Include/core_cm3.h **** #define APSR_Q_Pos                         27U                                            /*!< APSR
 234:Drivers/CMSIS/Include/core_cm3.h **** #define APSR_Q_Msk                         (1UL << APSR_Q_Pos)                            /*!< APSR
 235:Drivers/CMSIS/Include/core_cm3.h **** 
 236:Drivers/CMSIS/Include/core_cm3.h **** 
 237:Drivers/CMSIS/Include/core_cm3.h **** /**
 238:Drivers/CMSIS/Include/core_cm3.h ****   \brief  Union type to access the Interrupt Program Status Register (IPSR).
 239:Drivers/CMSIS/Include/core_cm3.h ****  */
 240:Drivers/CMSIS/Include/core_cm3.h **** typedef union
 241:Drivers/CMSIS/Include/core_cm3.h **** {
 242:Drivers/CMSIS/Include/core_cm3.h ****   struct
 243:Drivers/CMSIS/Include/core_cm3.h ****   {
 244:Drivers/CMSIS/Include/core_cm3.h ****     uint32_t ISR:9;                      /*!< bit:  0.. 8  Exception number */
 245:Drivers/CMSIS/Include/core_cm3.h ****     uint32_t _reserved0:23;              /*!< bit:  9..31  Reserved */
 246:Drivers/CMSIS/Include/core_cm3.h ****   } b;                                   /*!< Structure used for bit  access */
 247:Drivers/CMSIS/Include/core_cm3.h ****   uint32_t w;                            /*!< Type      used for word access */
 248:Drivers/CMSIS/Include/core_cm3.h **** } IPSR_Type;
 249:Drivers/CMSIS/Include/core_cm3.h **** 
 250:Drivers/CMSIS/Include/core_cm3.h **** /* IPSR Register Definitions */
 251:Drivers/CMSIS/Include/core_cm3.h **** #define IPSR_ISR_Pos                        0U                                            /*!< IPSR
 252:Drivers/CMSIS/Include/core_cm3.h **** #define IPSR_ISR_Msk                       (0x1FFUL /*<< IPSR_ISR_Pos*/)                  /*!< IPSR
 253:Drivers/CMSIS/Include/core_cm3.h **** 
 254:Drivers/CMSIS/Include/core_cm3.h **** 
 255:Drivers/CMSIS/Include/core_cm3.h **** /**
 256:Drivers/CMSIS/Include/core_cm3.h ****   \brief  Union type to access the Special-Purpose Program Status Registers (xPSR).
 257:Drivers/CMSIS/Include/core_cm3.h ****  */
 258:Drivers/CMSIS/Include/core_cm3.h **** typedef union
 259:Drivers/CMSIS/Include/core_cm3.h **** {
 260:Drivers/CMSIS/Include/core_cm3.h ****   struct
 261:Drivers/CMSIS/Include/core_cm3.h ****   {
 262:Drivers/CMSIS/Include/core_cm3.h ****     uint32_t ISR:9;                      /*!< bit:  0.. 8  Exception number */
 263:Drivers/CMSIS/Include/core_cm3.h ****     uint32_t _reserved0:1;               /*!< bit:      9  Reserved */
 264:Drivers/CMSIS/Include/core_cm3.h ****     uint32_t ICI_IT_1:6;                 /*!< bit: 10..15  ICI/IT part 1 */
 265:Drivers/CMSIS/Include/core_cm3.h ****     uint32_t _reserved1:8;               /*!< bit: 16..23  Reserved */
 266:Drivers/CMSIS/Include/core_cm3.h ****     uint32_t T:1;                        /*!< bit:     24  Thumb bit */
 267:Drivers/CMSIS/Include/core_cm3.h ****     uint32_t ICI_IT_2:2;                 /*!< bit: 25..26  ICI/IT part 2 */
 268:Drivers/CMSIS/Include/core_cm3.h ****     uint32_t Q:1;                        /*!< bit:     27  Saturation condition flag */
 269:Drivers/CMSIS/Include/core_cm3.h ****     uint32_t V:1;                        /*!< bit:     28  Overflow condition code flag */
 270:Drivers/CMSIS/Include/core_cm3.h ****     uint32_t C:1;                        /*!< bit:     29  Carry condition code flag */
 271:Drivers/CMSIS/Include/core_cm3.h ****     uint32_t Z:1;                        /*!< bit:     30  Zero condition code flag */
 272:Drivers/CMSIS/Include/core_cm3.h ****     uint32_t N:1;                        /*!< bit:     31  Negative condition code flag */
 273:Drivers/CMSIS/Include/core_cm3.h ****   } b;                                   /*!< Structure used for bit  access */
 274:Drivers/CMSIS/Include/core_cm3.h ****   uint32_t w;                            /*!< Type      used for word access */
 275:Drivers/CMSIS/Include/core_cm3.h **** } xPSR_Type;
ARM GAS  C:\Users\Lamp\AppData\Local\Temp\ccvUe3eg.s 			page 10


 276:Drivers/CMSIS/Include/core_cm3.h **** 
 277:Drivers/CMSIS/Include/core_cm3.h **** /* xPSR Register Definitions */
 278:Drivers/CMSIS/Include/core_cm3.h **** #define xPSR_N_Pos                         31U                                            /*!< xPSR
 279:Drivers/CMSIS/Include/core_cm3.h **** #define xPSR_N_Msk                         (1UL << xPSR_N_Pos)                            /*!< xPSR
 280:Drivers/CMSIS/Include/core_cm3.h **** 
 281:Drivers/CMSIS/Include/core_cm3.h **** #define xPSR_Z_Pos                         30U                                            /*!< xPSR
 282:Drivers/CMSIS/Include/core_cm3.h **** #define xPSR_Z_Msk                         (1UL << xPSR_Z_Pos)                            /*!< xPSR
 283:Drivers/CMSIS/Include/core_cm3.h **** 
 284:Drivers/CMSIS/Include/core_cm3.h **** #define xPSR_C_Pos                         29U                                            /*!< xPSR
 285:Drivers/CMSIS/Include/core_cm3.h **** #define xPSR_C_Msk                         (1UL << xPSR_C_Pos)                            /*!< xPSR
 286:Drivers/CMSIS/Include/core_cm3.h **** 
 287:Drivers/CMSIS/Include/core_cm3.h **** #define xPSR_V_Pos                         28U                                            /*!< xPSR
 288:Drivers/CMSIS/Include/core_cm3.h **** #define xPSR_V_Msk                         (1UL << xPSR_V_Pos)                            /*!< xPSR
 289:Drivers/CMSIS/Include/core_cm3.h **** 
 290:Drivers/CMSIS/Include/core_cm3.h **** #define xPSR_Q_Pos                         27U                                            /*!< xPSR
 291:Drivers/CMSIS/Include/core_cm3.h **** #define xPSR_Q_Msk                         (1UL << xPSR_Q_Pos)                            /*!< xPSR
 292:Drivers/CMSIS/Include/core_cm3.h **** 
 293:Drivers/CMSIS/Include/core_cm3.h **** #define xPSR_ICI_IT_2_Pos                  25U                                            /*!< xPSR
 294:Drivers/CMSIS/Include/core_cm3.h **** #define xPSR_ICI_IT_2_Msk                  (3UL << xPSR_ICI_IT_2_Pos)                     /*!< xPSR
 295:Drivers/CMSIS/Include/core_cm3.h **** 
 296:Drivers/CMSIS/Include/core_cm3.h **** #define xPSR_T_Pos                         24U                                            /*!< xPSR
 297:Drivers/CMSIS/Include/core_cm3.h **** #define xPSR_T_Msk                         (1UL << xPSR_T_Pos)                            /*!< xPSR
 298:Drivers/CMSIS/Include/core_cm3.h **** 
 299:Drivers/CMSIS/Include/core_cm3.h **** #define xPSR_ICI_IT_1_Pos                  10U                                            /*!< xPSR
 300:Drivers/CMSIS/Include/core_cm3.h **** #define xPSR_ICI_IT_1_Msk                  (0x3FUL << xPSR_ICI_IT_1_Pos)                  /*!< xPSR
 301:Drivers/CMSIS/Include/core_cm3.h **** 
 302:Drivers/CMSIS/Include/core_cm3.h **** #define xPSR_ISR_Pos                        0U                                            /*!< xPSR
 303:Drivers/CMSIS/Include/core_cm3.h **** #define xPSR_ISR_Msk                       (0x1FFUL /*<< xPSR_ISR_Pos*/)                  /*!< xPSR
 304:Drivers/CMSIS/Include/core_cm3.h **** 
 305:Drivers/CMSIS/Include/core_cm3.h **** 
 306:Drivers/CMSIS/Include/core_cm3.h **** /**
 307:Drivers/CMSIS/Include/core_cm3.h ****   \brief  Union type to access the Control Registers (CONTROL).
 308:Drivers/CMSIS/Include/core_cm3.h ****  */
 309:Drivers/CMSIS/Include/core_cm3.h **** typedef union
 310:Drivers/CMSIS/Include/core_cm3.h **** {
 311:Drivers/CMSIS/Include/core_cm3.h ****   struct
 312:Drivers/CMSIS/Include/core_cm3.h ****   {
 313:Drivers/CMSIS/Include/core_cm3.h ****     uint32_t nPRIV:1;                    /*!< bit:      0  Execution privilege in Thread mode */
 314:Drivers/CMSIS/Include/core_cm3.h ****     uint32_t SPSEL:1;                    /*!< bit:      1  Stack to be used */
 315:Drivers/CMSIS/Include/core_cm3.h ****     uint32_t _reserved1:30;              /*!< bit:  2..31  Reserved */
 316:Drivers/CMSIS/Include/core_cm3.h ****   } b;                                   /*!< Structure used for bit  access */
 317:Drivers/CMSIS/Include/core_cm3.h ****   uint32_t w;                            /*!< Type      used for word access */
 318:Drivers/CMSIS/Include/core_cm3.h **** } CONTROL_Type;
 319:Drivers/CMSIS/Include/core_cm3.h **** 
 320:Drivers/CMSIS/Include/core_cm3.h **** /* CONTROL Register Definitions */
 321:Drivers/CMSIS/Include/core_cm3.h **** #define CONTROL_SPSEL_Pos                   1U                                            /*!< CONT
 322:Drivers/CMSIS/Include/core_cm3.h **** #define CONTROL_SPSEL_Msk                  (1UL << CONTROL_SPSEL_Pos)                     /*!< CONT
 323:Drivers/CMSIS/Include/core_cm3.h **** 
 324:Drivers/CMSIS/Include/core_cm3.h **** #define CONTROL_nPRIV_Pos                   0U                                            /*!< CONT
 325:Drivers/CMSIS/Include/core_cm3.h **** #define CONTROL_nPRIV_Msk                  (1UL /*<< CONTROL_nPRIV_Pos*/)                 /*!< CONT
 326:Drivers/CMSIS/Include/core_cm3.h **** 
 327:Drivers/CMSIS/Include/core_cm3.h **** /*@} end of group CMSIS_CORE */
 328:Drivers/CMSIS/Include/core_cm3.h **** 
 329:Drivers/CMSIS/Include/core_cm3.h **** 
 330:Drivers/CMSIS/Include/core_cm3.h **** /**
 331:Drivers/CMSIS/Include/core_cm3.h ****   \ingroup    CMSIS_core_register
 332:Drivers/CMSIS/Include/core_cm3.h ****   \defgroup   CMSIS_NVIC  Nested Vectored Interrupt Controller (NVIC)
ARM GAS  C:\Users\Lamp\AppData\Local\Temp\ccvUe3eg.s 			page 11


 333:Drivers/CMSIS/Include/core_cm3.h ****   \brief      Type definitions for the NVIC Registers
 334:Drivers/CMSIS/Include/core_cm3.h ****   @{
 335:Drivers/CMSIS/Include/core_cm3.h ****  */
 336:Drivers/CMSIS/Include/core_cm3.h **** 
 337:Drivers/CMSIS/Include/core_cm3.h **** /**
 338:Drivers/CMSIS/Include/core_cm3.h ****   \brief  Structure type to access the Nested Vectored Interrupt Controller (NVIC).
 339:Drivers/CMSIS/Include/core_cm3.h ****  */
 340:Drivers/CMSIS/Include/core_cm3.h **** typedef struct
 341:Drivers/CMSIS/Include/core_cm3.h **** {
 342:Drivers/CMSIS/Include/core_cm3.h ****   __IOM uint32_t ISER[8U];               /*!< Offset: 0x000 (R/W)  Interrupt Set Enable Register */
 343:Drivers/CMSIS/Include/core_cm3.h ****         uint32_t RESERVED0[24U];
 344:Drivers/CMSIS/Include/core_cm3.h ****   __IOM uint32_t ICER[8U];               /*!< Offset: 0x080 (R/W)  Interrupt Clear Enable Register 
 345:Drivers/CMSIS/Include/core_cm3.h ****         uint32_t RSERVED1[24U];
 346:Drivers/CMSIS/Include/core_cm3.h ****   __IOM uint32_t ISPR[8U];               /*!< Offset: 0x100 (R/W)  Interrupt Set Pending Register *
 347:Drivers/CMSIS/Include/core_cm3.h ****         uint32_t RESERVED2[24U];
 348:Drivers/CMSIS/Include/core_cm3.h ****   __IOM uint32_t ICPR[8U];               /*!< Offset: 0x180 (R/W)  Interrupt Clear Pending Register
 349:Drivers/CMSIS/Include/core_cm3.h ****         uint32_t RESERVED3[24U];
 350:Drivers/CMSIS/Include/core_cm3.h ****   __IOM uint32_t IABR[8U];               /*!< Offset: 0x200 (R/W)  Interrupt Active bit Register */
 351:Drivers/CMSIS/Include/core_cm3.h ****         uint32_t RESERVED4[56U];
 352:Drivers/CMSIS/Include/core_cm3.h ****   __IOM uint8_t  IP[240U];               /*!< Offset: 0x300 (R/W)  Interrupt Priority Register (8Bi
 353:Drivers/CMSIS/Include/core_cm3.h ****         uint32_t RESERVED5[644U];
 354:Drivers/CMSIS/Include/core_cm3.h ****   __OM  uint32_t STIR;                   /*!< Offset: 0xE00 ( /W)  Software Trigger Interrupt Regis
 355:Drivers/CMSIS/Include/core_cm3.h **** }  NVIC_Type;
 356:Drivers/CMSIS/Include/core_cm3.h **** 
 357:Drivers/CMSIS/Include/core_cm3.h **** /* Software Triggered Interrupt Register Definitions */
 358:Drivers/CMSIS/Include/core_cm3.h **** #define NVIC_STIR_INTID_Pos                 0U                                         /*!< STIR: I
 359:Drivers/CMSIS/Include/core_cm3.h **** #define NVIC_STIR_INTID_Msk                (0x1FFUL /*<< NVIC_STIR_INTID_Pos*/)        /*!< STIR: I
 360:Drivers/CMSIS/Include/core_cm3.h **** 
 361:Drivers/CMSIS/Include/core_cm3.h **** /*@} end of group CMSIS_NVIC */
 362:Drivers/CMSIS/Include/core_cm3.h **** 
 363:Drivers/CMSIS/Include/core_cm3.h **** 
 364:Drivers/CMSIS/Include/core_cm3.h **** /**
 365:Drivers/CMSIS/Include/core_cm3.h ****   \ingroup  CMSIS_core_register
 366:Drivers/CMSIS/Include/core_cm3.h ****   \defgroup CMSIS_SCB     System Control Block (SCB)
 367:Drivers/CMSIS/Include/core_cm3.h ****   \brief    Type definitions for the System Control Block Registers
 368:Drivers/CMSIS/Include/core_cm3.h ****   @{
 369:Drivers/CMSIS/Include/core_cm3.h ****  */
 370:Drivers/CMSIS/Include/core_cm3.h **** 
 371:Drivers/CMSIS/Include/core_cm3.h **** /**
 372:Drivers/CMSIS/Include/core_cm3.h ****   \brief  Structure type to access the System Control Block (SCB).
 373:Drivers/CMSIS/Include/core_cm3.h ****  */
 374:Drivers/CMSIS/Include/core_cm3.h **** typedef struct
 375:Drivers/CMSIS/Include/core_cm3.h **** {
 376:Drivers/CMSIS/Include/core_cm3.h ****   __IM  uint32_t CPUID;                  /*!< Offset: 0x000 (R/ )  CPUID Base Register */
 377:Drivers/CMSIS/Include/core_cm3.h ****   __IOM uint32_t ICSR;                   /*!< Offset: 0x004 (R/W)  Interrupt Control and State Regi
 378:Drivers/CMSIS/Include/core_cm3.h ****   __IOM uint32_t VTOR;                   /*!< Offset: 0x008 (R/W)  Vector Table Offset Register */
 379:Drivers/CMSIS/Include/core_cm3.h ****   __IOM uint32_t AIRCR;                  /*!< Offset: 0x00C (R/W)  Application Interrupt and Reset 
 380:Drivers/CMSIS/Include/core_cm3.h ****   __IOM uint32_t SCR;                    /*!< Offset: 0x010 (R/W)  System Control Register */
 381:Drivers/CMSIS/Include/core_cm3.h ****   __IOM uint32_t CCR;                    /*!< Offset: 0x014 (R/W)  Configuration Control Register *
 382:Drivers/CMSIS/Include/core_cm3.h ****   __IOM uint8_t  SHP[12U];               /*!< Offset: 0x018 (R/W)  System Handlers Priority Registe
 383:Drivers/CMSIS/Include/core_cm3.h ****   __IOM uint32_t SHCSR;                  /*!< Offset: 0x024 (R/W)  System Handler Control and State
 384:Drivers/CMSIS/Include/core_cm3.h ****   __IOM uint32_t CFSR;                   /*!< Offset: 0x028 (R/W)  Configurable Fault Status Regist
 385:Drivers/CMSIS/Include/core_cm3.h ****   __IOM uint32_t HFSR;                   /*!< Offset: 0x02C (R/W)  HardFault Status Register */
 386:Drivers/CMSIS/Include/core_cm3.h ****   __IOM uint32_t DFSR;                   /*!< Offset: 0x030 (R/W)  Debug Fault Status Register */
 387:Drivers/CMSIS/Include/core_cm3.h ****   __IOM uint32_t MMFAR;                  /*!< Offset: 0x034 (R/W)  MemManage Fault Address Register
 388:Drivers/CMSIS/Include/core_cm3.h ****   __IOM uint32_t BFAR;                   /*!< Offset: 0x038 (R/W)  BusFault Address Register */
 389:Drivers/CMSIS/Include/core_cm3.h ****   __IOM uint32_t AFSR;                   /*!< Offset: 0x03C (R/W)  Auxiliary Fault Status Register 
ARM GAS  C:\Users\Lamp\AppData\Local\Temp\ccvUe3eg.s 			page 12


 390:Drivers/CMSIS/Include/core_cm3.h ****   __IM  uint32_t PFR[2U];                /*!< Offset: 0x040 (R/ )  Processor Feature Register */
 391:Drivers/CMSIS/Include/core_cm3.h ****   __IM  uint32_t DFR;                    /*!< Offset: 0x048 (R/ )  Debug Feature Register */
 392:Drivers/CMSIS/Include/core_cm3.h ****   __IM  uint32_t ADR;                    /*!< Offset: 0x04C (R/ )  Auxiliary Feature Register */
 393:Drivers/CMSIS/Include/core_cm3.h ****   __IM  uint32_t MMFR[4U];               /*!< Offset: 0x050 (R/ )  Memory Model Feature Register */
 394:Drivers/CMSIS/Include/core_cm3.h ****   __IM  uint32_t ISAR[5U];               /*!< Offset: 0x060 (R/ )  Instruction Set Attributes Regis
 395:Drivers/CMSIS/Include/core_cm3.h ****         uint32_t RESERVED0[5U];
 396:Drivers/CMSIS/Include/core_cm3.h ****   __IOM uint32_t CPACR;                  /*!< Offset: 0x088 (R/W)  Coprocessor Access Control Regis
 397:Drivers/CMSIS/Include/core_cm3.h **** } SCB_Type;
 398:Drivers/CMSIS/Include/core_cm3.h **** 
 399:Drivers/CMSIS/Include/core_cm3.h **** /* SCB CPUID Register Definitions */
 400:Drivers/CMSIS/Include/core_cm3.h **** #define SCB_CPUID_IMPLEMENTER_Pos          24U                                            /*!< SCB 
 401:Drivers/CMSIS/Include/core_cm3.h **** #define SCB_CPUID_IMPLEMENTER_Msk          (0xFFUL << SCB_CPUID_IMPLEMENTER_Pos)          /*!< SCB 
 402:Drivers/CMSIS/Include/core_cm3.h **** 
 403:Drivers/CMSIS/Include/core_cm3.h **** #define SCB_CPUID_VARIANT_Pos              20U                                            /*!< SCB 
 404:Drivers/CMSIS/Include/core_cm3.h **** #define SCB_CPUID_VARIANT_Msk              (0xFUL << SCB_CPUID_VARIANT_Pos)               /*!< SCB 
 405:Drivers/CMSIS/Include/core_cm3.h **** 
 406:Drivers/CMSIS/Include/core_cm3.h **** #define SCB_CPUID_ARCHITECTURE_Pos         16U                                            /*!< SCB 
 407:Drivers/CMSIS/Include/core_cm3.h **** #define SCB_CPUID_ARCHITECTURE_Msk         (0xFUL << SCB_CPUID_ARCHITECTURE_Pos)          /*!< SCB 
 408:Drivers/CMSIS/Include/core_cm3.h **** 
 409:Drivers/CMSIS/Include/core_cm3.h **** #define SCB_CPUID_PARTNO_Pos                4U                                            /*!< SCB 
 410:Drivers/CMSIS/Include/core_cm3.h **** #define SCB_CPUID_PARTNO_Msk               (0xFFFUL << SCB_CPUID_PARTNO_Pos)              /*!< SCB 
 411:Drivers/CMSIS/Include/core_cm3.h **** 
 412:Drivers/CMSIS/Include/core_cm3.h **** #define SCB_CPUID_REVISION_Pos              0U                                            /*!< SCB 
 413:Drivers/CMSIS/Include/core_cm3.h **** #define SCB_CPUID_REVISION_Msk             (0xFUL /*<< SCB_CPUID_REVISION_Pos*/)          /*!< SCB 
 414:Drivers/CMSIS/Include/core_cm3.h **** 
 415:Drivers/CMSIS/Include/core_cm3.h **** /* SCB Interrupt Control State Register Definitions */
 416:Drivers/CMSIS/Include/core_cm3.h **** #define SCB_ICSR_NMIPENDSET_Pos            31U                                            /*!< SCB 
 417:Drivers/CMSIS/Include/core_cm3.h **** #define SCB_ICSR_NMIPENDSET_Msk            (1UL << SCB_ICSR_NMIPENDSET_Pos)               /*!< SCB 
 418:Drivers/CMSIS/Include/core_cm3.h **** 
 419:Drivers/CMSIS/Include/core_cm3.h **** #define SCB_ICSR_PENDSVSET_Pos             28U                                            /*!< SCB 
 420:Drivers/CMSIS/Include/core_cm3.h **** #define SCB_ICSR_PENDSVSET_Msk             (1UL << SCB_ICSR_PENDSVSET_Pos)                /*!< SCB 
 421:Drivers/CMSIS/Include/core_cm3.h **** 
 422:Drivers/CMSIS/Include/core_cm3.h **** #define SCB_ICSR_PENDSVCLR_Pos             27U                                            /*!< SCB 
 423:Drivers/CMSIS/Include/core_cm3.h **** #define SCB_ICSR_PENDSVCLR_Msk             (1UL << SCB_ICSR_PENDSVCLR_Pos)                /*!< SCB 
 424:Drivers/CMSIS/Include/core_cm3.h **** 
 425:Drivers/CMSIS/Include/core_cm3.h **** #define SCB_ICSR_PENDSTSET_Pos             26U                                            /*!< SCB 
 426:Drivers/CMSIS/Include/core_cm3.h **** #define SCB_ICSR_PENDSTSET_Msk             (1UL << SCB_ICSR_PENDSTSET_Pos)                /*!< SCB 
 427:Drivers/CMSIS/Include/core_cm3.h **** 
 428:Drivers/CMSIS/Include/core_cm3.h **** #define SCB_ICSR_PENDSTCLR_Pos             25U                                            /*!< SCB 
 429:Drivers/CMSIS/Include/core_cm3.h **** #define SCB_ICSR_PENDSTCLR_Msk             (1UL << SCB_ICSR_PENDSTCLR_Pos)                /*!< SCB 
 430:Drivers/CMSIS/Include/core_cm3.h **** 
 431:Drivers/CMSIS/Include/core_cm3.h **** #define SCB_ICSR_ISRPREEMPT_Pos            23U                                            /*!< SCB 
 432:Drivers/CMSIS/Include/core_cm3.h **** #define SCB_ICSR_ISRPREEMPT_Msk            (1UL << SCB_ICSR_ISRPREEMPT_Pos)               /*!< SCB 
 433:Drivers/CMSIS/Include/core_cm3.h **** 
 434:Drivers/CMSIS/Include/core_cm3.h **** #define SCB_ICSR_ISRPENDING_Pos            22U                                            /*!< SCB 
 435:Drivers/CMSIS/Include/core_cm3.h **** #define SCB_ICSR_ISRPENDING_Msk            (1UL << SCB_ICSR_ISRPENDING_Pos)               /*!< SCB 
 436:Drivers/CMSIS/Include/core_cm3.h **** 
 437:Drivers/CMSIS/Include/core_cm3.h **** #define SCB_ICSR_VECTPENDING_Pos           12U                                            /*!< SCB 
 438:Drivers/CMSIS/Include/core_cm3.h **** #define SCB_ICSR_VECTPENDING_Msk           (0x1FFUL << SCB_ICSR_VECTPENDING_Pos)          /*!< SCB 
 439:Drivers/CMSIS/Include/core_cm3.h **** 
 440:Drivers/CMSIS/Include/core_cm3.h **** #define SCB_ICSR_RETTOBASE_Pos             11U                                            /*!< SCB 
 441:Drivers/CMSIS/Include/core_cm3.h **** #define SCB_ICSR_RETTOBASE_Msk             (1UL << SCB_ICSR_RETTOBASE_Pos)                /*!< SCB 
 442:Drivers/CMSIS/Include/core_cm3.h **** 
 443:Drivers/CMSIS/Include/core_cm3.h **** #define SCB_ICSR_VECTACTIVE_Pos             0U                                            /*!< SCB 
 444:Drivers/CMSIS/Include/core_cm3.h **** #define SCB_ICSR_VECTACTIVE_Msk            (0x1FFUL /*<< SCB_ICSR_VECTACTIVE_Pos*/)       /*!< SCB 
 445:Drivers/CMSIS/Include/core_cm3.h **** 
 446:Drivers/CMSIS/Include/core_cm3.h **** /* SCB Vector Table Offset Register Definitions */
ARM GAS  C:\Users\Lamp\AppData\Local\Temp\ccvUe3eg.s 			page 13


 447:Drivers/CMSIS/Include/core_cm3.h **** #if defined (__CM3_REV) && (__CM3_REV < 0x0201U)                   /* core r2p1 */
 448:Drivers/CMSIS/Include/core_cm3.h **** #define SCB_VTOR_TBLBASE_Pos               29U                                            /*!< SCB 
 449:Drivers/CMSIS/Include/core_cm3.h **** #define SCB_VTOR_TBLBASE_Msk               (1UL << SCB_VTOR_TBLBASE_Pos)                  /*!< SCB 
 450:Drivers/CMSIS/Include/core_cm3.h **** 
 451:Drivers/CMSIS/Include/core_cm3.h **** #define SCB_VTOR_TBLOFF_Pos                 7U                                            /*!< SCB 
 452:Drivers/CMSIS/Include/core_cm3.h **** #define SCB_VTOR_TBLOFF_Msk                (0x3FFFFFUL << SCB_VTOR_TBLOFF_Pos)            /*!< SCB 
 453:Drivers/CMSIS/Include/core_cm3.h **** #else
 454:Drivers/CMSIS/Include/core_cm3.h **** #define SCB_VTOR_TBLOFF_Pos                 7U                                            /*!< SCB 
 455:Drivers/CMSIS/Include/core_cm3.h **** #define SCB_VTOR_TBLOFF_Msk                (0x1FFFFFFUL << SCB_VTOR_TBLOFF_Pos)           /*!< SCB 
 456:Drivers/CMSIS/Include/core_cm3.h **** #endif
 457:Drivers/CMSIS/Include/core_cm3.h **** 
 458:Drivers/CMSIS/Include/core_cm3.h **** /* SCB Application Interrupt and Reset Control Register Definitions */
 459:Drivers/CMSIS/Include/core_cm3.h **** #define SCB_AIRCR_VECTKEY_Pos              16U                                            /*!< SCB 
 460:Drivers/CMSIS/Include/core_cm3.h **** #define SCB_AIRCR_VECTKEY_Msk              (0xFFFFUL << SCB_AIRCR_VECTKEY_Pos)            /*!< SCB 
 461:Drivers/CMSIS/Include/core_cm3.h **** 
 462:Drivers/CMSIS/Include/core_cm3.h **** #define SCB_AIRCR_VECTKEYSTAT_Pos          16U                                            /*!< SCB 
 463:Drivers/CMSIS/Include/core_cm3.h **** #define SCB_AIRCR_VECTKEYSTAT_Msk          (0xFFFFUL << SCB_AIRCR_VECTKEYSTAT_Pos)        /*!< SCB 
 464:Drivers/CMSIS/Include/core_cm3.h **** 
 465:Drivers/CMSIS/Include/core_cm3.h **** #define SCB_AIRCR_ENDIANESS_Pos            15U                                            /*!< SCB 
 466:Drivers/CMSIS/Include/core_cm3.h **** #define SCB_AIRCR_ENDIANESS_Msk            (1UL << SCB_AIRCR_ENDIANESS_Pos)               /*!< SCB 
 467:Drivers/CMSIS/Include/core_cm3.h **** 
 468:Drivers/CMSIS/Include/core_cm3.h **** #define SCB_AIRCR_PRIGROUP_Pos              8U                                            /*!< SCB 
 469:Drivers/CMSIS/Include/core_cm3.h **** #define SCB_AIRCR_PRIGROUP_Msk             (7UL << SCB_AIRCR_PRIGROUP_Pos)                /*!< SCB 
 470:Drivers/CMSIS/Include/core_cm3.h **** 
 471:Drivers/CMSIS/Include/core_cm3.h **** #define SCB_AIRCR_SYSRESETREQ_Pos           2U                                            /*!< SCB 
 472:Drivers/CMSIS/Include/core_cm3.h **** #define SCB_AIRCR_SYSRESETREQ_Msk          (1UL << SCB_AIRCR_SYSRESETREQ_Pos)             /*!< SCB 
 473:Drivers/CMSIS/Include/core_cm3.h **** 
 474:Drivers/CMSIS/Include/core_cm3.h **** #define SCB_AIRCR_VECTCLRACTIVE_Pos         1U                                            /*!< SCB 
 475:Drivers/CMSIS/Include/core_cm3.h **** #define SCB_AIRCR_VECTCLRACTIVE_Msk        (1UL << SCB_AIRCR_VECTCLRACTIVE_Pos)           /*!< SCB 
 476:Drivers/CMSIS/Include/core_cm3.h **** 
 477:Drivers/CMSIS/Include/core_cm3.h **** #define SCB_AIRCR_VECTRESET_Pos             0U                                            /*!< SCB 
 478:Drivers/CMSIS/Include/core_cm3.h **** #define SCB_AIRCR_VECTRESET_Msk            (1UL /*<< SCB_AIRCR_VECTRESET_Pos*/)           /*!< SCB 
 479:Drivers/CMSIS/Include/core_cm3.h **** 
 480:Drivers/CMSIS/Include/core_cm3.h **** /* SCB System Control Register Definitions */
 481:Drivers/CMSIS/Include/core_cm3.h **** #define SCB_SCR_SEVONPEND_Pos               4U                                            /*!< SCB 
 482:Drivers/CMSIS/Include/core_cm3.h **** #define SCB_SCR_SEVONPEND_Msk              (1UL << SCB_SCR_SEVONPEND_Pos)                 /*!< SCB 
 483:Drivers/CMSIS/Include/core_cm3.h **** 
 484:Drivers/CMSIS/Include/core_cm3.h **** #define SCB_SCR_SLEEPDEEP_Pos               2U                                            /*!< SCB 
 485:Drivers/CMSIS/Include/core_cm3.h **** #define SCB_SCR_SLEEPDEEP_Msk              (1UL << SCB_SCR_SLEEPDEEP_Pos)                 /*!< SCB 
 486:Drivers/CMSIS/Include/core_cm3.h **** 
 487:Drivers/CMSIS/Include/core_cm3.h **** #define SCB_SCR_SLEEPONEXIT_Pos             1U                                            /*!< SCB 
 488:Drivers/CMSIS/Include/core_cm3.h **** #define SCB_SCR_SLEEPONEXIT_Msk            (1UL << SCB_SCR_SLEEPONEXIT_Pos)               /*!< SCB 
 489:Drivers/CMSIS/Include/core_cm3.h **** 
 490:Drivers/CMSIS/Include/core_cm3.h **** /* SCB Configuration Control Register Definitions */
 491:Drivers/CMSIS/Include/core_cm3.h **** #define SCB_CCR_STKALIGN_Pos                9U                                            /*!< SCB 
 492:Drivers/CMSIS/Include/core_cm3.h **** #define SCB_CCR_STKALIGN_Msk               (1UL << SCB_CCR_STKALIGN_Pos)                  /*!< SCB 
 493:Drivers/CMSIS/Include/core_cm3.h **** 
 494:Drivers/CMSIS/Include/core_cm3.h **** #define SCB_CCR_BFHFNMIGN_Pos               8U                                            /*!< SCB 
 495:Drivers/CMSIS/Include/core_cm3.h **** #define SCB_CCR_BFHFNMIGN_Msk              (1UL << SCB_CCR_BFHFNMIGN_Pos)                 /*!< SCB 
 496:Drivers/CMSIS/Include/core_cm3.h **** 
 497:Drivers/CMSIS/Include/core_cm3.h **** #define SCB_CCR_DIV_0_TRP_Pos               4U                                            /*!< SCB 
 498:Drivers/CMSIS/Include/core_cm3.h **** #define SCB_CCR_DIV_0_TRP_Msk              (1UL << SCB_CCR_DIV_0_TRP_Pos)                 /*!< SCB 
 499:Drivers/CMSIS/Include/core_cm3.h **** 
 500:Drivers/CMSIS/Include/core_cm3.h **** #define SCB_CCR_UNALIGN_TRP_Pos             3U                                            /*!< SCB 
 501:Drivers/CMSIS/Include/core_cm3.h **** #define SCB_CCR_UNALIGN_TRP_Msk            (1UL << SCB_CCR_UNALIGN_TRP_Pos)               /*!< SCB 
 502:Drivers/CMSIS/Include/core_cm3.h **** 
 503:Drivers/CMSIS/Include/core_cm3.h **** #define SCB_CCR_USERSETMPEND_Pos            1U                                            /*!< SCB 
ARM GAS  C:\Users\Lamp\AppData\Local\Temp\ccvUe3eg.s 			page 14


 504:Drivers/CMSIS/Include/core_cm3.h **** #define SCB_CCR_USERSETMPEND_Msk           (1UL << SCB_CCR_USERSETMPEND_Pos)              /*!< SCB 
 505:Drivers/CMSIS/Include/core_cm3.h **** 
 506:Drivers/CMSIS/Include/core_cm3.h **** #define SCB_CCR_NONBASETHRDENA_Pos          0U                                            /*!< SCB 
 507:Drivers/CMSIS/Include/core_cm3.h **** #define SCB_CCR_NONBASETHRDENA_Msk         (1UL /*<< SCB_CCR_NONBASETHRDENA_Pos*/)        /*!< SCB 
 508:Drivers/CMSIS/Include/core_cm3.h **** 
 509:Drivers/CMSIS/Include/core_cm3.h **** /* SCB System Handler Control and State Register Definitions */
 510:Drivers/CMSIS/Include/core_cm3.h **** #define SCB_SHCSR_USGFAULTENA_Pos          18U                                            /*!< SCB 
 511:Drivers/CMSIS/Include/core_cm3.h **** #define SCB_SHCSR_USGFAULTENA_Msk          (1UL << SCB_SHCSR_USGFAULTENA_Pos)             /*!< SCB 
 512:Drivers/CMSIS/Include/core_cm3.h **** 
 513:Drivers/CMSIS/Include/core_cm3.h **** #define SCB_SHCSR_BUSFAULTENA_Pos          17U                                            /*!< SCB 
 514:Drivers/CMSIS/Include/core_cm3.h **** #define SCB_SHCSR_BUSFAULTENA_Msk          (1UL << SCB_SHCSR_BUSFAULTENA_Pos)             /*!< SCB 
 515:Drivers/CMSIS/Include/core_cm3.h **** 
 516:Drivers/CMSIS/Include/core_cm3.h **** #define SCB_SHCSR_MEMFAULTENA_Pos          16U                                            /*!< SCB 
 517:Drivers/CMSIS/Include/core_cm3.h **** #define SCB_SHCSR_MEMFAULTENA_Msk          (1UL << SCB_SHCSR_MEMFAULTENA_Pos)             /*!< SCB 
 518:Drivers/CMSIS/Include/core_cm3.h **** 
 519:Drivers/CMSIS/Include/core_cm3.h **** #define SCB_SHCSR_SVCALLPENDED_Pos         15U                                            /*!< SCB 
 520:Drivers/CMSIS/Include/core_cm3.h **** #define SCB_SHCSR_SVCALLPENDED_Msk         (1UL << SCB_SHCSR_SVCALLPENDED_Pos)            /*!< SCB 
 521:Drivers/CMSIS/Include/core_cm3.h **** 
 522:Drivers/CMSIS/Include/core_cm3.h **** #define SCB_SHCSR_BUSFAULTPENDED_Pos       14U                                            /*!< SCB 
 523:Drivers/CMSIS/Include/core_cm3.h **** #define SCB_SHCSR_BUSFAULTPENDED_Msk       (1UL << SCB_SHCSR_BUSFAULTPENDED_Pos)          /*!< SCB 
 524:Drivers/CMSIS/Include/core_cm3.h **** 
 525:Drivers/CMSIS/Include/core_cm3.h **** #define SCB_SHCSR_MEMFAULTPENDED_Pos       13U                                            /*!< SCB 
 526:Drivers/CMSIS/Include/core_cm3.h **** #define SCB_SHCSR_MEMFAULTPENDED_Msk       (1UL << SCB_SHCSR_MEMFAULTPENDED_Pos)          /*!< SCB 
 527:Drivers/CMSIS/Include/core_cm3.h **** 
 528:Drivers/CMSIS/Include/core_cm3.h **** #define SCB_SHCSR_USGFAULTPENDED_Pos       12U                                            /*!< SCB 
 529:Drivers/CMSIS/Include/core_cm3.h **** #define SCB_SHCSR_USGFAULTPENDED_Msk       (1UL << SCB_SHCSR_USGFAULTPENDED_Pos)          /*!< SCB 
 530:Drivers/CMSIS/Include/core_cm3.h **** 
 531:Drivers/CMSIS/Include/core_cm3.h **** #define SCB_SHCSR_SYSTICKACT_Pos           11U                                            /*!< SCB 
 532:Drivers/CMSIS/Include/core_cm3.h **** #define SCB_SHCSR_SYSTICKACT_Msk           (1UL << SCB_SHCSR_SYSTICKACT_Pos)              /*!< SCB 
 533:Drivers/CMSIS/Include/core_cm3.h **** 
 534:Drivers/CMSIS/Include/core_cm3.h **** #define SCB_SHCSR_PENDSVACT_Pos            10U                                            /*!< SCB 
 535:Drivers/CMSIS/Include/core_cm3.h **** #define SCB_SHCSR_PENDSVACT_Msk            (1UL << SCB_SHCSR_PENDSVACT_Pos)               /*!< SCB 
 536:Drivers/CMSIS/Include/core_cm3.h **** 
 537:Drivers/CMSIS/Include/core_cm3.h **** #define SCB_SHCSR_MONITORACT_Pos            8U                                            /*!< SCB 
 538:Drivers/CMSIS/Include/core_cm3.h **** #define SCB_SHCSR_MONITORACT_Msk           (1UL << SCB_SHCSR_MONITORACT_Pos)              /*!< SCB 
 539:Drivers/CMSIS/Include/core_cm3.h **** 
 540:Drivers/CMSIS/Include/core_cm3.h **** #define SCB_SHCSR_SVCALLACT_Pos             7U                                            /*!< SCB 
 541:Drivers/CMSIS/Include/core_cm3.h **** #define SCB_SHCSR_SVCALLACT_Msk            (1UL << SCB_SHCSR_SVCALLACT_Pos)               /*!< SCB 
 542:Drivers/CMSIS/Include/core_cm3.h **** 
 543:Drivers/CMSIS/Include/core_cm3.h **** #define SCB_SHCSR_USGFAULTACT_Pos           3U                                            /*!< SCB 
 544:Drivers/CMSIS/Include/core_cm3.h **** #define SCB_SHCSR_USGFAULTACT_Msk          (1UL << SCB_SHCSR_USGFAULTACT_Pos)             /*!< SCB 
 545:Drivers/CMSIS/Include/core_cm3.h **** 
 546:Drivers/CMSIS/Include/core_cm3.h **** #define SCB_SHCSR_BUSFAULTACT_Pos           1U                                            /*!< SCB 
 547:Drivers/CMSIS/Include/core_cm3.h **** #define SCB_SHCSR_BUSFAULTACT_Msk          (1UL << SCB_SHCSR_BUSFAULTACT_Pos)             /*!< SCB 
 548:Drivers/CMSIS/Include/core_cm3.h **** 
 549:Drivers/CMSIS/Include/core_cm3.h **** #define SCB_SHCSR_MEMFAULTACT_Pos           0U                                            /*!< SCB 
 550:Drivers/CMSIS/Include/core_cm3.h **** #define SCB_SHCSR_MEMFAULTACT_Msk          (1UL /*<< SCB_SHCSR_MEMFAULTACT_Pos*/)         /*!< SCB 
 551:Drivers/CMSIS/Include/core_cm3.h **** 
 552:Drivers/CMSIS/Include/core_cm3.h **** /* SCB Configurable Fault Status Register Definitions */
 553:Drivers/CMSIS/Include/core_cm3.h **** #define SCB_CFSR_USGFAULTSR_Pos            16U                                            /*!< SCB 
 554:Drivers/CMSIS/Include/core_cm3.h **** #define SCB_CFSR_USGFAULTSR_Msk            (0xFFFFUL << SCB_CFSR_USGFAULTSR_Pos)          /*!< SCB 
 555:Drivers/CMSIS/Include/core_cm3.h **** 
 556:Drivers/CMSIS/Include/core_cm3.h **** #define SCB_CFSR_BUSFAULTSR_Pos             8U                                            /*!< SCB 
 557:Drivers/CMSIS/Include/core_cm3.h **** #define SCB_CFSR_BUSFAULTSR_Msk            (0xFFUL << SCB_CFSR_BUSFAULTSR_Pos)            /*!< SCB 
 558:Drivers/CMSIS/Include/core_cm3.h **** 
 559:Drivers/CMSIS/Include/core_cm3.h **** #define SCB_CFSR_MEMFAULTSR_Pos             0U                                            /*!< SCB 
 560:Drivers/CMSIS/Include/core_cm3.h **** #define SCB_CFSR_MEMFAULTSR_Msk            (0xFFUL /*<< SCB_CFSR_MEMFAULTSR_Pos*/)        /*!< SCB 
ARM GAS  C:\Users\Lamp\AppData\Local\Temp\ccvUe3eg.s 			page 15


 561:Drivers/CMSIS/Include/core_cm3.h **** 
 562:Drivers/CMSIS/Include/core_cm3.h **** /* MemManage Fault Status Register (part of SCB Configurable Fault Status Register) */
 563:Drivers/CMSIS/Include/core_cm3.h **** #define SCB_CFSR_MMARVALID_Pos             (SCB_SHCSR_MEMFAULTACT_Pos + 7U)               /*!< SCB 
 564:Drivers/CMSIS/Include/core_cm3.h **** #define SCB_CFSR_MMARVALID_Msk             (1UL << SCB_CFSR_MMARVALID_Pos)                /*!< SCB 
 565:Drivers/CMSIS/Include/core_cm3.h **** 
 566:Drivers/CMSIS/Include/core_cm3.h **** #define SCB_CFSR_MSTKERR_Pos               (SCB_SHCSR_MEMFAULTACT_Pos + 4U)               /*!< SCB 
 567:Drivers/CMSIS/Include/core_cm3.h **** #define SCB_CFSR_MSTKERR_Msk               (1UL << SCB_CFSR_MSTKERR_Pos)                  /*!< SCB 
 568:Drivers/CMSIS/Include/core_cm3.h **** 
 569:Drivers/CMSIS/Include/core_cm3.h **** #define SCB_CFSR_MUNSTKERR_Pos             (SCB_SHCSR_MEMFAULTACT_Pos + 3U)               /*!< SCB 
 570:Drivers/CMSIS/Include/core_cm3.h **** #define SCB_CFSR_MUNSTKERR_Msk             (1UL << SCB_CFSR_MUNSTKERR_Pos)                /*!< SCB 
 571:Drivers/CMSIS/Include/core_cm3.h **** 
 572:Drivers/CMSIS/Include/core_cm3.h **** #define SCB_CFSR_DACCVIOL_Pos              (SCB_SHCSR_MEMFAULTACT_Pos + 1U)               /*!< SCB 
 573:Drivers/CMSIS/Include/core_cm3.h **** #define SCB_CFSR_DACCVIOL_Msk              (1UL << SCB_CFSR_DACCVIOL_Pos)                 /*!< SCB 
 574:Drivers/CMSIS/Include/core_cm3.h **** 
 575:Drivers/CMSIS/Include/core_cm3.h **** #define SCB_CFSR_IACCVIOL_Pos              (SCB_SHCSR_MEMFAULTACT_Pos + 0U)               /*!< SCB 
 576:Drivers/CMSIS/Include/core_cm3.h **** #define SCB_CFSR_IACCVIOL_Msk              (1UL /*<< SCB_CFSR_IACCVIOL_Pos*/)             /*!< SCB 
 577:Drivers/CMSIS/Include/core_cm3.h **** 
 578:Drivers/CMSIS/Include/core_cm3.h **** /* BusFault Status Register (part of SCB Configurable Fault Status Register) */
 579:Drivers/CMSIS/Include/core_cm3.h **** #define SCB_CFSR_BFARVALID_Pos            (SCB_CFSR_BUSFAULTSR_Pos + 7U)                  /*!< SCB 
 580:Drivers/CMSIS/Include/core_cm3.h **** #define SCB_CFSR_BFARVALID_Msk            (1UL << SCB_CFSR_BFARVALID_Pos)                 /*!< SCB 
 581:Drivers/CMSIS/Include/core_cm3.h **** 
 582:Drivers/CMSIS/Include/core_cm3.h **** #define SCB_CFSR_STKERR_Pos               (SCB_CFSR_BUSFAULTSR_Pos + 4U)                  /*!< SCB 
 583:Drivers/CMSIS/Include/core_cm3.h **** #define SCB_CFSR_STKERR_Msk               (1UL << SCB_CFSR_STKERR_Pos)                    /*!< SCB 
 584:Drivers/CMSIS/Include/core_cm3.h **** 
 585:Drivers/CMSIS/Include/core_cm3.h **** #define SCB_CFSR_UNSTKERR_Pos             (SCB_CFSR_BUSFAULTSR_Pos + 3U)                  /*!< SCB 
 586:Drivers/CMSIS/Include/core_cm3.h **** #define SCB_CFSR_UNSTKERR_Msk             (1UL << SCB_CFSR_UNSTKERR_Pos)                  /*!< SCB 
 587:Drivers/CMSIS/Include/core_cm3.h **** 
 588:Drivers/CMSIS/Include/core_cm3.h **** #define SCB_CFSR_IMPRECISERR_Pos          (SCB_CFSR_BUSFAULTSR_Pos + 2U)                  /*!< SCB 
 589:Drivers/CMSIS/Include/core_cm3.h **** #define SCB_CFSR_IMPRECISERR_Msk          (1UL << SCB_CFSR_IMPRECISERR_Pos)               /*!< SCB 
 590:Drivers/CMSIS/Include/core_cm3.h **** 
 591:Drivers/CMSIS/Include/core_cm3.h **** #define SCB_CFSR_PRECISERR_Pos            (SCB_CFSR_BUSFAULTSR_Pos + 1U)                  /*!< SCB 
 592:Drivers/CMSIS/Include/core_cm3.h **** #define SCB_CFSR_PRECISERR_Msk            (1UL << SCB_CFSR_PRECISERR_Pos)                 /*!< SCB 
 593:Drivers/CMSIS/Include/core_cm3.h **** 
 594:Drivers/CMSIS/Include/core_cm3.h **** #define SCB_CFSR_IBUSERR_Pos              (SCB_CFSR_BUSFAULTSR_Pos + 0U)                  /*!< SCB 
 595:Drivers/CMSIS/Include/core_cm3.h **** #define SCB_CFSR_IBUSERR_Msk              (1UL << SCB_CFSR_IBUSERR_Pos)                   /*!< SCB 
 596:Drivers/CMSIS/Include/core_cm3.h **** 
 597:Drivers/CMSIS/Include/core_cm3.h **** /* UsageFault Status Register (part of SCB Configurable Fault Status Register) */
 598:Drivers/CMSIS/Include/core_cm3.h **** #define SCB_CFSR_DIVBYZERO_Pos            (SCB_CFSR_USGFAULTSR_Pos + 9U)                  /*!< SCB 
 599:Drivers/CMSIS/Include/core_cm3.h **** #define SCB_CFSR_DIVBYZERO_Msk            (1UL << SCB_CFSR_DIVBYZERO_Pos)                 /*!< SCB 
 600:Drivers/CMSIS/Include/core_cm3.h **** 
 601:Drivers/CMSIS/Include/core_cm3.h **** #define SCB_CFSR_UNALIGNED_Pos            (SCB_CFSR_USGFAULTSR_Pos + 8U)                  /*!< SCB 
 602:Drivers/CMSIS/Include/core_cm3.h **** #define SCB_CFSR_UNALIGNED_Msk            (1UL << SCB_CFSR_UNALIGNED_Pos)                 /*!< SCB 
 603:Drivers/CMSIS/Include/core_cm3.h **** 
 604:Drivers/CMSIS/Include/core_cm3.h **** #define SCB_CFSR_NOCP_Pos                 (SCB_CFSR_USGFAULTSR_Pos + 3U)                  /*!< SCB 
 605:Drivers/CMSIS/Include/core_cm3.h **** #define SCB_CFSR_NOCP_Msk                 (1UL << SCB_CFSR_NOCP_Pos)                      /*!< SCB 
 606:Drivers/CMSIS/Include/core_cm3.h **** 
 607:Drivers/CMSIS/Include/core_cm3.h **** #define SCB_CFSR_INVPC_Pos                (SCB_CFSR_USGFAULTSR_Pos + 2U)                  /*!< SCB 
 608:Drivers/CMSIS/Include/core_cm3.h **** #define SCB_CFSR_INVPC_Msk                (1UL << SCB_CFSR_INVPC_Pos)                     /*!< SCB 
 609:Drivers/CMSIS/Include/core_cm3.h **** 
 610:Drivers/CMSIS/Include/core_cm3.h **** #define SCB_CFSR_INVSTATE_Pos             (SCB_CFSR_USGFAULTSR_Pos + 1U)                  /*!< SCB 
 611:Drivers/CMSIS/Include/core_cm3.h **** #define SCB_CFSR_INVSTATE_Msk             (1UL << SCB_CFSR_INVSTATE_Pos)                  /*!< SCB 
 612:Drivers/CMSIS/Include/core_cm3.h **** 
 613:Drivers/CMSIS/Include/core_cm3.h **** #define SCB_CFSR_UNDEFINSTR_Pos           (SCB_CFSR_USGFAULTSR_Pos + 0U)                  /*!< SCB 
 614:Drivers/CMSIS/Include/core_cm3.h **** #define SCB_CFSR_UNDEFINSTR_Msk           (1UL << SCB_CFSR_UNDEFINSTR_Pos)                /*!< SCB 
 615:Drivers/CMSIS/Include/core_cm3.h **** 
 616:Drivers/CMSIS/Include/core_cm3.h **** /* SCB Hard Fault Status Register Definitions */
 617:Drivers/CMSIS/Include/core_cm3.h **** #define SCB_HFSR_DEBUGEVT_Pos              31U                                            /*!< SCB 
ARM GAS  C:\Users\Lamp\AppData\Local\Temp\ccvUe3eg.s 			page 16


 618:Drivers/CMSIS/Include/core_cm3.h **** #define SCB_HFSR_DEBUGEVT_Msk              (1UL << SCB_HFSR_DEBUGEVT_Pos)                 /*!< SCB 
 619:Drivers/CMSIS/Include/core_cm3.h **** 
 620:Drivers/CMSIS/Include/core_cm3.h **** #define SCB_HFSR_FORCED_Pos                30U                                            /*!< SCB 
 621:Drivers/CMSIS/Include/core_cm3.h **** #define SCB_HFSR_FORCED_Msk                (1UL << SCB_HFSR_FORCED_Pos)                   /*!< SCB 
 622:Drivers/CMSIS/Include/core_cm3.h **** 
 623:Drivers/CMSIS/Include/core_cm3.h **** #define SCB_HFSR_VECTTBL_Pos                1U                                            /*!< SCB 
 624:Drivers/CMSIS/Include/core_cm3.h **** #define SCB_HFSR_VECTTBL_Msk               (1UL << SCB_HFSR_VECTTBL_Pos)                  /*!< SCB 
 625:Drivers/CMSIS/Include/core_cm3.h **** 
 626:Drivers/CMSIS/Include/core_cm3.h **** /* SCB Debug Fault Status Register Definitions */
 627:Drivers/CMSIS/Include/core_cm3.h **** #define SCB_DFSR_EXTERNAL_Pos               4U                                            /*!< SCB 
 628:Drivers/CMSIS/Include/core_cm3.h **** #define SCB_DFSR_EXTERNAL_Msk              (1UL << SCB_DFSR_EXTERNAL_Pos)                 /*!< SCB 
 629:Drivers/CMSIS/Include/core_cm3.h **** 
 630:Drivers/CMSIS/Include/core_cm3.h **** #define SCB_DFSR_VCATCH_Pos                 3U                                            /*!< SCB 
 631:Drivers/CMSIS/Include/core_cm3.h **** #define SCB_DFSR_VCATCH_Msk                (1UL << SCB_DFSR_VCATCH_Pos)                   /*!< SCB 
 632:Drivers/CMSIS/Include/core_cm3.h **** 
 633:Drivers/CMSIS/Include/core_cm3.h **** #define SCB_DFSR_DWTTRAP_Pos                2U                                            /*!< SCB 
 634:Drivers/CMSIS/Include/core_cm3.h **** #define SCB_DFSR_DWTTRAP_Msk               (1UL << SCB_DFSR_DWTTRAP_Pos)                  /*!< SCB 
 635:Drivers/CMSIS/Include/core_cm3.h **** 
 636:Drivers/CMSIS/Include/core_cm3.h **** #define SCB_DFSR_BKPT_Pos                   1U                                            /*!< SCB 
 637:Drivers/CMSIS/Include/core_cm3.h **** #define SCB_DFSR_BKPT_Msk                  (1UL << SCB_DFSR_BKPT_Pos)                     /*!< SCB 
 638:Drivers/CMSIS/Include/core_cm3.h **** 
 639:Drivers/CMSIS/Include/core_cm3.h **** #define SCB_DFSR_HALTED_Pos                 0U                                            /*!< SCB 
 640:Drivers/CMSIS/Include/core_cm3.h **** #define SCB_DFSR_HALTED_Msk                (1UL /*<< SCB_DFSR_HALTED_Pos*/)               /*!< SCB 
 641:Drivers/CMSIS/Include/core_cm3.h **** 
 642:Drivers/CMSIS/Include/core_cm3.h **** /*@} end of group CMSIS_SCB */
 643:Drivers/CMSIS/Include/core_cm3.h **** 
 644:Drivers/CMSIS/Include/core_cm3.h **** 
 645:Drivers/CMSIS/Include/core_cm3.h **** /**
 646:Drivers/CMSIS/Include/core_cm3.h ****   \ingroup  CMSIS_core_register
 647:Drivers/CMSIS/Include/core_cm3.h ****   \defgroup CMSIS_SCnSCB System Controls not in SCB (SCnSCB)
 648:Drivers/CMSIS/Include/core_cm3.h ****   \brief    Type definitions for the System Control and ID Register not in the SCB
 649:Drivers/CMSIS/Include/core_cm3.h ****   @{
 650:Drivers/CMSIS/Include/core_cm3.h ****  */
 651:Drivers/CMSIS/Include/core_cm3.h **** 
 652:Drivers/CMSIS/Include/core_cm3.h **** /**
 653:Drivers/CMSIS/Include/core_cm3.h ****   \brief  Structure type to access the System Control and ID Register not in the SCB.
 654:Drivers/CMSIS/Include/core_cm3.h ****  */
 655:Drivers/CMSIS/Include/core_cm3.h **** typedef struct
 656:Drivers/CMSIS/Include/core_cm3.h **** {
 657:Drivers/CMSIS/Include/core_cm3.h ****         uint32_t RESERVED0[1U];
 658:Drivers/CMSIS/Include/core_cm3.h ****   __IM  uint32_t ICTR;                   /*!< Offset: 0x004 (R/ )  Interrupt Controller Type Regist
 659:Drivers/CMSIS/Include/core_cm3.h **** #if defined (__CM3_REV) && (__CM3_REV >= 0x200U)
 660:Drivers/CMSIS/Include/core_cm3.h ****   __IOM uint32_t ACTLR;                  /*!< Offset: 0x008 (R/W)  Auxiliary Control Register */
 661:Drivers/CMSIS/Include/core_cm3.h **** #else
 662:Drivers/CMSIS/Include/core_cm3.h ****         uint32_t RESERVED1[1U];
 663:Drivers/CMSIS/Include/core_cm3.h **** #endif
 664:Drivers/CMSIS/Include/core_cm3.h **** } SCnSCB_Type;
 665:Drivers/CMSIS/Include/core_cm3.h **** 
 666:Drivers/CMSIS/Include/core_cm3.h **** /* Interrupt Controller Type Register Definitions */
 667:Drivers/CMSIS/Include/core_cm3.h **** #define SCnSCB_ICTR_INTLINESNUM_Pos         0U                                         /*!< ICTR: I
 668:Drivers/CMSIS/Include/core_cm3.h **** #define SCnSCB_ICTR_INTLINESNUM_Msk        (0xFUL /*<< SCnSCB_ICTR_INTLINESNUM_Pos*/)  /*!< ICTR: I
 669:Drivers/CMSIS/Include/core_cm3.h **** 
 670:Drivers/CMSIS/Include/core_cm3.h **** /* Auxiliary Control Register Definitions */
 671:Drivers/CMSIS/Include/core_cm3.h **** 
 672:Drivers/CMSIS/Include/core_cm3.h **** #define SCnSCB_ACTLR_DISFOLD_Pos            2U                                         /*!< ACTLR: 
 673:Drivers/CMSIS/Include/core_cm3.h **** #define SCnSCB_ACTLR_DISFOLD_Msk           (1UL << SCnSCB_ACTLR_DISFOLD_Pos)           /*!< ACTLR: 
 674:Drivers/CMSIS/Include/core_cm3.h **** 
ARM GAS  C:\Users\Lamp\AppData\Local\Temp\ccvUe3eg.s 			page 17


 675:Drivers/CMSIS/Include/core_cm3.h **** #define SCnSCB_ACTLR_DISDEFWBUF_Pos         1U                                         /*!< ACTLR: 
 676:Drivers/CMSIS/Include/core_cm3.h **** #define SCnSCB_ACTLR_DISDEFWBUF_Msk        (1UL << SCnSCB_ACTLR_DISDEFWBUF_Pos)        /*!< ACTLR: 
 677:Drivers/CMSIS/Include/core_cm3.h **** 
 678:Drivers/CMSIS/Include/core_cm3.h **** #define SCnSCB_ACTLR_DISMCYCINT_Pos         0U                                         /*!< ACTLR: 
 679:Drivers/CMSIS/Include/core_cm3.h **** #define SCnSCB_ACTLR_DISMCYCINT_Msk        (1UL /*<< SCnSCB_ACTLR_DISMCYCINT_Pos*/)    /*!< ACTLR: 
 680:Drivers/CMSIS/Include/core_cm3.h **** 
 681:Drivers/CMSIS/Include/core_cm3.h **** /*@} end of group CMSIS_SCnotSCB */
 682:Drivers/CMSIS/Include/core_cm3.h **** 
 683:Drivers/CMSIS/Include/core_cm3.h **** 
 684:Drivers/CMSIS/Include/core_cm3.h **** /**
 685:Drivers/CMSIS/Include/core_cm3.h ****   \ingroup  CMSIS_core_register
 686:Drivers/CMSIS/Include/core_cm3.h ****   \defgroup CMSIS_SysTick     System Tick Timer (SysTick)
 687:Drivers/CMSIS/Include/core_cm3.h ****   \brief    Type definitions for the System Timer Registers.
 688:Drivers/CMSIS/Include/core_cm3.h ****   @{
 689:Drivers/CMSIS/Include/core_cm3.h ****  */
 690:Drivers/CMSIS/Include/core_cm3.h **** 
 691:Drivers/CMSIS/Include/core_cm3.h **** /**
 692:Drivers/CMSIS/Include/core_cm3.h ****   \brief  Structure type to access the System Timer (SysTick).
 693:Drivers/CMSIS/Include/core_cm3.h ****  */
 694:Drivers/CMSIS/Include/core_cm3.h **** typedef struct
 695:Drivers/CMSIS/Include/core_cm3.h **** {
 696:Drivers/CMSIS/Include/core_cm3.h ****   __IOM uint32_t CTRL;                   /*!< Offset: 0x000 (R/W)  SysTick Control and Status Regis
 697:Drivers/CMSIS/Include/core_cm3.h ****   __IOM uint32_t LOAD;                   /*!< Offset: 0x004 (R/W)  SysTick Reload Value Register */
 698:Drivers/CMSIS/Include/core_cm3.h ****   __IOM uint32_t VAL;                    /*!< Offset: 0x008 (R/W)  SysTick Current Value Register *
 699:Drivers/CMSIS/Include/core_cm3.h ****   __IM  uint32_t CALIB;                  /*!< Offset: 0x00C (R/ )  SysTick Calibration Register */
 700:Drivers/CMSIS/Include/core_cm3.h **** } SysTick_Type;
 701:Drivers/CMSIS/Include/core_cm3.h **** 
 702:Drivers/CMSIS/Include/core_cm3.h **** /* SysTick Control / Status Register Definitions */
 703:Drivers/CMSIS/Include/core_cm3.h **** #define SysTick_CTRL_COUNTFLAG_Pos         16U                                            /*!< SysT
 704:Drivers/CMSIS/Include/core_cm3.h **** #define SysTick_CTRL_COUNTFLAG_Msk         (1UL << SysTick_CTRL_COUNTFLAG_Pos)            /*!< SysT
 705:Drivers/CMSIS/Include/core_cm3.h **** 
 706:Drivers/CMSIS/Include/core_cm3.h **** #define SysTick_CTRL_CLKSOURCE_Pos          2U                                            /*!< SysT
 707:Drivers/CMSIS/Include/core_cm3.h **** #define SysTick_CTRL_CLKSOURCE_Msk         (1UL << SysTick_CTRL_CLKSOURCE_Pos)            /*!< SysT
 708:Drivers/CMSIS/Include/core_cm3.h **** 
 709:Drivers/CMSIS/Include/core_cm3.h **** #define SysTick_CTRL_TICKINT_Pos            1U                                            /*!< SysT
 710:Drivers/CMSIS/Include/core_cm3.h **** #define SysTick_CTRL_TICKINT_Msk           (1UL << SysTick_CTRL_TICKINT_Pos)              /*!< SysT
 711:Drivers/CMSIS/Include/core_cm3.h **** 
 712:Drivers/CMSIS/Include/core_cm3.h **** #define SysTick_CTRL_ENABLE_Pos             0U                                            /*!< SysT
 713:Drivers/CMSIS/Include/core_cm3.h **** #define SysTick_CTRL_ENABLE_Msk            (1UL /*<< SysTick_CTRL_ENABLE_Pos*/)           /*!< SysT
 714:Drivers/CMSIS/Include/core_cm3.h **** 
 715:Drivers/CMSIS/Include/core_cm3.h **** /* SysTick Reload Register Definitions */
 716:Drivers/CMSIS/Include/core_cm3.h **** #define SysTick_LOAD_RELOAD_Pos             0U                                            /*!< SysT
 717:Drivers/CMSIS/Include/core_cm3.h **** #define SysTick_LOAD_RELOAD_Msk            (0xFFFFFFUL /*<< SysTick_LOAD_RELOAD_Pos*/)    /*!< SysT
 718:Drivers/CMSIS/Include/core_cm3.h **** 
 719:Drivers/CMSIS/Include/core_cm3.h **** /* SysTick Current Register Definitions */
 720:Drivers/CMSIS/Include/core_cm3.h **** #define SysTick_VAL_CURRENT_Pos             0U                                            /*!< SysT
 721:Drivers/CMSIS/Include/core_cm3.h **** #define SysTick_VAL_CURRENT_Msk            (0xFFFFFFUL /*<< SysTick_VAL_CURRENT_Pos*/)    /*!< SysT
 722:Drivers/CMSIS/Include/core_cm3.h **** 
 723:Drivers/CMSIS/Include/core_cm3.h **** /* SysTick Calibration Register Definitions */
 724:Drivers/CMSIS/Include/core_cm3.h **** #define SysTick_CALIB_NOREF_Pos            31U                                            /*!< SysT
 725:Drivers/CMSIS/Include/core_cm3.h **** #define SysTick_CALIB_NOREF_Msk            (1UL << SysTick_CALIB_NOREF_Pos)               /*!< SysT
 726:Drivers/CMSIS/Include/core_cm3.h **** 
 727:Drivers/CMSIS/Include/core_cm3.h **** #define SysTick_CALIB_SKEW_Pos             30U                                            /*!< SysT
 728:Drivers/CMSIS/Include/core_cm3.h **** #define SysTick_CALIB_SKEW_Msk             (1UL << SysTick_CALIB_SKEW_Pos)                /*!< SysT
 729:Drivers/CMSIS/Include/core_cm3.h **** 
 730:Drivers/CMSIS/Include/core_cm3.h **** #define SysTick_CALIB_TENMS_Pos             0U                                            /*!< SysT
 731:Drivers/CMSIS/Include/core_cm3.h **** #define SysTick_CALIB_TENMS_Msk            (0xFFFFFFUL /*<< SysTick_CALIB_TENMS_Pos*/)    /*!< SysT
ARM GAS  C:\Users\Lamp\AppData\Local\Temp\ccvUe3eg.s 			page 18


 732:Drivers/CMSIS/Include/core_cm3.h **** 
 733:Drivers/CMSIS/Include/core_cm3.h **** /*@} end of group CMSIS_SysTick */
 734:Drivers/CMSIS/Include/core_cm3.h **** 
 735:Drivers/CMSIS/Include/core_cm3.h **** 
 736:Drivers/CMSIS/Include/core_cm3.h **** /**
 737:Drivers/CMSIS/Include/core_cm3.h ****   \ingroup  CMSIS_core_register
 738:Drivers/CMSIS/Include/core_cm3.h ****   \defgroup CMSIS_ITM     Instrumentation Trace Macrocell (ITM)
 739:Drivers/CMSIS/Include/core_cm3.h ****   \brief    Type definitions for the Instrumentation Trace Macrocell (ITM)
 740:Drivers/CMSIS/Include/core_cm3.h ****   @{
 741:Drivers/CMSIS/Include/core_cm3.h ****  */
 742:Drivers/CMSIS/Include/core_cm3.h **** 
 743:Drivers/CMSIS/Include/core_cm3.h **** /**
 744:Drivers/CMSIS/Include/core_cm3.h ****   \brief  Structure type to access the Instrumentation Trace Macrocell Register (ITM).
 745:Drivers/CMSIS/Include/core_cm3.h ****  */
 746:Drivers/CMSIS/Include/core_cm3.h **** typedef struct
 747:Drivers/CMSIS/Include/core_cm3.h **** {
 748:Drivers/CMSIS/Include/core_cm3.h ****   __OM  union
 749:Drivers/CMSIS/Include/core_cm3.h ****   {
 750:Drivers/CMSIS/Include/core_cm3.h ****     __OM  uint8_t    u8;                 /*!< Offset: 0x000 ( /W)  ITM Stimulus Port 8-bit */
 751:Drivers/CMSIS/Include/core_cm3.h ****     __OM  uint16_t   u16;                /*!< Offset: 0x000 ( /W)  ITM Stimulus Port 16-bit */
 752:Drivers/CMSIS/Include/core_cm3.h ****     __OM  uint32_t   u32;                /*!< Offset: 0x000 ( /W)  ITM Stimulus Port 32-bit */
 753:Drivers/CMSIS/Include/core_cm3.h ****   }  PORT [32U];                         /*!< Offset: 0x000 ( /W)  ITM Stimulus Port Registers */
 754:Drivers/CMSIS/Include/core_cm3.h ****         uint32_t RESERVED0[864U];
 755:Drivers/CMSIS/Include/core_cm3.h ****   __IOM uint32_t TER;                    /*!< Offset: 0xE00 (R/W)  ITM Trace Enable Register */
 756:Drivers/CMSIS/Include/core_cm3.h ****         uint32_t RESERVED1[15U];
 757:Drivers/CMSIS/Include/core_cm3.h ****   __IOM uint32_t TPR;                    /*!< Offset: 0xE40 (R/W)  ITM Trace Privilege Register */
 758:Drivers/CMSIS/Include/core_cm3.h ****         uint32_t RESERVED2[15U];
 759:Drivers/CMSIS/Include/core_cm3.h ****   __IOM uint32_t TCR;                    /*!< Offset: 0xE80 (R/W)  ITM Trace Control Register */
 760:Drivers/CMSIS/Include/core_cm3.h ****         uint32_t RESERVED3[29U];
 761:Drivers/CMSIS/Include/core_cm3.h ****   __OM  uint32_t IWR;                    /*!< Offset: 0xEF8 ( /W)  ITM Integration Write Register *
 762:Drivers/CMSIS/Include/core_cm3.h ****   __IM  uint32_t IRR;                    /*!< Offset: 0xEFC (R/ )  ITM Integration Read Register */
 763:Drivers/CMSIS/Include/core_cm3.h ****   __IOM uint32_t IMCR;                   /*!< Offset: 0xF00 (R/W)  ITM Integration Mode Control Reg
 764:Drivers/CMSIS/Include/core_cm3.h ****         uint32_t RESERVED4[43U];
 765:Drivers/CMSIS/Include/core_cm3.h ****   __OM  uint32_t LAR;                    /*!< Offset: 0xFB0 ( /W)  ITM Lock Access Register */
 766:Drivers/CMSIS/Include/core_cm3.h ****   __IM  uint32_t LSR;                    /*!< Offset: 0xFB4 (R/ )  ITM Lock Status Register */
 767:Drivers/CMSIS/Include/core_cm3.h ****         uint32_t RESERVED5[6U];
 768:Drivers/CMSIS/Include/core_cm3.h ****   __IM  uint32_t PID4;                   /*!< Offset: 0xFD0 (R/ )  ITM Peripheral Identification Re
 769:Drivers/CMSIS/Include/core_cm3.h ****   __IM  uint32_t PID5;                   /*!< Offset: 0xFD4 (R/ )  ITM Peripheral Identification Re
 770:Drivers/CMSIS/Include/core_cm3.h ****   __IM  uint32_t PID6;                   /*!< Offset: 0xFD8 (R/ )  ITM Peripheral Identification Re
 771:Drivers/CMSIS/Include/core_cm3.h ****   __IM  uint32_t PID7;                   /*!< Offset: 0xFDC (R/ )  ITM Peripheral Identification Re
 772:Drivers/CMSIS/Include/core_cm3.h ****   __IM  uint32_t PID0;                   /*!< Offset: 0xFE0 (R/ )  ITM Peripheral Identification Re
 773:Drivers/CMSIS/Include/core_cm3.h ****   __IM  uint32_t PID1;                   /*!< Offset: 0xFE4 (R/ )  ITM Peripheral Identification Re
 774:Drivers/CMSIS/Include/core_cm3.h ****   __IM  uint32_t PID2;                   /*!< Offset: 0xFE8 (R/ )  ITM Peripheral Identification Re
 775:Drivers/CMSIS/Include/core_cm3.h ****   __IM  uint32_t PID3;                   /*!< Offset: 0xFEC (R/ )  ITM Peripheral Identification Re
 776:Drivers/CMSIS/Include/core_cm3.h ****   __IM  uint32_t CID0;                   /*!< Offset: 0xFF0 (R/ )  ITM Component  Identification Re
 777:Drivers/CMSIS/Include/core_cm3.h ****   __IM  uint32_t CID1;                   /*!< Offset: 0xFF4 (R/ )  ITM Component  Identification Re
 778:Drivers/CMSIS/Include/core_cm3.h ****   __IM  uint32_t CID2;                   /*!< Offset: 0xFF8 (R/ )  ITM Component  Identification Re
 779:Drivers/CMSIS/Include/core_cm3.h ****   __IM  uint32_t CID3;                   /*!< Offset: 0xFFC (R/ )  ITM Component  Identification Re
 780:Drivers/CMSIS/Include/core_cm3.h **** } ITM_Type;
 781:Drivers/CMSIS/Include/core_cm3.h **** 
 782:Drivers/CMSIS/Include/core_cm3.h **** /* ITM Trace Privilege Register Definitions */
 783:Drivers/CMSIS/Include/core_cm3.h **** #define ITM_TPR_PRIVMASK_Pos                0U                                            /*!< ITM 
 784:Drivers/CMSIS/Include/core_cm3.h **** #define ITM_TPR_PRIVMASK_Msk               (0xFFFFFFFFUL /*<< ITM_TPR_PRIVMASK_Pos*/)     /*!< ITM 
 785:Drivers/CMSIS/Include/core_cm3.h **** 
 786:Drivers/CMSIS/Include/core_cm3.h **** /* ITM Trace Control Register Definitions */
 787:Drivers/CMSIS/Include/core_cm3.h **** #define ITM_TCR_BUSY_Pos                   23U                                            /*!< ITM 
 788:Drivers/CMSIS/Include/core_cm3.h **** #define ITM_TCR_BUSY_Msk                   (1UL << ITM_TCR_BUSY_Pos)                      /*!< ITM 
ARM GAS  C:\Users\Lamp\AppData\Local\Temp\ccvUe3eg.s 			page 19


 789:Drivers/CMSIS/Include/core_cm3.h **** 
 790:Drivers/CMSIS/Include/core_cm3.h **** #define ITM_TCR_TraceBusID_Pos             16U                                            /*!< ITM 
 791:Drivers/CMSIS/Include/core_cm3.h **** #define ITM_TCR_TraceBusID_Msk             (0x7FUL << ITM_TCR_TraceBusID_Pos)             /*!< ITM 
 792:Drivers/CMSIS/Include/core_cm3.h **** 
 793:Drivers/CMSIS/Include/core_cm3.h **** #define ITM_TCR_GTSFREQ_Pos                10U                                            /*!< ITM 
 794:Drivers/CMSIS/Include/core_cm3.h **** #define ITM_TCR_GTSFREQ_Msk                (3UL << ITM_TCR_GTSFREQ_Pos)                   /*!< ITM 
 795:Drivers/CMSIS/Include/core_cm3.h **** 
 796:Drivers/CMSIS/Include/core_cm3.h **** #define ITM_TCR_TSPrescale_Pos              8U                                            /*!< ITM 
 797:Drivers/CMSIS/Include/core_cm3.h **** #define ITM_TCR_TSPrescale_Msk             (3UL << ITM_TCR_TSPrescale_Pos)                /*!< ITM 
 798:Drivers/CMSIS/Include/core_cm3.h **** 
 799:Drivers/CMSIS/Include/core_cm3.h **** #define ITM_TCR_SWOENA_Pos                  4U                                            /*!< ITM 
 800:Drivers/CMSIS/Include/core_cm3.h **** #define ITM_TCR_SWOENA_Msk                 (1UL << ITM_TCR_SWOENA_Pos)                    /*!< ITM 
 801:Drivers/CMSIS/Include/core_cm3.h **** 
 802:Drivers/CMSIS/Include/core_cm3.h **** #define ITM_TCR_DWTENA_Pos                  3U                                            /*!< ITM 
 803:Drivers/CMSIS/Include/core_cm3.h **** #define ITM_TCR_DWTENA_Msk                 (1UL << ITM_TCR_DWTENA_Pos)                    /*!< ITM 
 804:Drivers/CMSIS/Include/core_cm3.h **** 
 805:Drivers/CMSIS/Include/core_cm3.h **** #define ITM_TCR_SYNCENA_Pos                 2U                                            /*!< ITM 
 806:Drivers/CMSIS/Include/core_cm3.h **** #define ITM_TCR_SYNCENA_Msk                (1UL << ITM_TCR_SYNCENA_Pos)                   /*!< ITM 
 807:Drivers/CMSIS/Include/core_cm3.h **** 
 808:Drivers/CMSIS/Include/core_cm3.h **** #define ITM_TCR_TSENA_Pos                   1U                                            /*!< ITM 
 809:Drivers/CMSIS/Include/core_cm3.h **** #define ITM_TCR_TSENA_Msk                  (1UL << ITM_TCR_TSENA_Pos)                     /*!< ITM 
 810:Drivers/CMSIS/Include/core_cm3.h **** 
 811:Drivers/CMSIS/Include/core_cm3.h **** #define ITM_TCR_ITMENA_Pos                  0U                                            /*!< ITM 
 812:Drivers/CMSIS/Include/core_cm3.h **** #define ITM_TCR_ITMENA_Msk                 (1UL /*<< ITM_TCR_ITMENA_Pos*/)                /*!< ITM 
 813:Drivers/CMSIS/Include/core_cm3.h **** 
 814:Drivers/CMSIS/Include/core_cm3.h **** /* ITM Integration Write Register Definitions */
 815:Drivers/CMSIS/Include/core_cm3.h **** #define ITM_IWR_ATVALIDM_Pos                0U                                            /*!< ITM 
 816:Drivers/CMSIS/Include/core_cm3.h **** #define ITM_IWR_ATVALIDM_Msk               (1UL /*<< ITM_IWR_ATVALIDM_Pos*/)              /*!< ITM 
 817:Drivers/CMSIS/Include/core_cm3.h **** 
 818:Drivers/CMSIS/Include/core_cm3.h **** /* ITM Integration Read Register Definitions */
 819:Drivers/CMSIS/Include/core_cm3.h **** #define ITM_IRR_ATREADYM_Pos                0U                                            /*!< ITM 
 820:Drivers/CMSIS/Include/core_cm3.h **** #define ITM_IRR_ATREADYM_Msk               (1UL /*<< ITM_IRR_ATREADYM_Pos*/)              /*!< ITM 
 821:Drivers/CMSIS/Include/core_cm3.h **** 
 822:Drivers/CMSIS/Include/core_cm3.h **** /* ITM Integration Mode Control Register Definitions */
 823:Drivers/CMSIS/Include/core_cm3.h **** #define ITM_IMCR_INTEGRATION_Pos            0U                                            /*!< ITM 
 824:Drivers/CMSIS/Include/core_cm3.h **** #define ITM_IMCR_INTEGRATION_Msk           (1UL /*<< ITM_IMCR_INTEGRATION_Pos*/)          /*!< ITM 
 825:Drivers/CMSIS/Include/core_cm3.h **** 
 826:Drivers/CMSIS/Include/core_cm3.h **** /* ITM Lock Status Register Definitions */
 827:Drivers/CMSIS/Include/core_cm3.h **** #define ITM_LSR_ByteAcc_Pos                 2U                                            /*!< ITM 
 828:Drivers/CMSIS/Include/core_cm3.h **** #define ITM_LSR_ByteAcc_Msk                (1UL << ITM_LSR_ByteAcc_Pos)                   /*!< ITM 
 829:Drivers/CMSIS/Include/core_cm3.h **** 
 830:Drivers/CMSIS/Include/core_cm3.h **** #define ITM_LSR_Access_Pos                  1U                                            /*!< ITM 
 831:Drivers/CMSIS/Include/core_cm3.h **** #define ITM_LSR_Access_Msk                 (1UL << ITM_LSR_Access_Pos)                    /*!< ITM 
 832:Drivers/CMSIS/Include/core_cm3.h **** 
 833:Drivers/CMSIS/Include/core_cm3.h **** #define ITM_LSR_Present_Pos                 0U                                            /*!< ITM 
 834:Drivers/CMSIS/Include/core_cm3.h **** #define ITM_LSR_Present_Msk                (1UL /*<< ITM_LSR_Present_Pos*/)               /*!< ITM 
 835:Drivers/CMSIS/Include/core_cm3.h **** 
 836:Drivers/CMSIS/Include/core_cm3.h **** /*@}*/ /* end of group CMSIS_ITM */
 837:Drivers/CMSIS/Include/core_cm3.h **** 
 838:Drivers/CMSIS/Include/core_cm3.h **** 
 839:Drivers/CMSIS/Include/core_cm3.h **** /**
 840:Drivers/CMSIS/Include/core_cm3.h ****   \ingroup  CMSIS_core_register
 841:Drivers/CMSIS/Include/core_cm3.h ****   \defgroup CMSIS_DWT     Data Watchpoint and Trace (DWT)
 842:Drivers/CMSIS/Include/core_cm3.h ****   \brief    Type definitions for the Data Watchpoint and Trace (DWT)
 843:Drivers/CMSIS/Include/core_cm3.h ****   @{
 844:Drivers/CMSIS/Include/core_cm3.h ****  */
 845:Drivers/CMSIS/Include/core_cm3.h **** 
ARM GAS  C:\Users\Lamp\AppData\Local\Temp\ccvUe3eg.s 			page 20


 846:Drivers/CMSIS/Include/core_cm3.h **** /**
 847:Drivers/CMSIS/Include/core_cm3.h ****   \brief  Structure type to access the Data Watchpoint and Trace Register (DWT).
 848:Drivers/CMSIS/Include/core_cm3.h ****  */
 849:Drivers/CMSIS/Include/core_cm3.h **** typedef struct
 850:Drivers/CMSIS/Include/core_cm3.h **** {
 851:Drivers/CMSIS/Include/core_cm3.h ****   __IOM uint32_t CTRL;                   /*!< Offset: 0x000 (R/W)  Control Register */
 852:Drivers/CMSIS/Include/core_cm3.h ****   __IOM uint32_t CYCCNT;                 /*!< Offset: 0x004 (R/W)  Cycle Count Register */
 853:Drivers/CMSIS/Include/core_cm3.h ****   __IOM uint32_t CPICNT;                 /*!< Offset: 0x008 (R/W)  CPI Count Register */
 854:Drivers/CMSIS/Include/core_cm3.h ****   __IOM uint32_t EXCCNT;                 /*!< Offset: 0x00C (R/W)  Exception Overhead Count Registe
 855:Drivers/CMSIS/Include/core_cm3.h ****   __IOM uint32_t SLEEPCNT;               /*!< Offset: 0x010 (R/W)  Sleep Count Register */
 856:Drivers/CMSIS/Include/core_cm3.h ****   __IOM uint32_t LSUCNT;                 /*!< Offset: 0x014 (R/W)  LSU Count Register */
 857:Drivers/CMSIS/Include/core_cm3.h ****   __IOM uint32_t FOLDCNT;                /*!< Offset: 0x018 (R/W)  Folded-instruction Count Registe
 858:Drivers/CMSIS/Include/core_cm3.h ****   __IM  uint32_t PCSR;                   /*!< Offset: 0x01C (R/ )  Program Counter Sample Register 
 859:Drivers/CMSIS/Include/core_cm3.h ****   __IOM uint32_t COMP0;                  /*!< Offset: 0x020 (R/W)  Comparator Register 0 */
 860:Drivers/CMSIS/Include/core_cm3.h ****   __IOM uint32_t MASK0;                  /*!< Offset: 0x024 (R/W)  Mask Register 0 */
 861:Drivers/CMSIS/Include/core_cm3.h ****   __IOM uint32_t FUNCTION0;              /*!< Offset: 0x028 (R/W)  Function Register 0 */
 862:Drivers/CMSIS/Include/core_cm3.h ****         uint32_t RESERVED0[1U];
 863:Drivers/CMSIS/Include/core_cm3.h ****   __IOM uint32_t COMP1;                  /*!< Offset: 0x030 (R/W)  Comparator Register 1 */
 864:Drivers/CMSIS/Include/core_cm3.h ****   __IOM uint32_t MASK1;                  /*!< Offset: 0x034 (R/W)  Mask Register 1 */
 865:Drivers/CMSIS/Include/core_cm3.h ****   __IOM uint32_t FUNCTION1;              /*!< Offset: 0x038 (R/W)  Function Register 1 */
 866:Drivers/CMSIS/Include/core_cm3.h ****         uint32_t RESERVED1[1U];
 867:Drivers/CMSIS/Include/core_cm3.h ****   __IOM uint32_t COMP2;                  /*!< Offset: 0x040 (R/W)  Comparator Register 2 */
 868:Drivers/CMSIS/Include/core_cm3.h ****   __IOM uint32_t MASK2;                  /*!< Offset: 0x044 (R/W)  Mask Register 2 */
 869:Drivers/CMSIS/Include/core_cm3.h ****   __IOM uint32_t FUNCTION2;              /*!< Offset: 0x048 (R/W)  Function Register 2 */
 870:Drivers/CMSIS/Include/core_cm3.h ****         uint32_t RESERVED2[1U];
 871:Drivers/CMSIS/Include/core_cm3.h ****   __IOM uint32_t COMP3;                  /*!< Offset: 0x050 (R/W)  Comparator Register 3 */
 872:Drivers/CMSIS/Include/core_cm3.h ****   __IOM uint32_t MASK3;                  /*!< Offset: 0x054 (R/W)  Mask Register 3 */
 873:Drivers/CMSIS/Include/core_cm3.h ****   __IOM uint32_t FUNCTION3;              /*!< Offset: 0x058 (R/W)  Function Register 3 */
 874:Drivers/CMSIS/Include/core_cm3.h **** } DWT_Type;
 875:Drivers/CMSIS/Include/core_cm3.h **** 
 876:Drivers/CMSIS/Include/core_cm3.h **** /* DWT Control Register Definitions */
 877:Drivers/CMSIS/Include/core_cm3.h **** #define DWT_CTRL_NUMCOMP_Pos               28U                                         /*!< DWT CTR
 878:Drivers/CMSIS/Include/core_cm3.h **** #define DWT_CTRL_NUMCOMP_Msk               (0xFUL << DWT_CTRL_NUMCOMP_Pos)             /*!< DWT CTR
 879:Drivers/CMSIS/Include/core_cm3.h **** 
 880:Drivers/CMSIS/Include/core_cm3.h **** #define DWT_CTRL_NOTRCPKT_Pos              27U                                         /*!< DWT CTR
 881:Drivers/CMSIS/Include/core_cm3.h **** #define DWT_CTRL_NOTRCPKT_Msk              (0x1UL << DWT_CTRL_NOTRCPKT_Pos)            /*!< DWT CTR
 882:Drivers/CMSIS/Include/core_cm3.h **** 
 883:Drivers/CMSIS/Include/core_cm3.h **** #define DWT_CTRL_NOEXTTRIG_Pos             26U                                         /*!< DWT CTR
 884:Drivers/CMSIS/Include/core_cm3.h **** #define DWT_CTRL_NOEXTTRIG_Msk             (0x1UL << DWT_CTRL_NOEXTTRIG_Pos)           /*!< DWT CTR
 885:Drivers/CMSIS/Include/core_cm3.h **** 
 886:Drivers/CMSIS/Include/core_cm3.h **** #define DWT_CTRL_NOCYCCNT_Pos              25U                                         /*!< DWT CTR
 887:Drivers/CMSIS/Include/core_cm3.h **** #define DWT_CTRL_NOCYCCNT_Msk              (0x1UL << DWT_CTRL_NOCYCCNT_Pos)            /*!< DWT CTR
 888:Drivers/CMSIS/Include/core_cm3.h **** 
 889:Drivers/CMSIS/Include/core_cm3.h **** #define DWT_CTRL_NOPRFCNT_Pos              24U                                         /*!< DWT CTR
 890:Drivers/CMSIS/Include/core_cm3.h **** #define DWT_CTRL_NOPRFCNT_Msk              (0x1UL << DWT_CTRL_NOPRFCNT_Pos)            /*!< DWT CTR
 891:Drivers/CMSIS/Include/core_cm3.h **** 
 892:Drivers/CMSIS/Include/core_cm3.h **** #define DWT_CTRL_CYCEVTENA_Pos             22U                                         /*!< DWT CTR
 893:Drivers/CMSIS/Include/core_cm3.h **** #define DWT_CTRL_CYCEVTENA_Msk             (0x1UL << DWT_CTRL_CYCEVTENA_Pos)           /*!< DWT CTR
 894:Drivers/CMSIS/Include/core_cm3.h **** 
 895:Drivers/CMSIS/Include/core_cm3.h **** #define DWT_CTRL_FOLDEVTENA_Pos            21U                                         /*!< DWT CTR
 896:Drivers/CMSIS/Include/core_cm3.h **** #define DWT_CTRL_FOLDEVTENA_Msk            (0x1UL << DWT_CTRL_FOLDEVTENA_Pos)          /*!< DWT CTR
 897:Drivers/CMSIS/Include/core_cm3.h **** 
 898:Drivers/CMSIS/Include/core_cm3.h **** #define DWT_CTRL_LSUEVTENA_Pos             20U                                         /*!< DWT CTR
 899:Drivers/CMSIS/Include/core_cm3.h **** #define DWT_CTRL_LSUEVTENA_Msk             (0x1UL << DWT_CTRL_LSUEVTENA_Pos)           /*!< DWT CTR
 900:Drivers/CMSIS/Include/core_cm3.h **** 
 901:Drivers/CMSIS/Include/core_cm3.h **** #define DWT_CTRL_SLEEPEVTENA_Pos           19U                                         /*!< DWT CTR
 902:Drivers/CMSIS/Include/core_cm3.h **** #define DWT_CTRL_SLEEPEVTENA_Msk           (0x1UL << DWT_CTRL_SLEEPEVTENA_Pos)         /*!< DWT CTR
ARM GAS  C:\Users\Lamp\AppData\Local\Temp\ccvUe3eg.s 			page 21


 903:Drivers/CMSIS/Include/core_cm3.h **** 
 904:Drivers/CMSIS/Include/core_cm3.h **** #define DWT_CTRL_EXCEVTENA_Pos             18U                                         /*!< DWT CTR
 905:Drivers/CMSIS/Include/core_cm3.h **** #define DWT_CTRL_EXCEVTENA_Msk             (0x1UL << DWT_CTRL_EXCEVTENA_Pos)           /*!< DWT CTR
 906:Drivers/CMSIS/Include/core_cm3.h **** 
 907:Drivers/CMSIS/Include/core_cm3.h **** #define DWT_CTRL_CPIEVTENA_Pos             17U                                         /*!< DWT CTR
 908:Drivers/CMSIS/Include/core_cm3.h **** #define DWT_CTRL_CPIEVTENA_Msk             (0x1UL << DWT_CTRL_CPIEVTENA_Pos)           /*!< DWT CTR
 909:Drivers/CMSIS/Include/core_cm3.h **** 
 910:Drivers/CMSIS/Include/core_cm3.h **** #define DWT_CTRL_EXCTRCENA_Pos             16U                                         /*!< DWT CTR
 911:Drivers/CMSIS/Include/core_cm3.h **** #define DWT_CTRL_EXCTRCENA_Msk             (0x1UL << DWT_CTRL_EXCTRCENA_Pos)           /*!< DWT CTR
 912:Drivers/CMSIS/Include/core_cm3.h **** 
 913:Drivers/CMSIS/Include/core_cm3.h **** #define DWT_CTRL_PCSAMPLENA_Pos            12U                                         /*!< DWT CTR
 914:Drivers/CMSIS/Include/core_cm3.h **** #define DWT_CTRL_PCSAMPLENA_Msk            (0x1UL << DWT_CTRL_PCSAMPLENA_Pos)          /*!< DWT CTR
 915:Drivers/CMSIS/Include/core_cm3.h **** 
 916:Drivers/CMSIS/Include/core_cm3.h **** #define DWT_CTRL_SYNCTAP_Pos               10U                                         /*!< DWT CTR
 917:Drivers/CMSIS/Include/core_cm3.h **** #define DWT_CTRL_SYNCTAP_Msk               (0x3UL << DWT_CTRL_SYNCTAP_Pos)             /*!< DWT CTR
 918:Drivers/CMSIS/Include/core_cm3.h **** 
 919:Drivers/CMSIS/Include/core_cm3.h **** #define DWT_CTRL_CYCTAP_Pos                 9U                                         /*!< DWT CTR
 920:Drivers/CMSIS/Include/core_cm3.h **** #define DWT_CTRL_CYCTAP_Msk                (0x1UL << DWT_CTRL_CYCTAP_Pos)              /*!< DWT CTR
 921:Drivers/CMSIS/Include/core_cm3.h **** 
 922:Drivers/CMSIS/Include/core_cm3.h **** #define DWT_CTRL_POSTINIT_Pos               5U                                         /*!< DWT CTR
 923:Drivers/CMSIS/Include/core_cm3.h **** #define DWT_CTRL_POSTINIT_Msk              (0xFUL << DWT_CTRL_POSTINIT_Pos)            /*!< DWT CTR
 924:Drivers/CMSIS/Include/core_cm3.h **** 
 925:Drivers/CMSIS/Include/core_cm3.h **** #define DWT_CTRL_POSTPRESET_Pos             1U                                         /*!< DWT CTR
 926:Drivers/CMSIS/Include/core_cm3.h **** #define DWT_CTRL_POSTPRESET_Msk            (0xFUL << DWT_CTRL_POSTPRESET_Pos)          /*!< DWT CTR
 927:Drivers/CMSIS/Include/core_cm3.h **** 
 928:Drivers/CMSIS/Include/core_cm3.h **** #define DWT_CTRL_CYCCNTENA_Pos              0U                                         /*!< DWT CTR
 929:Drivers/CMSIS/Include/core_cm3.h **** #define DWT_CTRL_CYCCNTENA_Msk             (0x1UL /*<< DWT_CTRL_CYCCNTENA_Pos*/)       /*!< DWT CTR
 930:Drivers/CMSIS/Include/core_cm3.h **** 
 931:Drivers/CMSIS/Include/core_cm3.h **** /* DWT CPI Count Register Definitions */
 932:Drivers/CMSIS/Include/core_cm3.h **** #define DWT_CPICNT_CPICNT_Pos               0U                                         /*!< DWT CPI
 933:Drivers/CMSIS/Include/core_cm3.h **** #define DWT_CPICNT_CPICNT_Msk              (0xFFUL /*<< DWT_CPICNT_CPICNT_Pos*/)       /*!< DWT CPI
 934:Drivers/CMSIS/Include/core_cm3.h **** 
 935:Drivers/CMSIS/Include/core_cm3.h **** /* DWT Exception Overhead Count Register Definitions */
 936:Drivers/CMSIS/Include/core_cm3.h **** #define DWT_EXCCNT_EXCCNT_Pos               0U                                         /*!< DWT EXC
 937:Drivers/CMSIS/Include/core_cm3.h **** #define DWT_EXCCNT_EXCCNT_Msk              (0xFFUL /*<< DWT_EXCCNT_EXCCNT_Pos*/)       /*!< DWT EXC
 938:Drivers/CMSIS/Include/core_cm3.h **** 
 939:Drivers/CMSIS/Include/core_cm3.h **** /* DWT Sleep Count Register Definitions */
 940:Drivers/CMSIS/Include/core_cm3.h **** #define DWT_SLEEPCNT_SLEEPCNT_Pos           0U                                         /*!< DWT SLE
 941:Drivers/CMSIS/Include/core_cm3.h **** #define DWT_SLEEPCNT_SLEEPCNT_Msk          (0xFFUL /*<< DWT_SLEEPCNT_SLEEPCNT_Pos*/)   /*!< DWT SLE
 942:Drivers/CMSIS/Include/core_cm3.h **** 
 943:Drivers/CMSIS/Include/core_cm3.h **** /* DWT LSU Count Register Definitions */
 944:Drivers/CMSIS/Include/core_cm3.h **** #define DWT_LSUCNT_LSUCNT_Pos               0U                                         /*!< DWT LSU
 945:Drivers/CMSIS/Include/core_cm3.h **** #define DWT_LSUCNT_LSUCNT_Msk              (0xFFUL /*<< DWT_LSUCNT_LSUCNT_Pos*/)       /*!< DWT LSU
 946:Drivers/CMSIS/Include/core_cm3.h **** 
 947:Drivers/CMSIS/Include/core_cm3.h **** /* DWT Folded-instruction Count Register Definitions */
 948:Drivers/CMSIS/Include/core_cm3.h **** #define DWT_FOLDCNT_FOLDCNT_Pos             0U                                         /*!< DWT FOL
 949:Drivers/CMSIS/Include/core_cm3.h **** #define DWT_FOLDCNT_FOLDCNT_Msk            (0xFFUL /*<< DWT_FOLDCNT_FOLDCNT_Pos*/)     /*!< DWT FOL
 950:Drivers/CMSIS/Include/core_cm3.h **** 
 951:Drivers/CMSIS/Include/core_cm3.h **** /* DWT Comparator Mask Register Definitions */
 952:Drivers/CMSIS/Include/core_cm3.h **** #define DWT_MASK_MASK_Pos                   0U                                         /*!< DWT MAS
 953:Drivers/CMSIS/Include/core_cm3.h **** #define DWT_MASK_MASK_Msk                  (0x1FUL /*<< DWT_MASK_MASK_Pos*/)           /*!< DWT MAS
 954:Drivers/CMSIS/Include/core_cm3.h **** 
 955:Drivers/CMSIS/Include/core_cm3.h **** /* DWT Comparator Function Register Definitions */
 956:Drivers/CMSIS/Include/core_cm3.h **** #define DWT_FUNCTION_MATCHED_Pos           24U                                         /*!< DWT FUN
 957:Drivers/CMSIS/Include/core_cm3.h **** #define DWT_FUNCTION_MATCHED_Msk           (0x1UL << DWT_FUNCTION_MATCHED_Pos)         /*!< DWT FUN
 958:Drivers/CMSIS/Include/core_cm3.h **** 
 959:Drivers/CMSIS/Include/core_cm3.h **** #define DWT_FUNCTION_DATAVADDR1_Pos        16U                                         /*!< DWT FUN
ARM GAS  C:\Users\Lamp\AppData\Local\Temp\ccvUe3eg.s 			page 22


 960:Drivers/CMSIS/Include/core_cm3.h **** #define DWT_FUNCTION_DATAVADDR1_Msk        (0xFUL << DWT_FUNCTION_DATAVADDR1_Pos)      /*!< DWT FUN
 961:Drivers/CMSIS/Include/core_cm3.h **** 
 962:Drivers/CMSIS/Include/core_cm3.h **** #define DWT_FUNCTION_DATAVADDR0_Pos        12U                                         /*!< DWT FUN
 963:Drivers/CMSIS/Include/core_cm3.h **** #define DWT_FUNCTION_DATAVADDR0_Msk        (0xFUL << DWT_FUNCTION_DATAVADDR0_Pos)      /*!< DWT FUN
 964:Drivers/CMSIS/Include/core_cm3.h **** 
 965:Drivers/CMSIS/Include/core_cm3.h **** #define DWT_FUNCTION_DATAVSIZE_Pos         10U                                         /*!< DWT FUN
 966:Drivers/CMSIS/Include/core_cm3.h **** #define DWT_FUNCTION_DATAVSIZE_Msk         (0x3UL << DWT_FUNCTION_DATAVSIZE_Pos)       /*!< DWT FUN
 967:Drivers/CMSIS/Include/core_cm3.h **** 
 968:Drivers/CMSIS/Include/core_cm3.h **** #define DWT_FUNCTION_LNK1ENA_Pos            9U                                         /*!< DWT FUN
 969:Drivers/CMSIS/Include/core_cm3.h **** #define DWT_FUNCTION_LNK1ENA_Msk           (0x1UL << DWT_FUNCTION_LNK1ENA_Pos)         /*!< DWT FUN
 970:Drivers/CMSIS/Include/core_cm3.h **** 
 971:Drivers/CMSIS/Include/core_cm3.h **** #define DWT_FUNCTION_DATAVMATCH_Pos         8U                                         /*!< DWT FUN
 972:Drivers/CMSIS/Include/core_cm3.h **** #define DWT_FUNCTION_DATAVMATCH_Msk        (0x1UL << DWT_FUNCTION_DATAVMATCH_Pos)      /*!< DWT FUN
 973:Drivers/CMSIS/Include/core_cm3.h **** 
 974:Drivers/CMSIS/Include/core_cm3.h **** #define DWT_FUNCTION_CYCMATCH_Pos           7U                                         /*!< DWT FUN
 975:Drivers/CMSIS/Include/core_cm3.h **** #define DWT_FUNCTION_CYCMATCH_Msk          (0x1UL << DWT_FUNCTION_CYCMATCH_Pos)        /*!< DWT FUN
 976:Drivers/CMSIS/Include/core_cm3.h **** 
 977:Drivers/CMSIS/Include/core_cm3.h **** #define DWT_FUNCTION_EMITRANGE_Pos          5U                                         /*!< DWT FUN
 978:Drivers/CMSIS/Include/core_cm3.h **** #define DWT_FUNCTION_EMITRANGE_Msk         (0x1UL << DWT_FUNCTION_EMITRANGE_Pos)       /*!< DWT FUN
 979:Drivers/CMSIS/Include/core_cm3.h **** 
 980:Drivers/CMSIS/Include/core_cm3.h **** #define DWT_FUNCTION_FUNCTION_Pos           0U                                         /*!< DWT FUN
 981:Drivers/CMSIS/Include/core_cm3.h **** #define DWT_FUNCTION_FUNCTION_Msk          (0xFUL /*<< DWT_FUNCTION_FUNCTION_Pos*/)    /*!< DWT FUN
 982:Drivers/CMSIS/Include/core_cm3.h **** 
 983:Drivers/CMSIS/Include/core_cm3.h **** /*@}*/ /* end of group CMSIS_DWT */
 984:Drivers/CMSIS/Include/core_cm3.h **** 
 985:Drivers/CMSIS/Include/core_cm3.h **** 
 986:Drivers/CMSIS/Include/core_cm3.h **** /**
 987:Drivers/CMSIS/Include/core_cm3.h ****   \ingroup  CMSIS_core_register
 988:Drivers/CMSIS/Include/core_cm3.h ****   \defgroup CMSIS_TPI     Trace Port Interface (TPI)
 989:Drivers/CMSIS/Include/core_cm3.h ****   \brief    Type definitions for the Trace Port Interface (TPI)
 990:Drivers/CMSIS/Include/core_cm3.h ****   @{
 991:Drivers/CMSIS/Include/core_cm3.h ****  */
 992:Drivers/CMSIS/Include/core_cm3.h **** 
 993:Drivers/CMSIS/Include/core_cm3.h **** /**
 994:Drivers/CMSIS/Include/core_cm3.h ****   \brief  Structure type to access the Trace Port Interface Register (TPI).
 995:Drivers/CMSIS/Include/core_cm3.h ****  */
 996:Drivers/CMSIS/Include/core_cm3.h **** typedef struct
 997:Drivers/CMSIS/Include/core_cm3.h **** {
 998:Drivers/CMSIS/Include/core_cm3.h ****   __IM  uint32_t SSPSR;                  /*!< Offset: 0x000 (R/ )  Supported Parallel Port Size Reg
 999:Drivers/CMSIS/Include/core_cm3.h ****   __IOM uint32_t CSPSR;                  /*!< Offset: 0x004 (R/W)  Current Parallel Port Size Regis
1000:Drivers/CMSIS/Include/core_cm3.h ****         uint32_t RESERVED0[2U];
1001:Drivers/CMSIS/Include/core_cm3.h ****   __IOM uint32_t ACPR;                   /*!< Offset: 0x010 (R/W)  Asynchronous Clock Prescaler Reg
1002:Drivers/CMSIS/Include/core_cm3.h ****         uint32_t RESERVED1[55U];
1003:Drivers/CMSIS/Include/core_cm3.h ****   __IOM uint32_t SPPR;                   /*!< Offset: 0x0F0 (R/W)  Selected Pin Protocol Register *
1004:Drivers/CMSIS/Include/core_cm3.h ****         uint32_t RESERVED2[131U];
1005:Drivers/CMSIS/Include/core_cm3.h ****   __IM  uint32_t FFSR;                   /*!< Offset: 0x300 (R/ )  Formatter and Flush Status Regis
1006:Drivers/CMSIS/Include/core_cm3.h ****   __IOM uint32_t FFCR;                   /*!< Offset: 0x304 (R/W)  Formatter and Flush Control Regi
1007:Drivers/CMSIS/Include/core_cm3.h ****   __IM  uint32_t FSCR;                   /*!< Offset: 0x308 (R/ )  Formatter Synchronization Counte
1008:Drivers/CMSIS/Include/core_cm3.h ****         uint32_t RESERVED3[759U];
1009:Drivers/CMSIS/Include/core_cm3.h ****   __IM  uint32_t TRIGGER;                /*!< Offset: 0xEE8 (R/ )  TRIGGER Register */
1010:Drivers/CMSIS/Include/core_cm3.h ****   __IM  uint32_t FIFO0;                  /*!< Offset: 0xEEC (R/ )  Integration ETM Data */
1011:Drivers/CMSIS/Include/core_cm3.h ****   __IM  uint32_t ITATBCTR2;              /*!< Offset: 0xEF0 (R/ )  ITATBCTR2 */
1012:Drivers/CMSIS/Include/core_cm3.h ****         uint32_t RESERVED4[1U];
1013:Drivers/CMSIS/Include/core_cm3.h ****   __IM  uint32_t ITATBCTR0;              /*!< Offset: 0xEF8 (R/ )  ITATBCTR0 */
1014:Drivers/CMSIS/Include/core_cm3.h ****   __IM  uint32_t FIFO1;                  /*!< Offset: 0xEFC (R/ )  Integration ITM Data */
1015:Drivers/CMSIS/Include/core_cm3.h ****   __IOM uint32_t ITCTRL;                 /*!< Offset: 0xF00 (R/W)  Integration Mode Control */
1016:Drivers/CMSIS/Include/core_cm3.h ****         uint32_t RESERVED5[39U];
ARM GAS  C:\Users\Lamp\AppData\Local\Temp\ccvUe3eg.s 			page 23


1017:Drivers/CMSIS/Include/core_cm3.h ****   __IOM uint32_t CLAIMSET;               /*!< Offset: 0xFA0 (R/W)  Claim tag set */
1018:Drivers/CMSIS/Include/core_cm3.h ****   __IOM uint32_t CLAIMCLR;               /*!< Offset: 0xFA4 (R/W)  Claim tag clear */
1019:Drivers/CMSIS/Include/core_cm3.h ****         uint32_t RESERVED7[8U];
1020:Drivers/CMSIS/Include/core_cm3.h ****   __IM  uint32_t DEVID;                  /*!< Offset: 0xFC8 (R/ )  TPIU_DEVID */
1021:Drivers/CMSIS/Include/core_cm3.h ****   __IM  uint32_t DEVTYPE;                /*!< Offset: 0xFCC (R/ )  TPIU_DEVTYPE */
1022:Drivers/CMSIS/Include/core_cm3.h **** } TPI_Type;
1023:Drivers/CMSIS/Include/core_cm3.h **** 
1024:Drivers/CMSIS/Include/core_cm3.h **** /* TPI Asynchronous Clock Prescaler Register Definitions */
1025:Drivers/CMSIS/Include/core_cm3.h **** #define TPI_ACPR_PRESCALER_Pos              0U                                         /*!< TPI ACP
1026:Drivers/CMSIS/Include/core_cm3.h **** #define TPI_ACPR_PRESCALER_Msk             (0x1FFFUL /*<< TPI_ACPR_PRESCALER_Pos*/)    /*!< TPI ACP
1027:Drivers/CMSIS/Include/core_cm3.h **** 
1028:Drivers/CMSIS/Include/core_cm3.h **** /* TPI Selected Pin Protocol Register Definitions */
1029:Drivers/CMSIS/Include/core_cm3.h **** #define TPI_SPPR_TXMODE_Pos                 0U                                         /*!< TPI SPP
1030:Drivers/CMSIS/Include/core_cm3.h **** #define TPI_SPPR_TXMODE_Msk                (0x3UL /*<< TPI_SPPR_TXMODE_Pos*/)          /*!< TPI SPP
1031:Drivers/CMSIS/Include/core_cm3.h **** 
1032:Drivers/CMSIS/Include/core_cm3.h **** /* TPI Formatter and Flush Status Register Definitions */
1033:Drivers/CMSIS/Include/core_cm3.h **** #define TPI_FFSR_FtNonStop_Pos              3U                                         /*!< TPI FFS
1034:Drivers/CMSIS/Include/core_cm3.h **** #define TPI_FFSR_FtNonStop_Msk             (0x1UL << TPI_FFSR_FtNonStop_Pos)           /*!< TPI FFS
1035:Drivers/CMSIS/Include/core_cm3.h **** 
1036:Drivers/CMSIS/Include/core_cm3.h **** #define TPI_FFSR_TCPresent_Pos              2U                                         /*!< TPI FFS
1037:Drivers/CMSIS/Include/core_cm3.h **** #define TPI_FFSR_TCPresent_Msk             (0x1UL << TPI_FFSR_TCPresent_Pos)           /*!< TPI FFS
1038:Drivers/CMSIS/Include/core_cm3.h **** 
1039:Drivers/CMSIS/Include/core_cm3.h **** #define TPI_FFSR_FtStopped_Pos              1U                                         /*!< TPI FFS
1040:Drivers/CMSIS/Include/core_cm3.h **** #define TPI_FFSR_FtStopped_Msk             (0x1UL << TPI_FFSR_FtStopped_Pos)           /*!< TPI FFS
1041:Drivers/CMSIS/Include/core_cm3.h **** 
1042:Drivers/CMSIS/Include/core_cm3.h **** #define TPI_FFSR_FlInProg_Pos               0U                                         /*!< TPI FFS
1043:Drivers/CMSIS/Include/core_cm3.h **** #define TPI_FFSR_FlInProg_Msk              (0x1UL /*<< TPI_FFSR_FlInProg_Pos*/)        /*!< TPI FFS
1044:Drivers/CMSIS/Include/core_cm3.h **** 
1045:Drivers/CMSIS/Include/core_cm3.h **** /* TPI Formatter and Flush Control Register Definitions */
1046:Drivers/CMSIS/Include/core_cm3.h **** #define TPI_FFCR_TrigIn_Pos                 8U                                         /*!< TPI FFC
1047:Drivers/CMSIS/Include/core_cm3.h **** #define TPI_FFCR_TrigIn_Msk                (0x1UL << TPI_FFCR_TrigIn_Pos)              /*!< TPI FFC
1048:Drivers/CMSIS/Include/core_cm3.h **** 
1049:Drivers/CMSIS/Include/core_cm3.h **** #define TPI_FFCR_EnFCont_Pos                1U                                         /*!< TPI FFC
1050:Drivers/CMSIS/Include/core_cm3.h **** #define TPI_FFCR_EnFCont_Msk               (0x1UL << TPI_FFCR_EnFCont_Pos)             /*!< TPI FFC
1051:Drivers/CMSIS/Include/core_cm3.h **** 
1052:Drivers/CMSIS/Include/core_cm3.h **** /* TPI TRIGGER Register Definitions */
1053:Drivers/CMSIS/Include/core_cm3.h **** #define TPI_TRIGGER_TRIGGER_Pos             0U                                         /*!< TPI TRI
1054:Drivers/CMSIS/Include/core_cm3.h **** #define TPI_TRIGGER_TRIGGER_Msk            (0x1UL /*<< TPI_TRIGGER_TRIGGER_Pos*/)      /*!< TPI TRI
1055:Drivers/CMSIS/Include/core_cm3.h **** 
1056:Drivers/CMSIS/Include/core_cm3.h **** /* TPI Integration ETM Data Register Definitions (FIFO0) */
1057:Drivers/CMSIS/Include/core_cm3.h **** #define TPI_FIFO0_ITM_ATVALID_Pos          29U                                         /*!< TPI FIF
1058:Drivers/CMSIS/Include/core_cm3.h **** #define TPI_FIFO0_ITM_ATVALID_Msk          (0x3UL << TPI_FIFO0_ITM_ATVALID_Pos)        /*!< TPI FIF
1059:Drivers/CMSIS/Include/core_cm3.h **** 
1060:Drivers/CMSIS/Include/core_cm3.h **** #define TPI_FIFO0_ITM_bytecount_Pos        27U                                         /*!< TPI FIF
1061:Drivers/CMSIS/Include/core_cm3.h **** #define TPI_FIFO0_ITM_bytecount_Msk        (0x3UL << TPI_FIFO0_ITM_bytecount_Pos)      /*!< TPI FIF
1062:Drivers/CMSIS/Include/core_cm3.h **** 
1063:Drivers/CMSIS/Include/core_cm3.h **** #define TPI_FIFO0_ETM_ATVALID_Pos          26U                                         /*!< TPI FIF
1064:Drivers/CMSIS/Include/core_cm3.h **** #define TPI_FIFO0_ETM_ATVALID_Msk          (0x3UL << TPI_FIFO0_ETM_ATVALID_Pos)        /*!< TPI FIF
1065:Drivers/CMSIS/Include/core_cm3.h **** 
1066:Drivers/CMSIS/Include/core_cm3.h **** #define TPI_FIFO0_ETM_bytecount_Pos        24U                                         /*!< TPI FIF
1067:Drivers/CMSIS/Include/core_cm3.h **** #define TPI_FIFO0_ETM_bytecount_Msk        (0x3UL << TPI_FIFO0_ETM_bytecount_Pos)      /*!< TPI FIF
1068:Drivers/CMSIS/Include/core_cm3.h **** 
1069:Drivers/CMSIS/Include/core_cm3.h **** #define TPI_FIFO0_ETM2_Pos                 16U                                         /*!< TPI FIF
1070:Drivers/CMSIS/Include/core_cm3.h **** #define TPI_FIFO0_ETM2_Msk                 (0xFFUL << TPI_FIFO0_ETM2_Pos)              /*!< TPI FIF
1071:Drivers/CMSIS/Include/core_cm3.h **** 
1072:Drivers/CMSIS/Include/core_cm3.h **** #define TPI_FIFO0_ETM1_Pos                  8U                                         /*!< TPI FIF
1073:Drivers/CMSIS/Include/core_cm3.h **** #define TPI_FIFO0_ETM1_Msk                 (0xFFUL << TPI_FIFO0_ETM1_Pos)              /*!< TPI FIF
ARM GAS  C:\Users\Lamp\AppData\Local\Temp\ccvUe3eg.s 			page 24


1074:Drivers/CMSIS/Include/core_cm3.h **** 
1075:Drivers/CMSIS/Include/core_cm3.h **** #define TPI_FIFO0_ETM0_Pos                  0U                                         /*!< TPI FIF
1076:Drivers/CMSIS/Include/core_cm3.h **** #define TPI_FIFO0_ETM0_Msk                 (0xFFUL /*<< TPI_FIFO0_ETM0_Pos*/)          /*!< TPI FIF
1077:Drivers/CMSIS/Include/core_cm3.h **** 
1078:Drivers/CMSIS/Include/core_cm3.h **** /* TPI ITATBCTR2 Register Definitions */
1079:Drivers/CMSIS/Include/core_cm3.h **** #define TPI_ITATBCTR2_ATREADY2_Pos          0U                                         /*!< TPI ITA
1080:Drivers/CMSIS/Include/core_cm3.h **** #define TPI_ITATBCTR2_ATREADY2_Msk         (0x1UL /*<< TPI_ITATBCTR2_ATREADY2_Pos*/)   /*!< TPI ITA
1081:Drivers/CMSIS/Include/core_cm3.h **** 
1082:Drivers/CMSIS/Include/core_cm3.h **** #define TPI_ITATBCTR2_ATREADY1_Pos          0U                                         /*!< TPI ITA
1083:Drivers/CMSIS/Include/core_cm3.h **** #define TPI_ITATBCTR2_ATREADY1_Msk         (0x1UL /*<< TPI_ITATBCTR2_ATREADY1_Pos*/)   /*!< TPI ITA
1084:Drivers/CMSIS/Include/core_cm3.h **** 
1085:Drivers/CMSIS/Include/core_cm3.h **** /* TPI Integration ITM Data Register Definitions (FIFO1) */
1086:Drivers/CMSIS/Include/core_cm3.h **** #define TPI_FIFO1_ITM_ATVALID_Pos          29U                                         /*!< TPI FIF
1087:Drivers/CMSIS/Include/core_cm3.h **** #define TPI_FIFO1_ITM_ATVALID_Msk          (0x3UL << TPI_FIFO1_ITM_ATVALID_Pos)        /*!< TPI FIF
1088:Drivers/CMSIS/Include/core_cm3.h **** 
1089:Drivers/CMSIS/Include/core_cm3.h **** #define TPI_FIFO1_ITM_bytecount_Pos        27U                                         /*!< TPI FIF
1090:Drivers/CMSIS/Include/core_cm3.h **** #define TPI_FIFO1_ITM_bytecount_Msk        (0x3UL << TPI_FIFO1_ITM_bytecount_Pos)      /*!< TPI FIF
1091:Drivers/CMSIS/Include/core_cm3.h **** 
1092:Drivers/CMSIS/Include/core_cm3.h **** #define TPI_FIFO1_ETM_ATVALID_Pos          26U                                         /*!< TPI FIF
1093:Drivers/CMSIS/Include/core_cm3.h **** #define TPI_FIFO1_ETM_ATVALID_Msk          (0x3UL << TPI_FIFO1_ETM_ATVALID_Pos)        /*!< TPI FIF
1094:Drivers/CMSIS/Include/core_cm3.h **** 
1095:Drivers/CMSIS/Include/core_cm3.h **** #define TPI_FIFO1_ETM_bytecount_Pos        24U                                         /*!< TPI FIF
1096:Drivers/CMSIS/Include/core_cm3.h **** #define TPI_FIFO1_ETM_bytecount_Msk        (0x3UL << TPI_FIFO1_ETM_bytecount_Pos)      /*!< TPI FIF
1097:Drivers/CMSIS/Include/core_cm3.h **** 
1098:Drivers/CMSIS/Include/core_cm3.h **** #define TPI_FIFO1_ITM2_Pos                 16U                                         /*!< TPI FIF
1099:Drivers/CMSIS/Include/core_cm3.h **** #define TPI_FIFO1_ITM2_Msk                 (0xFFUL << TPI_FIFO1_ITM2_Pos)              /*!< TPI FIF
1100:Drivers/CMSIS/Include/core_cm3.h **** 
1101:Drivers/CMSIS/Include/core_cm3.h **** #define TPI_FIFO1_ITM1_Pos                  8U                                         /*!< TPI FIF
1102:Drivers/CMSIS/Include/core_cm3.h **** #define TPI_FIFO1_ITM1_Msk                 (0xFFUL << TPI_FIFO1_ITM1_Pos)              /*!< TPI FIF
1103:Drivers/CMSIS/Include/core_cm3.h **** 
1104:Drivers/CMSIS/Include/core_cm3.h **** #define TPI_FIFO1_ITM0_Pos                  0U                                         /*!< TPI FIF
1105:Drivers/CMSIS/Include/core_cm3.h **** #define TPI_FIFO1_ITM0_Msk                 (0xFFUL /*<< TPI_FIFO1_ITM0_Pos*/)          /*!< TPI FIF
1106:Drivers/CMSIS/Include/core_cm3.h **** 
1107:Drivers/CMSIS/Include/core_cm3.h **** /* TPI ITATBCTR0 Register Definitions */
1108:Drivers/CMSIS/Include/core_cm3.h **** #define TPI_ITATBCTR0_ATREADY2_Pos          0U                                         /*!< TPI ITA
1109:Drivers/CMSIS/Include/core_cm3.h **** #define TPI_ITATBCTR0_ATREADY2_Msk         (0x1UL /*<< TPI_ITATBCTR0_ATREADY2_Pos*/)   /*!< TPI ITA
1110:Drivers/CMSIS/Include/core_cm3.h **** 
1111:Drivers/CMSIS/Include/core_cm3.h **** #define TPI_ITATBCTR0_ATREADY1_Pos          0U                                         /*!< TPI ITA
1112:Drivers/CMSIS/Include/core_cm3.h **** #define TPI_ITATBCTR0_ATREADY1_Msk         (0x1UL /*<< TPI_ITATBCTR0_ATREADY1_Pos*/)   /*!< TPI ITA
1113:Drivers/CMSIS/Include/core_cm3.h **** 
1114:Drivers/CMSIS/Include/core_cm3.h **** /* TPI Integration Mode Control Register Definitions */
1115:Drivers/CMSIS/Include/core_cm3.h **** #define TPI_ITCTRL_Mode_Pos                 0U                                         /*!< TPI ITC
1116:Drivers/CMSIS/Include/core_cm3.h **** #define TPI_ITCTRL_Mode_Msk                (0x3UL /*<< TPI_ITCTRL_Mode_Pos*/)          /*!< TPI ITC
1117:Drivers/CMSIS/Include/core_cm3.h **** 
1118:Drivers/CMSIS/Include/core_cm3.h **** /* TPI DEVID Register Definitions */
1119:Drivers/CMSIS/Include/core_cm3.h **** #define TPI_DEVID_NRZVALID_Pos             11U                                         /*!< TPI DEV
1120:Drivers/CMSIS/Include/core_cm3.h **** #define TPI_DEVID_NRZVALID_Msk             (0x1UL << TPI_DEVID_NRZVALID_Pos)           /*!< TPI DEV
1121:Drivers/CMSIS/Include/core_cm3.h **** 
1122:Drivers/CMSIS/Include/core_cm3.h **** #define TPI_DEVID_MANCVALID_Pos            10U                                         /*!< TPI DEV
1123:Drivers/CMSIS/Include/core_cm3.h **** #define TPI_DEVID_MANCVALID_Msk            (0x1UL << TPI_DEVID_MANCVALID_Pos)          /*!< TPI DEV
1124:Drivers/CMSIS/Include/core_cm3.h **** 
1125:Drivers/CMSIS/Include/core_cm3.h **** #define TPI_DEVID_PTINVALID_Pos             9U                                         /*!< TPI DEV
1126:Drivers/CMSIS/Include/core_cm3.h **** #define TPI_DEVID_PTINVALID_Msk            (0x1UL << TPI_DEVID_PTINVALID_Pos)          /*!< TPI DEV
1127:Drivers/CMSIS/Include/core_cm3.h **** 
1128:Drivers/CMSIS/Include/core_cm3.h **** #define TPI_DEVID_MinBufSz_Pos              6U                                         /*!< TPI DEV
1129:Drivers/CMSIS/Include/core_cm3.h **** #define TPI_DEVID_MinBufSz_Msk             (0x7UL << TPI_DEVID_MinBufSz_Pos)           /*!< TPI DEV
1130:Drivers/CMSIS/Include/core_cm3.h **** 
ARM GAS  C:\Users\Lamp\AppData\Local\Temp\ccvUe3eg.s 			page 25


1131:Drivers/CMSIS/Include/core_cm3.h **** #define TPI_DEVID_AsynClkIn_Pos             5U                                         /*!< TPI DEV
1132:Drivers/CMSIS/Include/core_cm3.h **** #define TPI_DEVID_AsynClkIn_Msk            (0x1UL << TPI_DEVID_AsynClkIn_Pos)          /*!< TPI DEV
1133:Drivers/CMSIS/Include/core_cm3.h **** 
1134:Drivers/CMSIS/Include/core_cm3.h **** #define TPI_DEVID_NrTraceInput_Pos          0U                                         /*!< TPI DEV
1135:Drivers/CMSIS/Include/core_cm3.h **** #define TPI_DEVID_NrTraceInput_Msk         (0x1FUL /*<< TPI_DEVID_NrTraceInput_Pos*/)  /*!< TPI DEV
1136:Drivers/CMSIS/Include/core_cm3.h **** 
1137:Drivers/CMSIS/Include/core_cm3.h **** /* TPI DEVTYPE Register Definitions */
1138:Drivers/CMSIS/Include/core_cm3.h **** #define TPI_DEVTYPE_SubType_Pos             4U                                         /*!< TPI DEV
1139:Drivers/CMSIS/Include/core_cm3.h **** #define TPI_DEVTYPE_SubType_Msk            (0xFUL /*<< TPI_DEVTYPE_SubType_Pos*/)      /*!< TPI DEV
1140:Drivers/CMSIS/Include/core_cm3.h **** 
1141:Drivers/CMSIS/Include/core_cm3.h **** #define TPI_DEVTYPE_MajorType_Pos           0U                                         /*!< TPI DEV
1142:Drivers/CMSIS/Include/core_cm3.h **** #define TPI_DEVTYPE_MajorType_Msk          (0xFUL << TPI_DEVTYPE_MajorType_Pos)        /*!< TPI DEV
1143:Drivers/CMSIS/Include/core_cm3.h **** 
1144:Drivers/CMSIS/Include/core_cm3.h **** /*@}*/ /* end of group CMSIS_TPI */
1145:Drivers/CMSIS/Include/core_cm3.h **** 
1146:Drivers/CMSIS/Include/core_cm3.h **** 
1147:Drivers/CMSIS/Include/core_cm3.h **** #if defined (__MPU_PRESENT) && (__MPU_PRESENT == 1U)
1148:Drivers/CMSIS/Include/core_cm3.h **** /**
1149:Drivers/CMSIS/Include/core_cm3.h ****   \ingroup  CMSIS_core_register
1150:Drivers/CMSIS/Include/core_cm3.h ****   \defgroup CMSIS_MPU     Memory Protection Unit (MPU)
1151:Drivers/CMSIS/Include/core_cm3.h ****   \brief    Type definitions for the Memory Protection Unit (MPU)
1152:Drivers/CMSIS/Include/core_cm3.h ****   @{
1153:Drivers/CMSIS/Include/core_cm3.h ****  */
1154:Drivers/CMSIS/Include/core_cm3.h **** 
1155:Drivers/CMSIS/Include/core_cm3.h **** /**
1156:Drivers/CMSIS/Include/core_cm3.h ****   \brief  Structure type to access the Memory Protection Unit (MPU).
1157:Drivers/CMSIS/Include/core_cm3.h ****  */
1158:Drivers/CMSIS/Include/core_cm3.h **** typedef struct
1159:Drivers/CMSIS/Include/core_cm3.h **** {
1160:Drivers/CMSIS/Include/core_cm3.h ****   __IM  uint32_t TYPE;                   /*!< Offset: 0x000 (R/ )  MPU Type Register */
1161:Drivers/CMSIS/Include/core_cm3.h ****   __IOM uint32_t CTRL;                   /*!< Offset: 0x004 (R/W)  MPU Control Register */
1162:Drivers/CMSIS/Include/core_cm3.h ****   __IOM uint32_t RNR;                    /*!< Offset: 0x008 (R/W)  MPU Region RNRber Register */
1163:Drivers/CMSIS/Include/core_cm3.h ****   __IOM uint32_t RBAR;                   /*!< Offset: 0x00C (R/W)  MPU Region Base Address Register
1164:Drivers/CMSIS/Include/core_cm3.h ****   __IOM uint32_t RASR;                   /*!< Offset: 0x010 (R/W)  MPU Region Attribute and Size Re
1165:Drivers/CMSIS/Include/core_cm3.h ****   __IOM uint32_t RBAR_A1;                /*!< Offset: 0x014 (R/W)  MPU Alias 1 Region Base Address 
1166:Drivers/CMSIS/Include/core_cm3.h ****   __IOM uint32_t RASR_A1;                /*!< Offset: 0x018 (R/W)  MPU Alias 1 Region Attribute and
1167:Drivers/CMSIS/Include/core_cm3.h ****   __IOM uint32_t RBAR_A2;                /*!< Offset: 0x01C (R/W)  MPU Alias 2 Region Base Address 
1168:Drivers/CMSIS/Include/core_cm3.h ****   __IOM uint32_t RASR_A2;                /*!< Offset: 0x020 (R/W)  MPU Alias 2 Region Attribute and
1169:Drivers/CMSIS/Include/core_cm3.h ****   __IOM uint32_t RBAR_A3;                /*!< Offset: 0x024 (R/W)  MPU Alias 3 Region Base Address 
1170:Drivers/CMSIS/Include/core_cm3.h ****   __IOM uint32_t RASR_A3;                /*!< Offset: 0x028 (R/W)  MPU Alias 3 Region Attribute and
1171:Drivers/CMSIS/Include/core_cm3.h **** } MPU_Type;
1172:Drivers/CMSIS/Include/core_cm3.h **** 
1173:Drivers/CMSIS/Include/core_cm3.h **** #define MPU_TYPE_RALIASES                  4U
1174:Drivers/CMSIS/Include/core_cm3.h **** 
1175:Drivers/CMSIS/Include/core_cm3.h **** /* MPU Type Register Definitions */
1176:Drivers/CMSIS/Include/core_cm3.h **** #define MPU_TYPE_IREGION_Pos               16U                                            /*!< MPU 
1177:Drivers/CMSIS/Include/core_cm3.h **** #define MPU_TYPE_IREGION_Msk               (0xFFUL << MPU_TYPE_IREGION_Pos)               /*!< MPU 
1178:Drivers/CMSIS/Include/core_cm3.h **** 
1179:Drivers/CMSIS/Include/core_cm3.h **** #define MPU_TYPE_DREGION_Pos                8U                                            /*!< MPU 
1180:Drivers/CMSIS/Include/core_cm3.h **** #define MPU_TYPE_DREGION_Msk               (0xFFUL << MPU_TYPE_DREGION_Pos)               /*!< MPU 
1181:Drivers/CMSIS/Include/core_cm3.h **** 
1182:Drivers/CMSIS/Include/core_cm3.h **** #define MPU_TYPE_SEPARATE_Pos               0U                                            /*!< MPU 
1183:Drivers/CMSIS/Include/core_cm3.h **** #define MPU_TYPE_SEPARATE_Msk              (1UL /*<< MPU_TYPE_SEPARATE_Pos*/)             /*!< MPU 
1184:Drivers/CMSIS/Include/core_cm3.h **** 
1185:Drivers/CMSIS/Include/core_cm3.h **** /* MPU Control Register Definitions */
1186:Drivers/CMSIS/Include/core_cm3.h **** #define MPU_CTRL_PRIVDEFENA_Pos             2U                                            /*!< MPU 
1187:Drivers/CMSIS/Include/core_cm3.h **** #define MPU_CTRL_PRIVDEFENA_Msk            (1UL << MPU_CTRL_PRIVDEFENA_Pos)               /*!< MPU 
ARM GAS  C:\Users\Lamp\AppData\Local\Temp\ccvUe3eg.s 			page 26


1188:Drivers/CMSIS/Include/core_cm3.h **** 
1189:Drivers/CMSIS/Include/core_cm3.h **** #define MPU_CTRL_HFNMIENA_Pos               1U                                            /*!< MPU 
1190:Drivers/CMSIS/Include/core_cm3.h **** #define MPU_CTRL_HFNMIENA_Msk              (1UL << MPU_CTRL_HFNMIENA_Pos)                 /*!< MPU 
1191:Drivers/CMSIS/Include/core_cm3.h **** 
1192:Drivers/CMSIS/Include/core_cm3.h **** #define MPU_CTRL_ENABLE_Pos                 0U                                            /*!< MPU 
1193:Drivers/CMSIS/Include/core_cm3.h **** #define MPU_CTRL_ENABLE_Msk                (1UL /*<< MPU_CTRL_ENABLE_Pos*/)               /*!< MPU 
1194:Drivers/CMSIS/Include/core_cm3.h **** 
1195:Drivers/CMSIS/Include/core_cm3.h **** /* MPU Region Number Register Definitions */
1196:Drivers/CMSIS/Include/core_cm3.h **** #define MPU_RNR_REGION_Pos                  0U                                            /*!< MPU 
1197:Drivers/CMSIS/Include/core_cm3.h **** #define MPU_RNR_REGION_Msk                 (0xFFUL /*<< MPU_RNR_REGION_Pos*/)             /*!< MPU 
1198:Drivers/CMSIS/Include/core_cm3.h **** 
1199:Drivers/CMSIS/Include/core_cm3.h **** /* MPU Region Base Address Register Definitions */
1200:Drivers/CMSIS/Include/core_cm3.h **** #define MPU_RBAR_ADDR_Pos                   5U                                            /*!< MPU 
1201:Drivers/CMSIS/Include/core_cm3.h **** #define MPU_RBAR_ADDR_Msk                  (0x7FFFFFFUL << MPU_RBAR_ADDR_Pos)             /*!< MPU 
1202:Drivers/CMSIS/Include/core_cm3.h **** 
1203:Drivers/CMSIS/Include/core_cm3.h **** #define MPU_RBAR_VALID_Pos                  4U                                            /*!< MPU 
1204:Drivers/CMSIS/Include/core_cm3.h **** #define MPU_RBAR_VALID_Msk                 (1UL << MPU_RBAR_VALID_Pos)                    /*!< MPU 
1205:Drivers/CMSIS/Include/core_cm3.h **** 
1206:Drivers/CMSIS/Include/core_cm3.h **** #define MPU_RBAR_REGION_Pos                 0U                                            /*!< MPU 
1207:Drivers/CMSIS/Include/core_cm3.h **** #define MPU_RBAR_REGION_Msk                (0xFUL /*<< MPU_RBAR_REGION_Pos*/)             /*!< MPU 
1208:Drivers/CMSIS/Include/core_cm3.h **** 
1209:Drivers/CMSIS/Include/core_cm3.h **** /* MPU Region Attribute and Size Register Definitions */
1210:Drivers/CMSIS/Include/core_cm3.h **** #define MPU_RASR_ATTRS_Pos                 16U                                            /*!< MPU 
1211:Drivers/CMSIS/Include/core_cm3.h **** #define MPU_RASR_ATTRS_Msk                 (0xFFFFUL << MPU_RASR_ATTRS_Pos)               /*!< MPU 
1212:Drivers/CMSIS/Include/core_cm3.h **** 
1213:Drivers/CMSIS/Include/core_cm3.h **** #define MPU_RASR_XN_Pos                    28U                                            /*!< MPU 
1214:Drivers/CMSIS/Include/core_cm3.h **** #define MPU_RASR_XN_Msk                    (1UL << MPU_RASR_XN_Pos)                       /*!< MPU 
1215:Drivers/CMSIS/Include/core_cm3.h **** 
1216:Drivers/CMSIS/Include/core_cm3.h **** #define MPU_RASR_AP_Pos                    24U                                            /*!< MPU 
1217:Drivers/CMSIS/Include/core_cm3.h **** #define MPU_RASR_AP_Msk                    (0x7UL << MPU_RASR_AP_Pos)                     /*!< MPU 
1218:Drivers/CMSIS/Include/core_cm3.h **** 
1219:Drivers/CMSIS/Include/core_cm3.h **** #define MPU_RASR_TEX_Pos                   19U                                            /*!< MPU 
1220:Drivers/CMSIS/Include/core_cm3.h **** #define MPU_RASR_TEX_Msk                   (0x7UL << MPU_RASR_TEX_Pos)                    /*!< MPU 
1221:Drivers/CMSIS/Include/core_cm3.h **** 
1222:Drivers/CMSIS/Include/core_cm3.h **** #define MPU_RASR_S_Pos                     18U                                            /*!< MPU 
1223:Drivers/CMSIS/Include/core_cm3.h **** #define MPU_RASR_S_Msk                     (1UL << MPU_RASR_S_Pos)                        /*!< MPU 
1224:Drivers/CMSIS/Include/core_cm3.h **** 
1225:Drivers/CMSIS/Include/core_cm3.h **** #define MPU_RASR_C_Pos                     17U                                            /*!< MPU 
1226:Drivers/CMSIS/Include/core_cm3.h **** #define MPU_RASR_C_Msk                     (1UL << MPU_RASR_C_Pos)                        /*!< MPU 
1227:Drivers/CMSIS/Include/core_cm3.h **** 
1228:Drivers/CMSIS/Include/core_cm3.h **** #define MPU_RASR_B_Pos                     16U                                            /*!< MPU 
1229:Drivers/CMSIS/Include/core_cm3.h **** #define MPU_RASR_B_Msk                     (1UL << MPU_RASR_B_Pos)                        /*!< MPU 
1230:Drivers/CMSIS/Include/core_cm3.h **** 
1231:Drivers/CMSIS/Include/core_cm3.h **** #define MPU_RASR_SRD_Pos                    8U                                            /*!< MPU 
1232:Drivers/CMSIS/Include/core_cm3.h **** #define MPU_RASR_SRD_Msk                   (0xFFUL << MPU_RASR_SRD_Pos)                   /*!< MPU 
1233:Drivers/CMSIS/Include/core_cm3.h **** 
1234:Drivers/CMSIS/Include/core_cm3.h **** #define MPU_RASR_SIZE_Pos                   1U                                            /*!< MPU 
1235:Drivers/CMSIS/Include/core_cm3.h **** #define MPU_RASR_SIZE_Msk                  (0x1FUL << MPU_RASR_SIZE_Pos)                  /*!< MPU 
1236:Drivers/CMSIS/Include/core_cm3.h **** 
1237:Drivers/CMSIS/Include/core_cm3.h **** #define MPU_RASR_ENABLE_Pos                 0U                                            /*!< MPU 
1238:Drivers/CMSIS/Include/core_cm3.h **** #define MPU_RASR_ENABLE_Msk                (1UL /*<< MPU_RASR_ENABLE_Pos*/)               /*!< MPU 
1239:Drivers/CMSIS/Include/core_cm3.h **** 
1240:Drivers/CMSIS/Include/core_cm3.h **** /*@} end of group CMSIS_MPU */
1241:Drivers/CMSIS/Include/core_cm3.h **** #endif
1242:Drivers/CMSIS/Include/core_cm3.h **** 
1243:Drivers/CMSIS/Include/core_cm3.h **** 
1244:Drivers/CMSIS/Include/core_cm3.h **** /**
ARM GAS  C:\Users\Lamp\AppData\Local\Temp\ccvUe3eg.s 			page 27


1245:Drivers/CMSIS/Include/core_cm3.h ****   \ingroup  CMSIS_core_register
1246:Drivers/CMSIS/Include/core_cm3.h ****   \defgroup CMSIS_CoreDebug       Core Debug Registers (CoreDebug)
1247:Drivers/CMSIS/Include/core_cm3.h ****   \brief    Type definitions for the Core Debug Registers
1248:Drivers/CMSIS/Include/core_cm3.h ****   @{
1249:Drivers/CMSIS/Include/core_cm3.h ****  */
1250:Drivers/CMSIS/Include/core_cm3.h **** 
1251:Drivers/CMSIS/Include/core_cm3.h **** /**
1252:Drivers/CMSIS/Include/core_cm3.h ****   \brief  Structure type to access the Core Debug Register (CoreDebug).
1253:Drivers/CMSIS/Include/core_cm3.h ****  */
1254:Drivers/CMSIS/Include/core_cm3.h **** typedef struct
1255:Drivers/CMSIS/Include/core_cm3.h **** {
1256:Drivers/CMSIS/Include/core_cm3.h ****   __IOM uint32_t DHCSR;                  /*!< Offset: 0x000 (R/W)  Debug Halting Control and Status
1257:Drivers/CMSIS/Include/core_cm3.h ****   __OM  uint32_t DCRSR;                  /*!< Offset: 0x004 ( /W)  Debug Core Register Selector Reg
1258:Drivers/CMSIS/Include/core_cm3.h ****   __IOM uint32_t DCRDR;                  /*!< Offset: 0x008 (R/W)  Debug Core Register Data Registe
1259:Drivers/CMSIS/Include/core_cm3.h ****   __IOM uint32_t DEMCR;                  /*!< Offset: 0x00C (R/W)  Debug Exception and Monitor Cont
1260:Drivers/CMSIS/Include/core_cm3.h **** } CoreDebug_Type;
1261:Drivers/CMSIS/Include/core_cm3.h **** 
1262:Drivers/CMSIS/Include/core_cm3.h **** /* Debug Halting Control and Status Register Definitions */
1263:Drivers/CMSIS/Include/core_cm3.h **** #define CoreDebug_DHCSR_DBGKEY_Pos         16U                                            /*!< Core
1264:Drivers/CMSIS/Include/core_cm3.h **** #define CoreDebug_DHCSR_DBGKEY_Msk         (0xFFFFUL << CoreDebug_DHCSR_DBGKEY_Pos)       /*!< Core
1265:Drivers/CMSIS/Include/core_cm3.h **** 
1266:Drivers/CMSIS/Include/core_cm3.h **** #define CoreDebug_DHCSR_S_RESET_ST_Pos     25U                                            /*!< Core
1267:Drivers/CMSIS/Include/core_cm3.h **** #define CoreDebug_DHCSR_S_RESET_ST_Msk     (1UL << CoreDebug_DHCSR_S_RESET_ST_Pos)        /*!< Core
1268:Drivers/CMSIS/Include/core_cm3.h **** 
1269:Drivers/CMSIS/Include/core_cm3.h **** #define CoreDebug_DHCSR_S_RETIRE_ST_Pos    24U                                            /*!< Core
1270:Drivers/CMSIS/Include/core_cm3.h **** #define CoreDebug_DHCSR_S_RETIRE_ST_Msk    (1UL << CoreDebug_DHCSR_S_RETIRE_ST_Pos)       /*!< Core
1271:Drivers/CMSIS/Include/core_cm3.h **** 
1272:Drivers/CMSIS/Include/core_cm3.h **** #define CoreDebug_DHCSR_S_LOCKUP_Pos       19U                                            /*!< Core
1273:Drivers/CMSIS/Include/core_cm3.h **** #define CoreDebug_DHCSR_S_LOCKUP_Msk       (1UL << CoreDebug_DHCSR_S_LOCKUP_Pos)          /*!< Core
1274:Drivers/CMSIS/Include/core_cm3.h **** 
1275:Drivers/CMSIS/Include/core_cm3.h **** #define CoreDebug_DHCSR_S_SLEEP_Pos        18U                                            /*!< Core
1276:Drivers/CMSIS/Include/core_cm3.h **** #define CoreDebug_DHCSR_S_SLEEP_Msk        (1UL << CoreDebug_DHCSR_S_SLEEP_Pos)           /*!< Core
1277:Drivers/CMSIS/Include/core_cm3.h **** 
1278:Drivers/CMSIS/Include/core_cm3.h **** #define CoreDebug_DHCSR_S_HALT_Pos         17U                                            /*!< Core
1279:Drivers/CMSIS/Include/core_cm3.h **** #define CoreDebug_DHCSR_S_HALT_Msk         (1UL << CoreDebug_DHCSR_S_HALT_Pos)            /*!< Core
1280:Drivers/CMSIS/Include/core_cm3.h **** 
1281:Drivers/CMSIS/Include/core_cm3.h **** #define CoreDebug_DHCSR_S_REGRDY_Pos       16U                                            /*!< Core
1282:Drivers/CMSIS/Include/core_cm3.h **** #define CoreDebug_DHCSR_S_REGRDY_Msk       (1UL << CoreDebug_DHCSR_S_REGRDY_Pos)          /*!< Core
1283:Drivers/CMSIS/Include/core_cm3.h **** 
1284:Drivers/CMSIS/Include/core_cm3.h **** #define CoreDebug_DHCSR_C_SNAPSTALL_Pos     5U                                            /*!< Core
1285:Drivers/CMSIS/Include/core_cm3.h **** #define CoreDebug_DHCSR_C_SNAPSTALL_Msk    (1UL << CoreDebug_DHCSR_C_SNAPSTALL_Pos)       /*!< Core
1286:Drivers/CMSIS/Include/core_cm3.h **** 
1287:Drivers/CMSIS/Include/core_cm3.h **** #define CoreDebug_DHCSR_C_MASKINTS_Pos      3U                                            /*!< Core
1288:Drivers/CMSIS/Include/core_cm3.h **** #define CoreDebug_DHCSR_C_MASKINTS_Msk     (1UL << CoreDebug_DHCSR_C_MASKINTS_Pos)        /*!< Core
1289:Drivers/CMSIS/Include/core_cm3.h **** 
1290:Drivers/CMSIS/Include/core_cm3.h **** #define CoreDebug_DHCSR_C_STEP_Pos          2U                                            /*!< Core
1291:Drivers/CMSIS/Include/core_cm3.h **** #define CoreDebug_DHCSR_C_STEP_Msk         (1UL << CoreDebug_DHCSR_C_STEP_Pos)            /*!< Core
1292:Drivers/CMSIS/Include/core_cm3.h **** 
1293:Drivers/CMSIS/Include/core_cm3.h **** #define CoreDebug_DHCSR_C_HALT_Pos          1U                                            /*!< Core
1294:Drivers/CMSIS/Include/core_cm3.h **** #define CoreDebug_DHCSR_C_HALT_Msk         (1UL << CoreDebug_DHCSR_C_HALT_Pos)            /*!< Core
1295:Drivers/CMSIS/Include/core_cm3.h **** 
1296:Drivers/CMSIS/Include/core_cm3.h **** #define CoreDebug_DHCSR_C_DEBUGEN_Pos       0U                                            /*!< Core
1297:Drivers/CMSIS/Include/core_cm3.h **** #define CoreDebug_DHCSR_C_DEBUGEN_Msk      (1UL /*<< CoreDebug_DHCSR_C_DEBUGEN_Pos*/)     /*!< Core
1298:Drivers/CMSIS/Include/core_cm3.h **** 
1299:Drivers/CMSIS/Include/core_cm3.h **** /* Debug Core Register Selector Register Definitions */
1300:Drivers/CMSIS/Include/core_cm3.h **** #define CoreDebug_DCRSR_REGWnR_Pos         16U                                            /*!< Core
1301:Drivers/CMSIS/Include/core_cm3.h **** #define CoreDebug_DCRSR_REGWnR_Msk         (1UL << CoreDebug_DCRSR_REGWnR_Pos)            /*!< Core
ARM GAS  C:\Users\Lamp\AppData\Local\Temp\ccvUe3eg.s 			page 28


1302:Drivers/CMSIS/Include/core_cm3.h **** 
1303:Drivers/CMSIS/Include/core_cm3.h **** #define CoreDebug_DCRSR_REGSEL_Pos          0U                                            /*!< Core
1304:Drivers/CMSIS/Include/core_cm3.h **** #define CoreDebug_DCRSR_REGSEL_Msk         (0x1FUL /*<< CoreDebug_DCRSR_REGSEL_Pos*/)     /*!< Core
1305:Drivers/CMSIS/Include/core_cm3.h **** 
1306:Drivers/CMSIS/Include/core_cm3.h **** /* Debug Exception and Monitor Control Register Definitions */
1307:Drivers/CMSIS/Include/core_cm3.h **** #define CoreDebug_DEMCR_TRCENA_Pos         24U                                            /*!< Core
1308:Drivers/CMSIS/Include/core_cm3.h **** #define CoreDebug_DEMCR_TRCENA_Msk         (1UL << CoreDebug_DEMCR_TRCENA_Pos)            /*!< Core
1309:Drivers/CMSIS/Include/core_cm3.h **** 
1310:Drivers/CMSIS/Include/core_cm3.h **** #define CoreDebug_DEMCR_MON_REQ_Pos        19U                                            /*!< Core
1311:Drivers/CMSIS/Include/core_cm3.h **** #define CoreDebug_DEMCR_MON_REQ_Msk        (1UL << CoreDebug_DEMCR_MON_REQ_Pos)           /*!< Core
1312:Drivers/CMSIS/Include/core_cm3.h **** 
1313:Drivers/CMSIS/Include/core_cm3.h **** #define CoreDebug_DEMCR_MON_STEP_Pos       18U                                            /*!< Core
1314:Drivers/CMSIS/Include/core_cm3.h **** #define CoreDebug_DEMCR_MON_STEP_Msk       (1UL << CoreDebug_DEMCR_MON_STEP_Pos)          /*!< Core
1315:Drivers/CMSIS/Include/core_cm3.h **** 
1316:Drivers/CMSIS/Include/core_cm3.h **** #define CoreDebug_DEMCR_MON_PEND_Pos       17U                                            /*!< Core
1317:Drivers/CMSIS/Include/core_cm3.h **** #define CoreDebug_DEMCR_MON_PEND_Msk       (1UL << CoreDebug_DEMCR_MON_PEND_Pos)          /*!< Core
1318:Drivers/CMSIS/Include/core_cm3.h **** 
1319:Drivers/CMSIS/Include/core_cm3.h **** #define CoreDebug_DEMCR_MON_EN_Pos         16U                                            /*!< Core
1320:Drivers/CMSIS/Include/core_cm3.h **** #define CoreDebug_DEMCR_MON_EN_Msk         (1UL << CoreDebug_DEMCR_MON_EN_Pos)            /*!< Core
1321:Drivers/CMSIS/Include/core_cm3.h **** 
1322:Drivers/CMSIS/Include/core_cm3.h **** #define CoreDebug_DEMCR_VC_HARDERR_Pos     10U                                            /*!< Core
1323:Drivers/CMSIS/Include/core_cm3.h **** #define CoreDebug_DEMCR_VC_HARDERR_Msk     (1UL << CoreDebug_DEMCR_VC_HARDERR_Pos)        /*!< Core
1324:Drivers/CMSIS/Include/core_cm3.h **** 
1325:Drivers/CMSIS/Include/core_cm3.h **** #define CoreDebug_DEMCR_VC_INTERR_Pos       9U                                            /*!< Core
1326:Drivers/CMSIS/Include/core_cm3.h **** #define CoreDebug_DEMCR_VC_INTERR_Msk      (1UL << CoreDebug_DEMCR_VC_INTERR_Pos)         /*!< Core
1327:Drivers/CMSIS/Include/core_cm3.h **** 
1328:Drivers/CMSIS/Include/core_cm3.h **** #define CoreDebug_DEMCR_VC_BUSERR_Pos       8U                                            /*!< Core
1329:Drivers/CMSIS/Include/core_cm3.h **** #define CoreDebug_DEMCR_VC_BUSERR_Msk      (1UL << CoreDebug_DEMCR_VC_BUSERR_Pos)         /*!< Core
1330:Drivers/CMSIS/Include/core_cm3.h **** 
1331:Drivers/CMSIS/Include/core_cm3.h **** #define CoreDebug_DEMCR_VC_STATERR_Pos      7U                                            /*!< Core
1332:Drivers/CMSIS/Include/core_cm3.h **** #define CoreDebug_DEMCR_VC_STATERR_Msk     (1UL << CoreDebug_DEMCR_VC_STATERR_Pos)        /*!< Core
1333:Drivers/CMSIS/Include/core_cm3.h **** 
1334:Drivers/CMSIS/Include/core_cm3.h **** #define CoreDebug_DEMCR_VC_CHKERR_Pos       6U                                            /*!< Core
1335:Drivers/CMSIS/Include/core_cm3.h **** #define CoreDebug_DEMCR_VC_CHKERR_Msk      (1UL << CoreDebug_DEMCR_VC_CHKERR_Pos)         /*!< Core
1336:Drivers/CMSIS/Include/core_cm3.h **** 
1337:Drivers/CMSIS/Include/core_cm3.h **** #define CoreDebug_DEMCR_VC_NOCPERR_Pos      5U                                            /*!< Core
1338:Drivers/CMSIS/Include/core_cm3.h **** #define CoreDebug_DEMCR_VC_NOCPERR_Msk     (1UL << CoreDebug_DEMCR_VC_NOCPERR_Pos)        /*!< Core
1339:Drivers/CMSIS/Include/core_cm3.h **** 
1340:Drivers/CMSIS/Include/core_cm3.h **** #define CoreDebug_DEMCR_VC_MMERR_Pos        4U                                            /*!< Core
1341:Drivers/CMSIS/Include/core_cm3.h **** #define CoreDebug_DEMCR_VC_MMERR_Msk       (1UL << CoreDebug_DEMCR_VC_MMERR_Pos)          /*!< Core
1342:Drivers/CMSIS/Include/core_cm3.h **** 
1343:Drivers/CMSIS/Include/core_cm3.h **** #define CoreDebug_DEMCR_VC_CORERESET_Pos    0U                                            /*!< Core
1344:Drivers/CMSIS/Include/core_cm3.h **** #define CoreDebug_DEMCR_VC_CORERESET_Msk   (1UL /*<< CoreDebug_DEMCR_VC_CORERESET_Pos*/)  /*!< Core
1345:Drivers/CMSIS/Include/core_cm3.h **** 
1346:Drivers/CMSIS/Include/core_cm3.h **** /*@} end of group CMSIS_CoreDebug */
1347:Drivers/CMSIS/Include/core_cm3.h **** 
1348:Drivers/CMSIS/Include/core_cm3.h **** 
1349:Drivers/CMSIS/Include/core_cm3.h **** /**
1350:Drivers/CMSIS/Include/core_cm3.h ****   \ingroup    CMSIS_core_register
1351:Drivers/CMSIS/Include/core_cm3.h ****   \defgroup   CMSIS_core_bitfield     Core register bit field macros
1352:Drivers/CMSIS/Include/core_cm3.h ****   \brief      Macros for use with bit field definitions (xxx_Pos, xxx_Msk).
1353:Drivers/CMSIS/Include/core_cm3.h ****   @{
1354:Drivers/CMSIS/Include/core_cm3.h ****  */
1355:Drivers/CMSIS/Include/core_cm3.h **** 
1356:Drivers/CMSIS/Include/core_cm3.h **** /**
1357:Drivers/CMSIS/Include/core_cm3.h ****   \brief   Mask and shift a bit field value for use in a register bit range.
1358:Drivers/CMSIS/Include/core_cm3.h ****   \param[in] field  Name of the register bit field.
ARM GAS  C:\Users\Lamp\AppData\Local\Temp\ccvUe3eg.s 			page 29


1359:Drivers/CMSIS/Include/core_cm3.h ****   \param[in] value  Value of the bit field. This parameter is interpreted as an uint32_t type.
1360:Drivers/CMSIS/Include/core_cm3.h ****   \return           Masked and shifted value.
1361:Drivers/CMSIS/Include/core_cm3.h **** */
1362:Drivers/CMSIS/Include/core_cm3.h **** #define _VAL2FLD(field, value)    (((uint32_t)(value) << field ## _Pos) & field ## _Msk)
1363:Drivers/CMSIS/Include/core_cm3.h **** 
1364:Drivers/CMSIS/Include/core_cm3.h **** /**
1365:Drivers/CMSIS/Include/core_cm3.h ****   \brief     Mask and shift a register value to extract a bit filed value.
1366:Drivers/CMSIS/Include/core_cm3.h ****   \param[in] field  Name of the register bit field.
1367:Drivers/CMSIS/Include/core_cm3.h ****   \param[in] value  Value of register. This parameter is interpreted as an uint32_t type.
1368:Drivers/CMSIS/Include/core_cm3.h ****   \return           Masked and shifted bit field value.
1369:Drivers/CMSIS/Include/core_cm3.h **** */
1370:Drivers/CMSIS/Include/core_cm3.h **** #define _FLD2VAL(field, value)    (((uint32_t)(value) & field ## _Msk) >> field ## _Pos)
1371:Drivers/CMSIS/Include/core_cm3.h **** 
1372:Drivers/CMSIS/Include/core_cm3.h **** /*@} end of group CMSIS_core_bitfield */
1373:Drivers/CMSIS/Include/core_cm3.h **** 
1374:Drivers/CMSIS/Include/core_cm3.h **** 
1375:Drivers/CMSIS/Include/core_cm3.h **** /**
1376:Drivers/CMSIS/Include/core_cm3.h ****   \ingroup    CMSIS_core_register
1377:Drivers/CMSIS/Include/core_cm3.h ****   \defgroup   CMSIS_core_base     Core Definitions
1378:Drivers/CMSIS/Include/core_cm3.h ****   \brief      Definitions for base addresses, unions, and structures.
1379:Drivers/CMSIS/Include/core_cm3.h ****   @{
1380:Drivers/CMSIS/Include/core_cm3.h ****  */
1381:Drivers/CMSIS/Include/core_cm3.h **** 
1382:Drivers/CMSIS/Include/core_cm3.h **** /* Memory mapping of Core Hardware */
1383:Drivers/CMSIS/Include/core_cm3.h **** #define SCS_BASE            (0xE000E000UL)                            /*!< System Control Space Bas
1384:Drivers/CMSIS/Include/core_cm3.h **** #define ITM_BASE            (0xE0000000UL)                            /*!< ITM Base Address */
1385:Drivers/CMSIS/Include/core_cm3.h **** #define DWT_BASE            (0xE0001000UL)                            /*!< DWT Base Address */
1386:Drivers/CMSIS/Include/core_cm3.h **** #define TPI_BASE            (0xE0040000UL)                            /*!< TPI Base Address */
1387:Drivers/CMSIS/Include/core_cm3.h **** #define CoreDebug_BASE      (0xE000EDF0UL)                            /*!< Core Debug Base Address 
1388:Drivers/CMSIS/Include/core_cm3.h **** #define SysTick_BASE        (SCS_BASE +  0x0010UL)                    /*!< SysTick Base Address */
1389:Drivers/CMSIS/Include/core_cm3.h **** #define NVIC_BASE           (SCS_BASE +  0x0100UL)                    /*!< NVIC Base Address */
1390:Drivers/CMSIS/Include/core_cm3.h **** #define SCB_BASE            (SCS_BASE +  0x0D00UL)                    /*!< System Control Block Bas
1391:Drivers/CMSIS/Include/core_cm3.h **** 
1392:Drivers/CMSIS/Include/core_cm3.h **** #define SCnSCB              ((SCnSCB_Type    *)     SCS_BASE      )   /*!< System control Register 
1393:Drivers/CMSIS/Include/core_cm3.h **** #define SCB                 ((SCB_Type       *)     SCB_BASE      )   /*!< SCB configuration struct
1394:Drivers/CMSIS/Include/core_cm3.h **** #define SysTick             ((SysTick_Type   *)     SysTick_BASE  )   /*!< SysTick configuration st
1395:Drivers/CMSIS/Include/core_cm3.h **** #define NVIC                ((NVIC_Type      *)     NVIC_BASE     )   /*!< NVIC configuration struc
1396:Drivers/CMSIS/Include/core_cm3.h **** #define ITM                 ((ITM_Type       *)     ITM_BASE      )   /*!< ITM configuration struct
1397:Drivers/CMSIS/Include/core_cm3.h **** #define DWT                 ((DWT_Type       *)     DWT_BASE      )   /*!< DWT configuration struct
1398:Drivers/CMSIS/Include/core_cm3.h **** #define TPI                 ((TPI_Type       *)     TPI_BASE      )   /*!< TPI configuration struct
1399:Drivers/CMSIS/Include/core_cm3.h **** #define CoreDebug           ((CoreDebug_Type *)     CoreDebug_BASE)   /*!< Core Debug configuration
1400:Drivers/CMSIS/Include/core_cm3.h **** 
1401:Drivers/CMSIS/Include/core_cm3.h **** #if defined (__MPU_PRESENT) && (__MPU_PRESENT == 1U)
1402:Drivers/CMSIS/Include/core_cm3.h ****   #define MPU_BASE          (SCS_BASE +  0x0D90UL)                    /*!< Memory Protection Unit *
1403:Drivers/CMSIS/Include/core_cm3.h ****   #define MPU               ((MPU_Type       *)     MPU_BASE      )   /*!< Memory Protection Unit *
1404:Drivers/CMSIS/Include/core_cm3.h **** #endif
1405:Drivers/CMSIS/Include/core_cm3.h **** 
1406:Drivers/CMSIS/Include/core_cm3.h **** /*@} */
1407:Drivers/CMSIS/Include/core_cm3.h **** 
1408:Drivers/CMSIS/Include/core_cm3.h **** 
1409:Drivers/CMSIS/Include/core_cm3.h **** 
1410:Drivers/CMSIS/Include/core_cm3.h **** /*******************************************************************************
1411:Drivers/CMSIS/Include/core_cm3.h ****  *                Hardware Abstraction Layer
1412:Drivers/CMSIS/Include/core_cm3.h ****   Core Function Interface contains:
1413:Drivers/CMSIS/Include/core_cm3.h ****   - Core NVIC Functions
1414:Drivers/CMSIS/Include/core_cm3.h ****   - Core SysTick Functions
1415:Drivers/CMSIS/Include/core_cm3.h ****   - Core Debug Functions
ARM GAS  C:\Users\Lamp\AppData\Local\Temp\ccvUe3eg.s 			page 30


1416:Drivers/CMSIS/Include/core_cm3.h ****   - Core Register Access Functions
1417:Drivers/CMSIS/Include/core_cm3.h ****  ******************************************************************************/
1418:Drivers/CMSIS/Include/core_cm3.h **** /**
1419:Drivers/CMSIS/Include/core_cm3.h ****   \defgroup CMSIS_Core_FunctionInterface Functions and Instructions Reference
1420:Drivers/CMSIS/Include/core_cm3.h **** */
1421:Drivers/CMSIS/Include/core_cm3.h **** 
1422:Drivers/CMSIS/Include/core_cm3.h **** 
1423:Drivers/CMSIS/Include/core_cm3.h **** 
1424:Drivers/CMSIS/Include/core_cm3.h **** /* ##########################   NVIC functions  #################################### */
1425:Drivers/CMSIS/Include/core_cm3.h **** /**
1426:Drivers/CMSIS/Include/core_cm3.h ****   \ingroup  CMSIS_Core_FunctionInterface
1427:Drivers/CMSIS/Include/core_cm3.h ****   \defgroup CMSIS_Core_NVICFunctions NVIC Functions
1428:Drivers/CMSIS/Include/core_cm3.h ****   \brief    Functions that manage interrupts and exceptions via the NVIC.
1429:Drivers/CMSIS/Include/core_cm3.h ****   @{
1430:Drivers/CMSIS/Include/core_cm3.h ****  */
1431:Drivers/CMSIS/Include/core_cm3.h **** 
1432:Drivers/CMSIS/Include/core_cm3.h **** #ifdef CMSIS_NVIC_VIRTUAL
1433:Drivers/CMSIS/Include/core_cm3.h ****   #ifndef CMSIS_NVIC_VIRTUAL_HEADER_FILE
1434:Drivers/CMSIS/Include/core_cm3.h ****     #define CMSIS_NVIC_VIRTUAL_HEADER_FILE "cmsis_nvic_virtual.h"
1435:Drivers/CMSIS/Include/core_cm3.h ****   #endif
1436:Drivers/CMSIS/Include/core_cm3.h ****   #include CMSIS_NVIC_VIRTUAL_HEADER_FILE
1437:Drivers/CMSIS/Include/core_cm3.h **** #else
1438:Drivers/CMSIS/Include/core_cm3.h ****   #define NVIC_SetPriorityGrouping    __NVIC_SetPriorityGrouping
1439:Drivers/CMSIS/Include/core_cm3.h ****   #define NVIC_GetPriorityGrouping    __NVIC_GetPriorityGrouping
1440:Drivers/CMSIS/Include/core_cm3.h ****   #define NVIC_EnableIRQ              __NVIC_EnableIRQ
1441:Drivers/CMSIS/Include/core_cm3.h ****   #define NVIC_GetEnableIRQ           __NVIC_GetEnableIRQ
1442:Drivers/CMSIS/Include/core_cm3.h ****   #define NVIC_DisableIRQ             __NVIC_DisableIRQ
1443:Drivers/CMSIS/Include/core_cm3.h ****   #define NVIC_GetPendingIRQ          __NVIC_GetPendingIRQ
1444:Drivers/CMSIS/Include/core_cm3.h ****   #define NVIC_SetPendingIRQ          __NVIC_SetPendingIRQ
1445:Drivers/CMSIS/Include/core_cm3.h ****   #define NVIC_ClearPendingIRQ        __NVIC_ClearPendingIRQ
1446:Drivers/CMSIS/Include/core_cm3.h ****   #define NVIC_GetActive              __NVIC_GetActive
1447:Drivers/CMSIS/Include/core_cm3.h ****   #define NVIC_SetPriority            __NVIC_SetPriority
1448:Drivers/CMSIS/Include/core_cm3.h ****   #define NVIC_GetPriority            __NVIC_GetPriority
1449:Drivers/CMSIS/Include/core_cm3.h ****   #define NVIC_SystemReset            __NVIC_SystemReset
1450:Drivers/CMSIS/Include/core_cm3.h **** #endif /* CMSIS_NVIC_VIRTUAL */
1451:Drivers/CMSIS/Include/core_cm3.h **** 
1452:Drivers/CMSIS/Include/core_cm3.h **** #ifdef CMSIS_VECTAB_VIRTUAL
1453:Drivers/CMSIS/Include/core_cm3.h ****   #ifndef CMSIS_VECTAB_VIRTUAL_HEADER_FILE
1454:Drivers/CMSIS/Include/core_cm3.h ****    #define CMSIS_VECTAB_VIRTUAL_HEADER_FILE "cmsis_vectab_virtual.h"
1455:Drivers/CMSIS/Include/core_cm3.h ****   #endif
1456:Drivers/CMSIS/Include/core_cm3.h ****   #include CMSIS_VECTAB_VIRTUAL_HEADER_FILE
1457:Drivers/CMSIS/Include/core_cm3.h **** #else
1458:Drivers/CMSIS/Include/core_cm3.h ****   #define NVIC_SetVector              __NVIC_SetVector
1459:Drivers/CMSIS/Include/core_cm3.h ****   #define NVIC_GetVector              __NVIC_GetVector
1460:Drivers/CMSIS/Include/core_cm3.h **** #endif  /* (CMSIS_VECTAB_VIRTUAL) */
1461:Drivers/CMSIS/Include/core_cm3.h **** 
1462:Drivers/CMSIS/Include/core_cm3.h **** #define NVIC_USER_IRQ_OFFSET          16
1463:Drivers/CMSIS/Include/core_cm3.h **** 
1464:Drivers/CMSIS/Include/core_cm3.h **** 
1465:Drivers/CMSIS/Include/core_cm3.h **** /* The following EXC_RETURN values are saved the LR on exception entry */
1466:Drivers/CMSIS/Include/core_cm3.h **** #define EXC_RETURN_HANDLER         (0xFFFFFFF1UL)     /* return to Handler mode, uses MSP after ret
1467:Drivers/CMSIS/Include/core_cm3.h **** #define EXC_RETURN_THREAD_MSP      (0xFFFFFFF9UL)     /* return to Thread mode, uses MSP after retu
1468:Drivers/CMSIS/Include/core_cm3.h **** #define EXC_RETURN_THREAD_PSP      (0xFFFFFFFDUL)     /* return to Thread mode, uses PSP after retu
1469:Drivers/CMSIS/Include/core_cm3.h **** 
1470:Drivers/CMSIS/Include/core_cm3.h **** 
1471:Drivers/CMSIS/Include/core_cm3.h **** /**
1472:Drivers/CMSIS/Include/core_cm3.h ****   \brief   Set Priority Grouping
ARM GAS  C:\Users\Lamp\AppData\Local\Temp\ccvUe3eg.s 			page 31


1473:Drivers/CMSIS/Include/core_cm3.h ****   \details Sets the priority grouping field using the required unlock sequence.
1474:Drivers/CMSIS/Include/core_cm3.h ****            The parameter PriorityGroup is assigned to the field SCB->AIRCR [10:8] PRIGROUP field.
1475:Drivers/CMSIS/Include/core_cm3.h ****            Only values from 0..7 are used.
1476:Drivers/CMSIS/Include/core_cm3.h ****            In case of a conflict between priority grouping and available
1477:Drivers/CMSIS/Include/core_cm3.h ****            priority bits (__NVIC_PRIO_BITS), the smallest possible priority group is set.
1478:Drivers/CMSIS/Include/core_cm3.h ****   \param [in]      PriorityGroup  Priority grouping field.
1479:Drivers/CMSIS/Include/core_cm3.h ****  */
1480:Drivers/CMSIS/Include/core_cm3.h **** __STATIC_INLINE void __NVIC_SetPriorityGrouping(uint32_t PriorityGroup)
1481:Drivers/CMSIS/Include/core_cm3.h **** {
1482:Drivers/CMSIS/Include/core_cm3.h ****   uint32_t reg_value;
1483:Drivers/CMSIS/Include/core_cm3.h ****   uint32_t PriorityGroupTmp = (PriorityGroup & (uint32_t)0x07UL);             /* only values 0..7 a
1484:Drivers/CMSIS/Include/core_cm3.h **** 
1485:Drivers/CMSIS/Include/core_cm3.h ****   reg_value  =  SCB->AIRCR;                                                   /* read old register 
1486:Drivers/CMSIS/Include/core_cm3.h ****   reg_value &= ~((uint32_t)(SCB_AIRCR_VECTKEY_Msk | SCB_AIRCR_PRIGROUP_Msk)); /* clear bits to chan
1487:Drivers/CMSIS/Include/core_cm3.h ****   reg_value  =  (reg_value                                   |
1488:Drivers/CMSIS/Include/core_cm3.h ****                 ((uint32_t)0x5FAUL << SCB_AIRCR_VECTKEY_Pos) |
1489:Drivers/CMSIS/Include/core_cm3.h ****                 (PriorityGroupTmp << SCB_AIRCR_PRIGROUP_Pos) );               /* Insert write key a
1490:Drivers/CMSIS/Include/core_cm3.h ****   SCB->AIRCR =  reg_value;
1491:Drivers/CMSIS/Include/core_cm3.h **** }
1492:Drivers/CMSIS/Include/core_cm3.h **** 
1493:Drivers/CMSIS/Include/core_cm3.h **** 
1494:Drivers/CMSIS/Include/core_cm3.h **** /**
1495:Drivers/CMSIS/Include/core_cm3.h ****   \brief   Get Priority Grouping
1496:Drivers/CMSIS/Include/core_cm3.h ****   \details Reads the priority grouping field from the NVIC Interrupt Controller.
1497:Drivers/CMSIS/Include/core_cm3.h ****   \return                Priority grouping field (SCB->AIRCR [10:8] PRIGROUP field).
1498:Drivers/CMSIS/Include/core_cm3.h ****  */
1499:Drivers/CMSIS/Include/core_cm3.h **** __STATIC_INLINE uint32_t __NVIC_GetPriorityGrouping(void)
1500:Drivers/CMSIS/Include/core_cm3.h **** {
1501:Drivers/CMSIS/Include/core_cm3.h ****   return ((uint32_t)((SCB->AIRCR & SCB_AIRCR_PRIGROUP_Msk) >> SCB_AIRCR_PRIGROUP_Pos));
1502:Drivers/CMSIS/Include/core_cm3.h **** }
1503:Drivers/CMSIS/Include/core_cm3.h **** 
1504:Drivers/CMSIS/Include/core_cm3.h **** 
1505:Drivers/CMSIS/Include/core_cm3.h **** /**
1506:Drivers/CMSIS/Include/core_cm3.h ****   \brief   Enable Interrupt
1507:Drivers/CMSIS/Include/core_cm3.h ****   \details Enables a device specific interrupt in the NVIC interrupt controller.
1508:Drivers/CMSIS/Include/core_cm3.h ****   \param [in]      IRQn  Device specific interrupt number.
1509:Drivers/CMSIS/Include/core_cm3.h ****   \note    IRQn must not be negative.
1510:Drivers/CMSIS/Include/core_cm3.h ****  */
1511:Drivers/CMSIS/Include/core_cm3.h **** __STATIC_INLINE void __NVIC_EnableIRQ(IRQn_Type IRQn)
1512:Drivers/CMSIS/Include/core_cm3.h **** {
1513:Drivers/CMSIS/Include/core_cm3.h ****   if ((int32_t)(IRQn) >= 0)
1514:Drivers/CMSIS/Include/core_cm3.h ****   {
1515:Drivers/CMSIS/Include/core_cm3.h ****     NVIC->ISER[(((uint32_t)IRQn) >> 5UL)] = (uint32_t)(1UL << (((uint32_t)IRQn) & 0x1FUL));
1516:Drivers/CMSIS/Include/core_cm3.h ****   }
1517:Drivers/CMSIS/Include/core_cm3.h **** }
1518:Drivers/CMSIS/Include/core_cm3.h **** 
1519:Drivers/CMSIS/Include/core_cm3.h **** 
1520:Drivers/CMSIS/Include/core_cm3.h **** /**
1521:Drivers/CMSIS/Include/core_cm3.h ****   \brief   Get Interrupt Enable status
1522:Drivers/CMSIS/Include/core_cm3.h ****   \details Returns a device specific interrupt enable status from the NVIC interrupt controller.
1523:Drivers/CMSIS/Include/core_cm3.h ****   \param [in]      IRQn  Device specific interrupt number.
1524:Drivers/CMSIS/Include/core_cm3.h ****   \return             0  Interrupt is not enabled.
1525:Drivers/CMSIS/Include/core_cm3.h ****   \return             1  Interrupt is enabled.
1526:Drivers/CMSIS/Include/core_cm3.h ****   \note    IRQn must not be negative.
1527:Drivers/CMSIS/Include/core_cm3.h ****  */
1528:Drivers/CMSIS/Include/core_cm3.h **** __STATIC_INLINE uint32_t __NVIC_GetEnableIRQ(IRQn_Type IRQn)
1529:Drivers/CMSIS/Include/core_cm3.h **** {
ARM GAS  C:\Users\Lamp\AppData\Local\Temp\ccvUe3eg.s 			page 32


1530:Drivers/CMSIS/Include/core_cm3.h ****   if ((int32_t)(IRQn) >= 0)
1531:Drivers/CMSIS/Include/core_cm3.h ****   {
1532:Drivers/CMSIS/Include/core_cm3.h ****     return((uint32_t)(((NVIC->ISER[(((uint32_t)IRQn) >> 5UL)] & (1UL << (((uint32_t)IRQn) & 0x1FUL)
1533:Drivers/CMSIS/Include/core_cm3.h ****   }
1534:Drivers/CMSIS/Include/core_cm3.h ****   else
1535:Drivers/CMSIS/Include/core_cm3.h ****   {
1536:Drivers/CMSIS/Include/core_cm3.h ****     return(0U);
1537:Drivers/CMSIS/Include/core_cm3.h ****   }
1538:Drivers/CMSIS/Include/core_cm3.h **** }
1539:Drivers/CMSIS/Include/core_cm3.h **** 
1540:Drivers/CMSIS/Include/core_cm3.h **** 
1541:Drivers/CMSIS/Include/core_cm3.h **** /**
1542:Drivers/CMSIS/Include/core_cm3.h ****   \brief   Disable Interrupt
1543:Drivers/CMSIS/Include/core_cm3.h ****   \details Disables a device specific interrupt in the NVIC interrupt controller.
1544:Drivers/CMSIS/Include/core_cm3.h ****   \param [in]      IRQn  Device specific interrupt number.
1545:Drivers/CMSIS/Include/core_cm3.h ****   \note    IRQn must not be negative.
1546:Drivers/CMSIS/Include/core_cm3.h ****  */
1547:Drivers/CMSIS/Include/core_cm3.h **** __STATIC_INLINE void __NVIC_DisableIRQ(IRQn_Type IRQn)
1548:Drivers/CMSIS/Include/core_cm3.h **** {
1549:Drivers/CMSIS/Include/core_cm3.h ****   if ((int32_t)(IRQn) >= 0)
1550:Drivers/CMSIS/Include/core_cm3.h ****   {
1551:Drivers/CMSIS/Include/core_cm3.h ****     NVIC->ICER[(((uint32_t)IRQn) >> 5UL)] = (uint32_t)(1UL << (((uint32_t)IRQn) & 0x1FUL));
1552:Drivers/CMSIS/Include/core_cm3.h ****     __DSB();
1553:Drivers/CMSIS/Include/core_cm3.h ****     __ISB();
1554:Drivers/CMSIS/Include/core_cm3.h ****   }
1555:Drivers/CMSIS/Include/core_cm3.h **** }
1556:Drivers/CMSIS/Include/core_cm3.h **** 
1557:Drivers/CMSIS/Include/core_cm3.h **** 
1558:Drivers/CMSIS/Include/core_cm3.h **** /**
1559:Drivers/CMSIS/Include/core_cm3.h ****   \brief   Get Pending Interrupt
1560:Drivers/CMSIS/Include/core_cm3.h ****   \details Reads the NVIC pending register and returns the pending bit for the specified device spe
1561:Drivers/CMSIS/Include/core_cm3.h ****   \param [in]      IRQn  Device specific interrupt number.
1562:Drivers/CMSIS/Include/core_cm3.h ****   \return             0  Interrupt status is not pending.
1563:Drivers/CMSIS/Include/core_cm3.h ****   \return             1  Interrupt status is pending.
1564:Drivers/CMSIS/Include/core_cm3.h ****   \note    IRQn must not be negative.
1565:Drivers/CMSIS/Include/core_cm3.h ****  */
1566:Drivers/CMSIS/Include/core_cm3.h **** __STATIC_INLINE uint32_t __NVIC_GetPendingIRQ(IRQn_Type IRQn)
1567:Drivers/CMSIS/Include/core_cm3.h **** {
1568:Drivers/CMSIS/Include/core_cm3.h ****   if ((int32_t)(IRQn) >= 0)
1569:Drivers/CMSIS/Include/core_cm3.h ****   {
1570:Drivers/CMSIS/Include/core_cm3.h ****     return((uint32_t)(((NVIC->ISPR[(((uint32_t)IRQn) >> 5UL)] & (1UL << (((uint32_t)IRQn) & 0x1FUL)
1571:Drivers/CMSIS/Include/core_cm3.h ****   }
1572:Drivers/CMSIS/Include/core_cm3.h ****   else
1573:Drivers/CMSIS/Include/core_cm3.h ****   {
1574:Drivers/CMSIS/Include/core_cm3.h ****     return(0U);
1575:Drivers/CMSIS/Include/core_cm3.h ****   }
1576:Drivers/CMSIS/Include/core_cm3.h **** }
1577:Drivers/CMSIS/Include/core_cm3.h **** 
1578:Drivers/CMSIS/Include/core_cm3.h **** 
1579:Drivers/CMSIS/Include/core_cm3.h **** /**
1580:Drivers/CMSIS/Include/core_cm3.h ****   \brief   Set Pending Interrupt
1581:Drivers/CMSIS/Include/core_cm3.h ****   \details Sets the pending bit of a device specific interrupt in the NVIC pending register.
1582:Drivers/CMSIS/Include/core_cm3.h ****   \param [in]      IRQn  Device specific interrupt number.
1583:Drivers/CMSIS/Include/core_cm3.h ****   \note    IRQn must not be negative.
1584:Drivers/CMSIS/Include/core_cm3.h ****  */
1585:Drivers/CMSIS/Include/core_cm3.h **** __STATIC_INLINE void __NVIC_SetPendingIRQ(IRQn_Type IRQn)
1586:Drivers/CMSIS/Include/core_cm3.h **** {
ARM GAS  C:\Users\Lamp\AppData\Local\Temp\ccvUe3eg.s 			page 33


1587:Drivers/CMSIS/Include/core_cm3.h ****   if ((int32_t)(IRQn) >= 0)
1588:Drivers/CMSIS/Include/core_cm3.h ****   {
1589:Drivers/CMSIS/Include/core_cm3.h ****     NVIC->ISPR[(((uint32_t)IRQn) >> 5UL)] = (uint32_t)(1UL << (((uint32_t)IRQn) & 0x1FUL));
1590:Drivers/CMSIS/Include/core_cm3.h ****   }
1591:Drivers/CMSIS/Include/core_cm3.h **** }
1592:Drivers/CMSIS/Include/core_cm3.h **** 
1593:Drivers/CMSIS/Include/core_cm3.h **** 
1594:Drivers/CMSIS/Include/core_cm3.h **** /**
1595:Drivers/CMSIS/Include/core_cm3.h ****   \brief   Clear Pending Interrupt
1596:Drivers/CMSIS/Include/core_cm3.h ****   \details Clears the pending bit of a device specific interrupt in the NVIC pending register.
1597:Drivers/CMSIS/Include/core_cm3.h ****   \param [in]      IRQn  Device specific interrupt number.
1598:Drivers/CMSIS/Include/core_cm3.h ****   \note    IRQn must not be negative.
1599:Drivers/CMSIS/Include/core_cm3.h ****  */
1600:Drivers/CMSIS/Include/core_cm3.h **** __STATIC_INLINE void __NVIC_ClearPendingIRQ(IRQn_Type IRQn)
1601:Drivers/CMSIS/Include/core_cm3.h **** {
1602:Drivers/CMSIS/Include/core_cm3.h ****   if ((int32_t)(IRQn) >= 0)
1603:Drivers/CMSIS/Include/core_cm3.h ****   {
1604:Drivers/CMSIS/Include/core_cm3.h ****     NVIC->ICPR[(((uint32_t)IRQn) >> 5UL)] = (uint32_t)(1UL << (((uint32_t)IRQn) & 0x1FUL));
1605:Drivers/CMSIS/Include/core_cm3.h ****   }
1606:Drivers/CMSIS/Include/core_cm3.h **** }
1607:Drivers/CMSIS/Include/core_cm3.h **** 
1608:Drivers/CMSIS/Include/core_cm3.h **** 
1609:Drivers/CMSIS/Include/core_cm3.h **** /**
1610:Drivers/CMSIS/Include/core_cm3.h ****   \brief   Get Active Interrupt
1611:Drivers/CMSIS/Include/core_cm3.h ****   \details Reads the active register in the NVIC and returns the active bit for the device specific
1612:Drivers/CMSIS/Include/core_cm3.h ****   \param [in]      IRQn  Device specific interrupt number.
1613:Drivers/CMSIS/Include/core_cm3.h ****   \return             0  Interrupt status is not active.
1614:Drivers/CMSIS/Include/core_cm3.h ****   \return             1  Interrupt status is active.
1615:Drivers/CMSIS/Include/core_cm3.h ****   \note    IRQn must not be negative.
1616:Drivers/CMSIS/Include/core_cm3.h ****  */
1617:Drivers/CMSIS/Include/core_cm3.h **** __STATIC_INLINE uint32_t __NVIC_GetActive(IRQn_Type IRQn)
1618:Drivers/CMSIS/Include/core_cm3.h **** {
1619:Drivers/CMSIS/Include/core_cm3.h ****   if ((int32_t)(IRQn) >= 0)
1620:Drivers/CMSIS/Include/core_cm3.h ****   {
1621:Drivers/CMSIS/Include/core_cm3.h ****     return((uint32_t)(((NVIC->IABR[(((uint32_t)IRQn) >> 5UL)] & (1UL << (((uint32_t)IRQn) & 0x1FUL)
1622:Drivers/CMSIS/Include/core_cm3.h ****   }
1623:Drivers/CMSIS/Include/core_cm3.h ****   else
1624:Drivers/CMSIS/Include/core_cm3.h ****   {
1625:Drivers/CMSIS/Include/core_cm3.h ****     return(0U);
1626:Drivers/CMSIS/Include/core_cm3.h ****   }
1627:Drivers/CMSIS/Include/core_cm3.h **** }
1628:Drivers/CMSIS/Include/core_cm3.h **** 
1629:Drivers/CMSIS/Include/core_cm3.h **** 
1630:Drivers/CMSIS/Include/core_cm3.h **** /**
1631:Drivers/CMSIS/Include/core_cm3.h ****   \brief   Set Interrupt Priority
1632:Drivers/CMSIS/Include/core_cm3.h ****   \details Sets the priority of a device specific interrupt or a processor exception.
1633:Drivers/CMSIS/Include/core_cm3.h ****            The interrupt number can be positive to specify a device specific interrupt,
1634:Drivers/CMSIS/Include/core_cm3.h ****            or negative to specify a processor exception.
1635:Drivers/CMSIS/Include/core_cm3.h ****   \param [in]      IRQn  Interrupt number.
1636:Drivers/CMSIS/Include/core_cm3.h ****   \param [in]  priority  Priority to set.
1637:Drivers/CMSIS/Include/core_cm3.h ****   \note    The priority cannot be set for every processor exception.
1638:Drivers/CMSIS/Include/core_cm3.h ****  */
1639:Drivers/CMSIS/Include/core_cm3.h **** __STATIC_INLINE void __NVIC_SetPriority(IRQn_Type IRQn, uint32_t priority)
 196              		.loc 2 1639 22 view .LVU65
 197              	.LBB7:
1640:Drivers/CMSIS/Include/core_cm3.h **** {
1641:Drivers/CMSIS/Include/core_cm3.h ****   if ((int32_t)(IRQn) >= 0)
ARM GAS  C:\Users\Lamp\AppData\Local\Temp\ccvUe3eg.s 			page 34


 198              		.loc 2 1641 3 view .LVU66
1642:Drivers/CMSIS/Include/core_cm3.h ****   {
1643:Drivers/CMSIS/Include/core_cm3.h ****     NVIC->IP[((uint32_t)IRQn)]               = (uint8_t)((priority << (8U - __NVIC_PRIO_BITS)) & (u
 199              		.loc 2 1643 5 view .LVU67
 200              		.loc 2 1643 46 is_stmt 0 view .LVU68
 201 008a 074A     		ldr	r2, .L7+4
 202 008c 7021     		movs	r1, #112
 203 008e 82F81E13 		strb	r1, [r2, #798]
 204              	.LVL1:
 205              		.loc 2 1643 46 view .LVU69
 206              	.LBE7:
 207              	.LBE6:
  47:Core/Src/Drivers/Src/timer.c **** 	NVIC_EnableIRQ(TIM4_IRQn);								// Enable interrupt Timer 4
 208              		.loc 1 47 2 is_stmt 1 view .LVU70
 209              	.LBB8:
 210              	.LBI8:
1511:Drivers/CMSIS/Include/core_cm3.h **** {
 211              		.loc 2 1511 22 view .LVU71
 212              	.LBB9:
1513:Drivers/CMSIS/Include/core_cm3.h ****   {
 213              		.loc 2 1513 3 view .LVU72
1515:Drivers/CMSIS/Include/core_cm3.h ****   }
 214              		.loc 2 1515 5 view .LVU73
1515:Drivers/CMSIS/Include/core_cm3.h ****   }
 215              		.loc 2 1515 43 is_stmt 0 view .LVU74
 216 0092 4FF08041 		mov	r1, #1073741824
 217 0096 1160     		str	r1, [r2]
 218              	.LVL2:
1515:Drivers/CMSIS/Include/core_cm3.h ****   }
 219              		.loc 2 1515 43 view .LVU75
 220              	.LBE9:
 221              	.LBE8:
  48:Core/Src/Drivers/Src/timer.c **** 	TIM4->CR1 |= TIM_CR1_CEN;  								// Enable Timer
 222              		.loc 1 48 2 is_stmt 1 view .LVU76
 223              		.loc 1 48 6 is_stmt 0 view .LVU77
 224 0098 1A68     		ldr	r2, [r3]
 225              		.loc 1 48 12 view .LVU78
 226 009a 42F00102 		orr	r2, r2, #1
 227 009e 1A60     		str	r2, [r3]
  49:Core/Src/Drivers/Src/timer.c **** }
 228              		.loc 1 49 1 view .LVU79
 229 00a0 7047     		bx	lr
 230              	.L8:
 231 00a2 00BF     		.align	2
 232              	.L7:
 233 00a4 00100240 		.word	1073876992
 234 00a8 00E100E0 		.word	-536813312
 235              		.cfi_endproc
 236              	.LFE66:
 238              		.section	.text.PWM_init,"ax",%progbits
 239              		.align	1
 240              		.global	PWM_init
 241              		.syntax unified
 242              		.thumb
 243              		.thumb_func
 245              	PWM_init:
 246              	.LFB67:
ARM GAS  C:\Users\Lamp\AppData\Local\Temp\ccvUe3eg.s 			page 35


  50:Core/Src/Drivers/Src/timer.c **** 
  51:Core/Src/Drivers/Src/timer.c **** void PWM_init(void)
  52:Core/Src/Drivers/Src/timer.c **** {
 247              		.loc 1 52 1 is_stmt 1 view -0
 248              		.cfi_startproc
 249              		@ args = 0, pretend = 0, frame = 0
 250              		@ frame_needed = 0, uses_anonymous_args = 0
 251              		@ link register save eliminated.
  53:Core/Src/Drivers/Src/timer.c ****     RCC->APB2ENR |= RCC_APB2ENR_IOPAEN;
 252              		.loc 1 53 5 view .LVU81
 253              		.loc 1 53 8 is_stmt 0 view .LVU82
 254 0000 1A4A     		ldr	r2, .L10
 255 0002 9369     		ldr	r3, [r2, #24]
 256              		.loc 1 53 18 view .LVU83
 257 0004 43F00403 		orr	r3, r3, #4
 258 0008 9361     		str	r3, [r2, #24]
  54:Core/Src/Drivers/Src/timer.c ****     GPIOA->CRL &= ~(GPIO_CRL_MODE6 | GPIO_CRL_CNF6);        // Clear pin
 259              		.loc 1 54 5 is_stmt 1 view .LVU84
 260              		.loc 1 54 10 is_stmt 0 view .LVU85
 261 000a 194B     		ldr	r3, .L10+4
 262 000c 1968     		ldr	r1, [r3]
 263              		.loc 1 54 16 view .LVU86
 264 000e 21F07061 		bic	r1, r1, #251658240
 265 0012 1960     		str	r1, [r3]
  55:Core/Src/Drivers/Src/timer.c ****     GPIOA->CRL |= (GPIO_CRL_MODE6_1 | GPIO_CRL_MODE6_0);    // Output mode, max speed 50 MHz
 266              		.loc 1 55 5 is_stmt 1 view .LVU87
 267              		.loc 1 55 10 is_stmt 0 view .LVU88
 268 0014 1968     		ldr	r1, [r3]
 269              		.loc 1 55 16 view .LVU89
 270 0016 41F04071 		orr	r1, r1, #50331648
 271 001a 1960     		str	r1, [r3]
  56:Core/Src/Drivers/Src/timer.c ****     GPIOA->CRL |= GPIO_CRL_CNF6_1;                        // Alternate function push-pull
 272              		.loc 1 56 5 is_stmt 1 view .LVU90
 273              		.loc 1 56 10 is_stmt 0 view .LVU91
 274 001c 1968     		ldr	r1, [r3]
 275              		.loc 1 56 16 view .LVU92
 276 001e 41F00061 		orr	r1, r1, #134217728
 277 0022 1960     		str	r1, [r3]
  57:Core/Src/Drivers/Src/timer.c **** 
  58:Core/Src/Drivers/Src/timer.c ****     RCC->APB1ENR |= RCC_APB1ENR_TIM3EN;
 278              		.loc 1 58 5 is_stmt 1 view .LVU93
 279              		.loc 1 58 8 is_stmt 0 view .LVU94
 280 0024 D369     		ldr	r3, [r2, #28]
 281              		.loc 1 58 18 view .LVU95
 282 0026 43F00203 		orr	r3, r3, #2
 283 002a D361     		str	r3, [r2, #28]
  59:Core/Src/Drivers/Src/timer.c ****     TIM3->PSC = 36-1;       // Prescaler tần số Timer 2MHz (72 MHz / 36)
 284              		.loc 1 59 5 is_stmt 1 view .LVU96
 285              		.loc 1 59 15 is_stmt 0 view .LVU97
 286 002c 114B     		ldr	r3, .L10+8
 287 002e 2322     		movs	r2, #35
 288 0030 9A62     		str	r2, [r3, #40]
  60:Core/Src/Drivers/Src/timer.c ****     TIM3->ARR = 100-1;      // Tần số PWM là 20kHz
 289              		.loc 1 60 5 is_stmt 1 view .LVU98
 290              		.loc 1 60 15 is_stmt 0 view .LVU99
 291 0032 6322     		movs	r2, #99
 292 0034 DA62     		str	r2, [r3, #44]
ARM GAS  C:\Users\Lamp\AppData\Local\Temp\ccvUe3eg.s 			page 36


  61:Core/Src/Drivers/Src/timer.c ****     TIM3->CCR1 = 0;
 293              		.loc 1 61 5 is_stmt 1 view .LVU100
 294              		.loc 1 61 16 is_stmt 0 view .LVU101
 295 0036 0022     		movs	r2, #0
 296 0038 5A63     		str	r2, [r3, #52]
  62:Core/Src/Drivers/Src/timer.c **** 
  63:Core/Src/Drivers/Src/timer.c ****     TIM3->CCMR1 &= ~TIM_CCMR1_OC1M;
 297              		.loc 1 63 5 is_stmt 1 view .LVU102
 298              		.loc 1 63 9 is_stmt 0 view .LVU103
 299 003a 9A69     		ldr	r2, [r3, #24]
 300              		.loc 1 63 17 view .LVU104
 301 003c 22F07002 		bic	r2, r2, #112
 302 0040 9A61     		str	r2, [r3, #24]
  64:Core/Src/Drivers/Src/timer.c ****     TIM3->CCMR1 |= (6 << TIM_CCMR1_OC1M_Pos);   // PWM mode 1
 303              		.loc 1 64 5 is_stmt 1 view .LVU105
 304              		.loc 1 64 9 is_stmt 0 view .LVU106
 305 0042 9A69     		ldr	r2, [r3, #24]
 306              		.loc 1 64 17 view .LVU107
 307 0044 42F06002 		orr	r2, r2, #96
 308 0048 9A61     		str	r2, [r3, #24]
  65:Core/Src/Drivers/Src/timer.c ****     TIM3->CCMR1 |= TIM_CCMR1_OC1PE;             // Enable preload register for CCR1
 309              		.loc 1 65 5 is_stmt 1 view .LVU108
 310              		.loc 1 65 9 is_stmt 0 view .LVU109
 311 004a 9A69     		ldr	r2, [r3, #24]
 312              		.loc 1 65 17 view .LVU110
 313 004c 42F00802 		orr	r2, r2, #8
 314 0050 9A61     		str	r2, [r3, #24]
  66:Core/Src/Drivers/Src/timer.c ****     TIM3->CCER |= TIM_CCER_CC1E;
 315              		.loc 1 66 5 is_stmt 1 view .LVU111
 316              		.loc 1 66 9 is_stmt 0 view .LVU112
 317 0052 1A6A     		ldr	r2, [r3, #32]
 318              		.loc 1 66 16 view .LVU113
 319 0054 42F00102 		orr	r2, r2, #1
 320 0058 1A62     		str	r2, [r3, #32]
  67:Core/Src/Drivers/Src/timer.c ****     TIM3->CR1 |= TIM_CR1_CEN;                   // Enable Timer 3
 321              		.loc 1 67 5 is_stmt 1 view .LVU114
 322              		.loc 1 67 9 is_stmt 0 view .LVU115
 323 005a 1A68     		ldr	r2, [r3]
 324              		.loc 1 67 15 view .LVU116
 325 005c 42F00102 		orr	r2, r2, #1
 326 0060 1A60     		str	r2, [r3]
  68:Core/Src/Drivers/Src/timer.c ****     TIM3->EGR |= TIM_EGR_UG;
 327              		.loc 1 68 5 is_stmt 1 view .LVU117
 328              		.loc 1 68 9 is_stmt 0 view .LVU118
 329 0062 5A69     		ldr	r2, [r3, #20]
 330              		.loc 1 68 15 view .LVU119
 331 0064 42F00102 		orr	r2, r2, #1
 332 0068 5A61     		str	r2, [r3, #20]
  69:Core/Src/Drivers/Src/timer.c **** }...
 333              		.loc 1 69 1 view .LVU120
 334 006a 7047     		bx	lr
 335              	.L11:
 336              		.align	2
 337              	.L10:
 338 006c 00100240 		.word	1073876992
 339 0070 00080140 		.word	1073809408
 340 0074 00040040 		.word	1073742848
ARM GAS  C:\Users\Lamp\AppData\Local\Temp\ccvUe3eg.s 			page 37


 341              		.cfi_endproc
 342              	.LFE67:
 344              		.global	delta_encoder
 345              		.section	.bss.delta_encoder,"aw",%nobits
 346              		.align	1
 349              	delta_encoder:
 350 0000 0000     		.space	2
 351              		.global	pre_encoder
 352              		.section	.bss.pre_encoder,"aw",%nobits
 353              		.align	1
 356              	pre_encoder:
 357 0000 0000     		.space	2
 358              		.global	encoder
 359              		.section	.bss.encoder,"aw",%nobits
 360              		.align	1
 363              	encoder:
 364 0000 0000     		.space	2
 365              		.text
 366              	.Letext0:
 367              		.file 3 "Drivers/CMSIS/Device/ST/STM32F1xx/Include/stm32f103xb.h"
 368              		.file 4 "C:/ARM GNU Toolchain/arm-none-eabi/include/machine/_default_types.h"
 369              		.file 5 "C:/ARM GNU Toolchain/arm-none-eabi/include/sys/_stdint.h"
ARM GAS  C:\Users\Lamp\AppData\Local\Temp\ccvUe3eg.s 			page 38


DEFINED SYMBOLS
                            *ABS*:00000000 timer.c
C:\Users\Lamp\AppData\Local\Temp\ccvUe3eg.s:19     .text.TIM4_IRQHandler:00000000 $t
C:\Users\Lamp\AppData\Local\Temp\ccvUe3eg.s:25     .text.TIM4_IRQHandler:00000000 TIM4_IRQHandler
C:\Users\Lamp\AppData\Local\Temp\ccvUe3eg.s:75     .text.TIM4_IRQHandler:00000030 $d
C:\Users\Lamp\AppData\Local\Temp\ccvUe3eg.s:363    .bss.encoder:00000000 encoder
C:\Users\Lamp\AppData\Local\Temp\ccvUe3eg.s:356    .bss.pre_encoder:00000000 pre_encoder
C:\Users\Lamp\AppData\Local\Temp\ccvUe3eg.s:349    .bss.delta_encoder:00000000 delta_encoder
C:\Users\Lamp\AppData\Local\Temp\ccvUe3eg.s:83     .text.Encoder_Init:00000000 $t
C:\Users\Lamp\AppData\Local\Temp\ccvUe3eg.s:89     .text.Encoder_Init:00000000 Encoder_Init
C:\Users\Lamp\AppData\Local\Temp\ccvUe3eg.s:233    .text.Encoder_Init:000000a4 $d
C:\Users\Lamp\AppData\Local\Temp\ccvUe3eg.s:239    .text.PWM_init:00000000 $t
C:\Users\Lamp\AppData\Local\Temp\ccvUe3eg.s:245    .text.PWM_init:00000000 PWM_init
C:\Users\Lamp\AppData\Local\Temp\ccvUe3eg.s:338    .text.PWM_init:0000006c $d
C:\Users\Lamp\AppData\Local\Temp\ccvUe3eg.s:346    .bss.delta_encoder:00000000 $d
C:\Users\Lamp\AppData\Local\Temp\ccvUe3eg.s:353    .bss.pre_encoder:00000000 $d
C:\Users\Lamp\AppData\Local\Temp\ccvUe3eg.s:360    .bss.encoder:00000000 $d

NO UNDEFINED SYMBOLS
